Datetime,Ticker,Adj Close,Close,High,Low,Open,Volume
2023-04-28,AC.PA,30.495445251464844,32.119998931884766,32.369998931884766,31.469999313354492,32.25,1014137.0
2023-05-02,AC.PA,30.3530330657959,31.969999313354492,32.33000183105469,31.780000686645508,32.2599983215332,765386.0
2023-05-03,AC.PA,30.22960662841797,31.84000015258789,32.06999969482422,31.559999465942383,31.940000534057617,606274.0
2023-05-04,AC.PA,30.153654098510746,31.760000228881836,31.81999969482422,31.3700008392334,31.690000534057617,994302.0
2023-05-05,AC.PA,30.54291534423828,32.16999816894531,32.290000915527344,31.700000762939453,31.850000381469727,867740.0
2023-05-08,AC.PA,30.523929595947266,32.150001525878906,32.150001525878906,31.959999084472656,32.150001525878906,325334.0
2023-05-09,AC.PA,31.008134841918945,32.65999984741211,32.65999984741211,32.06999969482422,32.119998931884766,1054894.0
2023-05-10,AC.PA,30.523929595947266,32.150001525878906,32.75,32.150001525878906,32.54999923706055,637248.0
2023-05-11,AC.PA,30.599882125854492,32.22999954223633,32.529998779296875,32.099998474121094,32.22999954223633,822872.0
2023-05-12,AC.PA,29.678943634033203,31.260000228881836,31.760000228881836,31.200000762939453,31.5,1143157.0
2023-05-15,AC.PA,29.887815475463867,31.479999542236328,31.63999938964844,31.209999084472656,31.36000061035156,583578.0
2023-05-16,AC.PA,29.992252349853516,31.59000015258789,31.690000534057617,31.31999969482422,31.31999969482422,628115.0
2023-05-17,AC.PA,30.31505584716797,31.93000030517578,31.93000030517578,31.329999923706055,31.549999237060547,796906.0
2023-05-18,AC.PA,30.979652404785156,32.630001068115234,32.630001068115234,31.940000534057617,32.09000015258789,786629.0
2023-05-19,AC.PA,30.856225967407227,32.5,32.75,32.38999938964844,32.70000076293945,536378.0
2023-05-22,AC.PA,31.112571716308594,32.77000045776367,32.970001220703125,32.380001068115234,32.58000183105469,736684.0
2023-05-23,AC.PA,30.549711227416992,31.479999542236328,31.700000762939453,31.350000381469727,31.6200008392334,638651.0
2023-05-24,AC.PA,30.054780960083008,30.969999313354492,31.350000381469727,30.510000228881836,31.350000381469727,657953.0
2023-05-25,AC.PA,30.18094062805176,31.100000381469727,31.280000686645508,30.729999542236328,31.040000915527344,359916.0
2023-05-26,AC.PA,30.365325927734375,31.290000915527344,31.3799991607666,30.899999618530273,31.219999313354492,456836.0
2023-05-29,AC.PA,30.277986526489254,31.200000762939453,31.459999084472656,31.030000686645508,31.34000015258789,282732.0
2023-05-30,AC.PA,30.50118827819824,31.43000030517578,31.690000534057617,31.030000686645508,31.200000762939453,497660.0
2023-05-31,AC.PA,30.054780960083008,30.969999313354492,31.459999084472656,30.969999313354492,31.15999984741211,1820055.0
2023-06-01,AC.PA,30.277986526489254,31.200000762939453,31.40999984741211,31.030000686645508,31.229999542236328,621549.0
2023-06-02,AC.PA,30.75350570678711,31.690000534057617,31.690000534057617,31.3700008392334,31.3799991607666,528879.0
2023-06-05,AC.PA,30.481779098510746,31.40999984741211,31.84000015258789,31.100000381469727,31.799999237060547,489766.0
2023-06-06,AC.PA,30.821435928344727,31.760000228881836,31.920000076293945,31.299999237060547,31.3700008392334,505805.0
2023-06-07,AC.PA,30.899072647094727,31.84000015258789,32.060001373291016,31.6200008392334,31.729999542236328,564291.0
2023-06-08,AC.PA,31.29695701599121,32.25,32.310001373291016,31.700000762939453,31.700000762939453,689208.0
2023-06-09,AC.PA,31.733657836914062,32.70000076293945,32.93000030517578,32.36000061035156,32.36000061035156,811928.0
2023-06-12,AC.PA,31.966564178466797,32.939998626708984,33.099998474121094,32.70000076293945,32.72999954223633,621051.0
2023-06-13,AC.PA,32.44208526611328,33.43000030517578,33.689998626708984,33.189998626708984,33.220001220703125,1226043.0
2023-06-14,AC.PA,32.519718170166016,33.5099983215332,33.84000015258789,33.400001525878906,33.5,843265.0
2023-06-15,AC.PA,32.31592559814453,33.29999923706055,33.459999084472656,32.9900016784668,33.459999084472656,559039.0
2023-06-16,AC.PA,32.1024284362793,33.08000183105469,33.52000045776367,33.02000045776367,33.290000915527344,1457138.0
2023-06-19,AC.PA,31.91804313659668,32.88999938964844,33.20000076293945,32.880001068115234,32.91999816894531,485487.0
2023-06-20,AC.PA,31.947154998779297,32.91999816894531,33.040000915527344,32.66999816894531,32.70000076293945,435003.0
2023-06-21,AC.PA,32.0053825378418,32.97999954223633,33.08000183105469,32.880001068115234,33.040000915527344,618193.0
2023-06-22,AC.PA,32.07331466674805,33.04999923706055,33.04999923706055,32.52000045776367,32.79999923706055,567892.0
2023-06-23,AC.PA,31.859817504882812,32.83000183105469,33.77000045776367,32.65999984741211,33.77000045776367,798742.0
2023-06-26,AC.PA,31.558977127075195,32.52000045776367,32.939998626708984,32.43000030517578,32.88999938964844,875276.0
2023-06-27,AC.PA,32.01509094238281,32.9900016784668,33.22999954223633,32.529998779296875,33.0,888722.0
2023-06-28,AC.PA,32.820560455322266,33.81999969482422,34.02000045776367,33.15999984741211,33.34000015258789,1079335.0
2023-06-29,AC.PA,32.820560455322266,33.81999969482422,33.84000015258789,33.470001220703125,33.810001373291016,608654.0
2023-06-30,AC.PA,33.0146484375,34.02000045776367,34.400001525878906,34.02000045776367,34.31999969482422,756608.0
2023-07-03,AC.PA,33.00494384765625,34.0099983215332,34.18000030517578,33.689998626708984,34.150001525878906,512313.0
2023-07-04,AC.PA,32.810855865478516,33.810001373291016,34.08000183105469,33.7599983215332,34.08000183105469,426793.0
2023-07-05,AC.PA,32.830265045166016,33.83000183105469,33.95000076293945,33.7400016784668,33.83000183105469,426671.0
2023-07-06,AC.PA,32.0247917175293,33.0,33.66999816894531,32.810001373291016,33.66999816894531,935468.0
2023-07-07,AC.PA,32.36444854736328,33.349998474121094,33.45000076293945,32.970001220703125,33.0,614856.0
2023-07-10,AC.PA,32.52942657470703,33.52000045776367,33.58000183105469,33.06999969482422,33.2400016784668,336076.0
2023-07-11,AC.PA,32.84967041015625,33.849998474121094,33.939998626708984,33.61000061035156,33.70000076293945,410147.0
2023-07-12,AC.PA,33.0340576171875,34.040000915527344,34.18000030517578,33.61000061035156,33.88999938964844,475473.0
2023-07-13,AC.PA,32.9564208984375,33.959999084472656,34.18000030517578,33.72999954223633,34.18000030517578,399407.0
2023-07-14,AC.PA,32.878787994384766,33.880001068115234,34.15999984741211,33.83000183105469,33.88999938964844,396572.0
2023-07-17,AC.PA,32.898197174072266,33.900001525878906,34.08000183105469,33.560001373291016,33.68000030517578,449902.0
2023-07-18,AC.PA,32.975830078125,33.97999954223633,34.04999923706055,33.779998779296875,33.81999969482422,453413.0
2023-07-19,AC.PA,32.830265045166016,33.83000183105469,34.349998474121094,33.779998779296875,34.099998474121094,478059.0
2023-07-20,AC.PA,32.86907958984375,33.869998931884766,34.16999816894531,33.70000076293945,33.7400016784668,474311.0
2023-07-21,AC.PA,32.9564208984375,33.959999084472656,34.209999084472656,33.79999923706055,33.81999969482422,372234.0
2023-07-24,AC.PA,32.762332916259766,33.7599983215332,33.970001220703125,33.63999938964844,33.79999923706055,431677.0
2023-07-25,AC.PA,32.694400787353516,33.689998626708984,33.959999084472656,33.599998474121094,33.75,385333.0
2023-07-26,AC.PA,32.39356231689453,33.380001068115234,33.97999954223633,33.29999923706055,33.560001373291016,1015507.0
2023-07-27,AC.PA,32.733219146728516,33.72999954223633,33.959999084472656,32.650001525878906,33.65999984741211,898340.0
2023-07-28,AC.PA,33.04376220703125,34.04999923706055,34.18000030517578,33.40999984741211,33.65999984741211,493256.0
2023-07-31,AC.PA,33.27667236328125,34.290000915527344,34.290000915527344,33.7400016784668,34.029998779296875,690963.0
2023-08-01,AC.PA,32.898197174072266,33.900001525878906,34.29999923706055,33.790000915527344,34.2599983215332,557987.0
2023-08-02,AC.PA,32.18976593017578,33.16999816894531,33.5,32.95000076293945,33.5,742243.0
2023-08-03,AC.PA,31.63661193847656,32.599998474121094,33.02000045776367,32.47999954223633,33.0,596469.0
2023-08-04,AC.PA,31.88892936706543,32.86000061035156,32.970001220703125,32.5,32.66999816894531,573850.0
2023-08-07,AC.PA,32.15095138549805,33.130001068115234,33.220001220703125,32.810001373291016,32.900001525878906,439091.0
2023-08-08,AC.PA,32.2382926940918,33.220001220703125,33.2599983215332,32.810001373291016,32.91999816894531,531267.0
2023-08-09,AC.PA,32.40326690673828,33.38999938964844,33.790000915527344,33.29999923706055,33.459999084472656,426801.0
2023-08-10,AC.PA,32.84967041015625,33.849998474121094,34.060001373291016,33.529998779296875,33.529998779296875,497146.0
2023-08-11,AC.PA,32.39356231689453,33.380001068115234,33.77000045776367,33.290000915527344,33.75,364826.0
2023-08-14,AC.PA,32.47119903564453,33.459999084472656,33.4900016784668,33.29999923706055,33.40999984741211,292080.0
2023-08-15,AC.PA,32.26740264892578,33.25,33.59000015258789,32.900001525878906,33.470001220703125,297567.0
2023-08-16,AC.PA,32.2382926940918,33.220001220703125,33.40999984741211,33.11000061035156,33.130001068115234,317227.0
2023-08-17,AC.PA,31.966564178466797,32.939998626708984,33.130001068115234,32.880001068115234,33.04999923706055,378829.0
2023-08-18,AC.PA,31.63661193847656,32.599998474121094,32.83000183105469,32.2599983215332,32.810001373291016,506197.0
2023-08-21,AC.PA,31.646318435668945,32.61000061035156,32.9900016784668,32.599998474121094,32.599998474121094,469216.0
2023-08-22,AC.PA,31.733657836914062,32.70000076293945,32.97999954223633,32.68000030517578,32.810001373291016,383768.0
2023-08-23,AC.PA,31.86952018737793,32.84000015258789,32.959999084472656,32.63999938964844,32.86000061035156,382050.0
2023-08-24,AC.PA,31.35518455505371,32.310001373291016,33.27000045776367,32.310001373291016,33.08000183105469,472397.0
2023-08-25,AC.PA,31.384296417236328,32.34000015258789,32.65999984741211,32.13999938964844,32.20000076293945,479003.0
2023-08-28,AC.PA,31.88892936706543,32.86000061035156,33.0,32.59000015258789,32.59000015258789,575460.0
2023-08-29,AC.PA,32.1024284362793,33.08000183105469,33.150001525878906,32.689998626708984,33.099998474121094,468752.0
2023-08-30,AC.PA,32.07331466674805,33.04999923706055,33.349998474121094,33.0099983215332,33.130001068115234,450549.0
2023-08-31,AC.PA,32.11213302612305,33.09000015258789,33.459999084472656,33.029998779296875,33.130001068115234,1135083.0
2023-09-01,AC.PA,32.54883575439453,33.540000915527344,33.720001220703125,33.13999938964844,33.13999938964844,671604.0
2023-09-04,AC.PA,32.674991607666016,33.66999816894531,34.060001373291016,33.560001373291016,33.59000015258789,340114.0
2023-09-05,AC.PA,32.665287017822266,33.65999984741211,33.880001068115234,33.52000045776367,33.70000076293945,403830.0
2023-09-06,AC.PA,32.50031280517578,33.4900016784668,33.68000030517578,33.31999969482422,33.58000183105469,391010.0
2023-09-07,AC.PA,32.45178985595703,33.439998626708984,33.75,33.290000915527344,33.40999984741211,381999.0
2023-09-08,AC.PA,32.74292755126953,33.7400016784668,33.959999084472656,33.189998626708984,33.52000045776367,730957.0
2023-09-11,AC.PA,33.12139892578125,34.130001068115234,34.13999938964844,33.7400016784668,33.79999923706055,553724.0
2023-09-12,AC.PA,33.053470611572266,34.060001373291016,34.290000915527344,34.02000045776367,34.130001068115234,420986.0
2023-09-13,AC.PA,33.81041717529297,34.84000015258789,35.470001220703125,34.09000015258789,34.150001525878906,1279071.0
2023-09-14,AC.PA,33.461055755615234,34.47999954223633,34.88999938964844,34.02000045776367,34.88999938964844,688457.0
2023-09-15,AC.PA,33.61632537841797,34.63999938964844,34.869998931884766,34.540000915527344,34.68000030517578,1063134.0
2023-09-18,AC.PA,32.985538482666016,33.9900016784668,34.63999938964844,33.709999084472656,34.540000915527344,693339.0
2023-09-19,AC.PA,33.3834228515625,34.400001525878906,34.599998474121094,33.9900016784668,34.0,595486.0
2023-09-20,AC.PA,33.1893310546875,34.20000076293945,34.47999954223633,34.15999984741211,34.43000030517578,578865.0
2023-09-21,AC.PA,32.2188835144043,33.20000076293945,33.970001220703125,33.029998779296875,33.88999938964844,993508.0
2023-09-22,AC.PA,32.0053825378418,32.97999954223633,32.97999954223633,32.65999984741211,32.869998931884766,490138.0
2023-09-25,AC.PA,31.37459373474121,32.33000183105469,32.849998474121094,32.16999816894531,32.81999969482422,521164.0
2023-09-26,AC.PA,31.180503845214844,32.130001068115234,32.459999084472656,31.790000915527344,32.130001068115234,554752.0
2023-09-27,AC.PA,31.393999099731445,32.349998474121094,32.59000015258789,32.04999923706055,32.16999816894531,399111.0
2023-09-28,AC.PA,31.27754592895508,32.22999954223633,32.349998474121094,31.61000061035156,32.349998474121094,571040.0
2023-09-29,AC.PA,30.996118545532227,31.940000534057617,32.470001220703125,31.940000534057617,32.41999816894531,850433.0
2023-10-02,AC.PA,30.76321029663086,31.700000762939453,32.13999938964844,31.450000762939453,32.029998779296875,579887.0
2023-10-03,AC.PA,29.98685073852539,30.899999618530273,31.709999084472656,30.790000915527344,31.56999969482422,642827.0
2023-10-04,AC.PA,29.89950942993164,30.809999465942383,30.8700008392334,30.3799991607666,30.600000381469727,403639.0
2023-10-05,AC.PA,30.336212158203125,31.260000228881836,31.690000534057617,30.93000030517578,30.950000762939453,630021.0
2023-10-06,AC.PA,30.802026748657227,31.739999771118164,31.90999984741211,31.219999313354492,31.290000915527344,552258.0
2023-10-09,AC.PA,29.918920516967773,30.829999923706055,31.510000228881836,30.68000030517578,31.5,761656.0
2023-10-10,AC.PA,30.61764144897461,31.549999237060547,31.549999237060547,31.040000915527344,31.209999084472656,503696.0
2023-10-11,AC.PA,31.23872756958008,32.189998626708984,32.790000915527344,31.600000381469727,32.709999084472656,1265265.0
2023-10-12,AC.PA,30.71468734741211,31.649999618530273,32.599998474121094,31.549999237060547,32.349998474121094,1110351.0
2023-10-13,AC.PA,30.01596450805664,30.93000030517578,31.600000381469727,30.75,31.479999542236328,1069890.0
2023-10-16,AC.PA,30.277986526489254,31.200000762939453,31.3799991607666,30.739999771118164,31.0,700663.0
2023-10-17,AC.PA,30.404144287109375,31.329999923706055,31.81999969482422,31.0,31.0,919585.0
2023-10-18,AC.PA,29.89950942993164,30.809999465942383,31.719999313354492,30.790000915527344,31.200000762939453,1073833.0
2023-10-19,AC.PA,29.307538986206055,30.200000762939453,30.84000015258789,30.15999984741211,30.510000228881836,1076882.0
2023-10-20,AC.PA,28.647632598876953,29.520000457763672,30.049999237060547,29.36000061035156,30.0,1135459.0
2023-10-23,AC.PA,28.89024543762207,29.770000457763672,29.940000534057617,29.440000534057617,29.530000686645508,922563.0
2023-10-24,AC.PA,29.32694625854492,30.219999313354492,30.399999618530273,29.8799991607666,29.899999618530273,673734.0
2023-10-25,AC.PA,29.200788497924805,30.09000015258789,30.38999938964844,29.989999771118164,30.100000381469727,863119.0
2023-10-26,AC.PA,29.074628829956055,29.959999084472656,30.280000686645508,29.36000061035156,29.540000915527344,1130627.0
2023-10-27,AC.PA,28.948471069335938,29.829999923706055,30.030000686645508,27.709999084472656,27.719999313354492,1064576.0
2023-10-30,AC.PA,29.356060028076172,30.25,30.510000228881836,29.920000076293945,30.0,653385.0
2023-10-31,AC.PA,29.181379318237305,30.06999969482422,30.690000534057617,29.950000762939453,30.38999938964844,861813.0
2023-11-01,AC.PA,29.297832489013672,30.190000534057617,30.479999542236328,30.0,30.3700008392334,769227.0
2023-11-02,AC.PA,29.792762756347656,30.700000762939453,31.059999465942383,30.559999465942383,30.63999938964844,766883.0
2023-11-03,AC.PA,28.82231330871582,29.700000762939453,30.450000762939453,29.399999618530273,30.280000686645508,1340349.0
2023-11-06,AC.PA,28.696155548095703,29.56999969482422,29.959999084472656,29.399999618530273,29.700000762939453,1278943.0
2023-11-07,AC.PA,28.81260871887207,29.690000534057617,30.030000686645508,29.450000762939453,29.459999084472656,576253.0
2023-11-08,AC.PA,29.074628829956055,29.959999084472656,30.059999465942383,29.6200008392334,29.75,805735.0
2023-11-09,AC.PA,29.28812789916992,30.18000030517578,30.329999923706055,29.850000381469727,29.920000076293945,560027.0
2023-11-10,AC.PA,29.074628829956055,29.959999084472656,30.200000762939453,29.739999771118164,30.170000076293945,446581.0
2023-11-13,AC.PA,29.48221778869629,30.3799991607666,30.510000228881836,30.010000228881836,30.049999237060547,454588.0
2023-11-14,AC.PA,29.821874618530273,30.729999542236328,30.979999542236328,30.280000686645508,30.3700008392334,502242.0
2023-11-15,AC.PA,30.25857734680176,31.18000030517578,31.3700008392334,30.729999542236328,30.729999542236328,591494.0
2023-11-16,AC.PA,30.11301040649414,31.030000686645508,31.280000686645508,31.030000686645508,31.170000076293945,829308.0
2023-11-17,AC.PA,30.442962646484375,31.3700008392334,31.68000030517578,31.13999938964844,31.149999618530273,708848.0
2023-11-20,AC.PA,30.879663467407227,31.81999969482422,31.81999969482422,31.260000228881836,31.290000915527344,604700.0
2023-11-21,AC.PA,30.986413955688477,31.93000030517578,31.979999542236328,31.700000762939453,31.709999084472656,453175.0
2023-11-22,AC.PA,31.31636619567871,32.27000045776367,32.34000015258789,31.950000762939453,32.0,406256.0
2023-11-23,AC.PA,30.772912979125977,31.709999084472656,32.31999969482422,31.68000030517578,32.290000915527344,572227.0
2023-11-24,AC.PA,30.73409652709961,31.670000076293945,31.84000015258789,31.600000381469727,31.6200008392334,360204.0
2023-11-27,AC.PA,30.782617568969727,31.719999313354492,31.8799991607666,31.59000015258789,31.670000076293945,282289.0
2023-11-28,AC.PA,30.72439193725586,31.65999984741211,31.760000228881836,31.399999618530273,31.6299991607666,435498.0
2023-11-29,AC.PA,30.69527816772461,31.6299991607666,31.850000381469727,31.59000015258789,31.6200008392334,573326.0
2023-11-30,AC.PA,30.869958877563477,31.809999465942383,32.11000061035156,31.6299991607666,31.6299991607666,1890261.0
2023-12-01,AC.PA,31.500749588012695,32.459999084472656,32.459999084472656,31.829999923706055,31.88999938964844,886018.0
2023-12-04,AC.PA,31.88892936706543,32.86000061035156,33.040000915527344,32.31999969482422,32.380001068115234,864929.0
2023-12-05,AC.PA,32.2188835144043,33.20000076293945,33.400001525878906,32.849998474121094,32.86000061035156,835224.0
2023-12-06,AC.PA,32.74292755126953,33.7400016784668,34.099998474121094,33.189998626708984,33.279998779296875,987250.0
2023-12-07,AC.PA,33.053470611572266,34.060001373291016,34.189998626708984,33.47999954223633,33.61000061035156,713259.0
2023-12-08,AC.PA,33.78130340576172,34.810001373291016,34.97999954223633,33.900001525878906,34.040000915527344,1143914.0
2023-12-11,AC.PA,33.94628143310547,34.97999954223633,35.380001068115234,34.720001220703125,34.790000915527344,1303706.0
2023-12-12,AC.PA,34.1985969543457,35.2400016784668,35.470001220703125,34.869998931884766,34.939998626708984,940987.0
2023-12-13,AC.PA,33.587215423583984,34.61000061035156,35.29999923706055,34.61000061035156,35.189998626708984,1106435.0
2023-12-14,AC.PA,33.91716766357422,34.95000076293945,35.349998474121094,34.66999816894531,34.66999816894531,1383866.0
2023-12-15,AC.PA,33.626033782958984,34.650001525878906,35.11000061035156,34.650001525878906,35.0,1535759.0
2023-12-18,AC.PA,33.558101654052734,34.58000183105469,34.65999984741211,34.22999954223633,34.33000183105469,671787.0
2023-12-19,AC.PA,33.77159881591797,34.79999923706055,34.97999954223633,34.560001373291016,34.560001373291016,1024766.0
2023-12-20,AC.PA,33.655147552490234,34.68000030517578,34.900001525878906,34.52000045776367,34.849998474121094,475471.0
2023-12-21,AC.PA,33.655147552490234,34.68000030517578,34.7599983215332,34.33000183105469,34.41999816894531,544461.0
2023-12-22,AC.PA,33.713375091552734,34.7400016784668,34.83000183105469,34.54999923706055,34.59000015258789,395843.0
2023-12-27,AC.PA,33.66484832763672,34.689998626708984,34.81999969482422,34.599998474121094,34.65999984741211,330692.0
2023-12-28,AC.PA,33.538692474365234,34.560001373291016,34.849998474121094,34.52000045776367,34.689998626708984,304280.0
2023-12-29,AC.PA,33.57750701904297,34.599998474121094,34.7400016784668,34.529998779296875,34.58000183105469,178636.0
2024-01-02,AC.PA,33.61632537841797,34.63999938964844,35.04999923706055,34.58000183105469,34.68000030517578,384129.0
2024-01-03,AC.PA,33.354305267333984,34.369998931884766,34.84000015258789,34.16999816894531,34.61000061035156,656587.0
2024-01-04,AC.PA,33.499874114990234,34.52000045776367,34.56999969482422,34.15999984741211,34.18000030517578,480262.0
2024-01-05,AC.PA,33.25726318359375,34.27000045776367,34.40999984741211,33.689998626708984,34.2599983215332,580694.0
2024-01-08,AC.PA,33.59691619873047,34.619998931884766,34.619998931884766,33.90999984741211,34.150001525878906,430547.0
2024-01-09,AC.PA,33.61632537841797,34.63999938964844,34.84000015258789,34.529998779296875,34.79999923706055,525219.0
2024-01-10,AC.PA,33.83953094482422,34.869998931884766,35.0099983215332,34.529998779296875,34.59000015258789,533807.0
2024-01-11,AC.PA,33.86864471435547,34.900001525878906,35.45000076293945,34.86000061035156,35.04999923706055,711966.0
2024-01-12,AC.PA,34.00450897216797,35.040000915527344,35.40999984741211,34.91999816894531,35.040000915527344,353195.0
2024-01-15,AC.PA,34.2956428527832,35.34000015258789,35.59000015258789,35.34000015258789,35.439998626708984,581549.0
2024-01-16,AC.PA,34.2568244934082,35.29999923706055,35.54999923706055,35.040000915527344,35.16999816894531,601104.0
2024-01-17,AC.PA,33.82012176513672,34.849998474121094,35.099998474121094,34.619998931884766,35.060001373291016,576993.0
2024-01-18,AC.PA,34.3150520324707,35.36000061035156,35.4900016784668,34.779998779296875,35.0,606660.0
2024-01-19,AC.PA,34.91672897338867,35.97999954223633,36.27000045776367,35.56999969482422,35.630001068115234,1087398.0
2024-01-22,AC.PA,34.97495651245117,36.040000915527344,36.369998931884766,36.0099983215332,36.0099983215332,526528.0
2024-01-23,AC.PA,34.72263717651367,35.779998779296875,36.16999816894531,35.619998931884766,36.13999938964844,454141.0
2024-01-24,AC.PA,35.130226135253906,36.20000076293945,36.5,35.880001068115234,35.97999954223633,712595.0
2024-01-25,AC.PA,35.68338394165039,36.77000045776367,36.95000076293945,36.099998474121094,36.18000030517578,699289.0
2024-01-26,AC.PA,35.925994873046875,37.02000045776367,37.33000183105469,36.540000915527344,36.63999938964844,826841.0
2024-01-29,AC.PA,35.91628646850586,37.0099983215332,37.2400016784668,36.72999954223633,37.0,690265.0
2024-01-30,AC.PA,35.858062744140625,36.95000076293945,37.2400016784668,36.84000015258789,37.04999923706055,452879.0
2024-01-31,AC.PA,35.61545181274414,36.70000076293945,37.0099983215332,36.619998931884766,37.0,669706.0
2024-02-01,AC.PA,35.178749084472656,36.25,36.63999938964844,36.13999938964844,36.36000061035156,547838.0
2024-02-02,AC.PA,35.51840591430664,36.599998474121094,36.91999816894531,36.45000076293945,36.54999923706055,677486.0
2024-02-05,AC.PA,35.53781509399414,36.619998931884766,36.83000183105469,36.56999969482422,36.70000076293945,475630.0
2024-02-06,AC.PA,35.848358154296875,36.939998626708984,37.119998931884766,36.77000045776367,36.77000045776367,819161.0
2024-02-07,AC.PA,35.964813232421875,37.060001373291016,37.310001373291016,36.810001373291016,36.939998626708984,773887.0
2024-02-08,AC.PA,36.02303695678711,37.119998931884766,37.459999084472656,37.040000915527344,37.209999084472656,436315.0
2024-02-09,AC.PA,36.16860580444336,37.27000045776367,37.33000183105469,37.02000045776367,37.119998931884766,354892.0
2024-02-12,AC.PA,36.29476547241211,37.400001525878906,37.59000015258789,37.209999084472656,37.439998626708984,374443.0
2024-02-13,AC.PA,35.955108642578125,37.04999923706055,37.40999984741211,36.75,37.20000076293945,839317.0
2024-02-14,AC.PA,36.139495849609375,37.2400016784668,37.38999938964844,37.06999969482422,37.06999969482422,712670.0
2024-02-15,AC.PA,35.887176513671875,36.97999954223633,37.68000030517578,36.88999938964844,37.400001525878906,643359.0
2024-02-16,AC.PA,35.887176513671875,36.97999954223633,37.189998626708984,36.79999923706055,37.18000030517578,878759.0
2024-02-19,AC.PA,36.14919662475586,37.25,37.25,36.83000183105469,36.91999816894531,525247.0
2024-02-20,AC.PA,36.73146438598633,37.849998474121094,38.209999084472656,37.220001220703125,37.25,953882.0
2024-02-21,AC.PA,36.83821487426758,37.959999084472656,38.029998779296875,37.599998474121094,37.83000183105469,613373.0
2024-02-22,AC.PA,39.25463104248047,40.45000076293945,40.650001525878906,38.849998474121094,38.86000061035156,1995939.0
2024-02-23,AC.PA,39.81748962402344,41.029998779296875,41.029998779296875,40.47999954223633,40.61000061035156,879755.0
2024-02-26,AC.PA,39.34197235107422,40.540000915527344,41.459999084472656,40.540000915527344,41.0,1239406.0
2024-02-27,AC.PA,39.293453216552734,40.4900016784668,41.02000045776367,40.4900016784668,40.810001373291016,1235760.0
2024-02-28,AC.PA,39.17699432373047,40.369998931884766,40.459999084472656,40.0099983215332,40.33000183105469,1025277.0
2024-02-29,AC.PA,38.905269622802734,40.09000015258789,40.400001525878906,39.65999984741211,40.400001525878906,1838296.0
2024-03-01,AC.PA,38.565616607666016,39.7400016784668,40.43000030517578,39.41999816894531,40.16999816894531,832531.0
2024-03-04,AC.PA,38.187137603759766,39.349998474121094,39.72999954223633,39.279998779296875,39.70000076293945,859836.0
2024-03-05,AC.PA,38.206546783447266,39.369998931884766,39.38999938964844,38.91999816894531,39.040000915527344,723109.0
2024-03-06,AC.PA,38.303592681884766,39.470001220703125,39.720001220703125,39.29999923706055,39.380001068115234,772516.0
2024-03-07,AC.PA,38.27447891235352,39.439998626708984,39.7599983215332,39.31999969482422,39.400001525878906,480328.0
2024-03-08,AC.PA,38.633544921875,39.810001373291016,39.900001525878906,39.38999938964844,39.540000915527344,551552.0
2024-03-11,AC.PA,39.23522186279297,40.43000030517578,40.43000030517578,39.45000076293945,39.61000061035156,766923.0
2024-03-12,AC.PA,39.98246765136719,41.20000076293945,41.20000076293945,40.45000076293945,40.61000061035156,890217.0
2024-03-13,AC.PA,41.00143814086914,42.25,42.2599983215332,41.540000915527344,42.0,1265051.0
2024-03-14,AC.PA,41.01114273071289,42.2599983215332,42.400001525878906,42.0099983215332,42.060001373291016,777747.0
2024-03-15,AC.PA,40.46769332885742,41.70000076293945,42.220001220703125,41.70000076293945,42.060001373291016,3711222.0
2024-03-18,AC.PA,40.31241989135742,41.540000915527344,42.15999984741211,41.45000076293945,41.779998779296875,552528.0
2024-03-19,AC.PA,40.33182907104492,41.560001373291016,41.849998474121094,41.29999923706055,41.29999923706055,589235.0
2024-03-20,AC.PA,40.46769332885742,41.70000076293945,41.779998779296875,41.27000045776367,41.52000045776367,856118.0
2024-03-21,AC.PA,41.04996109008789,42.29999923706055,42.400001525878906,42.0099983215332,42.099998474121094,1026522.0
2024-03-22,AC.PA,41.409027099609375,42.66999816894531,42.849998474121094,42.20000076293945,42.20000076293945,1280188.0
2024-03-25,AC.PA,42.04952621459961,43.33000183105469,43.349998474121094,42.61000061035156,42.61000061035156,1078909.0
2024-03-26,AC.PA,42.13685989379883,43.41999816894531,43.599998474121094,43.06999969482422,43.099998474121094,1000393.0
2024-03-27,AC.PA,41.91365814208984,43.189998626708984,43.61000061035156,43.13999938964844,43.45000076293945,995044.0
2024-03-28,AC.PA,42.020408630371094,43.29999923706055,43.7400016784668,43.029998779296875,43.06999969482422,1016775.0
2024-04-02,AC.PA,41.32168960571289,42.58000183105469,43.45000076293945,42.58000183105469,43.150001525878906,1033337.0
2024-04-03,AC.PA,41.476959228515625,42.7400016784668,42.779998779296875,42.369998931884766,42.540000915527344,1054150.0
2024-04-04,AC.PA,41.58370590209961,42.849998474121094,43.25,42.77000045776367,42.84000015258789,921287.0
2024-04-05,AC.PA,40.846168518066406,42.09000015258789,42.189998626708984,41.70000076293945,42.0,1383106.0
2024-04-08,AC.PA,40.46769332885742,41.70000076293945,42.33000183105469,41.63999938964844,41.97999954223633,935901.0
2024-04-09,AC.PA,40.25419235229492,41.47999954223633,41.70000076293945,41.099998474121094,41.650001525878906,881686.0
2024-04-10,AC.PA,40.477394104003906,41.709999084472656,41.86000061035156,41.279998779296875,41.68000030517578,819197.0
2024-04-11,AC.PA,39.7398567199707,40.95000076293945,41.599998474121094,40.45000076293945,41.560001373291016,1018049.0
2024-04-12,AC.PA,38.934383392333984,40.119998931884766,41.400001525878906,40.119998931884766,41.27000045776367,999826.0
2024-04-15,AC.PA,38.982906341552734,40.16999816894531,40.650001525878906,40.09000015258789,40.290000915527344,921300.0
2024-04-16,AC.PA,38.06098175048828,39.220001220703125,39.790000915527344,38.970001220703125,39.630001068115234,1149685.0
2024-04-17,AC.PA,38.08039093017578,39.2400016784668,39.68000030517578,39.16999816894531,39.22999954223633,991725.0
2024-04-18,AC.PA,38.70147705078125,39.880001068115234,39.9900016784668,39.5,39.65999984741211,879560.0
2024-04-19,AC.PA,38.60443115234375,39.779998779296875,39.849998474121094,38.810001373291016,39.36000061035156,998897.0
2024-04-22,AC.PA,38.67236328125,39.849998474121094,40.27000045776367,39.84000015258789,40.099998474121094,554096.0
2024-04-23,AC.PA,39.7398567199707,40.95000076293945,40.95000076293945,40.119998931884766,40.119998931884766,767515.0
2024-04-24,AC.PA,40.904396057128906,42.150001525878906,42.150001525878906,41.04999923706055,41.060001373291016,1840780.0
2024-04-25,AC.PA,40.46769332885742,41.70000076293945,42.25,41.22999954223633,42.060001373291016,926723.0
2024-04-26,AC.PA,41.03055191040039,42.279998779296875,42.70000076293945,41.27000045776367,42.2599983215332,998818.0
2024-04-29,AC.PA,40.54532623291016,41.779998779296875,42.560001373291016,41.72999954223633,42.52000045776367,478523.0
2024-04-30,AC.PA,40.08921813964844,41.310001373291016,41.9900016784668,41.310001373291016,41.91999816894531,794591.0
2024-05-02,AC.PA,39.63310623168945,40.84000015258789,41.459999084472656,40.650001525878906,41.25,654023.0
2024-05-03,AC.PA,39.83689880371094,41.04999923706055,41.439998626708984,40.650001525878906,41.099998474121094,464795.0
2024-05-06,AC.PA,40.48710250854492,41.720001220703125,41.720001220703125,41.119998931884766,41.20000076293945,309474.0
2024-05-07,AC.PA,40.38035202026367,41.61000061035156,42.06999969482422,41.5,41.88999938964844,554609.0
2024-05-08,AC.PA,40.24449157714844,41.470001220703125,42.22999954223633,41.470001220703125,41.720001220703125,547887.0
2024-05-09,AC.PA,39.27404022216797,40.470001220703125,41.47999954223633,40.22999954223633,41.40999984741211,666547.0
2024-05-10,AC.PA,40.22508239746094,41.45000076293945,41.61000061035156,40.75,40.849998474121094,687532.0
2024-05-13,AC.PA,40.477394104003906,41.709999084472656,41.86000061035156,41.36000061035156,41.540000915527344,405694.0
2024-05-14,AC.PA,40.10862731933594,41.33000183105469,41.81999969482422,41.33000183105469,41.79999923706055,447884.0
2024-05-15,AC.PA,40.58414459228515,41.81999969482422,41.869998931884766,41.18000030517578,41.369998931884766,510467.0
2024-05-16,AC.PA,40.10862731933594,41.33000183105469,42.150001525878906,41.27000045776367,42.02000045776367,428101.0
2024-05-17,AC.PA,40.14744186401367,41.369998931884766,41.540000915527344,41.130001068115234,41.20000076293945,461355.0
2024-05-20,AC.PA,40.37064743041992,41.599998474121094,41.959999084472656,41.310001373291016,41.380001068115234,571948.0
2024-05-21,AC.PA,39.67192459106445,40.880001068115234,41.709999084472656,40.849998474121094,41.45000076293945,520257.0
2024-05-22,AC.PA,39.69133377075195,40.900001525878906,41.189998626708984,40.66999816894531,40.84000015258789,616623.0
2024-05-23,AC.PA,39.69133377075195,40.900001525878906,41.34000015258789,40.81999969482422,40.95000076293945,337430.0
2024-05-24,AC.PA,39.44872283935547,40.650001525878906,40.939998626708984,40.38999938964844,40.66999816894531,483652.0
2024-05-27,AC.PA,39.63310623168945,40.84000015258789,40.939998626708984,40.59000015258789,40.75,247420.0
2024-05-28,AC.PA,39.43901824951172,40.63999938964844,41.119998931884766,40.47999954223633,40.9900016784668,403242.0
2024-05-29,AC.PA,38.58502197265625,39.7599983215332,40.470001220703125,39.7599983215332,40.38999938964844,459843.0
2024-05-30,AC.PA,39.079952239990234,40.27000045776367,40.470001220703125,39.560001373291016,39.599998474121094,472878.0
2024-05-31,AC.PA,38.711181640625,39.88999938964844,40.290000915527344,39.790000915527344,40.22999954223633,1240032.0
2024-06-03,AC.PA,38.95379257202149,40.13999938964844,40.54999923706055,40.08000183105469,40.40999984741211,569549.0
2024-06-04,AC.PA,38.75,39.93000030517578,40.2599983215332,39.29999923706055,39.9900016784668,686819.0
2024-06-05,AC.PA,39.2599983215332,39.2599983215332,39.5099983215332,38.88999938964844,39.0,743671.0
2024-06-06,AC.PA,39.119998931884766,39.119998931884766,39.68000030517578,38.91999816894531,39.65999984741211,710285.0
2024-06-07,AC.PA,38.959999084472656,38.959999084472656,39.18000030517578,38.709999084472656,39.18000030517578,630552.0
2024-06-10,AC.PA,38.83000183105469,38.83000183105469,38.83000183105469,38.06999969482422,38.29999923706055,917046.0
2024-06-11,AC.PA,38.59000015258789,38.59000015258789,39.0,38.380001068115234,38.939998626708984,714994.0
2024-06-12,AC.PA,39.209999084472656,39.209999084472656,39.33000183105469,38.5099983215332,38.619998931884766,513029.0
2024-06-13,AC.PA,38.36000061035156,38.36000061035156,39.11000061035156,38.349998474121094,39.099998474121094,642014.0
2024-06-14,AC.PA,37.029998779296875,37.029998779296875,38.380001068115234,36.7400016784668,38.2599983215332,1301400.0
2024-06-17,AC.PA,37.290000915527344,37.290000915527344,37.66999816894531,36.84000015258789,37.310001373291016,946007.0
2024-06-18,AC.PA,37.88999938964844,37.88999938964844,37.9900016784668,37.529998779296875,37.65999984741211,823661.0
2024-06-19,AC.PA,38.439998626708984,38.439998626708984,38.97999954223633,38.369998931884766,38.79999923706055,767334.0
2024-06-20,AC.PA,38.970001220703125,38.970001220703125,39.02000045776367,38.439998626708984,38.45000076293945,846359.0
2024-06-21,AC.PA,38.47999954223633,38.47999954223633,39.22999954223633,38.220001220703125,39.0099983215332,1603420.0
2024-06-24,AC.PA,39.18000030517578,39.18000030517578,39.18000030517578,38.29999923706055,38.529998779296875,795522.0
2024-06-25,AC.PA,39.369998931884766,39.369998931884766,39.41999816894531,38.66999816894531,38.849998474121094,748549.0
2024-06-26,AC.PA,38.7599983215332,38.7599983215332,39.4900016784668,38.459999084472656,39.41999816894531,799345.0
2024-06-27,AC.PA,38.5099983215332,38.5099983215332,38.91999816894531,38.459999084472656,38.65999984741211,567512.0
2024-06-28,AC.PA,38.29999923706055,38.29999923706055,38.619998931884766,38.0099983215332,38.619998931884766,765186.0
2024-07-01,AC.PA,38.189998626708984,38.189998626708984,39.29999923706055,38.189998626708984,39.029998779296875,662902.0
2024-07-02,AC.PA,38.220001220703125,38.220001220703125,38.2599983215332,37.58000183105469,38.06999969482422,684970.0
2024-07-03,AC.PA,39.22999954223633,39.22999954223633,39.2400016784668,38.279998779296875,38.599998474121094,490457.0
2024-07-04,AC.PA,39.56999969482422,39.56999969482422,39.56999969482422,39.209999084472656,39.43000030517578,427809.0
2024-07-05,AC.PA,38.650001525878906,38.650001525878906,39.68000030517578,38.58000183105469,39.630001068115234,514388.0
2024-07-08,AC.PA,38.970001220703125,38.970001220703125,39.13999938964844,38.34000015258789,38.5,589029.0
2024-07-09,AC.PA,38.84000015258789,38.84000015258789,38.97999954223633,38.380001068115234,38.790000915527344,481374.0
2024-07-10,AC.PA,39.08000183105469,39.08000183105469,39.279998779296875,38.560001373291016,38.86000061035156,616562.0
2024-07-11,AC.PA,39.310001373291016,39.310001373291016,39.43000030517578,38.849998474121094,39.099998474121094,645094.0
2024-07-12,AC.PA,39.5099983215332,39.5099983215332,39.63999938964844,38.72999954223633,39.380001068115234,663982.0
2024-07-15,AC.PA,39.58000183105469,39.58000183105469,39.88999938964844,39.13999938964844,39.36000061035156,499382.0
2024-07-16,AC.PA,39.130001068115234,39.130001068115234,39.41999816894531,38.95000076293945,39.31999969482422,539012.0
2024-07-17,AC.PA,38.630001068115234,38.630001068115234,39.11000061035156,38.4900016784668,39.0099983215332,374318.0
2024-07-18,AC.PA,38.119998931884766,38.119998931884766,38.61000061035156,38.04999923706055,38.59000015258789,501242.0
2024-07-19,AC.PA,38.119998931884766,38.119998931884766,38.29999923706055,37.439998626708984,37.900001525878906,414825.0
2024-07-22,AC.PA,37.349998474121094,37.349998474121094,38.15999984741211,37.29999923706055,38.15999984741211,701813.0
2024-07-23,AC.PA,37.77000045776367,37.77000045776367,37.849998474121094,37.2599983215332,37.5,542123.0
2024-07-24,AC.PA,37.2400016784668,37.2400016784668,37.720001220703125,37.02000045776367,37.41999816894531,1074327.0
2024-07-25,AC.PA,36.959999084472656,36.959999084472656,38.279998779296875,35.709999084472656,38.20000076293945,874678.0
2024-07-26,AC.PA,36.18000030517578,36.18000030517578,36.56999969482422,35.56999969482422,35.790000915527344,1030886.0
2024-07-29,AC.PA,35.310001373291016,35.310001373291016,36.150001525878906,35.310001373291016,36.08000183105469,596848.0
2024-07-30,AC.PA,36.040000915527344,36.040000915527344,36.040000915527344,35.31999969482422,35.43000030517578,686094.0
2024-07-31,AC.PA,35.56999969482422,35.56999969482422,36.439998626708984,35.52000045776367,36.400001525878906,835253.0
2024-08-01,AC.PA,34.68000030517578,34.68000030517578,35.540000915527344,34.5,35.52000045776367,991909.0
2024-08-02,AC.PA,33.04999923706055,33.04999923706055,34.279998779296875,32.65999984741211,34.25,1187643.0
2024-08-05,AC.PA,32.470001220703125,32.470001220703125,32.4900016784668,31.729999542236328,32.11000061035156,1046281.0
2024-08-06,AC.PA,32.88999938964844,32.88999938964844,33.09000015258789,32.45000076293945,32.84000015258789,672525.0
2024-08-07,AC.PA,33.11000061035156,33.11000061035156,33.33000183105469,32.75,33.33000183105469,610769.0
2024-08-08,AC.PA,33.29999923706055,33.29999923706055,33.380001068115234,32.75,32.849998474121094,679709.0
2024-08-09,AC.PA,33.81999969482422,33.81999969482422,33.849998474121094,33.31999969482422,33.439998626708984,657769.0
2024-08-12,AC.PA,33.56999969482422,33.56999969482422,34.06999969482422,33.529998779296875,33.970001220703125,585453.0
2024-08-13,AC.PA,33.540000915527344,33.540000915527344,33.66999816894531,33.33000183105469,33.61000061035156,316161.0
2024-08-14,AC.PA,33.7599983215332,33.7599983215332,34.20000076293945,33.689998626708984,34.130001068115234,569250.0
2024-08-15,AC.PA,34.88999938964844,34.88999938964844,34.959999084472656,33.75,33.77000045776367,1060714.0
2024-08-16,AC.PA,35.470001220703125,35.470001220703125,35.560001373291016,34.95000076293945,34.95000076293945,1091396.0
2024-08-19,AC.PA,35.540000915527344,35.540000915527344,35.66999816894531,35.2599983215332,35.40999984741211,599703.0
2024-08-20,AC.PA,35.599998474121094,35.599998474121094,36.5,35.599998474121094,35.720001220703125,976698.0
2024-08-21,AC.PA,35.79999923706055,35.79999923706055,35.84000015258789,35.540000915527344,35.59000015258789,405590.0
2024-08-22,AC.PA,36.04999923706055,36.04999923706055,36.15999984741211,35.79999923706055,35.79999923706055,420851.0
2024-08-23,AC.PA,37.099998474121094,37.099998474121094,37.099998474121094,36.130001068115234,36.130001068115234,1055422.0
2024-08-26,AC.PA,37.31999969482422,37.31999969482422,37.4900016784668,37.029998779296875,37.029998779296875,432995.0
2024-08-27,AC.PA,37.54999923706055,37.54999923706055,37.630001068115234,37.22999954223633,37.29999923706055,466721.0
2024-08-28,AC.PA,37.470001220703125,37.470001220703125,37.79999923706055,37.349998474121094,37.68000030517578,711853.0
2024-08-29,AC.PA,38.20000076293945,38.20000076293945,38.290000915527344,37.45000076293945,37.45000076293945,937443.0
2024-08-30,AC.PA,38.06999969482422,38.06999969482422,38.2599983215332,38.029998779296875,38.130001068115234,1175395.0
2024-09-02,AC.PA,38.189998626708984,38.189998626708984,38.290000915527344,37.7599983215332,38.09000015258789,574062.0
2024-09-03,AC.PA,38.22999954223633,38.22999954223633,38.47999954223633,37.95000076293945,38.189998626708984,493972.0
2024-09-04,AC.PA,38.040000915527344,38.040000915527344,38.11000061035156,37.43000030517578,37.540000915527344,610608.0
2024-09-05,AC.PA,38.33000183105469,38.33000183105469,38.68000030517578,38.0,38.0,421218.0
2024-09-06,AC.PA,37.77000045776367,37.77000045776367,38.68000030517578,37.7400016784668,38.33000183105469,625118.0
2024-09-09,AC.PA,38.29999923706055,38.29999923706055,38.61000061035156,38.02000045776367,38.02000045776367,432151.0
2024-09-10,AC.PA,37.75,37.75,38.56999969482422,37.619998931884766,38.2599983215332,541524.0
2024-09-11,AC.PA,38.06999969482422,38.06999969482422,38.099998474121094,37.5099983215332,37.7599983215332,757008.0
2024-09-12,AC.PA,38.09000015258789,38.09000015258789,38.7599983215332,37.84000015258789,38.599998474121094,541649.0
2024-09-13,AC.PA,38.349998474121094,38.349998474121094,38.459999084472656,38.099998474121094,38.150001525878906,354008.0
2024-09-16,AC.PA,38.349998474121094,38.349998474121094,38.47999954223633,38.119998931884766,38.220001220703125,411950.0
2024-09-17,AC.PA,38.720001220703125,38.720001220703125,38.970001220703125,38.459999084472656,38.5,375568.0
2024-09-18,AC.PA,38.470001220703125,38.470001220703125,38.81999969482422,38.470001220703125,38.77000045776367,681420.0
2024-09-19,AC.PA,39.4900016784668,39.4900016784668,39.65999984741211,38.90999984741211,39.0099983215332,810148.0
2024-09-20,AC.PA,39.38999938964844,39.38999938964844,39.880001068115234,39.279998779296875,39.45000076293945,3859899.0
2024-09-23,AC.PA,39.150001525878906,39.150001525878906,39.58000183105469,38.880001068115234,39.45000076293945,665856.0
2024-09-24,AC.PA,39.880001068115234,39.880001068115234,40.0,39.310001373291016,39.5,612771.0
2024-09-25,AC.PA,40.0,40.0,40.650001525878906,39.720001220703125,39.75,858439.0
2024-09-26,AC.PA,40.029998779296875,40.029998779296875,40.61000061035156,39.900001525878906,40.29999923706055,511288.0
2024-09-27,AC.PA,40.779998779296875,40.779998779296875,40.970001220703125,40.2400016784668,40.25,871749.0
2024-09-30,AC.PA,39.0,39.0,40.630001068115234,38.91999816894531,40.529998779296875,797486.0
2024-10-01,AC.PA,38.31999969482422,38.31999969482422,39.22999954223633,37.849998474121094,39.16999816894531,1122141.0
2024-10-02,AC.PA,38.11000061035156,38.11000061035156,38.29999923706055,37.630001068115234,38.18000030517578,547275.0
2024-10-03,AC.PA,38.2599983215332,38.2599983215332,38.2599983215332,37.720001220703125,38.029998779296875,570267.0
2024-10-04,AC.PA,39.560001373291016,39.560001373291016,39.9900016784668,38.18000030517578,38.2599983215332,841473.0
2024-10-07,AC.PA,39.36000061035156,39.36000061035156,39.79999923706055,39.130001068115234,39.650001525878906,424677.0
2024-10-08,AC.PA,39.150001525878906,39.150001525878906,39.40999984741211,38.869998931884766,39.0,466579.0
2024-10-09,AC.PA,39.72999954223633,39.72999954223633,39.79999923706055,39.04999923706055,39.29999923706055,424714.0
2024-10-10,AC.PA,39.63999938964844,39.63999938964844,39.720001220703125,39.15999984741211,39.54999923706055,384645.0
2024-10-11,AC.PA,40.459999084472656,40.459999084472656,40.459999084472656,39.83000183105469,39.90999984741211,572877.0
2024-10-14,AC.PA,40.630001068115234,40.630001068115234,40.68000030517578,40.13999938964844,40.310001373291016,502961.0
2024-10-15,AC.PA,40.93000030517578,40.93000030517578,41.41999816894531,40.7599983215332,40.83000183105469,968749.0
2024-10-16,AC.PA,41.72999954223633,41.72999954223633,41.72999954223633,40.650001525878906,40.689998626708984,773214.0
2024-10-17,AC.PA,41.9900016784668,41.9900016784668,42.25,41.5099983215332,41.849998474121094,632198.0
2024-10-18,AC.PA,41.97999954223633,41.97999954223633,42.22999954223633,41.650001525878906,41.7599983215332,802384.0
2024-10-21,AC.PA,41.56999969482422,41.56999969482422,42.0099983215332,41.56999969482422,41.880001068115234,659272.0
2024-10-22,AC.PA,42.20000076293945,42.20000076293945,42.220001220703125,41.2599983215332,41.349998474121094,616821.0
2024-10-23,AC.PA,42.38999938964844,42.38999938964844,42.720001220703125,42.130001068115234,42.130001068115234,693565.0
2024-10-24,AC.PA,42.66999816894531,42.66999816894531,42.83000183105469,42.20000076293945,42.2599983215332,652918.0
2024-10-25,AC.PA,41.790000915527344,41.790000915527344,42.58000183105469,41.56999969482422,42.58000183105469,831272.0
2024-10-28,AC.PA,42.27000045776367,42.27000045776367,42.529998779296875,41.91999816894531,42.20000076293945,495341.0
2024-10-29,AC.PA,41.86000061035156,41.86000061035156,42.529998779296875,41.83000183105469,42.529998779296875,626881.0
2024-10-30,AC.PA,42.02000045776367,42.02000045776367,42.02000045776367,39.63999938964844,41.59000015258789,738932.0
2024-10-31,AC.PA,41.65999984741211,41.65999984741211,42.20000076293945,41.400001525878906,41.70000076293945,892754.0
2024-11-01,AC.PA,41.849998474121094,41.849998474121094,41.91999816894531,41.279998779296875,41.52000045776367,344894.0
2024-11-04,AC.PA,41.380001068115234,41.380001068115234,41.93000030517578,41.22999954223633,41.72999954223633,420869.0
2024-11-05,AC.PA,41.810001373291016,41.810001373291016,41.880001068115234,41.189998626708984,41.40999984741211,429492.0
2024-11-06,AC.PA,42.130001068115234,42.130001068115234,42.790000915527344,41.95000076293945,42.130001068115234,600277.0
2024-11-07,AC.PA,43.18000030517578,43.18000030517578,43.52000045776367,41.9900016784668,42.16999816894531,698430.0
2024-11-08,AC.PA,44.0099983215332,44.0099983215332,44.099998474121094,43.25,43.529998779296875,640605.0
2024-11-11,AC.PA,44.029998779296875,44.029998779296875,44.630001068115234,44.029998779296875,44.31999969482422,544390.0
2024-11-12,AC.PA,43.11000061035156,43.11000061035156,43.72999954223633,43.0099983215332,43.560001373291016,476433.0
2024-11-13,AC.PA,43.2599983215332,43.2599983215332,43.33000183105469,42.83000183105469,43.119998931884766,503706.0
2024-11-14,AC.PA,43.40999984741211,43.40999984741211,43.810001373291016,42.90999984741211,43.369998931884766,453673.0
2024-11-15,AC.PA,43.790000915527344,43.790000915527344,44.11000061035156,43.189998626708984,43.20000076293945,479311.0
2024-11-18,AC.PA,44.060001373291016,44.060001373291016,44.130001068115234,43.52000045776367,43.599998474121094,464034.0
2024-11-19,AC.PA,43.09000015258789,43.09000015258789,44.13999938964844,42.4900016784668,43.9900016784668,592912.0
2024-11-20,AC.PA,42.849998474121094,42.849998474121094,43.36000061035156,42.75,43.29999923706055,575435.0
2024-11-21,AC.PA,42.86000061035156,42.86000061035156,42.97999954223633,41.9900016784668,42.79999923706055,712951.0
2024-11-22,AC.PA,42.47999954223633,42.47999954223633,43.150001525878906,42.34000015258789,42.900001525878906,464995.0
2024-11-25,AC.PA,43.54999923706055,43.54999923706055,43.75,42.33000183105469,42.810001373291016,948436.0
2024-11-26,AC.PA,42.9900016784668,42.9900016784668,43.29999923706055,42.83000183105469,43.2400016784668,614598.0
2024-11-27,AC.PA,42.15999984741211,42.15999984741211,42.689998626708984,41.86000061035156,42.650001525878906,680343.0
2024-11-28,AC.PA,43.27000045776367,43.27000045776367,43.529998779296875,42.029998779296875,42.04999923706055,660225.0
2024-11-29,AC.PA,43.68000030517578,43.68000030517578,43.869998931884766,43.310001373291016,43.72999954223633,473208.0
2024-12-02,AC.PA,43.459999084472656,43.459999084472656,43.84000015258789,42.83000183105469,42.939998626708984,601556.0
2024-12-03,AC.PA,43.7599983215332,43.7599983215332,44.20000076293945,43.31999969482422,43.77000045776367,432145.0
2024-12-04,AC.PA,44.0,44.0,44.0,43.5099983215332,43.790000915527344,452907.0
2024-12-05,AC.PA,46.099998474121094,46.099998474121094,46.2400016784668,44.31999969482422,44.31999969482422,1113406.0
2024-12-06,AC.PA,46.02000045776367,46.02000045776367,46.439998626708984,45.900001525878906,46.0099983215332,575988.0
2024-12-09,AC.PA,45.650001525878906,45.650001525878906,46.349998474121094,45.650001525878906,46.040000915527344,443660.0
2024-12-10,AC.PA,45.58000183105469,45.58000183105469,45.90999984741211,45.380001068115234,45.4900016784668,390915.0
2024-12-11,AC.PA,46.2599983215332,46.2599983215332,46.41999816894531,45.290000915527344,45.31999969482422,482166.0
2024-12-12,AC.PA,46.790000915527344,46.790000915527344,46.959999084472656,46.310001373291016,46.380001068115234,710558.0
2024-12-13,AC.PA,47.0,47.0,47.439998626708984,46.66999816894531,46.66999816894531,572346.0
2024-12-16,AC.PA,46.95000076293945,46.95000076293945,47.099998474121094,46.72999954223633,46.77000045776367,538796.0
2024-12-17,AC.PA,46.79999923706055,46.79999923706055,47.16999816894531,46.650001525878906,46.720001220703125,509774.0
2024-12-18,AC.PA,46.720001220703125,46.720001220703125,47.150001525878906,46.54999923706055,47.0,599495.0
2024-12-19,AC.PA,46.349998474121094,46.349998474121094,46.369998931884766,45.380001068115234,45.7400016784668,635520.0
2024-12-20,AC.PA,46.599998474121094,46.599998474121094,46.66999816894531,45.84000015258789,46.209999084472656,798307.0
2024-12-23,AC.PA,46.439998626708984,46.439998626708984,46.720001220703125,46.220001220703125,46.540000915527344,285411.0
2024-12-24,AC.PA,46.5,46.5,46.88999938964844,46.5,46.650001525878906,132033.0
2024-12-27,AC.PA,46.75,46.75,47.04999923706055,46.54999923706055,46.54999923706055,502989.0
2024-12-30,AC.PA,46.70000076293945,46.70000076293945,47.029998779296875,46.5,46.540000915527344,290259.0
2024-12-31,AC.PA,47.040000915527344,47.040000915527344,47.040000915527344,46.560001373291016,46.560001373291016,107905.0
2025-01-02,AC.PA,47.130001068115234,47.130001068115234,47.33000183105469,46.380001068115234,47.11000061035156,344545.0
2025-01-03,AC.PA,45.9900016784668,45.9900016784668,47.130001068115234,45.77000045776367,47.0099983215332,556722.0
2025-01-06,AC.PA,46.58000183105469,46.58000183105469,46.689998626708984,45.720001220703125,46.15999984741211,476694.0
2025-01-07,AC.PA,46.4900016784668,46.4900016784668,47.09000015258789,45.9900016784668,46.5099983215332,431485.0
2025-01-08,AC.PA,46.689998626708984,46.689998626708984,46.97999954223633,46.060001373291016,46.58000183105469,407806.0
2025-01-09,AC.PA,47.220001220703125,47.220001220703125,47.29999923706055,46.400001525878906,46.400001525878906,407072.0
2025-01-10,AC.PA,47.22999954223633,47.22999954223633,47.599998474121094,47.09000015258789,47.25,493783.0
2025-01-13,AC.PA,46.81999969482422,46.81999969482422,47.15999984741211,46.54999923706055,47.0099983215332,500432.0
2025-01-14,AC.PA,47.5099983215332,47.5099983215332,47.63999938964844,47.099998474121094,47.20000076293945,606550.0
2025-01-15,AC.PA,47.81999969482422,47.81999969482422,47.81999969482422,47.400001525878906,47.52000045776367,447293.0
2025-01-16,AC.PA,47.650001525878906,47.650001525878906,48.349998474121094,47.56999969482422,48.0,422759.0
2025-01-17,AC.PA,48.060001373291016,48.060001373291016,48.13999938964844,47.54999923706055,47.790000915527344,597768.0
2025-01-20,AC.PA,48.2599983215332,48.2599983215332,48.58000183105469,47.9900016784668,48.0,364065.0
2025-01-21,AC.PA,48.31999969482422,48.31999969482422,48.689998626708984,48.150001525878906,48.2599983215332,354737.0
2025-01-22,AC.PA,49.04999923706055,49.04999923706055,49.189998626708984,48.43000030517578,48.5,420562.0
2025-01-23,AC.PA,48.58000183105469,48.58000183105469,49.0,48.16999816894531,49.0,642338.0
2025-01-24,AC.PA,48.97999954223633,48.97999954223633,49.45000076293945,48.7599983215332,48.79999923706055,419396.0
2025-01-27,AC.PA,48.88999938964844,48.88999938964844,49.11000061035156,48.25,48.650001525878906,484620.0
2025-01-28,AC.PA,49.459999084472656,49.459999084472656,49.599998474121094,48.79999923706055,48.88999938964844,440857.0
2025-01-29,AC.PA,49.369998931884766,49.369998931884766,49.900001525878906,49.369998931884766,49.58000183105469,483853.0
2025-01-30,AC.PA,49.560001373291016,49.560001373291016,49.970001220703125,49.36000061035156,49.5,766900.0
2025-01-31,AC.PA,49.7599983215332,49.7599983215332,49.939998626708984,49.43000030517578,49.52000045776367,633014.0
2025-02-03,AC.PA,49.09000015258789,49.09000015258789,49.310001373291016,48.47999954223633,48.58000183105469,586152.0
2025-02-04,AC.PA,49.349998474121094,49.349998474121094,49.5,49.0,49.40999984741211,556296.0
2025-02-05,AC.PA,49.27000045776367,49.27000045776367,49.43000030517578,48.970001220703125,49.189998626708984,401375.0
2025-02-06,AC.PA,49.970001220703125,49.970001220703125,50.040000915527344,49.209999084472656,49.36000061035156,494869.0
2025-02-07,AC.PA,49.900001525878906,49.900001525878906,50.380001068115234,49.849998474121094,50.18000030517578,605217.0
2025-02-10,AC.PA,50.380001068115234,50.380001068115234,50.599998474121094,50.0,50.099998474121094,714670.0
2025-02-11,AC.PA,49.709999084472656,49.709999084472656,50.2400016784668,49.189998626708984,50.02000045776367,759090.0
2025-02-12,AC.PA,49.91999816894531,49.91999816894531,50.040000915527344,49.56999969482422,49.869998931884766,536354.0
2025-02-13,AC.PA,49.93000030517578,49.93000030517578,51.099998474121094,49.93000030517578,50.5,812836.0
2025-02-14,AC.PA,50.459999084472656,50.459999084472656,50.52000045776367,49.77000045776367,49.91999816894531,889860.0
2025-02-17,AC.PA,50.13999938964844,50.13999938964844,50.68000030517578,50.060001373291016,50.5,564968.0
2025-02-18,AC.PA,49.540000915527344,49.540000915527344,50.2599983215332,49.18000030517578,50.13999938964844,635296.0
2025-02-19,AC.PA,48.54999923706055,48.54999923706055,49.650001525878906,48.5099983215332,49.189998626708984,1063814.0
2025-02-20,AC.PA,46.869998931884766,46.869998931884766,48.849998474121094,46.369998931884766,48.7599983215332,1104963.0
2025-02-21,AC.PA,46.43000030517578,46.43000030517578,47.34000015258789,46.029998779296875,47.34000015258789,953415.0
2025-02-24,AC.PA,46.560001373291016,46.560001373291016,46.77000045776367,45.439998626708984,45.97999954223633,950846.0
2025-02-25,AC.PA,46.790000915527344,46.790000915527344,47.56999969482422,46.349998474121094,46.41999816894531,661892.0
2025-02-26,AC.PA,48.13999938964844,48.13999938964844,48.13999938964844,46.81999969482422,46.900001525878906,720764.0
2025-02-27,AC.PA,48.09000015258789,48.09000015258789,48.09000015258789,47.2400016784668,47.54999923706055,601435.0
2025-02-28,AC.PA,48.060001373291016,48.060001373291016,48.08000183105469,47.529998779296875,47.68000030517578,833795.0
2025-03-03,AC.PA,48.619998931884766,48.619998931884766,48.75,47.63999938964844,47.880001068115234,530353.0
2025-03-04,AC.PA,46.83000183105469,46.83000183105469,48.119998931884766,46.560001373291016,48.029998779296875,774538.0
2025-03-05,AC.PA,47.65999984741211,47.65999984741211,48.68000030517578,47.54999923706055,47.599998474121094,799755.0
2025-03-06,AC.PA,47.04999923706055,47.04999923706055,49.029998779296875,46.81999969482422,48.400001525878906,763708.0
2025-03-07,AC.PA,46.59000015258789,46.59000015258789,46.86000061035156,46.22999954223633,46.52000045776367,659745.0
2025-03-10,AC.PA,45.93000030517578,45.93000030517578,47.0,45.7599983215332,46.900001525878906,674952.0
2025-03-11,AC.PA,43.97999954223633,43.97999954223633,46.18000030517578,43.400001525878906,45.779998779296875,1677212.0
2025-03-12,AC.PA,44.7400016784668,44.7400016784668,45.060001373291016,44.27000045776367,44.529998779296875,860104.0
2025-03-13,AC.PA,44.20000076293945,44.20000076293945,44.65999984741211,43.939998626708984,44.459999084472656,1007350.0
2025-03-14,AC.PA,44.68000030517578,44.68000030517578,45.16999816894531,44.099998474121094,44.15999984741211,754615.0
2025-03-17,AC.PA,45.5,45.5,45.5,44.65999984741211,44.689998626708984,582106.0
2025-03-18,AC.PA,44.939998626708984,44.939998626708984,46.09000015258789,44.560001373291016,45.880001068115234,760070.0
2025-03-19,AC.PA,45.34000015258789,45.34000015258789,45.36000061035156,44.5099983215332,44.95000076293945,571834.0
2025-03-20,AC.PA,44.86000061035156,44.86000061035156,45.400001525878906,44.810001373291016,45.20000076293945,495546.0
2025-03-21,AC.PA,43.88999938964844,43.88999938964844,44.380001068115234,43.400001525878906,44.27000045776367,1720451.0
2025-03-24,AC.PA,44.099998474121094,44.099998474121094,44.849998474121094,43.970001220703125,44.54999923706055,730382.0
2025-03-25,AC.PA,44.90999984741211,44.90999984741211,44.90999984741211,44.18000030517578,44.38999938964844,562409.0
2025-03-26,AC.PA,44.81999969482422,44.81999969482422,45.209999084472656,44.63999938964844,44.86000061035156,655970.0
2025-03-27,AC.PA,44.220001220703125,44.220001220703125,44.779998779296875,44.02000045776367,44.47999954223633,654205.0
2025-03-28,AC.PA,42.790000915527344,42.790000915527344,44.18000030517578,42.790000915527344,43.849998474121094,973322.0
2025-03-31,AC.PA,41.88999938964844,41.88999938964844,42.54999923706055,41.560001373291016,42.380001068115234,1193698.0
2025-04-01,AC.PA,42.08000183105469,42.08000183105469,42.58000183105469,41.7599983215332,42.5,648763.0
2025-04-02,AC.PA,42.61000061035156,42.61000061035156,42.61000061035156,41.81999969482422,42.099998474121094,420207.0
2025-04-03,AC.PA,40.34000015258789,40.34000015258789,41.90999984741211,40.2400016784668,41.810001373291016,966694.0
2025-04-04,AC.PA,37.810001373291016,37.810001373291016,40.20000076293945,37.189998626708984,40.099998474121094,1304016.0
2025-04-07,AC.PA,36.119998931884766,36.119998931884766,38.25,34.619998931884766,34.77000045776367,1191440.0
2025-04-08,AC.PA,37.52000045776367,37.52000045776367,38.029998779296875,36.540000915527344,37.13999938964844,796478.0
2025-04-09,AC.PA,36.5,36.5,37.18000030517578,36.02000045776367,36.09000015258789,766028.0
2025-04-10,AC.PA,38.279998779296875,38.279998779296875,41.7599983215332,38.279998779296875,41.540000915527344,1007524.0
2025-04-11,AC.PA,37.83000183105469,37.83000183105469,38.869998931884766,37.4900016784668,38.84000015258789,813392.0
2025-04-14,AC.PA,38.58000183105469,38.58000183105469,38.95000076293945,38.369998931884766,38.81999969482422,424520.0
2025-04-15,AC.PA,39.279998779296875,39.279998779296875,39.5,38.7400016784668,38.7400016784668,418707.0
2025-04-16,AC.PA,38.9900016784668,38.9900016784668,38.9900016784668,38.2599983215332,38.75,644025.0
2025-04-17,AC.PA,38.95000076293945,38.95000076293945,39.06999969482422,38.380001068115234,38.709999084472656,501596.0
2025-04-22,AC.PA,39.150001525878906,39.150001525878906,39.310001373291016,38.16999816894531,38.79999923706055,638452.0
2025-04-23,AC.PA,40.599998474121094,40.599998474121094,40.869998931884766,39.65999984741211,39.91999816894531,941991.0
2025-04-24,AC.PA,40.65999984741211,40.65999984741211,40.79999923706055,40.18000030517578,40.310001373291016,894755.0
2025-04-25,AC.PA,43.220001220703125,43.220001220703125,43.290000915527344,41.95000076293945,42.0,1329941.0
2023-04-28,AI.PA,143.16111755371094,148.345458984375,148.9818115234375,146.49090576171875,148.3272705078125,1012805.0
2023-05-02,AI.PA,142.0907745361328,147.23635864257812,149.56362915039062,147.1090850830078,149.09091186523438,769663.0
2023-05-03,AI.PA,142.82772827148438,148.0,148.345458984375,147.27272033691406,147.94544982910156,566376.0
2023-05-04,AI.PA,142.77508544921875,147.94544982910156,148.4727325439453,146.7818145751953,148.0,638552.0
2023-05-05,AI.PA,143.3541259765625,148.5454559326172,148.70909118652344,147.5454559326172,148.63636779785156,642248.0
2023-05-08,AI.PA,143.31903076171875,148.50909423828125,148.9818115234375,148.23635864257812,148.8545379638672,286442.0
2023-05-09,AI.PA,143.4418487548828,148.63636779785156,148.81817626953125,147.345458984375,148.25454711914062,737333.0
2023-05-10,AI.PA,142.12586975097656,147.27272033691406,148.60000610351562,146.81817626953125,148.41818237304688,651772.0
2023-05-11,AI.PA,142.75755310058594,147.92727661132812,148.9818115234375,146.83636474609375,147.18182373046875,408823.0
2023-05-12,AI.PA,143.61732482910156,148.81817626953125,149.25454711914062,148.03636169433594,148.1090850830078,492330.0
2023-05-15,AI.PA,143.44757080078125,145.96363830566406,146.96363830566406,145.58181762695312,146.654541015625,490374.0
2023-05-16,AI.PA,142.53627014160156,145.03636169433594,146.1090850830078,144.74545288085938,145.69090270996094,572257.0
2023-05-17,AI.PA,142.5898895263672,145.09091186523438,146.2181854248047,144.38182067871094,144.69090270996094,714618.0
2023-05-18,AI.PA,144.10870361328125,146.63636779785156,147.30909729003906,145.654541015625,145.7818145751953,482832.0
2023-05-19,AI.PA,145.5560302734375,148.1090850830078,148.72726440429688,146.83636474609375,147.16363525390625,688795.0
2023-05-22,AI.PA,145.14505004882812,147.69090270996094,148.83636474609375,147.50909423828125,148.0,609658.0
2023-05-23,AI.PA,142.94725036621094,145.4545440673828,147.92727661132812,145.345458984375,147.345458984375,633712.0
2023-05-24,AI.PA,141.0174560546875,143.49090576171875,144.4545440673828,142.4727325439453,144.4363555908203,641049.0
2023-05-25,AI.PA,140.92811584472656,143.39999389648438,144.60000610351562,142.8909149169922,143.6727294921875,607685.0
2023-05-26,AI.PA,142.3575897216797,144.8545379638672,144.8545379638672,142.83636474609375,143.8909149169922,767891.0
2023-05-29,AI.PA,142.6434783935547,145.14544677734375,145.14544677734375,144.41818237304688,144.96363830566406,314802.0
2023-05-30,AI.PA,142.57200622558594,145.07272338867188,145.8000030517578,144.5272674560547,145.4545440673828,864805.0
2023-05-31,AI.PA,139.9453582763672,142.39999389648438,145.03636169433594,141.58181762695312,144.5454559326172,2244458.0
2023-06-01,AI.PA,141.21400451660156,143.69090270996094,144.09091186523438,141.96363830566406,143.0,549442.0
2023-06-02,AI.PA,142.39334106445312,144.8909149169922,145.3272705078125,143.25454711914062,144.5454559326172,838901.0
2023-06-05,AI.PA,141.37481689453125,143.8545379638672,145.56362915039062,143.4727325439453,144.90908813476562,579414.0
2023-06-06,AI.PA,140.96385192871094,143.4363555908203,144.4727325439453,143.345458984375,143.90908813476562,638614.0
2023-06-07,AI.PA,140.17764282226562,142.63636779785156,143.1999969482422,142.14544677734375,143.1999969482422,577648.0
2023-06-08,AI.PA,139.99896240234375,142.4545440673828,143.14544677734375,141.96363830566406,142.27272033691406,401471.0
2023-06-09,AI.PA,139.9096221923828,142.36363220214844,143.39999389648438,141.96363830566406,142.36363220214844,611341.0
2023-06-12,AI.PA,141.1246795654297,143.60000610351562,143.74545288085938,142.41818237304688,143.23635864257812,621703.0
2023-06-13,AI.PA,141.9287567138672,144.41818237304688,144.94544982910156,143.0181884765625,144.09091186523438,664549.0
2023-06-14,AI.PA,142.57200622558594,145.07272338867188,145.70909118652344,144.05455017089844,144.23635864257812,594964.0
2023-06-15,AI.PA,143.21527099609375,145.72726440429688,145.8909149169922,144.50909423828125,144.83636474609375,464239.0
2023-06-16,AI.PA,150.041015625,152.6727294921875,152.6727294921875,145.83636474609375,146.345458984375,3921992.0
2023-06-19,AI.PA,144.28736877441406,146.81817626953125,149.27272033691406,146.39999389648438,149.27272033691406,967247.0
2023-06-20,AI.PA,144.3052520751953,146.83636474609375,147.70909118652344,145.38182067871094,146.1272735595703,687832.0
2023-06-21,AI.PA,143.73345947265625,146.25454711914062,146.8909149169922,145.60000610351562,146.41818237304688,478124.0
2023-06-22,AI.PA,142.94725036621094,145.4545440673828,145.50909423828125,143.38182067871094,145.4545440673828,617254.0
2023-06-23,AI.PA,141.6785888671875,144.16363525390625,145.14544677734375,142.70909118652344,144.90908813476562,716622.0
2023-06-26,AI.PA,142.69708251953125,145.1999969482422,145.7818145751953,143.74545288085938,144.29090881347656,543195.0
2023-06-27,AI.PA,143.5547637939453,146.07272338867188,146.2181854248047,144.5454559326172,145.69090270996094,430105.0
2023-06-28,AI.PA,145.1807861328125,147.72726440429688,147.83636474609375,146.5272674560547,146.8909149169922,559435.0
2023-06-29,AI.PA,145.80618286132812,148.36363220214844,148.63636779785156,147.07272338867188,147.90908813476562,412759.0
2023-06-30,AI.PA,146.69960021972656,149.27272033691406,150.345458984375,148.49090576171875,148.8545379638672,1295778.0
2023-07-03,AI.PA,146.89617919921875,149.4727325439453,149.8000030517578,148.30909729003906,149.09091186523438,514347.0
2023-07-04,AI.PA,145.89553833007812,148.4545440673828,149.14544677734375,148.1272735595703,148.81817626953125,621319.0
2023-07-05,AI.PA,143.4296875,145.94544982910156,147.92727661132812,145.1090850830078,147.90908813476562,872646.0
2023-07-06,AI.PA,138.51588439941406,140.94544982910156,143.90908813476562,140.38182067871094,143.63636779785156,1201981.0
2023-07-07,AI.PA,138.28359985351562,140.70909118652344,141.74545288085938,139.72726440429688,141.09091186523438,859486.0
2023-07-10,AI.PA,139.31996154785156,141.76364135742188,142.8727264404297,140.14544677734375,140.60000610351562,538527.0
2023-07-11,AI.PA,139.33782958984375,141.7818145751953,142.90908813476562,141.6727294921875,141.81817626953125,527114.0
2023-07-12,AI.PA,141.8930206298828,144.38182067871094,144.5454559326172,142.23635864257812,142.5454559326172,639344.0
2023-07-13,AI.PA,142.91151428222656,145.41818237304688,146.29090881347656,144.25454711914062,144.8727264404297,723376.0
2023-07-14,AI.PA,143.71559143066406,146.23635864257812,146.56362915039062,145.09091186523438,145.1090850830078,402297.0
2023-07-17,AI.PA,142.44692993164062,144.94544982910156,146.27272033691406,143.96363830566406,146.27272033691406,358814.0
2023-07-18,AI.PA,142.44692993164062,144.94544982910156,145.74545288085938,143.94544982910156,145.74545288085938,376385.0
2023-07-19,AI.PA,141.35696411132812,143.83636474609375,145.8545379638672,143.69090270996094,145.39999389648438,529445.0
2023-07-20,AI.PA,143.3046112060547,145.81817626953125,146.0,142.8909149169922,143.4545440673828,630304.0
2023-07-21,AI.PA,143.73345947265625,146.25454711914062,146.69090270996094,145.3272705078125,145.4545440673828,630844.0
2023-07-24,AI.PA,143.6441192626953,146.16363525390625,146.60000610351562,145.1999969482422,145.90908813476562,386677.0
2023-07-25,AI.PA,143.3046112060547,145.81817626953125,146.14544677734375,144.0,146.03636169433594,447040.0
2023-07-26,AI.PA,141.35696411132812,143.83636474609375,145.27272033691406,142.36363220214844,145.1272735595703,769696.0
2023-07-27,AI.PA,144.69834899902344,147.23635864257812,147.61817932128906,144.1272735595703,145.4545440673828,841914.0
2023-07-28,AI.PA,146.25289916992188,148.81817626953125,149.1272735595703,146.8000030517578,147.5454559326172,689900.0
2023-07-31,AI.PA,145.9491424560547,148.50909423828125,149.07272338867188,147.92727661132812,148.70909118652344,682371.0
2023-08-01,AI.PA,144.751953125,147.29090881347656,148.63636779785156,146.72726440429688,147.70909118652344,510858.0
2023-08-02,AI.PA,142.8936309814453,145.39999389648438,146.4363555908203,144.4727325439453,146.09091186523438,679574.0
2023-08-03,AI.PA,141.07106018066406,143.5454559326172,144.7818145751953,142.70909118652344,144.5454559326172,680709.0
2023-08-04,AI.PA,142.07168579101562,144.56362915039062,144.69090270996094,142.23635864257812,144.38182067871094,656462.0
2023-08-07,AI.PA,142.6077423095703,145.1090850830078,145.39999389648438,143.90908813476562,144.30909729003906,346588.0
2023-08-08,AI.PA,142.3575897216797,144.8545379638672,145.76364135742188,143.83636474609375,144.76364135742188,468521.0
2023-08-09,AI.PA,143.5011749267578,146.0181884765625,146.94544982910156,145.345458984375,146.18182373046875,470453.0
2023-08-10,AI.PA,145.75259399414062,148.30909729003906,149.07272338867188,146.90908813476562,147.1272735595703,794874.0
2023-08-11,AI.PA,144.39459228515625,146.92727661132812,148.1272735595703,146.81817626953125,147.27272033691406,617963.0
2023-08-14,AI.PA,145.4130859375,147.96363830566406,148.23635864257812,146.76364135742188,147.16363525390625,497838.0
2023-08-15,AI.PA,144.35885620117188,146.8909149169922,148.09091186523438,145.58181762695312,148.09091186523438,494918.0
2023-08-16,AI.PA,144.3409881591797,146.8727264404297,147.8000030517578,146.49090576171875,146.5454559326172,453612.0
2023-08-17,AI.PA,143.57264709472656,146.09091186523438,147.70909118652344,146.07272338867188,146.30909729003906,510901.0
2023-08-18,AI.PA,143.51904296875,146.03636169433594,146.29090881347656,144.345458984375,146.0,726828.0
2023-08-21,AI.PA,142.9829864501953,145.49090576171875,147.41818237304688,145.27272033691406,146.16363525390625,443861.0
2023-08-22,AI.PA,143.73345947265625,146.25454711914062,147.49090576171875,145.8000030517578,146.1090850830078,397705.0
2023-08-23,AI.PA,144.5911407470703,147.1272735595703,147.5272674560547,146.2181854248047,146.49090576171875,384736.0
2023-08-24,AI.PA,145.35948181152344,147.90908813476562,150.39999389648438,147.50909423828125,149.07272338867188,647824.0
2023-08-25,AI.PA,145.48455810546875,148.03636169433594,149.23635864257812,147.36363220214844,147.49090576171875,470507.0
2023-08-28,AI.PA,147.682373046875,150.27272033691406,150.50909423828125,148.6727294921875,149.5454559326172,461894.0
2023-08-29,AI.PA,147.87893676757812,150.4727325439453,151.0181884765625,149.70909118652344,150.23635864257812,537373.0
2023-08-30,AI.PA,148.52218627929688,151.1272735595703,151.96363830566406,150.3272705078125,150.90908813476562,637260.0
2023-08-31,AI.PA,149.07611083984375,151.69090270996094,153.16363525390625,150.8000030517578,151.36363220214844,1249780.0
2023-09-01,AI.PA,149.3977508544922,152.0181884765625,152.94544982910156,151.09091186523438,151.345458984375,498161.0
2023-09-04,AI.PA,148.71873474121094,151.3272705078125,152.61817932128906,150.92727661132812,152.4727325439453,313274.0
2023-09-05,AI.PA,146.3243865966797,148.8909149169922,150.60000610351562,148.56362915039062,150.56362915039062,650375.0
2023-09-06,AI.PA,147.11058044433594,149.69090270996094,150.41818237304688,147.5454559326172,148.56362915039062,598857.0
2023-09-07,AI.PA,147.96826171875,150.56362915039062,151.03636169433594,149.05455017089844,149.4727325439453,509743.0
2023-09-08,AI.PA,147.8431854248047,150.4363555908203,151.36363220214844,148.60000610351562,151.3272705078125,678499.0
2023-09-11,AI.PA,148.9867706298828,151.60000610351562,152.18182373046875,150.58181762695312,151.25454711914062,550105.0
2023-09-12,AI.PA,147.50369262695312,150.09091186523438,152.30909729003906,149.96363830566406,152.18182373046875,653182.0
2023-09-13,AI.PA,146.84255981445312,149.41818237304688,149.92727661132812,147.14544677734375,149.09091186523438,672146.0
2023-09-14,AI.PA,148.30776977539062,150.90908813476562,151.03636169433594,148.49090576171875,149.41818237304688,974376.0
2023-09-15,AI.PA,150.14820861816406,152.7818145751953,153.14544677734375,152.05455017089844,152.23635864257812,1936124.0
2023-09-18,AI.PA,146.82469177246094,149.39999389648438,152.39999389648438,148.92727661132812,152.38182067871094,578934.0
2023-09-19,AI.PA,147.2535400390625,149.83636474609375,150.23635864257812,149.0181884765625,149.09091186523438,533121.0
2023-09-20,AI.PA,144.87704467773438,147.41818237304688,148.4727325439453,144.72726440429688,148.345458984375,1113388.0
2023-09-21,AI.PA,143.48330688476562,146.0,146.5454559326172,145.16363525390625,146.41818237304688,802489.0
2023-09-22,AI.PA,143.4296875,145.94544982910156,146.654541015625,144.56362915039062,145.09091186523438,549995.0
2023-09-25,AI.PA,143.17953491210938,145.69090270996094,146.30909729003906,144.345458984375,145.94544982910156,691812.0
2023-09-26,AI.PA,142.14317321777344,144.63636779785156,145.5454559326172,143.96363830566406,144.83636474609375,643985.0
2023-09-27,AI.PA,141.58924865722656,144.07272338867188,145.4363555908203,143.74545288085938,145.07272338867188,493100.0
2023-09-28,AI.PA,142.8936309814453,145.39999389648438,145.72726440429688,143.36363220214844,144.0,558064.0
2023-09-29,AI.PA,142.80430603027344,145.30909729003906,146.90908813476562,145.05455017089844,145.49090576171875,638919.0
2023-10-02,AI.PA,140.5171356201172,142.9818115234375,145.8909149169922,142.0181884765625,145.63636779785156,550423.0
2023-10-03,AI.PA,139.51651000976562,141.96363830566406,143.0181884765625,141.07272338867188,142.70909118652344,551171.0
2023-10-04,AI.PA,139.89175415039062,142.345458984375,143.29090881347656,141.09091186523438,141.29090881347656,497816.0
2023-10-05,AI.PA,139.9453582763672,142.39999389648438,143.81817626953125,141.72726440429688,142.30909729003906,554643.0
2023-10-06,AI.PA,141.0174560546875,143.49090576171875,143.81817626953125,141.8909149169922,142.72726440429688,590972.0
2023-10-09,AI.PA,141.42843627929688,143.90908813476562,145.0181884765625,142.14544677734375,143.03636169433594,616859.0
2023-10-10,AI.PA,144.50180053710938,147.03636169433594,147.39999389648438,145.23635864257812,145.70909118652344,617215.0
2023-10-11,AI.PA,145.89553833007812,148.4545440673828,149.16363525390625,146.4545440673828,146.81817626953125,704240.0
2023-10-12,AI.PA,146.14569091796875,148.70909118652344,150.4545440673828,148.4545440673828,150.0,577219.0
2023-10-13,AI.PA,144.16229248046875,146.69090270996094,148.27272033691406,146.345458984375,147.36363220214844,692137.0
2023-10-16,AI.PA,143.48330688476562,146.0,147.1272735595703,145.25454711914062,146.81817626953125,436089.0
2023-10-17,AI.PA,142.3575897216797,144.8545379638672,145.81817626953125,143.92727661132812,145.3272705078125,559350.0
2023-10-18,AI.PA,140.55288696289062,143.0181884765625,144.92727661132812,142.36363220214844,144.63636779785156,596708.0
2023-10-19,AI.PA,140.302734375,142.76364135742188,142.8727264404297,141.6727294921875,142.60000610351562,611726.0
2023-10-20,AI.PA,136.3538055419922,138.74545288085938,141.56362915039062,138.5272674560547,141.50909423828125,1057958.0
2023-10-23,AI.PA,136.62184143066406,139.0181884765625,139.345458984375,137.60000610351562,139.09091186523438,670743.0
2023-10-24,AI.PA,137.42591857910156,139.83636474609375,140.23635864257812,139.1272735595703,139.5454559326172,587002.0
2023-10-25,AI.PA,140.03469848632812,142.49090576171875,142.7818145751953,138.72726440429688,139.76364135742188,730952.0
2023-10-26,AI.PA,141.6785888671875,144.16363525390625,144.41818237304688,141.29090881347656,141.7818145751953,789769.0
2023-10-27,AI.PA,143.1616668701172,145.6727294921875,147.1999969482422,144.56362915039062,146.03636169433594,776754.0
2023-10-30,AI.PA,142.75070190429688,145.25454711914062,146.96363830566406,145.09091186523438,146.50909423828125,406256.0
2023-10-31,AI.PA,144.44818115234375,146.9818115234375,147.3272705078125,145.25454711914062,145.49090576171875,579587.0
2023-11-01,AI.PA,145.50244140625,148.05455017089844,148.3272705078125,145.8909149169922,147.0,446339.0
2023-11-02,AI.PA,147.4143524169922,150.0,150.9818115234375,148.29090881347656,148.50909423828125,699915.0
2023-11-03,AI.PA,145.788330078125,148.345458984375,150.63636779785156,147.8727264404297,150.63636779785156,667969.0
2023-11-06,AI.PA,146.02061462402344,148.58181762695312,148.9818115234375,147.56362915039062,148.74545288085938,389324.0
2023-11-07,AI.PA,145.2701416015625,147.81817626953125,149.345458984375,147.60000610351562,148.5272674560547,693726.0
2023-11-08,AI.PA,146.00274658203125,148.56362915039062,148.8727264404297,145.94544982910156,147.27272033691406,456836.0
2023-11-09,AI.PA,148.4149932861328,151.0181884765625,151.41818237304688,147.83636474609375,148.63636779785156,709198.0
2023-11-10,AI.PA,148.8438262939453,151.4545440673828,151.4545440673828,149.81817626953125,150.03636169433594,602664.0
2023-11-13,AI.PA,149.7908477783203,152.41818237304688,152.4727325439453,151.38182067871094,151.56362915039062,538718.0
2023-11-14,AI.PA,150.988037109375,153.63636779785156,154.49090576171875,152.29090881347656,152.72726440429688,838299.0
2023-11-15,AI.PA,150.1124725341797,152.74545288085938,153.58181762695312,152.30909729003906,153.2181854248047,531128.0
2023-11-16,AI.PA,150.89869689941406,153.5454559326172,153.8000030517578,152.63636779785156,152.72726440429688,624804.0
2023-11-17,AI.PA,152.11373901367188,154.7818145751953,154.92727661132812,153.76364135742188,153.81817626953125,913701.0
2023-11-20,AI.PA,152.2924346923828,154.96363830566406,155.345458984375,154.1999969482422,154.5454559326172,501199.0
2023-11-21,AI.PA,153.2930450439453,155.9818115234375,156.16363525390625,154.50909423828125,154.61817932128906,425603.0
2023-11-22,AI.PA,154.41876220703125,157.1272735595703,157.3272705078125,156.0,156.4545440673828,546596.0
2023-11-23,AI.PA,154.50811767578125,157.2181854248047,157.5272674560547,156.63636779785156,157.27272033691406,319927.0
2023-11-24,AI.PA,155.1513671875,157.8727264404297,158.0181884765625,156.74545288085938,156.74545288085938,512656.0
2023-11-27,AI.PA,155.25857543945312,157.9818115234375,158.81817626953125,157.5272674560547,157.74545288085938,513694.0
2023-11-28,AI.PA,155.77676391601562,158.50909423828125,158.8545379638672,157.92727661132812,158.03636169433594,549441.0
2023-11-29,AI.PA,155.24070739746094,157.96363830566406,159.09091186523438,157.69090270996094,158.29090881347656,465606.0
2023-11-30,AI.PA,155.2764434814453,158.0,159.18182373046875,157.56362915039062,157.654541015625,1727049.0
2023-12-01,AI.PA,154.7404022216797,157.4545440673828,159.30909729003906,157.05455017089844,158.41818237304688,720688.0
2023-12-04,AI.PA,153.91844177246094,156.61817932128906,157.50909423828125,155.1090850830078,157.30909729003906,510456.0
2023-12-05,AI.PA,155.84823608398438,158.58181762695312,158.60000610351562,156.4363555908203,156.5454559326172,553335.0
2023-12-06,AI.PA,154.97268676757812,157.69090270996094,158.94544982910156,155.92727661132812,158.61817932128906,755626.0
2023-12-07,AI.PA,155.3657989501953,158.09091186523438,158.94544982910156,157.9818115234375,158.1272735595703,428579.0
2023-12-08,AI.PA,156.6344451904297,159.38182067871094,159.7818145751953,157.63636779785156,157.8727264404297,581366.0
2023-12-11,AI.PA,157.79588317871094,160.56362915039062,160.70909118652344,159.27272033691406,159.27272033691406,755194.0
2023-12-12,AI.PA,159.29684448242188,162.09091186523438,162.39999389648438,160.4545440673828,160.5454559326172,705783.0
2023-12-13,AI.PA,159.95797729492188,162.76364135742188,163.27272033691406,161.83636474609375,162.27272033691406,868743.0
2023-12-14,AI.PA,156.43789672851562,159.18182373046875,163.90908813476562,157.74545288085938,163.56362915039062,1121831.0
2023-12-15,AI.PA,157.22410583496094,159.9818115234375,161.56362915039062,158.72726440429688,159.4727325439453,1985907.0
2023-12-18,AI.PA,157.22410583496094,159.9818115234375,160.29090881347656,159.0,159.81817626953125,503303.0
2023-12-19,AI.PA,157.70655822753906,160.4727325439453,161.4727325439453,159.61817932128906,159.72726440429688,662616.0
2023-12-20,AI.PA,158.54637145996094,161.3272705078125,161.94544982910156,160.1999969482422,160.30909729003906,495379.0
2023-12-21,AI.PA,157.90310668945312,160.6727294921875,162.09091186523438,160.345458984375,161.30909729003906,508890.0
2023-12-22,AI.PA,158.45701599121094,161.23635864257812,161.96363830566406,160.6727294921875,160.90908813476562,365251.0
2023-12-27,AI.PA,157.97457885742188,160.74545288085938,161.70909118652344,160.49090576171875,161.16363525390625,340940.0
2023-12-28,AI.PA,157.42066955566406,160.18182373046875,161.345458984375,160.03636169433594,160.9818115234375,304956.0
2023-12-29,AI.PA,157.34918212890625,160.1090850830078,160.9818115234375,160.0181884765625,160.4727325439453,327980.0
2024-01-02,AI.PA,156.25921630859375,159.0,161.654541015625,156.96363830566406,160.8909149169922,562469.0
2024-01-03,AI.PA,153.63255310058594,156.3272705078125,158.8545379638672,155.5272674560547,158.7818145751953,683417.0
2024-01-04,AI.PA,153.72189331054688,156.41818237304688,156.654541015625,155.60000610351562,156.09091186523438,565257.0
2024-01-05,AI.PA,152.48898315429688,155.16363525390625,156.0,153.96363830566406,155.4545440673828,519433.0
2024-01-08,AI.PA,152.98928833007812,155.6727294921875,155.81817626953125,154.36363220214844,154.76364135742188,419873.0
2024-01-09,AI.PA,152.75698852539062,155.4363555908203,155.7818145751953,154.76364135742188,155.72726440429688,430997.0
2024-01-10,AI.PA,153.18585205078125,155.8727264404297,156.4727325439453,154.92727661132812,155.81817626953125,409006.0
2024-01-11,AI.PA,154.3472900390625,157.05455017089844,158.5272674560547,156.81817626953125,157.2181854248047,626245.0
2024-01-12,AI.PA,156.92034912109375,159.6727294921875,160.27272033691406,158.1272735595703,158.25454711914062,657419.0
2024-01-15,AI.PA,156.7773895263672,159.5272674560547,159.76364135742188,159.0181884765625,159.70909118652344,311543.0
2024-01-16,AI.PA,156.86672973632812,159.61817932128906,159.76364135742188,157.8909149169922,158.61817932128906,489096.0
2024-01-17,AI.PA,155.25857543945312,157.9818115234375,158.61817932128906,157.09091186523438,158.60000610351562,607104.0
2024-01-18,AI.PA,156.4736328125,159.2181854248047,160.0,157.50909423828125,157.90908813476562,598198.0
2024-01-19,AI.PA,154.57957458496094,157.29090881347656,160.6727294921875,156.83636474609375,159.92727661132812,649468.0
2024-01-22,AI.PA,154.3472900390625,157.05455017089844,158.41818237304688,155.1090850830078,158.05455017089844,631433.0
2024-01-23,AI.PA,151.66702270507812,154.3272705078125,157.18182373046875,154.03636169433594,157.07272338867188,613308.0
2024-01-24,AI.PA,154.0792694091797,156.7818145751953,157.1272735595703,154.345458984375,154.39999389648438,652291.0
2024-01-25,AI.PA,153.5253448486328,156.2181854248047,157.74545288085938,154.81817626953125,156.74545288085938,587440.0
2024-01-26,AI.PA,153.20372009277344,155.8909149169922,157.07272338867188,155.56362915039062,156.0181884765625,692019.0
2024-01-29,AI.PA,153.91844177246094,156.61817932128906,156.8000030517578,155.50909423828125,155.81817626953125,491491.0
2024-01-30,AI.PA,154.63319396972656,157.345458984375,157.6727294921875,156.0,156.90908813476562,402931.0
2024-01-31,AI.PA,155.16925048828125,157.8909149169922,158.654541015625,157.41818237304688,157.4727325439453,740833.0
2024-02-01,AI.PA,154.7404022216797,157.4545440673828,158.0,156.6727294921875,157.69090270996094,425709.0
2024-02-02,AI.PA,153.0428924560547,155.72726440429688,158.345458984375,155.41818237304688,158.1272735595703,525545.0
2024-02-05,AI.PA,149.96954345703125,152.60000610351562,156.2181854248047,150.61817932128906,155.4545440673828,1099764.0
2024-02-06,AI.PA,153.5610809326172,156.25454711914062,156.29090881347656,152.654541015625,153.4545440673828,882609.0
2024-02-07,AI.PA,152.34603881835938,155.0181884765625,156.36363220214844,155.0181884765625,155.81817626953125,499570.0
2024-02-08,AI.PA,149.63003540039062,152.25454711914062,155.61817932128906,152.25454711914062,155.60000610351562,713231.0
2024-02-09,AI.PA,149.63003540039062,152.25454711914062,153.345458984375,151.90908813476562,152.25454711914062,559306.0
2024-02-12,AI.PA,150.27330017089844,152.90908813476562,153.4363555908203,152.1090850830078,153.18182373046875,408273.0
2024-02-13,AI.PA,150.4519805908203,153.09091186523438,153.63636779785156,151.94544982910156,153.63636779785156,461209.0
2024-02-14,AI.PA,151.75637817382812,154.41818237304688,154.41818237304688,153.1272735595703,153.18182373046875,449945.0
2024-02-15,AI.PA,151.18458557128906,153.83636474609375,154.92727661132812,152.92727661132812,154.63636779785156,692310.0
2024-02-16,AI.PA,152.8642120361328,155.5454559326172,155.5454559326172,153.5454559326172,154.5454559326172,796697.0
2024-02-19,AI.PA,153.3824005126953,156.07272338867188,156.5454559326172,154.7818145751953,155.56362915039062,466417.0
2024-02-20,AI.PA,166.0511016845703,168.96363830566406,169.1090850830078,162.4727325439453,162.50909423828125,1827547.0
2024-02-21,AI.PA,165.64012145996094,168.5454559326172,168.6727294921875,165.41818237304688,167.2181854248047,826950.0
2024-02-22,AI.PA,165.65798950195312,168.56362915039062,169.63636779785156,167.14544677734375,169.05455017089844,659208.0
2024-02-23,AI.PA,169.3031463623047,172.27272033691406,172.8909149169922,169.09091186523438,169.09091186523438,753355.0
2024-02-26,AI.PA,169.51756286621094,172.49090576171875,172.90908813476562,171.8909149169922,172.27272033691406,600490.0
2024-02-27,AI.PA,169.1602020263672,172.1272735595703,173.1999969482422,171.81817626953125,172.58181762695312,489727.0
2024-02-28,AI.PA,168.6062774658203,171.56362915039062,172.09091186523438,170.50909423828125,171.74545288085938,423106.0
2024-02-29,AI.PA,167.87367248535156,170.81817626953125,172.0181884765625,170.63636779785156,171.81817626953125,1115438.0
2024-03-01,AI.PA,167.0159912109375,169.94544982910156,171.05455017089844,169.29090881347656,170.63636779785156,400757.0
2024-03-04,AI.PA,169.8213348388672,172.8000030517578,172.92727661132812,170.50909423828125,170.58181762695312,410224.0
2024-03-05,AI.PA,169.32101440429688,172.29090881347656,174.03636169433594,171.81817626953125,172.94544982910156,496325.0
2024-03-06,AI.PA,170.44671630859375,173.4363555908203,173.60000610351562,172.03636169433594,172.60000610351562,518001.0
2024-03-07,AI.PA,172.75173950195312,175.7818145751953,176.49090576171875,172.4545440673828,172.56362915039062,687933.0
2024-03-08,AI.PA,173.019775390625,176.05455017089844,176.36363220214844,175.39999389648438,176.27272033691406,584359.0
2024-03-11,AI.PA,172.2871856689453,175.30909729003906,175.58181762695312,173.90908813476562,175.09091186523438,466626.0
2024-03-12,AI.PA,173.25205993652344,176.29090881347656,176.92727661132812,175.30909729003906,176.27272033691406,579843.0
2024-03-13,AI.PA,174.0382843017578,177.09091186523438,177.58181762695312,176.4363555908203,176.63636779785156,557329.0
2024-03-14,AI.PA,174.4849853515625,177.5454559326172,178.25454711914062,176.96363830566406,177.6727294921875,674920.0
2024-03-15,AI.PA,174.34202575683594,177.39999389648438,179.4727325439453,177.39999389648438,177.69090270996094,1436496.0
2024-03-18,AI.PA,173.3771514892578,176.41818237304688,177.30909729003906,175.56362915039062,177.07272338867188,382664.0
2024-03-19,AI.PA,174.43138122558594,177.49090576171875,177.6727294921875,175.30909729003906,175.7818145751953,380707.0
2024-03-20,AI.PA,174.21694946289062,177.27272033691406,177.8909149169922,176.7818145751953,177.58181762695312,439370.0
2024-03-21,AI.PA,173.05551147460938,176.09091186523438,177.9818115234375,174.9818115234375,177.81817626953125,607690.0
2024-03-22,AI.PA,170.17869567871094,173.16363525390625,174.74545288085938,171.56362915039062,174.3272705078125,972524.0
2024-03-25,AI.PA,170.83982849121094,173.83636474609375,174.4727325439453,172.94544982910156,173.76364135742188,532086.0
2024-03-26,AI.PA,171.9476776123047,174.96363830566406,175.18182373046875,173.29090881347656,173.83636474609375,494905.0
2024-03-27,AI.PA,172.7160186767578,175.74545288085938,176.345458984375,174.3272705078125,175.09091186523438,419535.0
2024-03-28,AI.PA,172.2871856689453,175.30909729003906,176.5272674560547,175.0181884765625,175.90908813476562,670662.0
2024-04-02,AI.PA,171.01852416992188,174.0181884765625,176.6727294921875,173.49090576171875,175.5454559326172,667956.0
2024-04-03,AI.PA,171.37588500976562,174.38182067871094,174.38182067871094,172.60000610351562,174.05455017089844,719121.0
2024-04-04,AI.PA,169.35675048828125,172.3272705078125,174.4363555908203,172.1999969482422,174.36363220214844,524327.0
2024-04-05,AI.PA,167.5163116455078,170.4545440673828,170.58181762695312,169.38182067871094,170.4545440673828,853017.0
2024-04-08,AI.PA,168.19529724121094,171.14544677734375,172.1999969482422,170.3272705078125,170.5454559326172,419611.0
2024-04-09,AI.PA,167.3733673095703,170.30909729003906,171.5272674560547,170.1272735595703,170.8909149169922,615620.0
2024-04-10,AI.PA,167.31976318359375,170.25454711914062,171.38182067871094,168.8545379638672,170.90908813476562,578911.0
2024-04-11,AI.PA,168.6062774658203,171.56362915039062,171.74545288085938,169.5454559326172,170.05455017089844,644620.0
2024-04-12,AI.PA,167.4091033935547,170.345458984375,173.14544677734375,169.56362915039062,172.72726440429688,566068.0
2024-04-15,AI.PA,168.23104858398438,171.18182373046875,172.1090850830078,169.4545440673828,170.0,513416.0
2024-04-16,AI.PA,165.926025390625,168.83636474609375,170.3272705078125,168.1090850830078,168.81817626953125,575469.0
2024-04-17,AI.PA,166.62289428710938,169.5454559326172,170.70909118652344,168.6727294921875,168.72726440429688,431115.0
2024-04-18,AI.PA,166.81944274902344,169.74545288085938,170.41818237304688,168.76364135742188,170.1272735595703,674593.0
2024-04-19,AI.PA,167.74859619140625,170.69090270996094,170.83636474609375,168.18182373046875,168.92727661132812,727126.0
2024-04-22,AI.PA,167.85580444335938,170.8000030517578,171.94544982910156,170.29090881347656,171.18182373046875,535548.0
2024-04-23,AI.PA,170.2501678466797,173.23635864257812,173.8727264404297,170.7818145751953,171.39999389648438,624988.0
2024-04-24,AI.PA,166.30125427246094,169.2181854248047,173.74545288085938,168.90908813476562,171.81817626953125,960493.0
2024-04-25,AI.PA,164.04983520507812,166.92727661132812,169.14544677734375,163.72726440429688,169.09091186523438,1014644.0
2024-04-26,AI.PA,165.44357299804688,168.345458984375,168.39999389648438,165.94544982910156,167.94544982910156,537292.0
2024-04-29,AI.PA,164.7467041015625,167.63636779785156,170.76364135742188,167.61817932128906,169.3272705078125,516956.0
2024-04-30,AI.PA,164.28211975097656,167.16363525390625,168.5454559326172,166.90908813476562,168.18182373046875,689868.0
2024-05-02,AI.PA,161.76268005371094,164.60000610351562,167.16363525390625,164.60000610351562,166.92727661132812,854784.0
2024-05-03,AI.PA,161.36956787109375,164.1999969482422,166.1272735595703,164.16363525390625,165.0181884765625,464219.0
2024-05-06,AI.PA,162.51315307617188,165.36363220214844,166.36363220214844,164.5454559326172,165.09091186523438,321494.0
2024-05-07,AI.PA,164.37147521972656,167.25454711914062,167.25454711914062,164.92727661132812,166.09091186523438,566199.0
2024-05-08,AI.PA,166.65863037109375,169.58181762695312,169.92727661132812,167.92727661132812,168.0,465351.0
2024-05-09,AI.PA,167.0338592529297,169.96363830566406,170.63636779785156,168.58181762695312,169.39999389648438,298724.0
2024-05-10,AI.PA,166.7479705810547,169.6727294921875,170.9818115234375,169.30909729003906,170.4727325439453,594240.0
2024-05-13,AI.PA,166.1940460205078,169.1090850830078,170.5272674560547,168.83636474609375,170.38182067871094,314366.0
2024-05-14,AI.PA,166.65863037109375,169.58181762695312,170.30909729003906,167.8545379638672,169.09091186523438,398690.0
2024-05-15,AI.PA,166.96238708496094,169.8909149169922,171.4545440673828,169.39999389648438,169.7818145751953,577168.0
2024-05-16,AI.PA,165.35423278808594,168.25454711914062,170.41818237304688,168.25454711914062,170.41818237304688,357020.0
2024-05-17,AI.PA,165.85455322265625,168.76364135742188,168.81817626953125,167.69090270996094,168.2181854248047,741117.0
2024-05-20,AI.PA,168.61817932128906,168.61817932128906,170.0,166.94544982910156,167.2181854248047,374013.0
2024-05-21,AI.PA,167.8727264404297,167.8727264404297,168.69090270996094,166.74545288085938,168.5454559326172,405611.0
2024-05-22,AI.PA,166.18182373046875,166.18182373046875,168.1272735595703,165.4363555908203,167.96363830566406,405465.0
2024-05-23,AI.PA,165.1999969482422,165.1999969482422,166.90908813476562,164.74545288085938,166.16363525390625,449757.0
2024-05-24,AI.PA,165.6727294921875,165.6727294921875,166.23635864257812,164.58181762695312,164.70909118652344,359243.0
2024-05-27,AI.PA,166.9818115234375,166.9818115234375,166.9818115234375,165.4727325439453,165.90908813476562,227131.0
2024-05-28,AI.PA,165.03636169433594,165.03636169433594,168.1272735595703,164.41818237304688,167.4545440673828,441765.0
2024-05-29,AI.PA,162.8727264404297,162.8727264404297,164.5454559326172,162.345458984375,164.27272033691406,561697.0
2024-05-30,AI.PA,164.0181884765625,164.0181884765625,164.27272033691406,162.8727264404297,163.09091186523438,487531.0
2024-05-31,AI.PA,164.05455017089844,164.05455017089844,164.70909118652344,163.5272674560547,164.4545440673828,1838766.0
2024-06-03,AI.PA,166.09091186523438,166.09091186523438,167.16363525390625,164.4363555908203,166.39999389648438,521259.0
2024-06-04,AI.PA,165.69090270996094,165.69090270996094,167.05455017089844,165.56362915039062,166.03636169433594,521481.0
2024-06-05,AI.PA,167.8909149169922,167.8909149169922,168.16363525390625,166.49090576171875,166.6727294921875,457552.0
2024-06-06,AI.PA,168.63636779785156,168.63636779785156,170.4727325439453,168.3272705078125,169.09091186523438,574928.0
2024-06-07,AI.PA,170.25454711914062,170.25454711914062,170.6727294921875,167.63636779785156,169.5454559326172,679646.0
2024-06-10,AI.PA,168.1199951171875,168.1199951171875,171.0,165.8000030517578,171.0,1103632.0
2024-06-11,AI.PA,165.89999389648438,165.89999389648438,170.0,164.77999877929688,168.63999938964844,751000.0
2024-06-12,AI.PA,169.22000122070312,169.22000122070312,169.5,166.72000122070312,166.75999450683594,520967.0
2024-06-13,AI.PA,163.27999877929688,163.27999877929688,169.36000061035156,163.24000549316406,169.0800018310547,850723.0
2024-06-14,AI.PA,159.27999877929688,159.27999877929688,162.75999450683594,158.5399932861328,162.6199951171875,1335425.0
2024-06-17,AI.PA,160.3800048828125,160.3800048828125,160.9600067138672,159.0399932861328,159.36000061035156,631890.0
2024-06-18,AI.PA,162.25999450683594,162.25999450683594,162.74000549316406,160.02000427246094,161.32000732421875,641396.0
2024-06-19,AI.PA,161.3800048828125,161.3800048828125,162.52000427246094,161.0800018310547,162.0,478536.0
2024-06-20,AI.PA,164.3000030517578,164.3000030517578,164.72000122070312,161.4600067138672,161.83999633789062,721491.0
2024-06-21,AI.PA,162.8800048828125,162.8800048828125,164.5,162.17999267578125,164.02000427246094,1571907.0
2024-06-24,AI.PA,164.75999450683594,164.75999450683594,165.16000366210938,162.5,162.77999877929688,610195.0
2024-06-25,AI.PA,166.52000427246094,166.52000427246094,168.24000549316406,164.02000427246094,164.5,915260.0
2024-06-26,AI.PA,164.82000732421875,164.82000732421875,167.66000366210938,164.0800018310547,167.1999969482422,714299.0
2024-06-27,AI.PA,163.47999572753906,163.47999572753906,166.32000732421875,162.94000244140625,165.8000030517578,453781.0
2024-06-28,AI.PA,161.27999877929688,161.27999877929688,163.9600067138672,160.6199951171875,163.8000030517578,713670.0
2024-07-01,AI.PA,162.6199951171875,162.6199951171875,165.97999572753906,162.6199951171875,165.1999969482422,495586.0
2024-07-02,AI.PA,162.8800048828125,162.8800048828125,162.8800048828125,160.67999267578125,162.02000427246094,620145.0
2024-07-03,AI.PA,164.1999969482422,164.1999969482422,164.3000030517578,162.3000030517578,163.67999267578125,608007.0
2024-07-04,AI.PA,165.39999389648438,165.39999389648438,165.4199981689453,164.1999969482422,164.9600067138672,513047.0
2024-07-05,AI.PA,163.4600067138672,163.4600067138672,165.32000732421875,162.75999450683594,165.32000732421875,480935.0
2024-07-08,AI.PA,163.75999450683594,163.75999450683594,165.72000122070312,162.5399932861328,162.60000610351562,647977.0
2024-07-09,AI.PA,160.8000030517578,160.8000030517578,163.89999389648438,160.36000061035156,163.3000030517578,667060.0
2024-07-10,AI.PA,162.10000610351562,162.10000610351562,162.1999969482422,160.25999450683594,161.0,430811.0
2024-07-11,AI.PA,163.44000244140625,163.44000244140625,163.97999572753906,161.86000061035156,162.72000122070312,516616.0
2024-07-12,AI.PA,166.10000610351562,166.10000610351562,166.5,164.02000427246094,164.3800048828125,599047.0
2024-07-15,AI.PA,163.16000366210938,163.16000366210938,165.9600067138672,163.13999938964844,165.66000366210938,455798.0
2024-07-16,AI.PA,162.6999969482422,162.6999969482422,163.32000732421875,161.83999633789062,162.5,389153.0
2024-07-17,AI.PA,164.72000122070312,164.72000122070312,165.89999389648438,162.3000030517578,162.32000732421875,524452.0
2024-07-18,AI.PA,165.13999938964844,165.13999938964844,166.60000610351562,164.16000366210938,165.6199951171875,534736.0
2024-07-19,AI.PA,163.0399932861328,163.0399932861328,164.6199951171875,162.24000549316406,164.47999572753906,827767.0
2024-07-22,AI.PA,165.1999969482422,165.1999969482422,165.94000244140625,163.24000549316406,164.02000427246094,555722.0
2024-07-23,AI.PA,166.27999877929688,166.27999877929688,167.3000030517578,164.6199951171875,164.97999572753906,468759.0
2024-07-24,AI.PA,165.60000610351562,165.60000610351562,166.33999633789062,163.89999389648438,165.05999755859375,436389.0
2024-07-25,AI.PA,164.82000732421875,164.82000732421875,164.86000061035156,163.25999450683594,164.47999572753906,549129.0
2024-07-26,AI.PA,167.32000732421875,167.32000732421875,167.9199981689453,163.36000061035156,163.74000549316406,595181.0
2024-07-29,AI.PA,165.5,165.5,168.3000030517578,164.63999938964844,168.0,425921.0
2024-07-30,AI.PA,167.60000610351562,167.60000610351562,168.0,165.5,165.9600067138672,456328.0
2024-07-31,AI.PA,168.77999877929688,168.77999877929688,169.63999938964844,167.5,168.0,891772.0
2024-08-01,AI.PA,165.89999389648438,165.89999389648438,167.9199981689453,165.52000427246094,167.47999572753906,628156.0
2024-08-02,AI.PA,163.47999572753906,163.47999572753906,166.05999755859375,162.9199981689453,165.3800048828125,825897.0
2024-08-05,AI.PA,163.0,163.0,163.44000244140625,159.17999267578125,160.77999877929688,1146073.0
2024-08-06,AI.PA,161.3000030517578,161.3000030517578,163.77999877929688,160.13999938964844,162.82000732421875,808582.0
2024-08-07,AI.PA,163.5800018310547,163.5800018310547,164.5399932861328,161.0,161.36000061035156,674059.0
2024-08-08,AI.PA,162.74000549316406,162.74000549316406,163.05999755859375,161.27999877929688,163.0,493363.0
2024-08-09,AI.PA,163.60000610351562,163.60000610351562,164.05999755859375,162.1199951171875,163.67999267578125,411082.0
2024-08-12,AI.PA,162.3000030517578,162.3000030517578,164.5800018310547,162.02000427246094,164.32000732421875,491442.0
2024-08-13,AI.PA,162.72000122070312,162.72000122070312,163.77999877929688,161.83999633789062,162.86000061035156,416464.0
2024-08-14,AI.PA,163.55999755859375,163.55999755859375,163.83999633789062,162.44000244140625,163.5800018310547,376579.0
2024-08-15,AI.PA,165.1199951171875,165.1199951171875,165.1999969482422,162.83999633789062,164.05999755859375,436005.0
2024-08-16,AI.PA,165.8800048828125,165.8800048828125,165.8800048828125,164.6999969482422,165.3000030517578,538636.0
2024-08-19,AI.PA,165.39999389648438,165.39999389648438,166.52000427246094,165.39999389648438,166.05999755859375,445438.0
2024-08-20,AI.PA,165.22000122070312,165.22000122070312,166.32000732421875,164.6999969482422,165.9199981689453,256451.0
2024-08-21,AI.PA,165.55999755859375,165.55999755859375,166.52000427246094,165.02000427246094,165.3800048828125,367583.0
2024-08-22,AI.PA,165.0,165.0,166.3800048828125,164.6199951171875,165.55999755859375,340593.0
2024-08-23,AI.PA,165.9199981689453,165.9199981689453,166.39999389648438,165.0,165.33999633789062,374874.0
2024-08-26,AI.PA,166.17999267578125,166.17999267578125,166.52000427246094,165.1199951171875,165.55999755859375,169975.0
2024-08-27,AI.PA,165.52000427246094,165.52000427246094,166.8000030517578,165.52000427246094,166.22000122070312,254980.0
2024-08-28,AI.PA,167.1999969482422,167.1999969482422,167.94000244140625,166.10000610351562,166.24000549316406,390730.0
2024-08-29,AI.PA,169.33999633789062,169.33999633789062,169.33999633789062,167.47999572753906,167.47999572753906,383394.0
2024-08-30,AI.PA,168.72000122070312,168.72000122070312,169.89999389648438,168.5,169.24000549316406,719767.0
2024-09-02,AI.PA,168.9199981689453,168.9199981689453,169.0800018310547,167.66000366210938,168.5,217184.0
2024-09-03,AI.PA,169.3800048828125,169.3800048828125,169.75999450683594,168.6999969482422,169.33999633789062,385284.0
2024-09-04,AI.PA,168.36000061035156,168.36000061035156,171.27999877929688,168.1199951171875,168.5,653796.0
2024-09-05,AI.PA,163.10000610351562,163.10000610351562,165.9199981689453,163.10000610351562,163.6999969482422,740417.0
2024-09-06,AI.PA,162.36000061035156,162.36000061035156,165.0,161.8800048828125,163.10000610351562,738211.0
2024-09-09,AI.PA,166.1999969482422,166.1999969482422,166.32000732421875,162.8000030517578,163.39999389648438,471096.0
2024-09-10,AI.PA,168.97999572753906,168.97999572753906,169.86000061035156,165.39999389648438,165.5,668526.0
2024-09-11,AI.PA,169.1199951171875,169.1199951171875,170.89999389648438,168.52000427246094,169.5,558262.0
2024-09-12,AI.PA,169.72000122070312,169.72000122070312,170.4199981689453,168.36000061035156,170.22000122070312,468529.0
2024-09-13,AI.PA,170.22000122070312,170.22000122070312,171.24000549316406,169.47999572753906,170.02000427246094,357332.0
2024-09-16,AI.PA,169.52000427246094,169.52000427246094,170.5399932861328,168.89999389648438,169.5,367258.0
2024-09-17,AI.PA,170.13999938964844,170.13999938964844,170.9600067138672,169.9199981689453,170.10000610351562,511860.0
2024-09-18,AI.PA,167.8000030517578,167.8000030517578,170.39999389648438,167.8000030517578,170.0399932861328,383600.0
2024-09-19,AI.PA,171.05999755859375,171.05999755859375,171.05999755859375,168.5800018310547,170.52000427246094,640288.0
2024-09-20,AI.PA,167.72000122070312,167.72000122070312,171.55999755859375,167.60000610351562,171.27999877929688,1238225.0
2024-09-23,AI.PA,170.60000610351562,170.60000610351562,170.60000610351562,167.16000366210938,167.9600067138672,555505.0
2024-09-24,AI.PA,172.8000030517578,172.8000030517578,173.83999633789062,171.94000244140625,172.3800048828125,556878.0
2024-09-25,AI.PA,172.0,172.0,172.63999938964844,171.05999755859375,172.4199981689453,579654.0
2024-09-26,AI.PA,174.1999969482422,174.1999969482422,174.24000549316406,172.02000427246094,173.55999755859375,640224.0
2024-09-27,AI.PA,176.17999267578125,176.17999267578125,177.0,174.05999755859375,174.25999450683594,984662.0
2024-09-30,AI.PA,173.25999450683594,173.25999450683594,175.6199951171875,173.25999450683594,175.39999389648438,764794.0
2024-10-01,AI.PA,170.94000244140625,170.94000244140625,173.82000732421875,169.83999633789062,173.72000122070312,662130.0
2024-10-02,AI.PA,171.0,171.0,171.5,169.6999969482422,171.1999969482422,481833.0
2024-10-03,AI.PA,167.33999633789062,167.33999633789062,170.83999633789062,166.6199951171875,170.83999633789062,524547.0
2024-10-04,AI.PA,167.60000610351562,167.60000610351562,168.82000732421875,166.66000366210938,167.1199951171875,644315.0
2024-10-07,AI.PA,167.63999938964844,167.63999938964844,168.3800048828125,165.8000030517578,167.67999267578125,589935.0
2024-10-08,AI.PA,168.89999389648438,168.89999389648438,169.05999755859375,166.5,167.47999572753906,604324.0
2024-10-09,AI.PA,169.32000732421875,169.32000732421875,169.63999938964844,167.8000030517578,168.5800018310547,332865.0
2024-10-10,AI.PA,170.02000427246094,170.02000427246094,170.02000427246094,168.5800018310547,168.74000549316406,412459.0
2024-10-11,AI.PA,170.77999877929688,170.77999877929688,170.9199981689453,169.13999938964844,169.8000030517578,301215.0
2024-10-14,AI.PA,172.10000610351562,172.10000610351562,172.1999969482422,170.83999633789062,171.16000366210938,358553.0
2024-10-15,AI.PA,171.82000732421875,171.82000732421875,173.4600067138672,171.82000732421875,172.5,902999.0
2024-10-16,AI.PA,171.8800048828125,171.8800048828125,172.94000244140625,171.1999969482422,172.39999389648438,498518.0
2024-10-17,AI.PA,172.6199951171875,172.6199951171875,174.10000610351562,172.44000244140625,172.52000427246094,445457.0
2024-10-18,AI.PA,173.67999267578125,173.67999267578125,173.67999267578125,171.5800018310547,171.94000244140625,531268.0
2024-10-21,AI.PA,171.8800048828125,171.8800048828125,173.0,171.55999755859375,172.5,511776.0
2024-10-22,AI.PA,170.9199981689453,170.9199981689453,171.60000610351562,169.16000366210938,171.36000061035156,469644.0
2024-10-23,AI.PA,169.3000030517578,169.3000030517578,170.67999267578125,168.25999450683594,170.02000427246094,501425.0
2024-10-24,AI.PA,167.89999389648438,167.89999389648438,170.5399932861328,167.89999389648438,169.67999267578125,478306.0
2024-10-25,AI.PA,167.44000244140625,167.44000244140625,168.27999877929688,166.47999572753906,167.60000610351562,589694.0
2024-10-28,AI.PA,170.16000366210938,170.16000366210938,170.67999267578125,168.27999877929688,169.0,538483.0
2024-10-29,AI.PA,168.77999877929688,168.77999877929688,171.44000244140625,168.25999450683594,171.0,564434.0
2024-10-30,AI.PA,165.89999389648438,165.89999389648438,167.55999755859375,165.1199951171875,167.5399932861328,764064.0
2024-10-31,AI.PA,164.66000366210938,164.66000366210938,166.39999389648438,163.86000061035156,165.4600067138672,1141268.0
2024-11-01,AI.PA,166.3000030517578,166.3000030517578,166.75999450683594,164.27999877929688,164.8800048828125,428581.0
2024-11-04,AI.PA,165.10000610351562,165.10000610351562,166.63999938964844,165.10000610351562,165.82000732421875,352863.0
2024-11-05,AI.PA,166.32000732421875,166.32000732421875,166.39999389648438,164.66000366210938,165.47999572753906,483228.0
2024-11-06,AI.PA,162.9199981689453,162.9199981689453,168.6999969482422,162.33999633789062,166.02000427246094,904973.0
2024-11-07,AI.PA,163.1199951171875,163.1199951171875,163.9600067138672,162.0399932861328,163.33999633789062,813490.0
2024-11-08,AI.PA,161.5,161.5,163.82000732421875,161.5,163.77999877929688,712553.0
2024-11-11,AI.PA,163.6999969482422,163.6999969482422,164.33999633789062,162.44000244140625,162.47999572753906,615456.0
2024-11-12,AI.PA,159.5800018310547,159.5800018310547,163.24000549316406,159.5800018310547,162.3800048828125,957769.0
2024-11-13,AI.PA,160.97999572753906,160.97999572753906,163.39999389648438,159.74000549316406,161.63999938964844,752386.0
2024-11-14,AI.PA,162.44000244140625,162.44000244140625,162.66000366210938,160.0800018310547,161.33999633789062,833918.0
2024-11-15,AI.PA,160.8000030517578,160.8000030517578,162.0800018310547,160.1999969482422,161.05999755859375,675890.0
2024-11-18,AI.PA,160.24000549316406,160.24000549316406,161.10000610351562,159.02000427246094,160.5,542447.0
2024-11-19,AI.PA,159.24000549316406,159.24000549316406,160.82000732421875,157.25999450683594,160.0,730766.0
2024-11-20,AI.PA,158.05999755859375,158.05999755859375,159.97999572753906,157.75999450683594,159.83999633789062,711877.0
2024-11-21,AI.PA,159.25999450683594,159.25999450683594,159.36000061035156,157.0800018310547,158.4199981689453,662234.0
2024-11-22,AI.PA,160.24000549316406,160.24000549316406,160.5,158.05999755859375,159.5,657431.0
2024-11-25,AI.PA,158.9600067138672,158.9600067138672,161.6199951171875,158.6999969482422,160.97999572753906,966965.0
2024-11-26,AI.PA,156.97999572753906,156.97999572753906,158.63999938964844,156.67999267578125,158.0,663149.0
2024-11-27,AI.PA,156.27999877929688,156.27999877929688,156.6199951171875,155.10000610351562,156.13999938964844,670730.0
2024-11-28,AI.PA,156.27999877929688,156.27999877929688,156.83999633789062,155.17999267578125,156.77999877929688,484186.0
2024-11-29,AI.PA,157.27999877929688,157.27999877929688,157.27999877929688,155.47999572753906,155.52000427246094,664442.0
2024-12-02,AI.PA,159.5399932861328,159.5399932861328,160.0,156.33999633789062,156.83999633789062,943803.0
2024-12-03,AI.PA,160.02000427246094,160.02000427246094,160.9600067138672,159.27999877929688,159.5,721336.0
2024-12-04,AI.PA,161.16000366210938,161.16000366210938,161.47999572753906,159.63999938964844,159.86000061035156,727105.0
2024-12-05,AI.PA,161.66000366210938,161.66000366210938,162.25999450683594,160.77999877929688,161.17999267578125,670797.0
2024-12-06,AI.PA,162.05999755859375,162.05999755859375,162.36000061035156,160.47999572753906,161.22000122070312,645732.0
2024-12-09,AI.PA,161.66000366210938,161.66000366210938,162.86000061035156,161.4600067138672,162.75999450683594,627374.0
2024-12-10,AI.PA,160.0399932861328,160.0399932861328,161.82000732421875,159.74000549316406,161.44000244140625,750778.0
2024-12-11,AI.PA,159.9600067138672,159.9600067138672,160.3800048828125,159.1999969482422,159.3000030517578,640048.0
2024-12-12,AI.PA,159.89999389648438,159.89999389648438,160.4199981689453,159.13999938964844,159.66000366210938,563489.0
2024-12-13,AI.PA,159.6999969482422,159.6999969482422,160.67999267578125,159.24000549316406,159.52000427246094,526947.0
2024-12-16,AI.PA,159.3000030517578,159.3000030517578,159.67999267578125,158.74000549316406,159.32000732421875,648869.0
2024-12-17,AI.PA,158.89999389648438,158.89999389648438,159.60000610351562,157.66000366210938,158.1999969482422,758650.0
2024-12-18,AI.PA,158.25999450683594,158.25999450683594,159.1199951171875,158.0800018310547,158.5,823235.0
2024-12-19,AI.PA,155.5,155.5,156.6199951171875,154.9199981689453,156.10000610351562,1031387.0
2024-12-20,AI.PA,155.3800048828125,155.3800048828125,155.3800048828125,153.55999755859375,154.63999938964844,1751512.0
2024-12-23,AI.PA,154.24000549316406,154.24000549316406,155.60000610351562,154.0800018310547,154.67999267578125,581512.0
2024-12-24,AI.PA,154.33999633789062,154.33999633789062,155.16000366210938,154.16000366210938,154.60000610351562,173434.0
2024-12-27,AI.PA,155.89999389648438,155.89999389648438,155.89999389648438,153.4199981689453,154.0800018310547,535877.0
2024-12-30,AI.PA,154.6199951171875,154.6199951171875,155.86000061035156,154.25999450683594,155.36000061035156,391937.0
2024-12-31,AI.PA,156.9199981689453,156.9199981689453,156.9199981689453,154.4199981689453,154.52000427246094,227217.0
2025-01-02,AI.PA,155.86000061035156,155.86000061035156,156.75999450683594,154.1999969482422,156.74000549316406,589754.0
2025-01-03,AI.PA,154.63999938964844,154.63999938964844,155.94000244140625,154.27999877929688,155.82000732421875,768673.0
2025-01-06,AI.PA,158.17999267578125,158.17999267578125,158.17999267578125,154.3000030517578,155.3000030517578,905128.0
2025-01-07,AI.PA,159.25999450683594,159.25999450683594,159.4199981689453,156.8000030517578,158.0,873001.0
2025-01-08,AI.PA,157.63999938964844,157.63999938964844,159.36000061035156,155.94000244140625,159.05999755859375,754083.0
2025-01-09,AI.PA,158.33999633789062,158.33999633789062,158.83999633789062,156.66000366210938,157.1999969482422,500414.0
2025-01-10,AI.PA,156.0800018310547,156.0800018310547,158.6199951171875,155.8000030517578,157.9199981689453,671301.0
2025-01-13,AI.PA,156.47999572753906,156.47999572753906,157.0399932861328,155.16000366210938,155.94000244140625,604578.0
2025-01-14,AI.PA,155.89999389648438,155.89999389648438,158.5,155.47999572753906,158.17999267578125,539054.0
2025-01-15,AI.PA,156.39999389648438,156.39999389648438,158.22000122070312,155.8000030517578,156.24000549316406,998245.0
2025-01-16,AI.PA,158.27999877929688,158.27999877929688,158.6199951171875,156.1199951171875,157.16000366210938,774718.0
2025-01-17,AI.PA,161.5,161.5,161.55999755859375,159.0,159.24000549316406,1089381.0
2025-01-20,AI.PA,162.02000427246094,162.02000427246094,162.47999572753906,161.22000122070312,161.82000732421875,628356.0
2025-01-21,AI.PA,160.86000061035156,160.86000061035156,161.8000030517578,160.52000427246094,161.8000030517578,512402.0
2025-01-22,AI.PA,162.39999389648438,162.39999389648438,162.39999389648438,160.24000549316406,160.52000427246094,761824.0
2025-01-23,AI.PA,161.72000122070312,161.72000122070312,162.66000366210938,161.5800018310547,162.60000610351562,579559.0
2025-01-24,AI.PA,163.75999450683594,163.75999450683594,164.5800018310547,163.0800018310547,163.10000610351562,818607.0
2025-01-27,AI.PA,165.94000244140625,165.94000244140625,166.6199951171875,162.82000732421875,163.0,767685.0
2025-01-28,AI.PA,166.6999969482422,166.6999969482422,167.55999755859375,165.24000549316406,165.55999755859375,623747.0
2025-01-29,AI.PA,167.3800048828125,167.3800048828125,167.5800018310547,165.3000030517578,166.1999969482422,562518.0
2025-01-30,AI.PA,169.13999938964844,169.13999938964844,169.5800018310547,167.05999755859375,167.72000122070312,557393.0
2025-01-31,AI.PA,168.60000610351562,168.60000610351562,170.02000427246094,168.22000122070312,169.6999969482422,779461.0
2025-02-03,AI.PA,167.8000030517578,167.8000030517578,167.89999389648438,164.86000061035156,165.4600067138672,840957.0
2025-02-04,AI.PA,168.27999877929688,168.27999877929688,168.47999572753906,166.3000030517578,167.33999633789062,630442.0
2025-02-05,AI.PA,167.63999938964844,167.63999938964844,168.16000366210938,166.5399932861328,167.63999938964844,518180.0
2025-02-06,AI.PA,170.32000732421875,170.32000732421875,170.44000244140625,166.0,167.9199981689453,1062175.0
2025-02-07,AI.PA,169.1199951171875,169.1199951171875,171.44000244140625,168.82000732421875,171.0,634754.0
2025-02-10,AI.PA,169.77999877929688,169.77999877929688,169.94000244140625,168.0399932861328,169.24000549316406,787945.0
2025-02-11,AI.PA,170.63999938964844,170.63999938964844,171.22000122070312,169.5399932861328,169.6999969482422,463935.0
2025-02-12,AI.PA,170.82000732421875,170.82000732421875,171.0800018310547,169.22000122070312,170.44000244140625,649125.0
2025-02-13,AI.PA,173.0800018310547,173.0800018310547,173.9199981689453,170.82000732421875,171.44000244140625,743225.0
2025-02-14,AI.PA,174.10000610351562,174.10000610351562,174.83999633789062,171.47999572753906,171.75999450683594,1018479.0
2025-02-17,AI.PA,174.0,174.0,174.33999633789062,173.17999267578125,173.77999877929688,436001.0
2025-02-18,AI.PA,174.36000061035156,174.36000061035156,174.75999450683594,172.60000610351562,173.39999389648438,871303.0
2025-02-19,AI.PA,172.39999389648438,172.39999389648438,174.44000244140625,171.72000122070312,174.24000549316406,702505.0
2025-02-20,AI.PA,172.77999877929688,172.77999877929688,173.36000061035156,171.94000244140625,172.0399932861328,722335.0
2025-02-21,AI.PA,178.39999389648438,178.39999389648438,179.8000030517578,177.05999755859375,177.63999938964844,1444508.0
2025-02-24,AI.PA,174.77999877929688,174.77999877929688,179.44000244140625,174.3000030517578,179.02000427246094,568192.0
2025-02-25,AI.PA,175.5,175.5,175.72000122070312,173.60000610351562,174.13999938964844,684357.0
2025-02-26,AI.PA,175.94000244140625,175.94000244140625,176.6199951171875,175.13999938964844,175.52000427246094,540837.0
2025-02-27,AI.PA,174.5399932861328,174.5399932861328,175.89999389648438,173.75999450683594,175.52000427246094,708593.0
2025-02-28,AI.PA,176.6199951171875,176.6199951171875,176.86000061035156,173.8000030517578,173.94000244140625,1512075.0
2025-03-03,AI.PA,179.67999267578125,179.67999267578125,180.6000061035156,174.8800048828125,176.05999755859375,1102965.0
2025-03-04,AI.PA,177.86000061035156,177.86000061035156,179.13999938964844,176.6999969482422,177.8000030517578,919593.0
2025-03-05,AI.PA,180.9199981689453,180.9199981689453,181.55999755859375,178.16000366210938,179.05999755859375,1002425.0
2025-03-06,AI.PA,180.5,180.5,182.1999969482422,177.94000244140625,181.83999633789065,1067334.0
2025-03-07,AI.PA,180.3000030517578,180.3000030517578,180.5399932861328,178.4600067138672,180.2599945068359,1094217.0
2025-03-10,AI.PA,183.2599945068359,183.2599945068359,184.77999877929688,180.32000732421875,181.66000366210935,1242834.0
2025-03-11,AI.PA,177.5800018310547,177.5800018310547,185.77999877929688,177.5800018310547,184.0399932861328,1259756.0
2025-03-12,AI.PA,179.6999969482422,179.6999969482422,181.6999969482422,178.63999938964844,179.32000732421875,695102.0
2025-03-13,AI.PA,179.27999877929688,179.27999877929688,180.8999938964844,178.4600067138672,178.9600067138672,650200.0
2025-03-14,AI.PA,180.27999877929688,180.27999877929688,181.52000427246097,178.77999877929688,179.02000427246094,738751.0
2025-03-17,AI.PA,180.5,180.5,181.5800018310547,179.33999633789062,180.94000244140625,647131.0
2025-03-18,AI.PA,179.97999572753906,179.97999572753906,181.17999267578125,179.52000427246094,180.55999755859375,801845.0
2025-03-19,AI.PA,180.13999938964844,180.13999938964844,180.77999877929688,178.9600067138672,179.5800018310547,515136.0
2025-03-20,AI.PA,177.77999877929688,177.77999877929688,180.3999938964844,177.4600067138672,179.9600067138672,719731.0
2025-03-21,AI.PA,177.52000427246094,177.52000427246094,178.47999572753906,176.82000732421875,177.97999572753906,1559028.0
2025-03-24,AI.PA,177.33999633789062,177.33999633789062,179.86000061035156,177.1199951171875,179.22000122070312,826848.0
2025-03-25,AI.PA,178.72000122070312,178.72000122070312,179.72000122070312,177.8000030517578,177.8800048828125,700623.0
2025-03-26,AI.PA,176.74000549316406,176.74000549316406,178.05999755859375,176.05999755859375,177.74000549316406,658343.0
2025-03-27,AI.PA,176.44000244140625,176.44000244140625,177.10000610351562,175.25999450683594,176.0399932861328,626214.0
2025-03-28,AI.PA,176.32000732421875,176.32000732421875,177.32000732421875,175.6199951171875,176.16000366210938,931921.0
2025-03-31,AI.PA,175.13999938964844,175.13999938964844,176.1199951171875,174.24000549316406,175.24000549316406,1078173.0
2025-04-01,AI.PA,177.1199951171875,177.1199951171875,177.55999755859375,175.17999267578125,175.97999572753906,1031406.0
2025-04-02,AI.PA,178.1199951171875,178.1199951171875,178.22000122070312,176.0,176.24000549316406,894182.0
2025-04-03,AI.PA,174.3000030517578,174.3000030517578,177.32000732421875,173.10000610351562,175.1999969482422,1245580.0
2025-04-04,AI.PA,173.1999969482422,173.1999969482422,178.13999938964844,173.1999969482422,174.0,1933922.0
2025-04-07,AI.PA,160.60000610351562,160.60000610351562,169.32000732421875,160.22000122070312,166.02000427246094,2510951.0
2025-04-08,AI.PA,166.02000427246094,166.02000427246094,167.24000549316406,161.72000122070312,163.1999969482422,1436404.0
2025-04-09,AI.PA,160.72000122070312,160.72000122070312,164.17999267578125,159.05999755859375,162.82000732421875,1343973.0
2025-04-10,AI.PA,167.0,167.0,171.3800048828125,167.0,170.0,1454458.0
2025-04-11,AI.PA,168.33999633789062,168.33999633789062,169.27999877929688,164.66000366210938,168.0,988773.0
2025-04-14,AI.PA,170.60000610351562,170.60000610351562,171.4600067138672,169.63999938964844,171.0800018310547,730358.0
2025-04-15,AI.PA,174.25999450683594,174.25999450683594,174.6999969482422,170.67999267578125,171.0,698457.0
2025-04-16,AI.PA,174.67999267578125,174.67999267578125,175.0,173.3800048828125,174.25999450683594,702346.0
2025-04-17,AI.PA,173.17999267578125,173.17999267578125,175.25999450683594,172.77999877929688,174.8800048828125,701724.0
2025-04-22,AI.PA,174.8800048828125,174.8800048828125,175.36000061035156,173.0800018310547,174.0,714581.0
2025-04-23,AI.PA,174.6999969482422,174.6999969482422,176.63999938964844,173.17999267578125,176.6199951171875,880212.0
2025-04-24,AI.PA,178.5800018310547,178.5800018310547,179.47999572753906,174.1999969482422,174.75999450683594,674312.0
2025-04-25,AI.PA,178.44000244140625,178.44000244140625,179.74000549316406,178.02000427246094,178.8000030517578,687114.0
2023-04-28,AIR.PA,124.8197021484375,127.13999938964844,127.13999938964844,124.58000183105467,125.94000244140624,986108.0
2023-05-02,AIR.PA,123.07218933105467,125.36000061035156,127.3000030517578,124.86000061035156,126.9000015258789,1376322.0
2023-05-03,AIR.PA,122.12971496582033,124.4000015258789,126.33999633789062,123.0,123.8000030517578,1103039.0
2023-05-04,AIR.PA,119.87167358398438,122.0999984741211,124.8000030517578,120.41999816894533,123.0,1824927.0
2023-05-05,AIR.PA,119.9698486328125,122.1999969482422,122.81999969482422,120.4000015258789,122.33999633789062,1284525.0
2023-05-08,AIR.PA,119.04701232910156,121.26000213623048,122.55999755859376,120.95999908447266,122.5,551348.0
2023-05-09,AIR.PA,119.40044403076172,121.62000274658205,121.62000274658205,120.0999984741211,120.9800033569336,850192.0
2023-05-10,AIR.PA,119.47897338867188,121.6999969482422,122.9000015258789,121.5999984741211,121.66000366210938,891397.0
2023-05-11,AIR.PA,119.1059112548828,121.31999969482422,123.23999786376952,120.08000183105467,122.04000091552734,712305.0
2023-05-12,AIR.PA,120.55890655517578,122.8000030517578,122.8000030517578,121.5999984741211,121.63999938964844,672173.0
2023-05-15,AIR.PA,120.81415557861328,123.05999755859376,123.41999816894533,122.4000015258789,123.18000030517578,463381.0
2023-05-16,AIR.PA,123.93612670898438,126.23999786376952,126.76000213623048,123.05999755859376,123.18000030517578,1114225.0
2023-05-17,AIR.PA,125.86035919189452,128.1999969482422,129.74000549316406,125.86000061035156,126.0,1100971.0
2023-05-18,AIR.PA,126.44940948486328,128.8000030517578,131.22000122070312,128.24000549316406,129.5399932861328,720100.0
2023-05-19,AIR.PA,126.88138580322266,129.24000549316406,130.0399932861328,128.82000732421875,129.3000030517578,847495.0
2023-05-22,AIR.PA,125.86035919189452,128.1999969482422,129.3800048828125,127.4800033569336,128.83999633789062,932453.0
2023-05-23,AIR.PA,123.97539520263672,126.27999877929688,128.0399932861328,125.91999816894533,127.4800033569336,822742.0
2023-05-24,AIR.PA,121.54065704345705,123.8000030517578,124.72000122070312,123.22000122070312,124.68000030517578,856506.0
2023-05-25,AIR.PA,122.26715850830078,124.54000091552734,125.37999725341795,123.66000366210938,124.5199966430664,766545.0
2023-05-26,AIR.PA,123.3863525390625,125.68000030517578,125.77999877929688,123.4000015258789,125.36000061035156,811069.0
2023-05-29,AIR.PA,122.99365234375,125.27999877929688,126.37999725341795,124.91999816894533,126.0,376194.0
2023-05-30,AIR.PA,122.16898345947266,124.44000244140624,125.37999725341795,123.58000183105467,124.95999908447266,716239.0
2023-05-31,AIR.PA,120.30364990234376,122.54000091552734,124.95999908447266,122.45999908447266,123.1999969482422,1592919.0
2023-06-01,AIR.PA,123.64160919189452,125.94000244140624,126.22000122070312,123.91999816894533,124.1999969482422,843556.0
2023-06-02,AIR.PA,126.03707885742188,128.3800048828125,128.3800048828125,125.81999969482422,127.26000213623048,797789.0
2023-06-05,AIR.PA,124.4073715209961,126.72000122070312,130.05999755859375,126.05999755859376,129.4199981689453,829586.0
2023-06-06,AIR.PA,125.1142349243164,127.44000244140624,127.62000274658205,126.0,126.9000015258789,492369.0
2023-06-07,AIR.PA,124.13248443603516,126.44000244140624,127.62000274658205,125.8000030517578,127.44000244140624,667437.0
2023-06-08,AIR.PA,124.23065185546876,126.54000091552734,127.0,125.36000061035156,126.58000183105467,563351.0
2023-06-09,AIR.PA,126.07633972167967,128.4199981689453,128.97999572753906,126.0999984741211,126.0999984741211,851317.0
2023-06-12,AIR.PA,127.0777359008789,129.44000244140625,130.4199981689453,128.67999267578125,129.32000732421875,695111.0
2023-06-13,AIR.PA,127.6667709350586,130.0399932861328,130.77999877929688,129.0399932861328,130.77999877929688,976831.0
2023-06-14,AIR.PA,127.1562728881836,129.52000427246094,129.9600067138672,129.17999267578125,129.5399932861328,719672.0
2023-06-15,AIR.PA,127.52932739257812,129.89999389648438,130.4199981689453,129.47999572753906,129.67999267578125,803285.0
2023-06-16,AIR.PA,128.7859649658203,131.17999267578125,132.33999633789062,129.66000366210938,130.16000366210938,3299568.0
2023-06-19,AIR.PA,129.0804901123047,131.47999572753906,133.97999572753906,131.44000244140625,132.33999633789062,951791.0
2023-06-20,AIR.PA,129.6106414794922,132.02000427246094,132.66000366210938,130.72000122070312,131.4600067138672,966241.0
2023-06-21,AIR.PA,127.41152954101562,129.77999877929688,133.1999969482422,129.4199981689453,132.27999877929688,928969.0
2023-06-22,AIR.PA,125.31057739257812,127.63999938964844,129.5,126.9000015258789,129.3000030517578,894149.0
2023-06-23,AIR.PA,124.427001953125,126.73999786376952,127.63999938964844,125.86000061035156,127.1999969482422,869812.0
2023-06-26,AIR.PA,125.33021545410156,127.66000366210938,128.1999969482422,125.0,126.95999908447266,780915.0
2023-06-27,AIR.PA,126.56721496582033,128.9199981689453,128.9199981689453,127.12000274658205,128.22000122070312,750877.0
2023-06-28,AIR.PA,128.07911682128906,130.4600067138672,130.74000549316406,129.75999450683594,130.3000030517578,792919.0
2023-06-29,AIR.PA,128.2754669189453,130.66000366210938,131.24000549316406,129.94000244140625,130.55999755859375,502642.0
2023-06-30,AIR.PA,129.94442749023438,132.36000061035156,132.77999877929688,130.4199981689453,131.16000366210938,1180364.0
2023-07-03,AIR.PA,130.19969177246094,132.6199951171875,133.8000030517578,131.67999267578125,132.8000030517578,618059.0
2023-07-04,AIR.PA,128.9234161376953,131.32000732421875,132.97999572753906,130.9600067138672,132.60000610351562,381847.0
2023-07-05,AIR.PA,130.49420166015625,132.9199981689453,133.39999389648438,130.97999572753906,131.1999969482422,1082290.0
2023-07-06,AIR.PA,127.11699676513672,129.47999572753906,132.6199951171875,129.16000366210938,132.5800018310547,1279842.0
2023-07-07,AIR.PA,128.7074432373047,131.10000610351562,131.86000061035156,129.32000732421875,130.0,762810.0
2023-07-10,AIR.PA,129.63026428222656,132.0399932861328,132.25999450683594,130.44000244140625,130.75999450683594,537935.0
2023-07-11,AIR.PA,129.82662963867188,132.24000549316406,132.9600067138672,131.0,132.39999389648438,478959.0
2023-07-12,AIR.PA,131.0243682861328,133.4600067138672,133.4600067138672,131.82000732421875,132.67999267578125,884804.0
2023-07-13,AIR.PA,132.14356994628906,134.60000610351562,135.4199981689453,133.36000061035156,134.0,994209.0
2023-07-14,AIR.PA,130.59239196777344,133.02000427246094,134.6999969482422,133.02000427246094,134.13999938964844,578126.0
2023-07-17,AIR.PA,131.08326721191406,133.52000427246094,134.10000610351562,132.17999267578125,132.72000122070312,439349.0
2023-07-18,AIR.PA,131.59378051757812,134.0399932861328,134.44000244140625,133.44000244140625,133.94000244140625,421988.0
2023-07-19,AIR.PA,131.90794372558594,134.36000061035156,135.39999389648438,133.9199981689453,134.05999755859375,582038.0
2023-07-20,AIR.PA,132.14356994628906,134.60000610351562,134.60000610351562,132.89999389648438,134.10000610351562,936229.0
2023-07-21,AIR.PA,132.04537963867188,134.5,135.4199981689453,133.39999389648438,134.97999572753906,1173382.0
2023-07-24,AIR.PA,133.87144470214844,136.36000061035156,136.44000244140625,133.1199951171875,134.02000427246094,697345.0
2023-07-25,AIR.PA,130.59239196777344,133.02000427246094,138.75999450683594,131.39999389648438,136.25999450683594,1613325.0
2023-07-26,AIR.PA,130.7494659423828,133.17999267578125,133.1999969482422,129.5800018310547,133.02000427246094,1217713.0
2023-07-27,AIR.PA,128.6092529296875,131.0,131.89999389648438,128.89999389648438,131.5,1830283.0
2023-07-28,AIR.PA,130.98509216308594,133.4199981689453,134.63999938964844,130.5,130.86000061035156,1153596.0
2023-07-31,AIR.PA,131.5348663330078,133.97999572753906,134.39999389648438,133.0399932861328,133.5800018310547,905692.0
2023-08-01,AIR.PA,129.3946533203125,131.8000030517578,134.5800018310547,131.75999450683594,134.1999969482422,1087533.0
2023-08-02,AIR.PA,129.35537719726562,131.75999450683594,133.13999938964844,130.5800018310547,131.10000610351562,1075303.0
2023-08-03,AIR.PA,128.0398406982422,130.4199981689453,131.17999267578125,129.0399932861328,130.67999267578125,1153460.0
2023-08-04,AIR.PA,128.41290283203125,130.8000030517578,131.6999969482422,130.0399932861328,131.16000366210938,882424.0
2023-08-07,AIR.PA,128.72705078125,131.1199951171875,131.5,129.97999572753906,130.82000732421875,594254.0
2023-08-08,AIR.PA,128.11837768554688,130.5,131.17999267578125,129.0399932861328,130.52000427246094,823897.0
2023-08-09,AIR.PA,129.27684020996094,131.67999267578125,132.75999450683594,131.27999877929688,131.66000366210938,648110.0
2023-08-10,AIR.PA,129.63026428222656,132.0399932861328,132.77999877929688,130.9600067138672,132.1999969482422,1078710.0
2023-08-11,AIR.PA,128.35400390625,130.74000549316406,132.10000610351562,130.55999755859375,131.9600067138672,747868.0
2023-08-14,AIR.PA,128.2558135986328,130.63999938964844,131.0800018310547,129.63999938964844,130.55999755859375,442983.0
2023-08-15,AIR.PA,126.58685302734376,128.94000244140625,130.74000549316406,128.52000427246094,130.72000122070312,585685.0
2023-08-16,AIR.PA,126.3315887451172,128.67999267578125,129.5399932861328,128.13999938964844,128.32000732421875,445722.0
2023-08-17,AIR.PA,125.25167846679688,127.58000183105467,128.83999633789062,126.95999908447266,128.0,489903.0
2023-08-18,AIR.PA,124.38773345947266,126.6999969482422,127.1999969482422,125.26000213623048,127.0,717897.0
2023-08-21,AIR.PA,125.78181457519533,128.1199951171875,128.52000427246094,126.8000030517578,126.9000015258789,723824.0
2023-08-22,AIR.PA,126.58685302734376,128.94000244140625,129.8800048828125,128.3000030517578,128.44000244140625,569900.0
2023-08-23,AIR.PA,127.64714050292967,130.02000427246094,130.24000549316406,129.02000427246094,129.17999267578125,544424.0
2023-08-24,AIR.PA,126.95992279052734,129.32000732421875,131.9199981689453,129.3000030517578,130.5399932861328,566409.0
2023-08-25,AIR.PA,127.50969696044922,129.8800048828125,130.94000244140625,128.17999267578125,128.5800018310547,657395.0
2023-08-28,AIR.PA,129.82662963867188,132.24000549316406,132.24000549316406,130.4199981689453,131.0,657688.0
2023-08-29,AIR.PA,130.14077758789062,132.55999755859375,132.72000122070312,131.33999633789062,132.5,727895.0
2023-08-30,AIR.PA,131.39743041992188,133.83999633789062,134.22000122070312,131.60000610351562,132.89999389648438,590311.0
2023-08-31,AIR.PA,132.90933227539062,135.3800048828125,136.17999267578125,134.13999938964844,134.25999450683594,1310388.0
2023-09-01,AIR.PA,131.4170684814453,133.86000061035156,135.60000610351562,133.74000549316406,135.0,704339.0
2023-09-04,AIR.PA,131.73121643066406,134.17999267578125,135.5399932861328,133.82000732421875,134.02000427246094,356266.0
2023-09-05,AIR.PA,131.65269470214844,134.10000610351562,134.82000732421875,132.52000427246094,133.5399932861328,536320.0
2023-09-06,AIR.PA,131.49560546875,133.94000244140625,134.86000061035156,132.72000122070312,133.24000549316406,627236.0
2023-09-07,AIR.PA,133.9303436279297,136.4199981689453,137.1999969482422,133.52000427246094,133.8000030517578,869871.0
2023-09-08,AIR.PA,132.96823120117188,135.44000244140625,136.6199951171875,133.6999969482422,136.47999572753906,839474.0
2023-09-11,AIR.PA,131.22071838378906,133.66000366210938,136.0,132.4600067138672,135.97999572753906,1391017.0
2023-09-12,AIR.PA,128.09873962402344,130.47999572753906,133.83999633789062,130.0,133.72000122070312,1333446.0
2023-09-13,AIR.PA,128.1380157470703,130.52000427246094,131.1199951171875,128.86000061035156,130.44000244140625,842987.0
2023-09-14,AIR.PA,128.0201873779297,130.39999389648438,130.67999267578125,129.0800018310547,130.0,1174269.0
2023-09-15,AIR.PA,128.9234161376953,131.32000732421875,132.3000030517578,130.52000427246094,131.3000030517578,1987024.0
2023-09-18,AIR.PA,127.6667709350586,130.0399932861328,131.5,129.74000549316406,131.39999389648438,537506.0
2023-09-19,AIR.PA,126.92064666748048,129.27999877929688,130.32000732421875,129.05999755859375,129.44000244140625,553728.0
2023-09-20,AIR.PA,127.2740707397461,129.63999938964844,130.39999389648438,128.83999633789062,129.47999572753906,637125.0
2023-09-21,AIR.PA,123.22926330566406,125.5199966430664,128.55999755859375,125.5199966430664,128.27999877929688,1341077.0
2023-09-22,AIR.PA,121.6191864013672,123.87999725341795,125.1999969482422,123.62000274658205,124.68000030517578,1211999.0
2023-09-25,AIR.PA,120.71598052978516,122.95999908447266,124.68000030517578,122.16000366210938,123.8000030517578,1130558.0
2023-09-26,AIR.PA,121.32466888427734,123.58000183105467,124.95999908447266,121.05999755859376,122.76000213623048,1064435.0
2023-09-27,AIR.PA,121.73699951171876,124.0,124.16000366210938,122.87999725341795,123.5199966430664,828813.0
2023-09-28,AIR.PA,124.427001953125,126.73999786376952,126.81999969482422,123.94000244140624,124.1999969482422,1028866.0
2023-09-29,AIR.PA,124.66262817382812,126.9800033569336,128.27999877929688,125.9000015258789,126.4000015258789,1177842.0
2023-10-02,AIR.PA,123.26853942871094,125.55999755859376,128.4600067138672,125.4800033569336,127.9800033569336,769422.0
2023-10-03,AIR.PA,122.0511703491211,124.31999969482422,125.6999969482422,123.95999908447266,124.5999984741211,834710.0
2023-10-04,AIR.PA,121.285400390625,123.54000091552734,124.9000015258789,123.26000213623048,123.94000244140624,647672.0
2023-10-05,AIR.PA,121.26576232910156,123.5199966430664,124.26000213623048,122.95999908447266,124.16000366210938,589204.0
2023-10-06,AIR.PA,122.01190185546876,124.27999877929688,124.33999633789062,122.36000061035156,123.5999984741211,766260.0
2023-10-09,AIR.PA,120.83379364013672,123.08000183105467,124.27999877929688,122.54000091552734,123.9800033569336,830382.0
2023-10-10,AIR.PA,123.30780792236328,125.5999984741211,125.73999786376952,123.63999938964844,123.9000015258789,1003082.0
2023-10-11,AIR.PA,124.0146713256836,126.31999969482422,126.44000244140624,124.68000030517578,125.91999816894533,932524.0
2023-10-12,AIR.PA,123.4648895263672,125.76000213623048,128.10000610351562,125.72000122070312,127.83999633789062,899820.0
2023-10-13,AIR.PA,119.7342300415039,121.95999908447266,126.0999984741211,121.81999969482422,125.86000061035156,1005491.0
2023-10-16,AIR.PA,120.69635009765624,122.94000244140624,123.58000183105467,121.0199966430664,121.83999633789062,758317.0
2023-10-17,AIR.PA,124.9767837524414,127.3000030517578,127.4000015258789,124.26000213623048,124.31999969482422,1027384.0
2023-10-18,AIR.PA,122.4438705444336,124.72000122070312,126.77999877929688,124.58000183105467,126.33999633789062,815763.0
2023-10-19,AIR.PA,121.63883209228516,123.9000015258789,124.13999938964844,122.4000015258789,123.5199966430664,959153.0
2023-10-20,AIR.PA,119.04701232910156,121.26000213623048,122.77999877929688,121.26000213623048,122.72000122070312,851264.0
2023-10-23,AIR.PA,120.2643814086914,122.5,122.5199966430664,120.27999877929688,121.76000213623048,669839.0
2023-10-24,AIR.PA,122.87584686279295,125.16000366210938,127.27999877929688,122.4000015258789,122.9000015258789,1206138.0
2023-10-25,AIR.PA,122.7580337524414,125.04000091552734,125.54000091552734,123.55999755859376,124.27999877929688,793698.0
2023-10-26,AIR.PA,124.13248443603516,126.44000244140624,126.86000061035156,124.16000366210938,124.6999969482422,868191.0
2023-10-27,AIR.PA,122.6794891357422,124.95999908447266,127.87999725341795,124.22000122070312,127.83999633789062,837215.0
2023-10-30,AIR.PA,123.89685821533205,126.1999969482422,126.66000366210938,125.26000213623048,125.4000015258789,644996.0
2023-10-31,AIR.PA,123.97539520263672,126.27999877929688,126.9800033569336,124.8000030517578,126.9800033569336,728586.0
2023-11-01,AIR.PA,125.60511016845705,127.94000244140624,128.36000061035156,125.95999908447266,126.6999969482422,696140.0
2023-11-02,AIR.PA,126.70465850830078,129.05999755859375,129.86000061035156,128.3000030517578,128.8000030517578,759922.0
2023-11-03,AIR.PA,126.70465850830078,129.05999755859375,129.89999389648438,127.81999969482422,128.86000061035156,834704.0
2023-11-06,AIR.PA,126.07633972167967,128.4199981689453,129.63999938964844,128.25999450683594,128.9199981689453,723961.0
2023-11-07,AIR.PA,126.84210205078124,129.1999969482422,129.3800048828125,127.73999786376952,128.3000030517578,681792.0
2023-11-08,AIR.PA,128.00057983398438,130.3800048828125,130.67999267578125,128.4199981689453,129.0800018310547,986440.0
2023-11-09,AIR.PA,125.5265655517578,127.86000061035156,129.33999633789062,126.05999755859376,129.1199951171875,1292803.0
2023-11-10,AIR.PA,126.13524627685548,128.47999572753906,128.82000732421875,126.76000213623048,128.25999450683594,969359.0
2023-11-13,AIR.PA,127.8631362915039,130.24000549316406,130.8800048828125,128.82000732421875,128.9199981689453,943879.0
2023-11-14,AIR.PA,129.23756408691406,131.63999938964844,132.32000732421875,129.0800018310547,129.52000427246094,1071612.0
2023-11-15,AIR.PA,128.80560302734375,131.1999969482422,132.10000610351562,130.82000732421875,131.5,850250.0
2023-11-16,AIR.PA,129.0608673095703,131.4600067138672,132.3000030517578,131.0,131.9600067138672,762024.0
2023-11-17,AIR.PA,129.84625244140625,132.25999450683594,132.3000030517578,130.8000030517578,131.8000030517578,1069193.0
2023-11-20,AIR.PA,130.6120147705078,133.0399932861328,133.9600067138672,132.4600067138672,132.6999969482422,821385.0
2023-11-21,AIR.PA,131.3188934326172,133.75999450683594,133.94000244140625,132.39999389648438,132.9600067138672,703963.0
2023-11-22,AIR.PA,131.5545196533203,134.0,134.10000610351562,132.66000366210938,133.8800048828125,743890.0
2023-11-23,AIR.PA,132.12391662597656,134.5800018310547,135.63999938964844,133.63999938964844,133.9600067138672,695308.0
2023-11-24,AIR.PA,132.2024688720703,134.66000366210938,135.5399932861328,134.6199951171875,134.6999969482422,713509.0
2023-11-27,AIR.PA,131.16180419921875,133.60000610351562,134.9199981689453,133.60000610351562,134.75999450683594,725870.0
2023-11-28,AIR.PA,132.1042938232422,134.55999755859375,134.9199981689453,133.4199981689453,133.66000366210938,895788.0
2023-11-29,AIR.PA,133.08604431152344,135.55999755859375,136.77999877929688,134.32000732421875,134.47999572753906,914186.0
2023-11-30,AIR.PA,133.71435546875,136.1999969482422,136.4199981689453,134.89999389648438,135.8000030517578,1604084.0
2023-12-01,AIR.PA,135.56005859375,138.0800018310547,138.3000030517578,136.9199981689453,137.1199951171875,1030736.0
2023-12-04,AIR.PA,134.51939392089844,137.02000427246094,138.6199951171875,137.02000427246094,137.89999389648438,816260.0
2023-12-05,AIR.PA,134.0677947998047,136.55999755859375,137.0,135.24000549316406,136.5,1169855.0
2023-12-06,AIR.PA,135.77603149414062,138.3000030517578,139.27999877929688,136.02000427246094,136.74000549316406,1020974.0
2023-12-07,AIR.PA,135.83494567871094,138.36000061035156,138.6199951171875,137.5800018310547,138.0,745169.0
2023-12-08,AIR.PA,139.23179626464844,141.82000732421875,142.02000427246094,139.27999877929688,139.67999267578125,1014223.0
2023-12-11,AIR.PA,139.70303344726562,142.3000030517578,142.97999572753906,141.9199981689453,142.0399932861328,1087430.0
2023-12-12,AIR.PA,140.0760955810547,142.67999267578125,142.8000030517578,140.1999969482422,141.9199981689453,1127503.0
2023-12-13,AIR.PA,139.70303344726562,142.3000030517578,143.44000244140625,142.3000030517578,143.0,801877.0
2023-12-14,AIR.PA,137.50390625,140.05999755859375,143.97999572753906,139.55999755859375,142.8000030517578,1920121.0
2023-12-15,AIR.PA,136.97377014160156,139.52000427246094,141.63999938964844,138.8000030517578,140.5399932861328,2828355.0
2023-12-18,AIR.PA,136.6399688720703,139.17999267578125,139.5399932861328,138.60000610351562,139.32000732421875,950588.0
2023-12-19,AIR.PA,137.32720947265625,139.8800048828125,140.10000610351562,138.97999572753906,139.27999877929688,908313.0
2023-12-20,AIR.PA,135.36370849609375,137.8800048828125,140.16000366210938,137.66000366210938,140.0800018310547,948657.0
2023-12-21,AIR.PA,135.99203491210938,138.52000427246094,138.83999633789062,136.8000030517578,137.0,914681.0
2023-12-22,AIR.PA,136.89523315429688,139.44000244140625,140.16000366210938,138.33999633789062,138.72000122070312,550002.0
2023-12-27,AIR.PA,136.87559509277344,139.4199981689453,140.02000427246094,139.02000427246094,139.75999450683594,489581.0
2023-12-28,AIR.PA,137.13084411621094,139.67999267578125,140.17999267578125,139.4600067138672,139.83999633789062,502781.0
2023-12-29,AIR.PA,137.22901916503906,139.77999877929688,140.4199981689453,139.4600067138672,139.4600067138672,437768.0
2024-01-02,AIR.PA,138.70164489746094,141.27999877929688,142.39999389648438,140.1199951171875,140.3800048828125,832401.0
2024-01-03,AIR.PA,134.65684509277344,137.16000366210938,140.9199981689453,136.6199951171875,140.47999572753906,873134.0
2024-01-04,AIR.PA,136.83631896972656,139.3800048828125,139.72000122070312,137.5,137.5800018310547,815848.0
2024-01-05,AIR.PA,137.15048217773438,139.6999969482422,140.16000366210938,138.13999938964844,138.25999450683594,585324.0
2024-01-08,AIR.PA,140.58660888671875,143.1999969482422,143.5800018310547,140.66000366210938,141.5,747456.0
2024-01-09,AIR.PA,140.50807189941406,143.1199951171875,144.77999877929688,142.44000244140625,144.75999450683594,673117.0
2024-01-10,AIR.PA,141.41127014160156,144.0399932861328,144.63999938964844,142.83999633789062,142.97999572753906,468643.0
2024-01-11,AIR.PA,141.25421142578125,143.8800048828125,145.22000122070312,143.66000366210938,144.72000122070312,651259.0
2024-01-12,AIR.PA,146.47711181640625,149.1999969482422,149.1999969482422,145.6199951171875,145.8000030517578,1485150.0
2024-01-15,AIR.PA,145.31863403320312,148.02000427246094,148.83999633789062,147.97999572753906,148.5800018310547,642180.0
2024-01-16,AIR.PA,144.9652099609375,147.66000366210938,148.5800018310547,146.6999969482422,147.60000610351562,701781.0
2024-01-17,AIR.PA,144.3565216064453,147.0399932861328,147.3800048828125,145.94000244140625,146.39999389648438,737603.0
2024-01-18,AIR.PA,147.30177307128906,150.0399932861328,150.24000549316406,147.0,147.25999450683594,829239.0
2024-01-19,AIR.PA,146.12367248535156,148.83999633789062,150.47999572753906,148.16000366210938,150.0,763117.0
2024-01-22,AIR.PA,147.30177307128906,150.0399932861328,150.6199951171875,149.33999633789062,149.97999572753906,671727.0
2024-01-23,AIR.PA,145.29901123046875,148.0,150.83999633789062,147.1999969482422,150.5,1031495.0
2024-01-24,AIR.PA,144.06199645996094,146.74000549316406,148.27999877929688,144.72000122070312,148.0399932861328,1061225.0
2024-01-25,AIR.PA,145.77024841308594,148.47999572753906,149.02000427246094,147.1199951171875,148.0399932861328,605445.0
2024-01-26,AIR.PA,146.55564880371094,149.27999877929688,149.39999389648438,148.24000549316406,148.55999755859375,796083.0
2024-01-29,AIR.PA,146.3592987060547,149.0800018310547,150.13999938964844,148.83999633789062,149.60000610351562,621659.0
2024-01-30,AIR.PA,147.12506103515625,149.86000061035156,151.39999389648438,149.4199981689453,150.0,504504.0
2024-01-31,AIR.PA,145.1026611328125,147.8000030517578,150.13999938964844,147.44000244140625,150.0,966380.0
2024-02-01,AIR.PA,144.7099609375,147.39999389648438,147.94000244140625,146.89999389648438,147.22000122070312,620148.0
2024-02-02,AIR.PA,146.57528686523438,149.3000030517578,149.66000366210938,148.0,148.4199981689453,690848.0
2024-02-05,AIR.PA,146.33966064453125,149.05999755859375,149.9199981689453,148.44000244140625,149.13999938964844,590174.0
2024-02-06,AIR.PA,148.9707489013672,151.74000549316406,152.1999969482422,149.83999633789062,149.83999633789062,595116.0
2024-02-07,AIR.PA,147.93008422851562,150.67999267578125,152.82000732421875,150.67999267578125,152.3000030517578,539351.0
2024-02-08,AIR.PA,148.5780487060547,151.33999633789062,151.97999572753906,150.0,151.4600067138672,599243.0
2024-02-09,AIR.PA,147.7730255126953,150.52000427246094,152.17999267578125,146.89999389648438,151.67999267578125,1188882.0
2024-02-12,AIR.PA,147.22325134277344,149.9600067138672,150.8000030517578,148.5,150.5,603914.0
2024-02-13,AIR.PA,146.1825714111328,148.89999389648438,149.4199981689453,147.1999969482422,149.16000366210938,762626.0
2024-02-14,AIR.PA,147.5177459716797,150.25999450683594,152.13999938964844,148.6999969482422,148.9199981689453,737958.0
2024-02-15,AIR.PA,146.1825714111328,148.89999389648438,151.05999755859375,146.4199981689453,146.89999389648438,1571189.0
2024-02-16,AIR.PA,143.66929626464844,146.33999633789062,149.1199951171875,144.97999572753906,148.67999267578125,1571303.0
2024-02-19,AIR.PA,141.66653442382812,144.3000030517578,146.22000122070312,143.8800048828125,145.52000427246094,745823.0
2024-02-20,AIR.PA,142.3144989013672,144.9600067138672,145.5,143.67999267578125,143.8800048828125,958711.0
2024-02-21,AIR.PA,143.19805908203125,145.86000061035156,145.8800048828125,144.74000549316406,145.8800048828125,773132.0
2024-02-22,AIR.PA,144.59214782714844,147.27999877929688,147.8800048828125,145.82000732421875,146.6199951171875,1003076.0
2024-02-23,AIR.PA,145.25975036621094,147.9600067138672,148.3000030517578,146.5,147.4600067138672,770288.0
2024-02-26,AIR.PA,144.6510467529297,147.33999633789062,148.1999969482422,147.13999938964844,147.4199981689453,637444.0
2024-02-27,AIR.PA,145.29901123046875,148.0,148.86000061035156,147.32000732421875,147.77999877929688,694053.0
2024-02-28,AIR.PA,150.91461181640625,153.72000122070312,153.75999450683594,148.16000366210938,148.5,1324901.0
2024-02-29,AIR.PA,150.14886474609375,152.94000244140625,154.0800018310547,152.13999938964844,153.39999389648438,1661200.0
2024-03-01,AIR.PA,149.8543243408203,152.63999938964844,154.1199951171875,152.24000549316406,154.0,726414.0
2024-03-04,AIR.PA,152.52468872070312,155.36000061035156,155.86000061035156,152.3000030517578,152.52000427246094,762008.0
2024-03-05,AIR.PA,154.7041778564453,157.5800018310547,157.94000244140625,155.97999572753906,156.0,783685.0
2024-03-06,AIR.PA,155.3521270751953,158.24000549316406,159.32000732421875,156.66000366210938,158.89999389648438,721324.0
2024-03-07,AIR.PA,155.45030212402344,158.33999633789062,158.66000366210938,156.74000549316406,157.67999267578125,866530.0
2024-03-08,AIR.PA,155.1754150390625,158.05999755859375,158.25999450683594,156.39999389648438,157.94000244140625,642004.0
2024-03-11,AIR.PA,153.93841552734375,156.8000030517578,158.33999633789062,156.52000427246094,157.77999877929688,590487.0
2024-03-12,AIR.PA,155.1165008544922,158.0,158.1199951171875,155.3800048828125,157.24000549316406,741099.0
2024-03-13,AIR.PA,156.37313842773438,159.27999877929688,159.8800048828125,157.75999450683594,158.3800048828125,794822.0
2024-03-14,AIR.PA,157.43344116210938,160.36000061035156,161.89999389648438,160.0,160.0,785867.0
2024-03-15,AIR.PA,159.7896270751953,162.75999450683594,163.4600067138672,160.44000244140625,160.75999450683594,1954259.0
2024-03-18,AIR.PA,160.24124145507812,163.22000122070312,164.16000366210938,162.25999450683594,162.3000030517578,717220.0
2024-03-19,AIR.PA,163.147216796875,166.17999267578125,167.39999389648438,164.9199981689453,165.0,1160132.0
2024-03-20,AIR.PA,164.992919921875,168.05999755859375,168.55999755859375,165.82000732421875,166.13999938964844,778673.0
2024-03-21,AIR.PA,166.2102813720703,169.3000030517578,170.32000732421875,168.10000610351562,170.0,860478.0
2024-03-22,AIR.PA,166.79933166503906,169.89999389648438,170.8800048828125,169.33999633789062,169.86000061035156,820072.0
2024-03-25,AIR.PA,167.0153045654297,170.1199951171875,170.6199951171875,169.47999572753906,169.94000244140625,794259.0
2024-03-26,AIR.PA,167.52581787109375,170.63999938964844,171.10000610351562,169.6199951171875,170.1199951171875,742568.0
2024-03-27,AIR.PA,168.4683074951172,171.60000610351562,172.77999877929688,170.8000030517578,171.10000610351562,842082.0
2024-03-28,AIR.PA,167.6043701171875,170.72000122070312,172.36000061035156,170.44000244140625,171.22000122070312,969451.0
2024-04-02,AIR.PA,164.1093292236328,167.16000366210938,171.10000610351562,166.44000244140625,170.52000427246094,1383719.0
2024-04-03,AIR.PA,164.992919921875,168.05999755859375,168.05999755859375,166.10000610351562,166.55999755859375,879615.0
2024-04-04,AIR.PA,164.89474487304688,167.9600067138672,169.05999755859375,167.52000427246094,168.0,556088.0
2024-04-05,AIR.PA,164.95364379882812,168.02000427246094,168.0399932861328,165.24000549316406,166.52000427246094,992965.0
2024-04-08,AIR.PA,167.42764282226562,170.5399932861328,171.22000122070312,168.3800048828125,168.3800048828125,704242.0
2024-04-09,AIR.PA,161.67459106445312,164.67999267578125,170.10000610351562,164.36000061035156,170.0,968152.0
2024-04-10,AIR.PA,161.22299194335938,164.22000122070312,165.13999938964844,162.6999969482422,164.6999969482422,860292.0
2024-04-11,AIR.PA,159.29876708984375,162.25999450683594,165.63999938964844,161.47999572753906,164.4199981689453,1329030.0
2024-04-12,AIR.PA,159.9270782470703,162.89999389648438,165.27999877929688,162.44000244140625,163.6999969482422,869468.0
2024-04-15,AIR.PA,160.6143035888672,163.60000610351562,165.44000244140625,162.8800048828125,164.17999267578125,747423.0
2024-04-16,AIR.PA,157.83482360839844,159.0,159.60000610351562,156.8800048828125,159.17999267578125,962480.0
2024-04-17,AIR.PA,158.7282257080078,159.89999389648438,161.55999755859375,158.5,158.86000061035156,686238.0
2024-04-18,AIR.PA,159.482666015625,160.66000366210938,161.60000610351562,158.89999389648438,161.22000122070312,779681.0
2024-04-19,AIR.PA,158.86720275878906,160.0399932861328,160.89999389648438,157.5800018310547,158.24000549316406,1027924.0
2024-04-22,AIR.PA,160.25694274902344,161.44000244140625,161.55999755859375,159.47999572753906,160.0800018310547,663910.0
2024-04-23,AIR.PA,161.52755737304688,162.72000122070312,163.02000427246094,160.63999938964844,161.39999389648438,777110.0
2024-04-24,AIR.PA,161.03123474121094,162.22000122070312,164.74000549316406,162.1999969482422,162.47999572753906,882510.0
2024-04-25,AIR.PA,157.3583526611328,158.52000427246094,162.05999755859375,156.97999572753906,162.0,1103569.0
2024-04-26,AIR.PA,155.90904235839844,157.05999755859375,158.3800048828125,153.72000122070312,158.0,1451375.0
2024-04-29,AIR.PA,154.75753784179688,155.89999389648438,157.89999389648438,154.10000610351562,157.5,931973.0
2024-04-30,AIR.PA,153.54647827148438,154.67999267578125,157.02000427246094,154.66000366210938,156.0800018310547,980418.0
2024-05-02,AIR.PA,152.4545440673828,153.5800018310547,154.55999755859375,153.13999938964844,154.52000427246094,1064174.0
2024-05-03,AIR.PA,153.20896911621094,154.33999633789062,155.52000427246094,153.4600067138672,154.1199951171875,698663.0
2024-05-06,AIR.PA,155.51197814941406,156.66000366210938,156.9199981689453,154.39999389648438,154.6199951171875,644331.0
2024-05-07,AIR.PA,157.6958465576172,158.86000061035156,159.0,157.0800018310547,157.9199981689453,1009859.0
2024-05-08,AIR.PA,160.33636474609375,161.52000427246094,162.82000732421875,159.5399932861328,159.75999450683594,996224.0
2024-05-09,AIR.PA,161.24961853027344,162.44000244140625,162.44000244140625,160.5399932861328,161.3000030517578,534533.0
2024-05-10,AIR.PA,158.66867065429688,159.83999633789062,163.36000061035156,159.77999877929688,162.8800048828125,1091006.0
2024-05-13,AIR.PA,156.8024444580078,157.9600067138672,159.89999389648438,156.72000122070312,159.5399932861328,800257.0
2024-05-14,AIR.PA,157.53701782226562,158.6999969482422,158.6999969482422,157.0399932861328,157.72000122070312,660035.0
2024-05-15,AIR.PA,158.82749938964844,160.0,160.27999877929688,158.9199981689453,159.52000427246094,596561.0
2024-05-16,AIR.PA,157.7951202392578,158.9600067138672,159.8800048828125,158.0,159.6999969482422,486353.0
2024-05-17,AIR.PA,157.7951202392578,158.9600067138672,159.36000061035156,157.83999633789062,158.1199951171875,650935.0
2024-05-20,AIR.PA,159.76060485839844,160.94000244140625,161.4199981689453,158.94000244140625,159.32000732421875,423939.0
2024-05-21,AIR.PA,160.1576690673828,161.33999633789062,161.8800048828125,159.17999267578125,161.24000549316406,586277.0
2024-05-22,AIR.PA,159.2245635986328,160.39999389648438,162.4600067138672,160.3800048828125,162.0,484633.0
2024-05-23,AIR.PA,160.09811401367188,161.27999877929688,161.86000061035156,159.94000244140625,160.5,659453.0
2024-05-24,AIR.PA,157.9539337158203,159.1199951171875,160.4199981689453,158.4199981689453,160.3000030517578,880872.0
2024-05-27,AIR.PA,158.2914581298828,159.4600067138672,159.4600067138672,158.24000549316406,159.0,449470.0
2024-05-28,AIR.PA,157.2987823486328,158.4600067138672,160.5,157.74000549316406,159.6999969482422,541144.0
2024-05-29,AIR.PA,155.5913848876953,156.74000549316406,158.1199951171875,156.3000030517578,157.83999633789062,699281.0
2024-05-30,AIR.PA,157.93409729003906,159.10000610351562,160.05999755859375,156.0,156.13999938964844,720517.0
2024-05-31,AIR.PA,154.75753784179688,155.89999389648438,159.74000549316406,154.4199981689453,159.33999633789062,1980687.0
2024-06-03,AIR.PA,154.1619415283203,155.3000030517578,157.74000549316406,154.6999969482422,157.17999267578125,824743.0
2024-06-04,AIR.PA,151.4817352294922,152.60000610351562,155.8000030517578,152.27999877929688,154.63999938964844,1307181.0
2024-06-05,AIR.PA,152.05746459960938,153.17999267578125,154.32000732421875,152.67999267578125,153.47999572753906,1013855.0
2024-06-06,AIR.PA,152.39498901367188,153.52000427246094,154.3800048828125,152.6199951171875,153.77999877929688,759232.0
2024-06-07,AIR.PA,148.90077209472656,150.0,153.13999938964844,148.74000549316406,153.0,1351369.0
2024-06-10,AIR.PA,148.36474609375,149.4600067138672,149.4600067138672,146.60000610351562,147.8800048828125,1097412.0
2024-06-11,AIR.PA,147.41177368164062,148.5,150.6199951171875,147.1199951171875,150.0,975649.0
2024-06-12,AIR.PA,148.26547241210938,149.36000061035156,149.9199981689453,148.13999938964844,149.3000030517578,768246.0
2024-06-13,AIR.PA,144.73155212402344,145.8000030517578,149.3000030517578,145.8000030517578,149.0,1381745.0
2024-06-14,AIR.PA,142.7660675048828,143.82000732421875,145.82000732421875,141.74000549316406,145.60000610351562,1550146.0
2024-06-17,AIR.PA,144.73155212402344,145.8000030517578,145.8000030517578,142.83999633789062,144.82000732421875,1150087.0
2024-06-18,AIR.PA,147.0345458984375,148.1199951171875,148.39999389648438,146.25999450683594,147.67999267578125,1115394.0
2024-06-19,AIR.PA,146.8558807373047,147.94000244140625,148.77999877929688,147.6199951171875,148.5,563567.0
2024-06-20,AIR.PA,147.66986083984375,148.75999450683594,148.9600067138672,147.74000549316406,148.32000732421875,825723.0
2024-06-21,AIR.PA,147.49118041992188,148.5800018310547,149.10000610351562,147.5399932861328,148.8800048828125,1930361.0
2024-06-24,AIR.PA,147.68971252441406,148.77999877929688,149.39999389648438,148.0,148.55999755859375,901064.0
2024-06-25,AIR.PA,133.7923126220703,134.77999877929688,136.83999633789062,129.9600067138672,135.0,8026551.0
2024-06-26,AIR.PA,130.02015686035156,130.97999572753906,137.3800048828125,129.10000610351562,135.13999938964844,3087889.0
2024-06-27,AIR.PA,129.68264770507812,130.63999938964844,132.47999572753906,129.8800048828125,132.0,1535124.0
2024-06-28,AIR.PA,127.32008361816406,128.25999450683594,130.6199951171875,127.54000091552734,130.6199951171875,2179598.0
2024-07-01,AIR.PA,130.67532348632812,131.63999938964844,132.6999969482422,130.39999389648438,131.33999633789062,1469971.0
2024-07-02,AIR.PA,130.91357421875,131.8800048828125,132.10000610351562,129.83999633789062,130.0,1263918.0
2024-07-03,AIR.PA,134.84454345703125,135.83999633789062,136.10000610351562,132.13999938964844,132.55999755859375,1542202.0
2024-07-04,AIR.PA,135.10264587402344,136.10000610351562,137.27999877929688,135.33999633789062,136.89999389648438,747860.0
2024-07-05,AIR.PA,135.28131103515625,136.27999877929688,138.13999938964844,136.16000366210938,137.0,932154.0
2024-07-08,AIR.PA,134.6857147216797,135.67999267578125,137.25999450683594,135.0,135.47999572753906,780603.0
2024-07-09,AIR.PA,130.8738555908203,131.83999633789062,135.60000610351562,131.83999633789062,135.5399932861328,1305788.0
2024-07-10,AIR.PA,132.3231658935547,133.3000030517578,134.25999450683594,131.02000427246094,131.8800048828125,781693.0
2024-07-11,AIR.PA,130.99298095703125,131.9600067138672,133.63999938964844,131.9600067138672,133.44000244140625,1040015.0
2024-07-12,AIR.PA,132.38272094726562,133.36000061035156,133.55999755859375,131.77999877929688,132.86000061035156,1256030.0
2024-07-15,AIR.PA,132.02536010742188,133.0,134.17999267578125,132.44000244140625,133.0,816752.0
2024-07-16,AIR.PA,132.02536010742188,133.0,133.32000732421875,131.9600067138672,132.86000061035156,724663.0
2024-07-17,AIR.PA,131.1121063232422,132.0800018310547,133.44000244140625,131.32000732421875,133.10000610351562,1252265.0
2024-07-18,AIR.PA,129.9208984375,130.8800048828125,133.39999389648438,130.8800048828125,133.0,1113222.0
2024-07-19,AIR.PA,130.8341522216797,131.8000030517578,132.75999450683594,130.8000030517578,131.4199981689453,1217957.0
2024-07-22,AIR.PA,131.5885772705078,132.55999755859375,133.36000061035156,131.5800018310547,132.36000061035156,668506.0
2024-07-23,AIR.PA,131.23121643066406,132.1999969482422,132.97999572753906,130.5800018310547,132.32000732421875,866254.0
2024-07-24,AIR.PA,129.6429443359375,130.60000610351562,132.22000122070312,130.33999633789062,131.44000244140625,1169633.0
2024-07-25,AIR.PA,128.0149688720703,128.9600067138672,129.55999755859375,126.66000366210938,129.55999755859375,1769178.0
2024-07-26,AIR.PA,129.94073486328125,130.89999389648438,130.9600067138672,128.33999633789062,128.8000030517578,1307519.0
2024-07-29,AIR.PA,129.26573181152344,130.22000122070312,132.5399932861328,129.6199951171875,131.77999877929688,980772.0
2024-07-30,AIR.PA,132.60110473632812,133.5800018310547,133.5800018310547,130.1199951171875,130.75999450683594,1000725.0
2024-07-31,AIR.PA,138.93435668945312,139.9600067138672,143.22000122070312,137.9199981689453,140.0,2747098.0
2024-08-01,AIR.PA,132.93861389160156,133.9199981689453,139.3800048828125,133.9199981689453,138.8800048828125,1328651.0
2024-08-02,AIR.PA,130.93341064453125,131.89999389648438,135.27999877929688,131.82000732421875,132.72000122070312,1337471.0
2024-08-05,AIR.PA,129.54367065429688,130.5,131.25999450683594,128.39999389648438,129.0399932861328,1661849.0
2024-08-06,AIR.PA,132.0650634765625,133.0399932861328,134.05999755859375,131.25999450683594,132.24000549316406,1599840.0
2024-08-07,AIR.PA,134.9835205078125,135.97999572753906,136.16000366210938,132.74000549316406,132.9199981689453,1331096.0
2024-08-08,AIR.PA,133.47467041015625,134.4600067138672,135.0399932861328,133.13999938964844,134.05999755859375,897446.0
2024-08-09,AIR.PA,133.37539672851562,134.36000061035156,135.89999389648438,133.86000061035156,134.63999938964844,568947.0
2024-08-12,AIR.PA,132.77978515625,133.75999450683594,135.25999450683594,133.36000061035156,134.74000549316406,521011.0
2024-08-13,AIR.PA,133.35552978515625,134.33999633789062,134.89999389648438,133.60000610351562,134.77999877929688,451388.0
2024-08-14,AIR.PA,133.67318725585938,134.66000366210938,135.3000030517578,134.16000366210938,135.3000030517578,545779.0
2024-08-15,AIR.PA,135.9166259765625,136.9199981689453,136.9199981689453,133.86000061035156,134.97999572753906,679925.0
2024-08-16,AIR.PA,136.6114959716797,137.6199951171875,137.6199951171875,136.3000030517578,137.4199981689453,787722.0
2024-08-19,AIR.PA,137.50491333007812,138.52000427246094,138.55999755859375,136.0399932861328,136.89999389648438,521201.0
2024-08-20,AIR.PA,137.46519470214844,138.47999572753906,139.4600067138672,138.47999572753906,139.0,838481.0
2024-08-21,AIR.PA,138.08065795898438,139.10000610351562,139.10000610351562,138.0399932861328,138.32000732421875,582196.0
2024-08-22,AIR.PA,137.86227416992188,138.8800048828125,139.9600067138672,138.6199951171875,139.3000030517578,479863.0
2024-08-23,AIR.PA,139.76820373535156,140.8000030517578,141.10000610351562,139.27999877929688,139.36000061035156,1044758.0
2024-08-26,AIR.PA,140.10569763183594,141.13999938964844,141.52000427246094,140.13999938964844,140.86000061035156,366350.0
2024-08-27,AIR.PA,139.8277587890625,140.86000061035156,142.02000427246094,140.8000030517578,141.3800048828125,676234.0
2024-08-28,AIR.PA,139.8277587890625,140.86000061035156,142.52000427246094,140.77999877929688,141.32000732421875,696436.0
2024-08-29,AIR.PA,139.5299530029297,140.55999755859375,142.0399932861328,140.36000061035156,140.97999572753906,759692.0
2024-08-30,AIR.PA,137.80271911621094,138.82000732421875,140.9600067138672,138.82000732421875,140.13999938964844,1306668.0
2024-09-02,AIR.PA,135.9166259765625,136.9199981689453,139.1199951171875,136.13999938964844,138.83999633789062,841412.0
2024-09-03,AIR.PA,133.55406188964844,134.5399932861328,137.67999267578125,134.05999755859375,136.8000030517578,1125541.0
2024-09-04,AIR.PA,132.60110473632812,133.5800018310547,134.32000732421875,132.02000427246094,132.0800018310547,1069060.0
2024-09-05,AIR.PA,130.77459716796875,131.74000549316406,133.1999969482422,130.94000244140625,132.82000732421875,1107690.0
2024-09-06,AIR.PA,127.39949798583984,128.33999633789062,132.27999877929688,128.33999633789062,131.22000122070312,1524619.0
2024-09-09,AIR.PA,128.80909729003906,129.75999450683594,130.63999938964844,128.55999755859375,129.22000122070312,1029445.0
2024-09-10,AIR.PA,129.48411560058594,130.44000244140625,131.32000732421875,129.32000732421875,129.6999969482422,948445.0
2024-09-11,AIR.PA,129.26573181152344,130.22000122070312,131.24000549316406,128.82000732421875,130.55999755859375,1099145.0
2024-09-12,AIR.PA,129.5833740234375,130.5399932861328,131.55999755859375,128.9199981689453,130.9199981689453,1143348.0
2024-09-13,AIR.PA,129.54367065429688,130.5,130.94000244140625,129.5800018310547,130.6999969482422,1022194.0
2024-09-16,AIR.PA,128.47158813476562,129.4199981689453,130.9199981689453,129.3800048828125,129.6999969482422,737384.0
2024-09-17,AIR.PA,128.76939392089844,129.72000122070312,131.05999755859375,128.83999633789062,130.0,986925.0
2024-09-18,AIR.PA,127.77671813964844,128.72000122070312,130.36000061035156,128.5800018310547,129.5,970965.0
2024-09-19,AIR.PA,132.46212768554688,133.44000244140625,133.5,129.66000366210938,130.24000549316406,1214582.0
2024-09-20,AIR.PA,129.8811798095703,130.83999633789062,133.89999389648438,130.75999450683594,133.60000610351562,2148326.0
2024-09-23,AIR.PA,131.96580505371094,132.94000244140625,133.10000610351562,130.9199981689453,131.5,981964.0
2024-09-24,AIR.PA,133.93128967285156,134.9199981689453,134.94000244140625,133.66000366210938,134.5,831978.0
2024-09-25,AIR.PA,132.52169799804688,133.5,134.1999969482422,133.05999755859375,133.86000061035156,1063446.0
2024-09-26,AIR.PA,133.35552978515625,134.33999633789062,135.39999389648438,133.5399932861328,134.66000366210938,1010118.0
2024-09-27,AIR.PA,132.83935546875,133.82000732421875,134.6199951171875,132.47999572753906,133.8800048828125,1622578.0
2024-09-30,AIR.PA,130.25840759277344,131.22000122070312,133.52000427246094,131.22000122070312,133.44000244140625,1416305.0
2024-10-01,AIR.PA,127.79657745361328,128.74000549316406,132.9199981689453,128.27999877929688,131.63999938964844,1423798.0
2024-10-02,AIR.PA,126.40682983398438,127.33999633789062,129.25999450683594,127.1999969482422,128.6999969482422,1861096.0
2024-10-03,AIR.PA,125.6325454711914,126.55999755859376,127.77999877929688,125.72000122070312,127.27999877929688,1739994.0
2024-10-04,AIR.PA,125.91049194335938,126.83999633789062,127.54000091552734,125.55999755859376,126.27999877929688,1519047.0
2024-10-07,AIR.PA,126.46639251708984,127.4000015258789,128.0,125.66000366210938,127.58000183105467,859831.0
2024-10-08,AIR.PA,125.41415405273438,126.33999633789062,126.91999816894533,124.72000122070312,126.37999725341795,1118793.0
2024-10-09,AIR.PA,126.506103515625,127.44000244140624,127.44000244140624,125.16000366210938,126.44000244140624,1308104.0
2024-10-10,AIR.PA,126.96273040771484,127.9000015258789,128.9199981689453,125.9800033569336,126.05999755859376,892814.0
2024-10-11,AIR.PA,131.94593811035156,132.9199981689453,133.4600067138672,126.26000213623048,127.73999786376952,2374608.0
2024-10-14,AIR.PA,134.12982177734375,135.1199951171875,135.32000732421875,132.10000610351562,133.47999572753906,1002500.0
2024-10-15,AIR.PA,134.76512145996094,135.75999450683594,137.13999938964844,135.32000732421875,136.0,1876035.0
2024-10-16,AIR.PA,134.9636688232422,135.9600067138672,136.8000030517578,134.72000122070312,135.1999969482422,1367862.0
2024-10-17,AIR.PA,140.26454162597656,141.3000030517578,142.4600067138672,137.36000061035156,137.6199951171875,1678933.0
2024-10-18,AIR.PA,138.5372772216797,139.55999755859375,141.24000549316406,139.55999755859375,140.72000122070312,1361131.0
2024-10-21,AIR.PA,137.8225555419922,138.83999633789062,139.94000244140625,138.17999267578125,139.0,901298.0
2024-10-22,AIR.PA,140.20497131347656,141.24000549316406,142.3000030517578,137.55999755859375,138.1999969482422,1597799.0
2024-10-23,AIR.PA,140.14540100097656,141.17999267578125,141.66000366210938,140.0399932861328,140.3800048828125,953149.0
2024-10-24,AIR.PA,140.08584594726562,141.1199951171875,142.05999755859375,140.83999633789062,141.60000610351562,871044.0
2024-10-25,AIR.PA,139.45053100585938,140.47999572753906,141.27999877929688,139.9600067138672,140.44000244140625,715481.0
2024-10-28,AIR.PA,138.85494995117188,139.8800048828125,141.6999969482422,138.52000427246094,140.9199981689453,974153.0
2024-10-29,AIR.PA,139.3115692138672,140.33999633789062,142.1199951171875,138.97999572753906,141.33999633789062,1120187.0
2024-10-30,AIR.PA,138.71597290039062,139.74000549316406,140.4199981689453,137.4199981689453,140.0399932861328,1013455.0
2024-10-31,AIR.PA,139.1328887939453,140.16000366210938,145.0,140.16000366210938,145.0,1995324.0
2024-11-01,AIR.PA,140.5623321533203,141.60000610351562,143.0399932861328,139.1199951171875,139.36000061035156,1058909.0
2024-11-04,AIR.PA,139.2519989013672,140.27999877929688,141.63999938964844,139.8800048828125,140.9199981689453,752966.0
2024-11-05,AIR.PA,140.78073120117188,141.82000732421875,142.3000030517578,139.89999389648438,140.52000427246094,817551.0
2024-11-06,AIR.PA,141.31675720214844,142.36000061035156,145.83999633789062,141.16000366210938,142.75999450683594,1363721.0
2024-11-07,AIR.PA,143.34181213378906,144.39999389648438,145.25999450683594,141.36000061035156,142.72000122070312,1091627.0
2024-11-08,AIR.PA,141.2572021484375,142.3000030517578,144.89999389648438,141.25999450683594,144.55999755859375,1541520.0
2024-11-11,AIR.PA,144.4138946533203,145.47999572753906,145.66000366210938,143.4600067138672,143.67999267578125,1013673.0
2024-11-12,AIR.PA,139.09317016601562,140.1199951171875,145.27999877929688,140.1199951171875,143.94000244140625,1451643.0
2024-11-13,AIR.PA,137.4453582763672,138.4600067138672,140.25999450683594,137.60000610351562,139.10000610351562,1381466.0
2024-11-14,AIR.PA,137.9019775390625,138.9199981689453,140.1999969482422,138.22000122070312,139.0800018310547,1072031.0
2024-11-15,AIR.PA,137.02841186523438,138.0399932861328,138.97999572753906,136.74000549316406,137.89999389648438,1155402.0
2024-11-18,AIR.PA,137.52474975585938,138.5399932861328,138.67999267578125,136.8000030517578,137.1199951171875,795303.0
2024-11-19,AIR.PA,136.25413513183594,137.25999450683594,138.36000061035156,135.10000610351562,138.32000732421875,954743.0
2024-11-20,AIR.PA,136.8298797607422,137.83999633789062,139.72000122070312,137.36000061035156,138.3800048828125,919355.0
2024-11-21,AIR.PA,138.47772216796875,139.5,140.0399932861328,136.55999755859375,137.55999755859375,1050455.0
2024-11-22,AIR.PA,136.9291534423828,137.94000244140625,140.02000427246094,137.36000061035156,139.89999389648438,855963.0
2024-11-25,AIR.PA,137.30638122558594,138.32000732421875,140.44000244140625,138.24000549316406,139.47999572753906,1574297.0
2024-11-26,AIR.PA,135.6982421875,136.6999969482422,137.63999938964844,136.13999938964844,137.27999877929688,1007090.0
2024-11-27,AIR.PA,138.35861206054688,139.3800048828125,140.60000610351562,135.27999877929688,136.33999633789062,1653296.0
2024-11-28,AIR.PA,144.07638549804688,145.13999938964844,145.52000427246094,140.6999969482422,140.8000030517578,1312109.0
2024-11-29,AIR.PA,146.47865295410156,147.55999755859375,147.74000549316406,144.9199981689453,145.02000427246094,1656440.0
2024-12-02,AIR.PA,149.41697692871094,150.52000427246094,150.5800018310547,146.44000244140625,146.52000427246094,1799001.0
2024-12-03,AIR.PA,150.9655303955078,152.0800018310547,152.52000427246094,150.52000427246094,150.72000122070312,1313090.0
2024-12-04,AIR.PA,153.08985900878906,154.22000122070312,154.22000122070312,152.3000030517578,152.5,1357767.0
2024-12-05,AIR.PA,152.41482543945312,153.5399932861328,154.47999572753906,152.17999267578125,153.0,1090596.0
2024-12-06,AIR.PA,154.02296447753906,155.16000366210938,156.75999450683594,154.5,156.16000366210938,1232135.0
2024-12-09,AIR.PA,155.80978393554688,156.9600067138672,157.5399932861328,154.9600067138672,156.22000122070312,1091176.0
2024-12-10,AIR.PA,155.0553436279297,156.1999969482422,157.32000732421875,155.83999633789062,157.0800018310547,1411830.0
2024-12-11,AIR.PA,155.09506225585938,156.24000549316406,156.8800048828125,155.39999389648438,156.1999969482422,931725.0
2024-12-12,AIR.PA,158.7282257080078,159.89999389648438,159.89999389648438,156.36000061035156,156.36000061035156,1077016.0
2024-12-13,AIR.PA,159.04588317871094,160.22000122070312,160.83999633789062,158.82000732421875,159.1199951171875,1388272.0
2024-12-16,AIR.PA,156.70318603515625,157.86000061035156,160.13999938964844,157.5800018310547,159.5800018310547,1254312.0
2024-12-17,AIR.PA,157.37818908691406,158.5399932861328,160.9600067138672,158.39999389648438,159.72000122070312,1519491.0
2024-12-18,AIR.PA,157.6958465576172,158.86000061035156,159.97999572753906,158.1999969482422,158.1999969482422,1005190.0
2024-12-19,AIR.PA,155.3730010986328,156.52000427246094,159.10000610351562,156.52000427246094,157.97999572753906,1388581.0
2024-12-20,AIR.PA,153.645751953125,154.77999877929688,156.36000061035156,152.86000061035156,155.60000610351562,2249485.0
2024-12-23,AIR.PA,152.77218627929688,153.89999389648438,154.6999969482422,153.16000366210938,154.32000732421875,968295.0
2024-12-24,AIR.PA,152.5736541748047,153.6999969482422,154.6999969482422,153.66000366210938,153.72000122070312,187550.0
2024-12-27,AIR.PA,154.1619415283203,155.3000030517578,155.3000030517578,153.39999389648438,154.0,773490.0
2024-12-30,AIR.PA,153.24868774414062,154.3800048828125,155.74000549316406,154.02000427246094,154.25999450683594,753659.0
2024-12-31,AIR.PA,153.645751953125,154.77999877929688,154.97999572753906,153.16000366210938,153.22000122070312,278864.0
2025-01-02,AIR.PA,158.9664764404297,160.13999938964844,160.5,155.6199951171875,155.6999969482422,1636969.0
2025-01-03,AIR.PA,157.41790771484375,158.5800018310547,159.4600067138672,158.0399932861328,159.3000030517578,1040083.0
2025-01-06,AIR.PA,158.4701385498047,159.63999938964844,159.63999938964844,155.77999877929688,158.6199951171875,1345018.0
2025-01-07,AIR.PA,157.2392120361328,158.39999389648438,160.17999267578125,157.25999450683594,159.6199951171875,1585470.0
2025-01-08,AIR.PA,157.41790771484375,158.5800018310547,159.75999450683594,157.60000610351562,158.0800018310547,1077965.0
2025-01-09,AIR.PA,155.43255615234375,156.5800018310547,159.47999572753906,156.5800018310547,158.02000427246094,874104.0
2025-01-10,AIR.PA,156.40538024902344,157.55999755859375,159.5399932861328,156.9199981689453,158.39999389648438,1064221.0
2025-01-13,AIR.PA,154.30091857910156,155.44000244140625,157.39999389648438,154.27999877929688,157.0800018310547,1118878.0
2025-01-14,AIR.PA,154.83694458007812,155.97999572753906,157.60000610351562,155.3000030517578,156.22000122070312,960941.0
2025-01-15,AIR.PA,153.24868774414062,154.3800048828125,157.3000030517578,154.3800048828125,156.0,1796913.0
2025-01-16,AIR.PA,156.04800415039062,157.1999969482422,158.13999938964844,155.05999755859375,156.0399932861328,1009475.0
2025-01-17,AIR.PA,159.60177612304688,160.77999877929688,161.4600067138672,157.82000732421875,157.9600067138672,1666035.0
2025-01-20,AIR.PA,162.22242736816406,163.4199981689453,164.3800048828125,160.63999938964844,160.74000549316406,1146737.0
2025-01-21,AIR.PA,162.1033172607422,163.3000030517578,163.47999572753906,161.63999938964844,163.0,974763.0
2025-01-22,AIR.PA,163.92982482910156,165.13999938964844,165.13999938964844,162.60000610351562,163.3800048828125,1057154.0
2025-01-23,AIR.PA,165.43869018554688,166.66000366210938,166.77999877929688,164.25999450683594,166.0,870632.0
2025-01-24,AIR.PA,165.81590270996094,167.0399932861328,167.47999572753906,166.24000549316406,167.0,716160.0
2025-01-27,AIR.PA,164.62469482421875,165.83999633789062,167.44000244140625,163.5399932861328,166.16000366210938,989379.0
2025-01-28,AIR.PA,165.57766723632812,166.8000030517578,167.44000244140625,164.9600067138672,165.16000366210938,794920.0
2025-01-29,AIR.PA,165.3989715576172,166.6199951171875,168.0399932861328,166.10000610351562,166.47999572753906,717277.0
2025-01-30,AIR.PA,165.1011962890625,166.32000732421875,167.33999633789062,165.94000244140625,167.0399932861328,1001567.0
2025-01-31,AIR.PA,165.8953094482422,167.1199951171875,169.05999755859375,166.4199981689453,167.0,1321658.0
2025-02-03,AIR.PA,165.35928344726562,166.5800018310547,166.77999877929688,162.82000732421875,163.5399932861328,1487261.0
2025-02-04,AIR.PA,164.8033905029297,166.02000427246094,168.1199951171875,165.0800018310547,167.66000366210938,717977.0
2025-02-05,AIR.PA,165.6769256591797,166.89999389648438,166.89999389648438,164.75999450683594,165.0,815149.0
2025-02-06,AIR.PA,166.6696014404297,167.89999389648438,168.10000610351562,166.1999969482422,167.36000061035156,806730.0
2025-02-07,AIR.PA,165.69677734375,166.9199981689453,168.32000732421875,166.36000061035156,168.17999267578125,887988.0
2025-02-10,AIR.PA,166.21298217773438,167.44000244140625,167.8800048828125,166.25999450683594,166.44000244140625,785898.0
2025-02-11,AIR.PA,165.9945831298828,167.22000122070312,168.02000427246094,166.10000610351562,167.86000061035156,699736.0
2025-02-12,AIR.PA,168.63510131835938,169.8800048828125,169.89999389648438,167.67999267578125,168.32000732421875,775257.0
2025-02-13,AIR.PA,168.73435974121094,169.97999572753906,170.9199981689453,168.6199951171875,170.0,1234015.0
2025-02-14,AIR.PA,167.28506469726562,168.52000427246094,169.83999633789062,167.8000030517578,168.22000122070312,1054827.0
2025-02-17,AIR.PA,169.25054931640625,170.5,171.63999938964844,168.36000061035156,168.6999969482422,1214483.0
2025-02-18,AIR.PA,171.7322235107422,173.0,174.0,171.5800018310547,172.0,1260936.0
2025-02-19,AIR.PA,167.68212890625,168.9199981689453,173.4600067138672,168.82000732421875,172.5,1349752.0
2025-02-20,AIR.PA,163.87026977539062,165.0800018310547,168.39999389648438,163.22000122070312,167.24000549316406,1911043.0
2025-02-21,AIR.PA,158.82749938964844,160.0,164.16000366210938,159.74000549316406,163.0,1839648.0
2025-02-24,AIR.PA,163.13568115234375,164.33999633789062,164.82000732421875,160.75999450683594,161.25999450683594,1166045.0
2025-02-25,AIR.PA,162.8974609375,164.10000610351562,166.44000244140625,163.44000244140625,164.6999969482422,1111791.0
2025-02-26,AIR.PA,166.29238891601562,167.52000427246094,168.24000549316406,164.75999450683594,165.0,1066473.0
2025-02-27,AIR.PA,163.92982482910156,165.13999938964844,167.74000549316406,163.1199951171875,167.4600067138672,1237293.0
2025-02-28,AIR.PA,164.4857177734375,165.6999969482422,166.32000732421875,164.6199951171875,164.75999450683594,2890885.0
2025-03-03,AIR.PA,173.1021270751953,174.3800048828125,177.3000030517578,167.0399932861328,168.0,3087355.0
2025-03-04,AIR.PA,167.50344848632812,168.74000549316406,174.63999938964844,167.89999389648438,174.47999572753906,1762947.0
2025-03-05,AIR.PA,171.5138397216797,172.77999877929688,174.27999877929688,171.77999877929688,173.0,1467081.0
2025-03-06,AIR.PA,171.7917938232422,173.05999755859375,175.0,168.36000061035156,175.0,1459640.0
2025-03-07,AIR.PA,168.3174285888672,169.55999755859375,174.75999450683594,168.5399932861328,174.75999450683594,1382893.0
2025-03-10,AIR.PA,161.92462158203125,163.1199951171875,171.63999938964844,163.0800018310547,170.5800018310547,1971321.0
2025-03-11,AIR.PA,161.80551147460938,163.0,165.39999389648438,161.52000427246094,165.0800018310547,1320618.0
2025-03-12,AIR.PA,162.8974609375,164.10000610351562,167.89999389648438,163.5399932861328,164.86000061035156,1606967.0
2025-03-13,AIR.PA,161.03123474121094,162.22000122070312,165.0399932861328,162.22000122070312,164.97999572753906,1199586.0
2025-03-14,AIR.PA,167.96006774902344,169.1999969482422,169.3800048828125,161.67999267578125,162.0399932861328,1467306.0
2025-03-17,AIR.PA,169.98513793945312,171.24000549316406,171.83999633789062,169.3800048828125,169.89999389648438,1081848.0
2025-03-18,AIR.PA,170.5211639404297,171.77999877929688,172.1999969482422,169.86000061035156,172.0,1300826.0
2025-03-19,AIR.PA,170.04469299316406,171.3000030517578,172.3800048828125,170.0,171.60000610351562,1076817.0
2025-03-20,AIR.PA,166.13356018066406,167.36000061035156,171.0399932861328,165.33999633789062,170.5800018310547,1092316.0
2025-03-21,AIR.PA,165.41883850097656,166.63999938964844,167.47999572753906,164.8800048828125,166.10000610351562,2190245.0
2025-03-24,AIR.PA,165.9945831298828,167.22000122070312,169.27999877929688,166.17999267578125,168.3000030517578,728663.0
2025-03-25,AIR.PA,171.05722045898438,172.32000732421875,172.32000732421875,167.22000122070312,167.36000061035156,960604.0
2025-03-26,AIR.PA,169.29025268554688,170.5399932861328,171.66000366210938,169.32000732421875,171.52000427246094,819111.0
2025-03-27,AIR.PA,167.4637451171875,168.6999969482422,169.63999938964844,166.24000549316406,168.0399932861328,967418.0
2025-03-28,AIR.PA,165.04161071777344,166.25999450683594,167.97999572753906,165.32000732421875,167.17999267578125,996791.0
2025-03-31,AIR.PA,161.58712768554688,162.77999877929688,164.97999572753906,161.60000610351562,164.67999267578125,1228522.0
2025-04-01,AIR.PA,166.82843017578125,168.05999755859375,168.05999755859375,163.16000366210938,163.55999755859375,1195927.0
2025-04-02,AIR.PA,161.54742431640625,162.74000549316406,167.72000122070312,160.75999450683594,167.0,1375077.0
2025-04-03,AIR.PA,156.8620147705078,158.02000427246094,159.22000122070312,153.6999969482422,155.97999572753906,1962518.0
2025-04-04,AIR.PA,145.823486328125,146.89999389648438,157.27999877929688,144.74000549316406,157.13999938964844,2910456.0
2025-04-07,AIR.PA,135.79751586914062,136.8000030517578,150.0,126.4000015258789,132.22000122070312,3896651.0
2025-04-08,AIR.PA,139.21231079101562,140.24000549316406,142.94000244140625,138.0,139.39999389648438,2026118.0
2025-04-09,AIR.PA,132.5018310546875,133.47999572753906,138.02000427246094,131.52000427246094,135.97999572753906,2103551.0
2025-04-10,AIR.PA,138.43801879882812,139.4600067138672,150.27999877929688,139.1999969482422,150.1999969482422,2556537.0
2025-04-11,AIR.PA,133.87171936035156,134.86000061035156,141.67999267578125,133.36000061035156,141.60000610351562,1972263.0
2025-04-14,AIR.PA,138.23947143554688,139.25999450683594,139.83999633789062,137.32000732421875,139.3000030517578,1621814.0
2025-04-15,AIR.PA,139.90716552734375,140.94000244140625,141.52000427246094,138.47999572753906,139.0,1815889.0
2025-04-16,AIR.PA,139.47039794921875,140.5,140.52000427246094,138.55999755859375,140.17999267578125,1490715.0
2025-04-17,AIR.PA,135.4600067138672,136.4600067138672,140.86000061035156,135.3800048828125,140.63999938964844,1563744.0
2025-04-22,AIR.PA,133.05999755859375,133.05999755859375,133.82000732421875,131.89999389648438,133.82000732421875,1951154.0
2025-04-23,AIR.PA,138.83999633789062,138.83999633789062,141.5,135.1999969482422,135.5,1840997.0
2025-04-24,AIR.PA,137.25999450683594,137.25999450683594,139.3000030517578,136.82000732421875,138.83999633789062,1392522.0
2025-04-25,AIR.PA,140.60000610351562,140.60000610351562,141.5800018310547,138.89999389648438,139.5,1438906.0
2023-04-28,BNP.PA,51.31597900390625,58.59000015258789,59.2400016784668,57.15999984741211,58.7400016784668,3943712.0
2023-05-02,BNP.PA,49.88834381103515,56.959999084472656,59.29999923706055,56.95000076293945,58.65999984741211,4337766.0
2023-05-03,BNP.PA,49.30152893066406,56.290000915527344,57.56999969482422,55.83000183105469,56.599998474121094,3463053.0
2023-05-04,BNP.PA,48.99497604370117,55.939998626708984,56.79999923706055,55.54999923706055,55.959999084472656,3964184.0
2023-05-05,BNP.PA,50.702884674072266,57.88999938964844,58.040000915527344,56.38999938964844,56.470001220703125,3500140.0
2023-05-08,BNP.PA,51.05322265625,58.290000915527344,58.66999816894531,57.959999084472656,58.15999984741211,2212553.0
2023-05-09,BNP.PA,51.167083740234375,58.41999816894531,58.93000030517578,57.90999984741211,58.33000183105469,3284317.0
2023-05-10,BNP.PA,50.729156494140625,57.91999816894531,59.38999938964844,57.630001068115234,58.720001220703125,3164316.0
2023-05-11,BNP.PA,50.229923248291016,57.349998474121094,58.599998474121094,56.540000915527344,58.189998626708984,3124670.0
2023-05-12,BNP.PA,51.2283935546875,58.4900016784668,58.88999938964844,57.810001373291016,57.81999969482422,3047458.0
2023-05-15,BNP.PA,51.359771728515625,58.63999938964844,59.18000030517578,58.060001373291016,58.9900016784668,2098800.0
2023-05-16,BNP.PA,51.17584228515625,58.43000030517578,59.099998474121094,58.2400016784668,58.2599983215332,2817527.0
2023-05-17,BNP.PA,51.35101318359375,58.630001068115234,58.72999954223633,57.7400016784668,58.099998474121094,3034253.0
2023-05-18,BNP.PA,52.235618591308594,59.63999938964844,60.04999923706055,59.290000915527344,59.31999969482422,3280289.0
2023-05-19,BNP.PA,52.41954803466797,59.849998474121094,60.4900016784668,59.5,59.900001525878906,4601652.0
2023-05-22,BNP.PA,53.693729400634766,57.310001373291016,57.5,55.869998931884766,56.029998779296875,5860566.0
2023-05-23,BNP.PA,53.47824478149414,57.08000183105469,57.29999923706055,56.470001220703125,57.15999984741211,2969892.0
2023-05-24,BNP.PA,52.503868103027344,56.040000915527344,56.97999954223633,55.90999984741211,56.400001525878906,3744865.0
2023-05-25,BNP.PA,52.635032653808594,56.18000030517578,56.54999923706055,55.2400016784668,56.040000915527344,3172646.0
2023-05-26,BNP.PA,52.756832122802734,56.310001373291016,56.68000030517578,55.29999923706055,56.470001220703125,2544293.0
2023-05-29,BNP.PA,52.560081481933594,56.099998474121094,57.2400016784668,55.83000183105469,57.13999938964844,1989836.0
2023-05-30,BNP.PA,51.80119323730469,55.290000915527344,56.560001373291016,55.04999923706055,56.099998474121094,3961516.0
2023-05-31,BNP.PA,50.601959228515625,54.0099983215332,55.54999923706055,53.88999938964844,54.880001068115234,5349242.0
2023-06-01,BNP.PA,51.032936096191406,54.470001220703125,54.959999084472656,54.08000183105469,54.22999954223633,2737440.0
2023-06-02,BNP.PA,52.91610336303711,56.47999954223633,56.650001525878906,54.880001068115234,55.04999923706055,3325828.0
2023-06-05,BNP.PA,52.39143753051758,55.91999816894531,56.86000061035156,55.4900016784668,56.68000030517578,2820715.0
2023-06-06,BNP.PA,52.906734466552734,56.470001220703125,56.720001220703125,55.47999954223633,55.54999923706055,2602283.0
2023-06-07,BNP.PA,53.17843246459961,56.7599983215332,56.810001373291016,56.09000015258789,56.79999923706055,2621472.0
2023-06-08,BNP.PA,53.41265869140625,57.0099983215332,57.72999954223633,56.959999084472656,57.20000076293945,2574474.0
2023-06-09,BNP.PA,52.53197479248047,56.06999969482422,57.2400016784668,55.54999923706055,57.16999816894531,2612630.0
2023-06-12,BNP.PA,52.869258880615234,56.43000030517578,57.27000045776367,56.400001525878906,56.560001373291016,2954193.0
2023-06-13,BNP.PA,53.103485107421875,56.68000030517578,56.93000030517578,56.119998931884766,56.63999938964844,2974169.0
2023-06-14,BNP.PA,53.890480041503906,57.52000045776367,57.93000030517578,56.540000915527344,56.560001373291016,3298383.0
2023-06-15,BNP.PA,52.738094329833984,56.290000915527344,57.209999084472656,55.93000030517578,57.09000015258789,2937664.0
2023-06-16,BNP.PA,53.00042343139648,56.56999969482422,56.70000076293945,55.959999084472656,56.5,8271686.0
2023-06-19,BNP.PA,53.22528076171875,56.810001373291016,57.45000076293945,56.36000061035156,56.52000045776367,2390814.0
2023-06-20,BNP.PA,53.15032577514648,56.72999954223633,56.93000030517578,56.11000061035156,56.599998474121094,2289036.0
2023-06-21,BNP.PA,53.44076919555664,57.040000915527344,57.58000183105469,56.65999984741211,56.779998779296875,2554634.0
2023-06-22,BNP.PA,52.20405960083008,55.720001220703125,56.470001220703125,55.33000183105469,56.470001220703125,3122823.0
2023-06-23,BNP.PA,51.388954162597656,54.849998474121094,55.439998626708984,54.36000061035156,55.36000061035156,3075836.0
2023-06-26,BNP.PA,51.74497604370117,55.22999954223633,55.400001525878906,53.70000076293945,54.900001525878906,2892775.0
2023-06-27,BNP.PA,52.15721130371094,55.66999816894531,56.11000061035156,55.06999969482422,55.7400016784668,3308505.0
2023-06-28,BNP.PA,52.33522415161133,55.86000061035156,56.4900016784668,55.560001373291016,56.20000076293945,3213637.0
2023-06-29,BNP.PA,53.20654296875,56.790000915527344,57.099998474121094,55.93000030517578,55.93000030517578,3651226.0
2023-06-30,BNP.PA,54.07786178588867,57.720001220703125,58.349998474121094,57.04999923706055,57.099998474121094,5687909.0
2023-07-03,BNP.PA,54.74305725097656,58.43000030517578,58.970001220703125,57.7599983215332,58.119998931884766,2386997.0
2023-07-04,BNP.PA,54.23713302612305,57.88999938964844,59.060001373291016,57.880001068115234,58.79999923706055,1270228.0
2023-07-05,BNP.PA,53.72183609008789,57.34000015258789,57.7400016784668,57.0099983215332,57.29999923706055,2797200.0
2023-07-06,BNP.PA,51.30463409423828,54.7599983215332,56.2400016784668,54.349998474121094,56.099998474121094,6672168.0
2023-07-07,BNP.PA,51.64191818237305,55.119998931884766,55.720001220703125,54.25,54.61000061035156,3310169.0
2023-07-10,BNP.PA,51.85740661621094,55.349998474121094,55.88999938964844,54.779998779296875,54.869998931884766,2493724.0
2023-07-11,BNP.PA,52.61629486083984,56.15999984741211,56.279998779296875,55.27000045776367,55.5,2535717.0
2023-07-12,BNP.PA,53.122222900390625,56.70000076293945,57.0,56.02000045776367,56.15999984741211,4296194.0
2023-07-13,BNP.PA,53.41265869140625,57.0099983215332,57.25,56.540000915527344,56.70000076293945,2670516.0
2023-07-14,BNP.PA,53.07537841796875,56.650001525878906,57.310001373291016,56.58000183105469,56.939998626708984,2209915.0
2023-07-17,BNP.PA,53.131587982177734,56.709999084472656,57.2400016784668,56.41999816894531,56.619998931884766,1677982.0
2023-07-18,BNP.PA,53.97480010986328,57.61000061035156,57.689998626708984,56.68000030517578,56.880001068115234,1910941.0
2023-07-19,BNP.PA,54.30271530151367,57.959999084472656,58.31999969482422,57.70000076293945,57.959999084472656,1892365.0
2023-07-20,BNP.PA,54.38703536987305,58.04999923706055,58.540000915527344,57.84000015258789,57.9900016784668,2028378.0
2023-07-21,BNP.PA,54.34955978393555,58.0099983215332,58.470001220703125,57.619998931884766,57.970001220703125,3090044.0
2023-07-24,BNP.PA,54.68684387207031,58.369998931884766,58.41999816894531,57.22999954223633,57.40999984741211,1838833.0
2023-07-25,BNP.PA,54.89296340942383,58.59000015258789,58.779998779296875,58.33000183105469,58.470001220703125,1388311.0
2023-07-26,BNP.PA,54.45261764526367,58.119998931884766,58.779998779296875,57.560001373291016,58.47999954223633,2636487.0
2023-07-27,BNP.PA,56.073455810546875,59.849998474121094,60.59000015258789,58.88999938964844,59.0,5221786.0
2023-07-28,BNP.PA,56.38263320922851,60.18000030517578,60.7400016784668,59.720001220703125,59.90999984741211,3477639.0
2023-07-31,BNP.PA,56.23272705078125,60.02000045776367,60.5,59.7599983215332,60.18000030517578,2410299.0
2023-08-01,BNP.PA,55.18340301513672,58.900001525878906,60.29999923706055,58.83000183105469,59.849998474121094,2469141.0
2023-08-02,BNP.PA,53.97480010986328,57.61000061035156,58.459999084472656,57.22999954223633,58.0,3537471.0
2023-08-03,BNP.PA,54.61189270019531,58.290000915527344,58.369998931884766,57.0,57.150001525878906,2629468.0
2023-08-04,BNP.PA,55.54879379272461,59.290000915527344,59.56999969482422,58.400001525878906,58.7599983215332,2588979.0
2023-08-07,BNP.PA,55.79238510131836,59.54999923706055,59.880001068115234,58.95000076293945,59.040000915527344,1710037.0
2023-08-08,BNP.PA,54.115333557128906,57.7599983215332,58.779998779296875,56.939998626708984,58.40999984741211,4102500.0
2023-08-09,BNP.PA,54.85548400878906,58.54999923706055,59.150001525878906,58.43000030517578,58.90999984741211,2608353.0
2023-08-10,BNP.PA,56.495059967041016,60.29999923706055,60.5,58.90999984741211,58.97999954223633,3238523.0
2023-08-11,BNP.PA,55.79238510131836,59.54999923706055,60.18000030517578,59.209999084472656,60.02000045776367,2591264.0
2023-08-14,BNP.PA,55.9141845703125,59.68000030517578,60.099998474121094,59.349998474121094,59.45000076293945,1960447.0
2023-08-15,BNP.PA,55.07097244262695,58.779998779296875,59.939998626708984,58.529998779296875,59.779998779296875,1999256.0
2023-08-16,BNP.PA,54.78990173339844,58.47999954223633,58.959999084472656,58.15999984741211,58.36000061035156,1853675.0
2023-08-17,BNP.PA,54.92106628417969,58.619998931884766,59.279998779296875,58.18000030517578,58.31999969482422,2241534.0
2023-08-18,BNP.PA,54.54631042480469,58.220001220703125,58.54999923706055,57.56999969482422,58.310001373291016,2779188.0
2023-08-21,BNP.PA,54.65873718261719,58.34000015258789,59.15999984741211,58.20000076293945,58.2400016784668,1862482.0
2023-08-22,BNP.PA,54.85548400878906,58.54999923706055,59.45000076293945,58.54999923706055,58.65999984741211,2034228.0
2023-08-23,BNP.PA,54.81800842285156,58.5099983215332,59.52000045776367,58.290000915527344,58.91999816894531,2103839.0
2023-08-24,BNP.PA,54.75242614746094,58.439998626708984,59.16999816894531,58.400001525878906,58.880001068115234,2343960.0
2023-08-25,BNP.PA,54.63063049316406,58.310001373291016,59.06999969482422,58.27000045776367,58.66999816894531,1851658.0
2023-08-28,BNP.PA,55.74554061889648,59.5,59.81999969482422,58.869998931884766,58.880001068115234,2279296.0
2023-08-29,BNP.PA,56.12030029296875,59.900001525878906,60.0099983215332,59.540000915527344,59.63999938964844,2141387.0
2023-08-30,BNP.PA,56.1015625,59.880001068115234,60.689998626708984,59.880001068115234,60.0,2336342.0
2023-08-31,BNP.PA,55.94228744506836,59.709999084472656,60.65999984741211,59.61000061035156,59.970001220703125,7896015.0
2023-09-01,BNP.PA,55.82986068725586,59.59000015258789,60.349998474121094,59.470001220703125,60.0099983215332,2127581.0
2023-09-04,BNP.PA,55.68932342529297,59.439998626708984,60.310001373291016,59.2599983215332,59.900001525878906,1659669.0
2023-09-05,BNP.PA,55.64248275756836,59.38999938964844,59.970001220703125,58.5099983215332,59.08000183105469,2000571.0
2023-09-06,BNP.PA,54.90232849121094,58.599998474121094,59.099998474121094,57.86000061035156,58.869998931884766,2923414.0
2023-09-07,BNP.PA,54.87422180175781,58.56999969482422,58.959999084472656,58.099998474121094,58.220001220703125,2284877.0
2023-09-08,BNP.PA,54.74305725097656,58.43000030517578,59.04999923706055,57.47999954223633,58.689998626708984,2162431.0
2023-09-11,BNP.PA,55.75490951538086,59.5099983215332,59.790000915527344,58.7400016784668,58.79999923706055,3147534.0
2023-09-12,BNP.PA,56.092193603515625,59.869998931884766,59.91999816894531,59.40999984741211,59.70000076293945,2550025.0
2023-09-13,BNP.PA,56.110931396484375,59.88999938964844,60.400001525878906,59.70000076293945,59.970001220703125,2191422.0
2023-09-14,BNP.PA,57.43196105957031,61.29999923706055,61.560001373291016,59.619998931884766,59.970001220703125,3850193.0
2023-09-15,BNP.PA,57.58186340332031,61.459999084472656,62.2400016784668,61.310001373291016,61.5,8094602.0
2023-09-18,BNP.PA,56.31705093383789,60.11000061035156,61.5,59.68000030517578,61.29999923706055,3667191.0
2023-09-19,BNP.PA,57.25394821166992,61.11000061035156,61.119998931884766,59.869998931884766,59.90999984741211,2620758.0
2023-09-20,BNP.PA,58.15337371826172,62.06999969482422,62.70000076293945,61.15999984741211,61.36000061035156,3583372.0
2023-09-21,BNP.PA,57.7598762512207,61.650001525878906,61.91999816894531,61.040000915527344,61.470001220703125,2590604.0
2023-09-22,BNP.PA,56.90729904174805,60.7400016784668,61.25,60.380001068115234,61.18000030517578,2669268.0
2023-09-25,BNP.PA,56.60748672485352,60.41999816894531,61.59000015258789,60.06999969482422,60.58000183105469,2766032.0
2023-09-26,BNP.PA,56.42947769165039,60.22999954223633,60.56999969482422,59.599998474121094,60.209999084472656,2252126.0
2023-09-27,BNP.PA,56.31705093383789,60.11000061035156,60.709999084472656,59.720001220703125,60.040000915527344,2797880.0
2023-09-28,BNP.PA,56.654335021972656,60.470001220703125,60.650001525878906,59.7400016784668,60.0099983215332,2239087.0
2023-09-29,BNP.PA,56.61685943603515,60.43000030517578,60.90999984741211,60.06999969482422,60.33000183105469,2830079.0
2023-10-02,BNP.PA,55.92354965209961,59.689998626708984,60.91999816894531,59.439998626708984,60.66999816894531,2061569.0
2023-10-03,BNP.PA,55.0897102355957,58.79999923706055,59.779998779296875,58.650001525878906,59.189998626708984,2670595.0
2023-10-04,BNP.PA,54.9398078918457,58.63999938964844,58.9900016784668,58.029998779296875,58.439998626708984,2668329.0
2023-10-05,BNP.PA,55.46446990966797,59.20000076293945,59.439998626708984,58.47999954223633,58.91999816894531,2472235.0
2023-10-06,BNP.PA,56.19525146484375,59.97999954223633,60.11000061035156,59.290000915527344,59.470001220703125,1990871.0
2023-10-09,BNP.PA,55.30519485473633,59.029998779296875,59.560001373291016,58.63999938964844,59.560001373291016,1872289.0
2023-10-10,BNP.PA,56.054718017578125,59.83000183105469,60.13999938964844,59.56999969482422,59.56999969482422,3160128.0
2023-10-11,BNP.PA,56.438846588134766,60.2400016784668,60.4900016784668,59.439998626708984,59.689998626708984,2218506.0
2023-10-12,BNP.PA,55.68932342529297,59.439998626708984,60.58000183105469,59.11000061035156,60.5,2667375.0
2023-10-13,BNP.PA,54.002906799316406,57.63999938964844,59.20000076293945,57.11000061035156,58.97999954223633,4694932.0
2023-10-16,BNP.PA,54.1809196472168,57.83000183105469,58.2599983215332,57.31999969482422,57.810001373291016,2702406.0
2023-10-17,BNP.PA,54.040382385253906,57.68000030517578,58.150001525878906,57.22999954223633,57.52000045776367,2171922.0
2023-10-18,BNP.PA,53.693729400634766,57.310001373291016,58.040000915527344,57.18000030517578,57.68000030517578,2468130.0
2023-10-19,BNP.PA,53.131587982177734,56.709999084472656,57.099998474121094,55.77000045776367,57.0,3220816.0
2023-10-20,BNP.PA,52.05415725708008,55.560001373291016,56.25,55.459999084472656,56.0,3689118.0
2023-10-23,BNP.PA,52.58818817138672,56.130001068115234,56.36000061035156,55.27000045776367,55.79999923706055,2807822.0
2023-10-24,BNP.PA,52.3820686340332,55.90999984741211,56.16999816894531,55.52000045776367,56.130001068115234,2569012.0
2023-10-25,BNP.PA,52.635032653808594,56.18000030517578,56.310001373291016,55.27000045776367,55.72999954223633,2730173.0
2023-10-26,BNP.PA,51.26716232299805,54.720001220703125,54.93000030517578,52.81999969482422,54.90999984741211,5750038.0
2023-10-27,BNP.PA,51.220314025878906,54.66999816894531,55.43000030517578,54.529998779296875,55.380001068115234,3093023.0
2023-10-30,BNP.PA,50.33026123046875,53.720001220703125,54.599998474121094,53.40999984741211,54.599998474121094,3759647.0
2023-10-31,BNP.PA,50.86429214477539,54.290000915527344,54.7400016784668,53.75,53.75,3247176.0
2023-11-01,BNP.PA,50.96735382080078,54.400001525878906,55.0099983215332,54.119998931884766,54.45000076293945,2717312.0
2023-11-02,BNP.PA,52.05415725708008,55.560001373291016,56.09000015258789,54.7400016784668,54.75,3304816.0
2023-11-03,BNP.PA,53.06600570678711,56.63999938964844,57.0,55.84000015258789,56.0,3397647.0
2023-11-06,BNP.PA,53.22528076171875,56.810001373291016,57.0099983215332,56.599998474121094,56.95000076293945,2526854.0
2023-11-07,BNP.PA,52.41954803466797,55.95000076293945,56.97999954223633,55.88999938964844,56.40999984741211,2976344.0
2023-11-08,BNP.PA,52.560081481933594,56.099998474121094,56.45000076293945,55.349998474121094,55.38999938964844,2226445.0
2023-11-09,BNP.PA,52.55071258544922,56.09000015258789,56.27000045776367,55.56999969482422,56.040000915527344,2075065.0
2023-11-10,BNP.PA,52.10100173950195,55.61000061035156,55.9900016784668,55.130001068115234,55.900001525878906,2489497.0
2023-11-13,BNP.PA,52.2696418762207,55.790000915527344,56.15999984741211,55.4900016784668,55.83000183105469,1629208.0
2023-11-14,BNP.PA,52.47575759887695,56.0099983215332,56.099998474121094,54.70000076293945,55.79999923706055,3144007.0
2023-11-15,BNP.PA,52.81304168701172,56.369998931884766,56.56999969482422,55.97999954223633,56.16999816894531,1773206.0
2023-11-16,BNP.PA,52.55071258544922,56.09000015258789,56.63999938964844,56.02000045776367,56.5,1746207.0
2023-11-17,BNP.PA,53.15032577514648,56.72999954223633,56.939998626708984,56.22999954223633,56.25,2600953.0
2023-11-20,BNP.PA,53.215911865234375,56.79999923706055,57.38999938964844,56.47999954223633,57.099998474121094,1565294.0
2023-11-21,BNP.PA,52.89736557006836,56.459999084472656,56.63999938964844,56.06999969482422,56.5,1393885.0
2023-11-22,BNP.PA,53.009796142578125,56.58000183105469,56.77000045776367,56.36000061035156,56.630001068115234,976809.0
2023-11-23,BNP.PA,53.309600830078125,56.900001525878906,57.0099983215332,56.529998779296875,56.59000015258789,1119936.0
2023-11-24,BNP.PA,53.431396484375,57.029998779296875,57.27000045776367,56.84000015258789,56.90999984741211,1275412.0
2023-11-27,BNP.PA,52.859886169433594,56.41999816894531,57.06999969482422,56.33000183105469,57.060001373291016,1421699.0
2023-11-28,BNP.PA,52.91610336303711,56.47999954223633,56.47999954223633,55.970001220703125,56.150001525878906,1237697.0
2023-11-29,BNP.PA,53.328338623046875,56.91999816894531,57.130001068115234,56.0099983215332,56.099998474121094,1440565.0
2023-11-30,BNP.PA,54.12470245361328,57.77000045776367,57.970001220703125,57.209999084472656,57.33000183105469,3361523.0
2023-12-01,BNP.PA,54.152809143066406,57.79999923706055,58.2400016784668,57.560001373291016,58.060001373291016,1337401.0
2023-12-04,BNP.PA,54.78053665161133,58.470001220703125,58.540000915527344,57.939998626708984,58.0,1595873.0
2023-12-05,BNP.PA,55.989131927490234,59.7599983215332,59.849998474121094,58.060001373291016,58.279998779296875,3181718.0
2023-12-06,BNP.PA,56.83234405517578,60.65999984741211,60.959999084472656,59.54999923706055,59.83000183105469,2813151.0
2023-12-07,BNP.PA,57.25394821166992,61.11000061035156,61.2599983215332,60.040000915527344,60.349998474121094,2523276.0
2023-12-08,BNP.PA,57.9472541809082,61.849998474121094,61.900001525878906,60.90999984741211,61.209999084472656,2699114.0
2023-12-11,BNP.PA,57.31953430175781,61.18000030517578,61.91999816894531,61.18000030517578,61.81999969482422,2198940.0
2023-12-12,BNP.PA,56.98224639892578,60.81999969482422,61.38999938964844,60.75,61.369998931884766,1848851.0
2023-12-13,BNP.PA,56.50442886352539,60.310001373291016,60.93000030517578,60.25,60.529998779296875,2044571.0
2023-12-14,BNP.PA,58.912261962890625,62.880001068115234,63.31999969482422,61.29999923706055,61.310001373291016,4771017.0
2023-12-15,BNP.PA,59.109012603759766,63.09000015258789,63.97999954223633,62.7599983215332,63.2599983215332,9283183.0
2023-12-18,BNP.PA,58.453182220458984,62.38999938964844,63.29999923706055,62.11000061035156,62.86000061035156,1563237.0
2023-12-19,BNP.PA,58.359493255615234,62.290000915527344,62.630001068115234,62.16999816894531,62.349998474121094,1836408.0
2023-12-20,BNP.PA,58.893524169921875,62.86000061035156,63.220001220703125,62.43000030517578,62.630001068115234,2125843.0
2023-12-21,BNP.PA,58.912261962890625,62.880001068115234,62.880001068115234,62.09000015258789,62.599998474121094,1458810.0
2023-12-22,BNP.PA,59.0340576171875,63.0099983215332,63.369998931884766,62.900001525878906,63.0,1279974.0
2023-12-27,BNP.PA,59.015323638916016,62.9900016784668,63.540000915527344,62.77000045776367,63.099998474121094,1184940.0
2023-12-28,BNP.PA,58.509395599365234,62.45000076293945,63.2400016784668,62.34000015258789,63.119998931884766,856379.0
2023-12-29,BNP.PA,58.64056015014648,62.59000015258789,62.849998474121094,62.41999816894531,62.41999816894531,764511.0
2024-01-02,BNP.PA,59.36197280883789,63.36000061035156,63.81999969482422,62.79999923706055,62.93000030517578,1453297.0
2024-01-03,BNP.PA,57.77861022949219,61.66999816894531,63.75,61.41999816894531,63.650001525878906,2161179.0
2024-01-04,BNP.PA,58.94036865234375,62.90999984741211,62.90999984741211,61.599998474121094,61.849998474121094,2020844.0
2024-01-05,BNP.PA,59.024688720703125,63.0,63.310001373291016,62.0,62.34000015258789,1708603.0
2024-01-08,BNP.PA,59.15585708618164,63.13999938964844,63.25,62.459999084472656,63.0,1121894.0
2024-01-09,BNP.PA,58.67803955078125,62.630001068115234,63.11000061035156,62.2599983215332,63.11000061035156,1334945.0
2024-01-10,BNP.PA,58.49065780639648,62.43000030517578,62.83000183105469,62.11000061035156,62.2400016784668,1448019.0
2024-01-11,BNP.PA,56.96350860595703,60.79999923706055,62.90999984741211,60.400001525878906,62.79999923706055,2383953.0
2024-01-12,BNP.PA,56.99161911010742,60.83000183105469,61.630001068115234,60.47999954223633,60.970001220703125,1827811.0
2024-01-15,BNP.PA,57.2633171081543,61.119998931884766,61.380001068115234,60.970001220703125,61.029998779296875,1328875.0
2024-01-16,BNP.PA,56.91666412353515,60.75,60.95000076293945,60.2400016784668,60.45000076293945,1726074.0
2024-01-17,BNP.PA,56.438846588134766,60.2400016784668,60.290000915527344,59.400001525878906,60.0,1829354.0
2024-01-18,BNP.PA,56.83234405517578,60.65999984741211,61.08000183105469,60.11000061035156,60.2400016784668,1662660.0
2024-01-19,BNP.PA,56.785499572753906,60.61000061035156,61.20000076293945,60.540000915527344,60.959999084472656,1550707.0
2024-01-22,BNP.PA,57.64744567871094,61.529998779296875,62.150001525878906,61.439998626708984,61.560001373291016,1657658.0
2024-01-23,BNP.PA,57.31016159057617,61.16999816894531,61.869998931884766,60.880001068115234,61.709999084472656,1379736.0
2024-01-24,BNP.PA,58.07842254638672,61.9900016784668,62.16999816894531,61.689998626708984,61.689998626708984,2228528.0
2024-01-25,BNP.PA,57.79734802246094,61.689998626708984,61.91999816894531,61.310001373291016,61.65999984741211,1315686.0
2024-01-26,BNP.PA,58.603084564208984,62.54999923706055,62.709999084472656,61.59000015258789,62.0,2078747.0
2024-01-29,BNP.PA,58.125267028808594,62.040000915527344,62.869998931884766,61.849998474121094,62.650001525878906,1483122.0
2024-01-30,BNP.PA,58.275169372558594,62.20000076293945,62.45000076293945,61.83000183105469,62.150001525878906,1746594.0
2024-01-31,BNP.PA,58.603084564208984,62.54999923706055,63.16999816894531,62.15999984741211,62.45000076293945,2628768.0
2024-02-01,BNP.PA,53.20654296875,56.790000915527344,58.9900016784668,56.400001525878906,57.0,9865002.0
2024-02-02,BNP.PA,52.522605895996094,56.060001373291016,57.95000076293945,55.86000061035156,57.349998474121094,5384986.0
2024-02-05,BNP.PA,52.560081481933594,56.099998474121094,57.22999954223633,55.849998474121094,56.95000076293945,3623657.0
2024-02-06,BNP.PA,51.60444641113281,55.08000183105469,56.2400016784668,55.06999969482422,56.119998931884766,3989882.0
2024-02-07,BNP.PA,51.34210968017578,54.79999923706055,55.75,54.689998626708984,55.08000183105469,3496049.0
2024-02-08,BNP.PA,51.09851837158203,54.540000915527344,55.18000030517578,54.22999954223633,55.099998474121094,2920886.0
2024-02-09,BNP.PA,50.06792449951172,53.439998626708984,54.52000045776367,53.08000183105469,54.16999816894531,4901434.0
2024-02-12,BNP.PA,50.751861572265625,54.16999816894531,54.33000183105469,53.790000915527344,54.0,3202069.0
2024-02-13,BNP.PA,50.433319091796875,53.83000183105469,54.689998626708984,53.689998626708984,54.189998626708984,2452307.0
2024-02-14,BNP.PA,50.51763916015625,53.91999816894531,54.34000015258789,53.41999816894531,53.5,2374115.0
2024-02-15,BNP.PA,50.601959228515625,54.0099983215332,54.25,53.529998779296875,54.099998474121094,2517763.0
2024-02-16,BNP.PA,50.94861602783203,54.380001068115234,54.86000061035156,54.220001220703125,54.529998779296875,2901560.0
2024-02-19,BNP.PA,51.314002990722656,54.77000045776367,55.0099983215332,54.33000183105469,54.5,2292612.0
2024-02-20,BNP.PA,51.99794006347656,55.5,55.56999969482422,54.56999969482422,54.59000015258789,3168091.0
2024-02-21,BNP.PA,52.372703552246094,55.900001525878906,56.119998931884766,55.4900016784668,55.5,2638341.0
2024-02-22,BNP.PA,52.67251205444336,56.220001220703125,56.83000183105469,55.91999816894531,56.43000030517578,2618808.0
2024-02-23,BNP.PA,52.831783294677734,56.38999938964844,56.7599983215332,56.09000015258789,56.560001373291016,2247149.0
2024-02-26,BNP.PA,51.84803771972656,55.34000015258789,56.45000076293945,55.27000045776367,56.349998474121094,2763767.0
2024-02-27,BNP.PA,52.09162902832031,55.599998474121094,55.61000061035156,55.09000015258789,55.099998474121094,2130501.0
2024-02-28,BNP.PA,51.95109558105469,55.45000076293945,56.02000045776367,55.130001068115234,55.470001220703125,2386211.0
2024-02-29,BNP.PA,51.88551330566406,55.380001068115234,55.79999923706055,55.2400016784668,55.59000015258789,3837416.0
2024-03-01,BNP.PA,52.60692596435547,56.150001525878906,56.439998626708984,55.380001068115234,55.529998779296875,2517235.0
2024-03-04,BNP.PA,53.656253814697266,57.27000045776367,57.41999816894531,56.16999816894531,56.18000030517578,3111764.0
2024-03-05,BNP.PA,53.62814712524414,57.2400016784668,57.470001220703125,56.65999984741211,57.0,1968996.0
2024-03-06,BNP.PA,53.656253814697266,57.27000045776367,57.83000183105469,57.220001220703125,57.25,2614268.0
2024-03-07,BNP.PA,54.70558166503906,58.38999938964844,58.58000183105469,57.099998474121094,57.130001068115234,3758442.0
2024-03-08,BNP.PA,55.21150970458984,58.93000030517578,59.189998626708984,58.41999816894531,58.4900016784668,2857525.0
2024-03-11,BNP.PA,55.323936462402344,59.04999923706055,59.310001373291016,58.619998931884766,58.65999984741211,2759877.0
2024-03-12,BNP.PA,55.94228744506836,59.709999084472656,60.119998931884766,59.099998474121094,59.41999816894531,4012391.0
2024-03-13,BNP.PA,57.10404586791992,60.95000076293945,61.779998779296875,60.630001068115234,60.880001068115234,4745114.0
2024-03-14,BNP.PA,56.44821548461914,60.25,61.279998779296875,60.150001525878906,60.77000045776367,3209386.0
2024-03-15,BNP.PA,57.34763717651367,61.209999084472656,61.61000061035156,60.34000015258789,60.45000076293945,8949165.0
2024-03-18,BNP.PA,57.48817443847656,61.36000061035156,61.81999969482422,61.220001220703125,61.279998779296875,2282031.0
2024-03-19,BNP.PA,58.087791442871094,62.0,62.34000015258789,61.560001373291016,61.560001373291016,2947725.0
2024-03-20,BNP.PA,58.02220916748047,61.93000030517578,62.16999816894531,61.45000076293945,61.880001068115234,2885055.0
2024-03-21,BNP.PA,58.68740463256836,62.63999938964844,63.02000045776367,62.09000015258789,62.38999938964844,3666581.0
2024-03-22,BNP.PA,58.837310791015625,62.79999923706055,63.619998931884766,62.75,63.150001525878906,2715480.0
2024-03-25,BNP.PA,58.546871185302734,62.4900016784668,63.189998626708984,62.4900016784668,62.720001220703125,2176630.0
2024-03-26,BNP.PA,60.25202560424805,64.30999755859375,64.4000015258789,63.25,63.25,3717066.0
2024-03-27,BNP.PA,60.58930969238281,64.66999816894531,65.3499984741211,64.04000091552734,64.30999755859375,2891033.0
2024-03-28,BNP.PA,61.7042236328125,65.86000061035156,65.93000030517578,64.9000015258789,64.91999816894531,3467964.0
2024-04-02,BNP.PA,61.29198455810547,65.41999816894531,66.5999984741211,65.18000030517578,65.80000305175781,2995647.0
2024-04-03,BNP.PA,62.33194351196289,66.52999877929688,66.88999938964844,65.29000091552734,65.4000015258789,3081188.0
2024-04-04,BNP.PA,62.92219543457031,67.16000366210938,67.5999984741211,66.80000305175781,66.80000305175781,2583051.0
2024-04-05,BNP.PA,62.35068893432617,66.55000305175781,66.68000030517578,65.91000366210938,66.2300033569336,2913205.0
2024-04-08,BNP.PA,62.762916564941406,66.98999786376953,67.30999755859375,66.47000122070312,66.5199966430664,1847356.0
2024-04-09,BNP.PA,62.43500518798828,66.63999938964844,67.38999938964844,66.5199966430664,66.91000366210938,2233616.0
2024-04-10,BNP.PA,62.51932907104492,66.7300033569336,67.52999877929688,66.12000274658203,67.06999969482422,2452350.0
2024-04-11,BNP.PA,61.376312255859375,65.51000213623047,67.1500015258789,64.80000305175781,66.5199966430664,3214765.0
2024-04-12,BNP.PA,61.23577499389648,65.36000061035156,66.44000244140625,65.0999984741211,65.98999786376953,2351756.0
2024-04-15,BNP.PA,61.61989974975586,65.7699966430664,66.58999633789062,65.33000183105469,65.36000061035156,2592068.0
2024-04-16,BNP.PA,59.80231857299805,63.83000183105469,64.72000122070312,63.630001068115234,64.45999908447266,3485230.0
2024-04-17,BNP.PA,60.10212707519531,64.1500015258789,64.9800033569336,63.84000015258789,63.91999816894531,2277500.0
2024-04-18,BNP.PA,61.329463958740234,65.45999908447266,65.55000305175781,64.6500015258789,64.9800033569336,2716710.0
2024-04-19,BNP.PA,61.30135726928711,65.43000030517578,65.7300033569336,64.41000366210938,64.77999877929688,2722009.0
2024-04-22,BNP.PA,62.4162712097168,66.62000274658203,66.77999877929688,65.75,66.0999984741211,2691459.0
2024-04-23,BNP.PA,63.75603866577149,68.05000305175781,68.26000213623047,66.80000305175781,66.80000305175781,3112172.0
2024-04-24,BNP.PA,63.45623016357422,67.7300033569336,68.4800033569336,67.37000274658203,67.7699966430664,3367663.0
2024-04-25,BNP.PA,64.04647064208984,68.36000061035156,69.55000305175781,67.58000183105469,68.68000030517578,3638561.0
2024-04-26,BNP.PA,62.78166198730469,67.01000213623047,69.08000183105469,66.72000122070312,68.95999908447266,3211049.0
2024-04-29,BNP.PA,63.44685745239258,67.72000122070312,68.2699966430664,67.41000366210938,67.5999984741211,2454535.0
2024-04-30,BNP.PA,63.34379959106445,67.61000061035156,68.48999786376953,67.33999633789062,68.30000305175781,2349914.0
2024-05-02,BNP.PA,63.19388961791992,67.44999694824219,67.97000122070312,67.04000091552734,67.61000061035156,1771056.0
2024-05-03,BNP.PA,63.37190628051758,67.63999938964844,68.30999755859375,67.31999969482422,68.0,1775234.0
2024-05-06,BNP.PA,63.924678802490234,68.2300033569336,68.36000061035156,67.4000015258789,67.66999816894531,1067014.0
2024-05-07,BNP.PA,65.2082290649414,69.5999984741211,69.73999786376953,68.69000244140625,68.69000244140625,2449417.0
2024-05-08,BNP.PA,65.52677917480469,69.94000244140625,70.12000274658203,69.12000274658203,69.62999725341797,2043377.0
2024-05-09,BNP.PA,66.15449523925781,70.61000061035156,70.76000213623047,69.91999816894531,69.98999786376953,1688075.0
2024-05-10,BNP.PA,66.70726776123047,71.19999694824219,71.7300033569336,70.80000305175781,70.80000305175781,2520057.0
2024-05-13,BNP.PA,67.1101303100586,71.62999725341797,72.16999816894531,71.16999816894531,71.5,1870517.0
2024-05-14,BNP.PA,67.00707244873047,71.5199966430664,71.9000015258789,71.01000213623047,71.37000274658203,1763827.0
2024-05-15,BNP.PA,67.22256469726562,71.75,72.04000091552734,71.4800033569336,71.66999816894531,1803259.0
2024-05-16,BNP.PA,67.09140014648438,71.61000061035156,71.88999938964844,71.23999786376953,71.68000030517578,1340519.0
2024-05-17,BNP.PA,67.74722290039062,72.30999755859375,72.30999755859375,71.69000244140625,71.79000091552734,2796769.0
2024-05-20,BNP.PA,68.30000305175781,72.9000015258789,73.08000183105469,72.29000091552734,72.3499984741211,2085075.0
2024-05-21,BNP.PA,68.33999633789062,68.33999633789062,68.5,67.05999755859375,68.30000305175781,4197847.0
2024-05-22,BNP.PA,67.5199966430664,67.5199966430664,68.2699966430664,67.44999694824219,68.12999725341797,1611847.0
2024-05-23,BNP.PA,67.08999633789062,67.08999633789062,67.83000183105469,66.86000061035156,67.61000061035156,1593552.0
2024-05-24,BNP.PA,67.20999908447266,67.20999908447266,67.30000305175781,66.2300033569336,66.54000091552734,1333372.0
2024-05-27,BNP.PA,67.05999755859375,67.05999755859375,67.30000305175781,66.80999755859375,67.26000213623047,962501.0
2024-05-28,BNP.PA,67.79000091552734,67.79000091552734,67.79000091552734,67.11000061035156,67.1500015258789,1390311.0
2024-05-29,BNP.PA,66.93000030517578,66.93000030517578,68.06999969482422,66.55999755859375,67.93000030517578,1873775.0
2024-05-30,BNP.PA,67.79000091552734,67.79000091552734,67.79000091552734,66.37999725341797,66.43000030517578,1654206.0
2024-05-31,BNP.PA,67.69999694824219,67.69999694824219,68.2300033569336,67.37000274658203,68.01000213623047,3289110.0
2024-06-03,BNP.PA,68.05999755859375,68.05999755859375,68.66000366210938,67.91000366210938,68.5,1415332.0
2024-06-04,BNP.PA,66.83000183105469,66.83000183105469,67.79000091552734,66.31999969482422,67.75,2450741.0
2024-06-05,BNP.PA,66.2300033569336,66.2300033569336,67.08999633789062,66.04000091552734,66.94000244140625,1613978.0
2024-06-06,BNP.PA,66.8499984741211,66.8499984741211,67.16000366210938,65.68000030517578,66.58999633789062,2181388.0
2024-06-07,BNP.PA,66.37000274658203,66.37000274658203,67.11000061035156,66.05999755859375,66.8499984741211,2120025.0
2024-06-10,BNP.PA,63.209999084472656,63.209999084472656,63.68000030517578,60.5,61.0,7509856.0
2024-06-11,BNP.PA,60.75,60.75,63.75,60.369998931884766,63.650001525878906,6746748.0
2024-06-12,BNP.PA,61.81999969482422,61.81999969482422,62.09000015258789,60.79999923706055,60.79999923706055,4627597.0
2024-06-13,BNP.PA,60.0,60.0,61.7599983215332,58.97999954223633,61.619998931884766,5973973.0
2024-06-14,BNP.PA,58.40999984741211,58.40999984741211,59.869998931884766,57.36000061035156,59.77000045776367,8617206.0
2024-06-17,BNP.PA,59.13999938964844,59.13999938964844,59.59000015258789,58.099998474121094,58.75,4341390.0
2024-06-18,BNP.PA,59.459999084472656,59.459999084472656,60.119998931884766,58.709999084472656,59.79999923706055,2718136.0
2024-06-19,BNP.PA,58.709999084472656,58.709999084472656,59.900001525878906,58.58000183105469,59.900001525878906,2947548.0
2024-06-20,BNP.PA,60.11000061035156,60.11000061035156,60.34000015258789,58.83000183105469,58.97999954223633,2735541.0
2024-06-21,BNP.PA,59.33000183105469,59.33000183105469,60.47999954223633,58.720001220703125,60.0,6377244.0
2024-06-24,BNP.PA,61.27000045776367,61.27000045776367,61.41999816894531,59.400001525878906,59.400001525878906,3799351.0
2024-06-25,BNP.PA,60.560001373291016,60.560001373291016,61.5099983215332,60.220001220703125,61.41999816894531,3411239.0
2024-06-26,BNP.PA,60.25,60.25,61.279998779296875,59.959999084472656,60.7599983215332,3252961.0
2024-06-27,BNP.PA,60.02000045776367,60.02000045776367,60.68000030517578,59.58000183105469,60.45000076293945,3437993.0
2024-06-28,BNP.PA,59.529998779296875,59.529998779296875,60.36000061035156,59.18000030517578,60.33000183105469,4476230.0
2024-07-01,BNP.PA,61.66999816894531,61.66999816894531,62.959999084472656,60.959999084472656,62.900001525878906,4655869.0
2024-07-02,BNP.PA,61.22999954223633,61.22999954223633,61.470001220703125,60.43000030517578,61.209999084472656,2578874.0
2024-07-03,BNP.PA,62.72999954223633,62.72999954223633,63.18000030517578,61.54999923706055,61.75,3555561.0
2024-07-04,BNP.PA,63.91999816894531,63.91999816894531,64.5,63.33000183105469,63.5,2798016.0
2024-07-05,BNP.PA,63.65999984741211,63.65999984741211,64.0999984741211,63.16999816894531,64.08000183105469,2358461.0
2024-07-08,BNP.PA,62.540000915527344,62.540000915527344,64.18000030517578,62.540000915527344,63.0,3007412.0
2024-07-09,BNP.PA,61.06999969482422,61.06999969482422,62.33000183105469,60.540000915527344,62.119998931884766,3863035.0
2024-07-10,BNP.PA,61.619998931884766,61.619998931884766,61.939998626708984,60.79999923706055,61.36000061035156,1924593.0
2024-07-11,BNP.PA,62.02000045776367,62.02000045776367,62.459999084472656,61.619998931884766,62.0,1692308.0
2024-07-12,BNP.PA,62.439998626708984,62.439998626708984,62.72999954223633,62.06999969482422,62.22999954223633,1800462.0
2024-07-15,BNP.PA,62.7400016784668,62.7400016784668,62.86000061035156,61.650001525878906,62.04999923706055,1580214.0
2024-07-16,BNP.PA,62.56999969482422,62.56999969482422,62.7400016784668,61.959999084472656,62.36000061035156,1353639.0
2024-07-17,BNP.PA,63.029998779296875,63.029998779296875,63.369998931884766,62.220001220703125,62.369998931884766,1890688.0
2024-07-18,BNP.PA,63.650001525878906,63.650001525878906,63.72999954223633,63.040000915527344,63.38999938964844,2131235.0
2024-07-19,BNP.PA,63.04999923706055,63.04999923706055,63.2400016784668,62.65999984741211,63.04999923706055,2758555.0
2024-07-22,BNP.PA,64.52999877929688,64.52999877929688,64.58999633789062,63.18000030517578,63.400001525878906,2579090.0
2024-07-23,BNP.PA,64.69000244140625,64.69000244140625,65.04000091552734,64.18000030517578,64.52999877929688,2555763.0
2024-07-24,BNP.PA,64.08000183105469,64.08000183105469,64.8499984741211,62.900001525878906,64.80000305175781,2674629.0
2024-07-25,BNP.PA,64.55999755859375,64.55999755859375,64.6500015258789,62.709999084472656,63.54999923706055,2229646.0
2024-07-26,BNP.PA,64.45999908447266,64.45999908447266,65.02999877929688,64.31999969482422,64.55999755859375,1721058.0
2024-07-29,BNP.PA,63.90999984741211,63.90999984741211,65.12000274658203,63.31999969482422,65.05000305175781,1857337.0
2024-07-30,BNP.PA,64.23999786376953,64.23999786376953,64.73999786376953,63.72999954223633,63.81999969482422,1455532.0
2024-07-31,BNP.PA,63.459999084472656,63.459999084472656,64.37999725341797,63.060001373291016,64.27999877929688,2630196.0
2024-08-01,BNP.PA,61.459999084472656,61.459999084472656,63.0099983215332,61.18000030517578,62.9900016784668,3792758.0
2024-08-02,BNP.PA,59.65999984741211,59.65999984741211,61.15999984741211,59.150001525878906,61.150001525878906,4648756.0
2024-08-05,BNP.PA,58.599998474121094,58.599998474121094,58.7599983215332,55.84000015258789,56.7599983215332,4847967.0
2024-08-06,BNP.PA,57.83000183105469,57.83000183105469,59.650001525878906,57.45000076293945,59.619998931884766,3470163.0
2024-08-07,BNP.PA,59.459999084472656,59.459999084472656,60.060001373291016,58.400001525878906,58.86000061035156,3846128.0
2024-08-08,BNP.PA,59.41999816894531,59.41999816894531,59.599998474121094,58.45000076293945,59.16999816894531,1704485.0
2024-08-09,BNP.PA,59.25,59.25,60.2599983215332,58.97999954223633,59.77000045776367,1725418.0
2024-08-12,BNP.PA,59.25,59.25,59.790000915527344,59.11000061035156,59.65999984741211,1361369.0
2024-08-13,BNP.PA,59.27000045776367,59.27000045776367,59.709999084472656,58.95000076293945,59.709999084472656,1408935.0
2024-08-14,BNP.PA,59.75,59.75,59.790000915527344,59.38999938964844,59.75,1798601.0
2024-08-15,BNP.PA,60.470001220703125,60.470001220703125,60.900001525878906,59.61000061035156,59.93000030517578,1901263.0
2024-08-16,BNP.PA,61.119998931884766,61.119998931884766,61.290000915527344,60.54999923706055,60.630001068115234,1845643.0
2024-08-19,BNP.PA,61.36000061035156,61.36000061035156,61.86000061035156,61.18000030517578,61.279998779296875,1402256.0
2024-08-20,BNP.PA,60.90999984741211,60.90999984741211,61.650001525878906,60.630001068115234,61.52000045776367,1388031.0
2024-08-21,BNP.PA,61.18000030517578,61.18000030517578,61.40999984741211,60.66999816894531,60.810001373291016,1415680.0
2024-08-22,BNP.PA,61.08000183105469,61.08000183105469,61.540000915527344,60.88999938964844,61.15999984741211,1219696.0
2024-08-23,BNP.PA,61.41999816894531,61.41999816894531,61.61000061035156,61.029998779296875,61.45000076293945,1539381.0
2024-08-26,BNP.PA,61.45000076293945,61.45000076293945,61.75,61.150001525878906,61.5,824515.0
2024-08-27,BNP.PA,61.9900016784668,61.9900016784668,62.20000076293945,61.38999938964844,61.38999938964844,1394488.0
2024-08-28,BNP.PA,61.880001068115234,61.880001068115234,62.279998779296875,61.529998779296875,62.16999816894531,1194154.0
2024-08-29,BNP.PA,62.11000061035156,62.11000061035156,62.58000183105469,61.79999923706055,61.79999923706055,1482081.0
2024-08-30,BNP.PA,62.58000183105469,62.58000183105469,62.7599983215332,62.22999954223633,62.59000015258789,2283144.0
2024-09-02,BNP.PA,62.43000030517578,62.43000030517578,62.790000915527344,61.83000183105469,62.52000045776367,868046.0
2024-09-03,BNP.PA,61.68000030517578,61.68000030517578,62.88999938964844,61.150001525878906,62.560001373291016,2131707.0
2024-09-04,BNP.PA,61.91999816894531,61.91999816894531,62.11000061035156,60.540000915527344,60.709999084472656,1702441.0
2024-09-05,BNP.PA,63.61000061035156,63.61000061035156,63.84000015258789,61.540000915527344,61.58000183105469,2748287.0
2024-09-06,BNP.PA,62.18000030517578,62.18000030517578,63.599998474121094,61.88999938964844,63.290000915527344,2823213.0
2024-09-09,BNP.PA,62.56999969482422,62.56999969482422,63.0099983215332,62.08000183105469,62.20000076293945,1689491.0
2024-09-10,BNP.PA,62.18000030517578,62.18000030517578,63.220001220703125,61.95000076293945,62.5099983215332,1531845.0
2024-09-11,BNP.PA,62.61000061035156,62.61000061035156,63.060001373291016,61.7599983215332,62.619998931884766,1731219.0
2024-09-12,BNP.PA,63.470001220703125,63.470001220703125,63.900001525878906,62.79999923706055,63.290000915527344,2425097.0
2024-09-13,BNP.PA,63.369998931884766,63.369998931884766,63.97999954223633,63.34000015258789,63.380001068115234,1562486.0
2024-09-16,BNP.PA,63.290000915527344,63.290000915527344,63.41999816894531,62.72999954223633,63.0,1078696.0
2024-09-17,BNP.PA,64.44999694824219,64.44999694824219,64.54000091552734,63.689998626708984,63.689998626708984,2197849.0
2024-09-18,BNP.PA,64.1500015258789,64.1500015258789,64.54000091552734,63.9900016784668,64.0999984741211,1495272.0
2024-09-19,BNP.PA,65.16999816894531,65.16999816894531,65.19999694824219,64.68000030517578,65.0,2272187.0
2024-09-20,BNP.PA,64.77999877929688,64.77999877929688,65.5999984741211,64.5199966430664,65.30000305175781,4555256.0
2024-09-23,BNP.PA,62.40999984741211,62.40999984741211,64.8499984741211,61.5099983215332,64.80000305175781,3820413.0
2024-09-24,BNP.PA,62.81999969482422,62.81999969482422,63.52000045776367,62.689998626708984,62.88999938964844,1969233.0
2024-09-25,BNP.PA,62.310001373291016,62.310001373291016,62.65999984741211,61.58000183105469,62.220001220703125,1645527.0
2024-09-26,BNP.PA,63.2400016784668,63.2400016784668,63.779998779296875,62.84000015258789,62.900001525878906,2172542.0
2024-09-27,BNP.PA,63.29999923706055,63.29999923706055,63.68000030517578,62.810001373291016,62.97999954223633,2468619.0
2024-09-30,BNP.PA,61.54999923706055,61.54999923706055,62.4900016784668,61.2599983215332,62.459999084472656,3401241.0
2024-10-01,BNP.PA,61.13999938964844,61.13999938964844,62.029998779296875,60.52000045776367,61.66999816894531,3016067.0
2024-10-02,BNP.PA,60.959999084472656,60.959999084472656,61.56999969482422,60.630001068115234,61.0099983215332,1856508.0
2024-10-03,BNP.PA,60.09000015258789,60.09000015258789,60.75,59.66999816894531,60.68000030517578,2721746.0
2024-10-04,BNP.PA,60.86000061035156,60.86000061035156,61.380001068115234,60.04999923706055,60.119998931884766,3156894.0
2024-10-07,BNP.PA,61.810001373291016,61.810001373291016,61.810001373291016,60.779998779296875,61.5099983215332,2118029.0
2024-10-08,BNP.PA,61.900001525878906,61.900001525878906,62.150001525878906,61.11000061035156,61.15999984741211,1697615.0
2024-10-09,BNP.PA,62.099998474121094,62.099998474121094,62.13999938964844,61.459999084472656,61.95000076293945,1933761.0
2024-10-10,BNP.PA,61.91999816894531,61.91999816894531,62.45000076293945,61.880001068115234,62.11000061035156,1495515.0
2024-10-11,BNP.PA,62.15999984741211,62.15999984741211,62.5099983215332,61.75,61.86000061035156,1447840.0
2024-10-14,BNP.PA,62.91999816894531,62.91999816894531,62.91999816894531,62.119998931884766,62.33000183105469,1498110.0
2024-10-15,BNP.PA,63.709999084472656,63.709999084472656,63.810001373291016,62.63999938964844,63.04999923706055,2926156.0
2024-10-16,BNP.PA,64.4800033569336,64.4800033569336,64.4800033569336,63.220001220703125,63.470001220703125,2547930.0
2024-10-17,BNP.PA,65.61000061035156,65.61000061035156,65.94999694824219,64.4800033569336,64.52999877929688,3538311.0
2024-10-18,BNP.PA,66.2699966430664,66.2699966430664,66.72000122070312,65.27999877929688,65.31999969482422,3181758.0
2024-10-21,BNP.PA,65.80000305175781,65.80000305175781,66.30999755859375,65.08000183105469,65.97000122070312,1753455.0
2024-10-22,BNP.PA,65.69999694824219,65.69999694824219,65.8499984741211,64.83999633789062,65.55999755859375,1314922.0
2024-10-23,BNP.PA,65.2300033569336,65.2300033569336,65.80000305175781,65.12000274658203,65.5199966430664,1702979.0
2024-10-24,BNP.PA,65.33000183105469,65.33000183105469,65.93000030517578,65.2699966430664,65.31999969482422,1747989.0
2024-10-25,BNP.PA,65.33000183105469,65.33000183105469,65.91000366210938,65.08000183105469,65.16000366210938,1462627.0
2024-10-28,BNP.PA,66.0199966430664,66.0199966430664,66.12000274658203,65.29000091552734,65.7300033569336,1879445.0
2024-10-29,BNP.PA,65.94000244140625,65.94000244140625,66.98999786376953,65.75,66.5999984741211,2294320.0
2024-10-30,BNP.PA,65.5,65.5,65.86000061035156,64.79000091552734,65.51000213623047,2065998.0
2024-10-31,BNP.PA,62.75,62.75,62.86000061035156,60.599998474121094,61.790000915527344,7008244.0
2024-11-01,BNP.PA,63.040000915527344,63.040000915527344,63.41999816894531,62.349998474121094,62.56999969482422,3008056.0
2024-11-04,BNP.PA,62.869998931884766,62.869998931884766,63.439998626708984,62.66999816894531,62.9900016784668,1950835.0
2024-11-05,BNP.PA,62.7400016784668,62.7400016784668,62.959999084472656,62.02000045776367,62.790000915527344,2153744.0
2024-11-06,BNP.PA,61.06999969482422,61.06999969482422,63.97999954223633,60.470001220703125,63.560001373291016,5045283.0
2024-11-07,BNP.PA,59.04999923706055,59.04999923706055,61.33000183105469,59.04999923706055,60.959999084472656,5322315.0
2024-11-08,BNP.PA,59.7599983215332,59.7599983215332,59.779998779296875,58.83000183105469,59.2599983215332,4731196.0
2024-11-11,BNP.PA,60.939998626708984,60.939998626708984,60.939998626708984,59.939998626708984,60.0099983215332,3062744.0
2024-11-12,BNP.PA,59.380001068115234,59.380001068115234,60.380001068115234,59.06999969482422,60.16999816894531,3871602.0
2024-11-13,BNP.PA,59.119998931884766,59.119998931884766,59.84000015258789,58.4900016784668,59.150001525878906,2782805.0
2024-11-14,BNP.PA,59.470001220703125,59.470001220703125,59.91999816894531,59.130001068115234,59.380001068115234,2110841.0
2024-11-15,BNP.PA,60.11000061035156,60.11000061035156,60.400001525878906,59.16999816894531,59.22999954223633,2304077.0
2024-11-18,BNP.PA,60.41999816894531,60.41999816894531,60.59000015258789,60.029998779296875,60.2599983215332,1536817.0
2024-11-19,BNP.PA,59.310001373291016,59.310001373291016,60.810001373291016,58.41999816894531,60.279998779296875,3298668.0
2024-11-20,BNP.PA,58.4900016784668,58.4900016784668,59.61000061035156,58.22999954223633,59.529998779296875,3040698.0
2024-11-21,BNP.PA,58.220001220703125,58.220001220703125,58.619998931884766,57.869998931884766,58.33000183105469,3475100.0
2024-11-22,BNP.PA,56.91999816894531,56.91999816894531,58.7599983215332,56.130001068115234,58.599998474121094,5607002.0
2024-11-25,BNP.PA,56.97999954223633,56.97999954223633,57.380001068115234,56.36000061035156,57.310001373291016,4787044.0
2024-11-26,BNP.PA,56.29999923706055,56.29999923706055,56.86000061035156,56.02000045776367,56.5,2952549.0
2024-11-27,BNP.PA,55.630001068115234,55.630001068115234,55.75,54.630001068115234,55.70000076293945,4618436.0
2024-11-28,BNP.PA,56.13999938964844,56.13999938964844,56.38999938964844,55.54999923706055,55.880001068115234,2383392.0
2024-11-29,BNP.PA,56.63999938964844,56.63999938964844,56.93000030517578,55.54999923706055,55.599998474121094,3399190.0
2024-12-02,BNP.PA,55.939998626708984,55.939998626708984,56.779998779296875,55.31999969482422,55.599998474121094,4192383.0
2024-12-03,BNP.PA,55.779998779296875,55.779998779296875,56.90999984741211,55.52000045776367,56.22999954223633,3632470.0
2024-12-04,BNP.PA,56.5,56.5,56.81999969482422,55.79999923706055,55.83000183105469,2626120.0
2024-12-05,BNP.PA,57.970001220703125,57.970001220703125,58.09000015258789,56.290000915527344,56.36000061035156,3646351.0
2024-12-06,BNP.PA,58.56999969482422,58.56999969482422,59.099998474121094,57.88999938964844,57.959999084472656,3758878.0
2024-12-09,BNP.PA,60.060001373291016,60.060001373291016,60.27000045776367,59.189998626708984,59.189998626708984,3643529.0
2024-12-10,BNP.PA,59.70000076293945,59.70000076293945,60.119998931884766,59.470001220703125,59.869998931884766,3017820.0
2024-12-11,BNP.PA,59.59000015258789,59.59000015258789,59.97999954223633,59.380001068115234,59.59000015258789,1806949.0
2024-12-12,BNP.PA,58.91999816894531,58.91999816894531,59.93000030517578,58.70000076293945,59.779998779296875,3064965.0
2024-12-13,BNP.PA,58.939998626708984,58.939998626708984,59.349998474121094,58.77000045776367,59.0099983215332,2159456.0
2024-12-16,BNP.PA,58.81999969482422,58.81999969482422,59.290000915527344,58.45000076293945,58.63999938964844,1775368.0
2024-12-17,BNP.PA,58.25,58.25,58.84000015258789,58.25,58.56999969482422,3075365.0
2024-12-18,BNP.PA,58.630001068115234,58.630001068115234,59.209999084472656,58.2400016784668,58.31999969482422,2891991.0
2024-12-19,BNP.PA,57.810001373291016,57.810001373291016,58.09000015258789,57.220001220703125,57.58000183105469,2800740.0
2024-12-20,BNP.PA,57.47999954223633,57.47999954223633,57.599998474121094,56.599998474121094,57.36000061035156,4839471.0
2024-12-23,BNP.PA,57.439998626708984,57.439998626708984,57.529998779296875,57.0099983215332,57.52000045776367,1395481.0
2024-12-24,BNP.PA,57.540000915527344,57.540000915527344,57.90999984741211,57.540000915527344,57.81999969482422,479686.0
2024-12-27,BNP.PA,58.540000915527344,58.540000915527344,58.66999816894531,57.900001525878906,57.900001525878906,2338135.0
2024-12-30,BNP.PA,58.72999954223633,58.72999954223633,59.33000183105469,58.41999816894531,58.470001220703125,1667203.0
2024-12-31,BNP.PA,59.220001220703125,59.220001220703125,59.400001525878906,58.4900016784668,58.540000915527344,796685.0
2025-01-02,BNP.PA,59.25,59.25,60.0,57.91999816894531,59.540000915527344,1571471.0
2025-01-03,BNP.PA,58.4900016784668,58.4900016784668,59.43000030517578,58.18000030517578,59.18000030517578,2635522.0
2025-01-06,BNP.PA,60.029998779296875,60.029998779296875,60.369998931884766,59.0,59.43000030517578,3444327.0
2025-01-07,BNP.PA,60.400001525878906,60.400001525878906,61.08000183105469,59.34000015258789,59.91999816894531,3010929.0
2025-01-08,BNP.PA,60.13999938964844,60.13999938964844,60.900001525878906,59.290000915527344,60.38999938964844,2534021.0
2025-01-09,BNP.PA,59.95000076293945,59.95000076293945,60.209999084472656,59.040000915527344,59.61000061035156,1759110.0
2025-01-10,BNP.PA,59.349998474121094,59.349998474121094,60.209999084472656,59.20000076293945,59.790000915527344,3177621.0
2025-01-13,BNP.PA,59.63999938964844,59.63999938964844,59.84000015258789,58.79999923706055,59.290000915527344,2249295.0
2025-01-14,BNP.PA,60.810001373291016,60.810001373291016,61.41999816894531,60.630001068115234,60.630001068115234,3608506.0
2025-01-15,BNP.PA,62.08000183105469,62.08000183105469,62.349998474121094,60.47999954223633,61.029998779296875,4240049.0
2025-01-16,BNP.PA,62.209999084472656,62.209999084472656,62.79999923706055,61.959999084472656,62.79999923706055,2413140.0
2025-01-17,BNP.PA,62.2400016784668,62.2400016784668,62.7400016784668,62.029998779296875,62.560001373291016,3346287.0
2025-01-20,BNP.PA,62.95000076293945,62.95000076293945,63.25,62.43000030517578,62.5099983215332,2581551.0
2025-01-21,BNP.PA,63.11000061035156,63.11000061035156,63.209999084472656,62.72999954223633,63.029998779296875,1841077.0
2025-01-22,BNP.PA,62.310001373291016,62.310001373291016,63.18000030517578,62.130001068115234,63.040000915527344,2831825.0
2025-01-23,BNP.PA,63.380001068115234,63.380001068115234,63.439998626708984,62.529998779296875,62.560001373291016,2412811.0
2025-01-24,BNP.PA,63.61000061035156,63.61000061035156,64.37999725341797,63.369998931884766,63.7400016784668,1858272.0
2025-01-27,BNP.PA,64.2300033569336,64.2300033569336,64.52999877929688,63.369998931884766,63.43000030517578,3000292.0
2025-01-28,BNP.PA,64.58000183105469,64.58000183105469,65.04000091552734,64.05000305175781,64.2300033569336,2440646.0
2025-01-29,BNP.PA,64.66999816894531,64.66999816894531,64.80000305175781,64.05999755859375,64.48999786376953,2128766.0
2025-01-30,BNP.PA,65.66000366210938,65.66000366210938,65.93000030517578,64.58000183105469,64.79000091552734,2838071.0
2025-01-31,BNP.PA,65.72000122070312,65.72000122070312,66.06999969482422,65.44999694824219,65.5999984741211,2930668.0
2025-02-03,BNP.PA,64.31999969482422,64.31999969482422,64.8499984741211,63.79999923706055,64.18000030517578,4014970.0
2025-02-04,BNP.PA,67.05000305175781,67.05000305175781,67.05000305175781,65.0199966430664,66.5,5238937.0
2025-02-05,BNP.PA,66.4000015258789,66.4000015258789,67.37999725341797,65.87000274658203,66.97000122070312,3172600.0
2025-02-06,BNP.PA,68.26000213623047,68.26000213623047,68.44999694824219,66.55000305175781,66.75,4195725.0
2025-02-07,BNP.PA,69.44999694824219,69.44999694824219,69.73999786376953,68.80999755859375,68.98999786376953,4583335.0
2025-02-10,BNP.PA,69.48999786376953,69.48999786376953,70.11000061035156,69.30999755859375,69.43000030517578,3623884.0
2025-02-11,BNP.PA,70.12999725341797,70.12999725341797,70.22000122070312,69.37000274658203,69.69999694824219,2409379.0
2025-02-12,BNP.PA,70.94000244140625,70.94000244140625,71.12999725341797,70.45999908447266,70.58000183105469,2772529.0
2025-02-13,BNP.PA,70.0999984741211,70.0999984741211,71.54000091552734,69.80000305175781,71.4800033569336,3067525.0
2025-02-14,BNP.PA,69.94999694824219,69.94999694824219,70.31999969482422,69.73999786376953,69.98999786376953,2784882.0
2025-02-17,BNP.PA,69.83000183105469,69.83000183105469,70.70999908447266,69.83000183105469,70.02999877929688,1505907.0
2025-02-18,BNP.PA,71.08999633789062,71.08999633789062,71.2699966430664,69.87000274658203,69.94999694824219,2644716.0
2025-02-19,BNP.PA,70.30000305175781,70.30000305175781,71.19999694824219,69.97000122070312,70.88999938964844,2497449.0
2025-02-20,BNP.PA,70.87000274658203,70.87000274658203,71.54000091552734,70.37000274658203,70.37000274658203,3309235.0
2025-02-21,BNP.PA,71.12000274658203,71.12000274658203,71.44000244140625,70.75,70.83999633789062,2525080.0
2025-02-24,BNP.PA,71.08000183105469,71.08000183105469,71.58999633789062,70.79000091552734,71.0199966430664,1770629.0
2025-02-25,BNP.PA,72.11000061035156,72.11000061035156,72.66000366210938,71.0,71.0,2874998.0
2025-02-26,BNP.PA,72.72000122070312,72.72000122070312,72.87999725341797,71.91999816894531,72.41000366210938,2369568.0
2025-02-27,BNP.PA,72.61000061035156,72.61000061035156,73.5199966430664,72.08000183105469,72.5,2299727.0
2025-02-28,BNP.PA,72.86000061035156,72.86000061035156,72.86000061035156,71.70999908447266,72.37000274658203,4812789.0
2025-03-03,BNP.PA,74.0199966430664,74.0199966430664,74.41000366210938,72.12000274658203,72.63999938964844,3282247.0
2025-03-04,BNP.PA,71.69000244140625,71.69000244140625,73.4800033569336,70.9800033569336,73.04000091552734,3943060.0
2025-03-05,BNP.PA,74.66000366210938,74.66000366210938,75.41999816894531,73.2300033569336,74.0,5127533.0
2025-03-06,BNP.PA,77.16999816894531,77.16999816894531,77.72000122070312,75.5999984741211,75.79000091552734,4960960.0
2025-03-07,BNP.PA,76.56999969482422,76.56999969482422,77.30999755859375,76.20999908447266,76.66999816894531,3555933.0
2025-03-10,BNP.PA,74.44000244140625,74.44000244140625,76.76000213623047,74.3499984741211,76.47000122070312,3997676.0
2025-03-11,BNP.PA,72.95999908447266,72.95999908447266,75.02999877929688,72.27999877929688,74.9000015258789,4200358.0
2025-03-12,BNP.PA,73.69000244140625,73.69000244140625,74.69999694824219,73.66999816894531,73.73999786376953,3137680.0
2025-03-13,BNP.PA,73.55000305175781,73.55000305175781,74.08000183105469,72.97000122070312,73.47000122070312,2891928.0
2025-03-14,BNP.PA,75.72000122070312,75.72000122070312,76.37999725341797,72.68000030517578,73.05000305175781,3843234.0
2025-03-17,BNP.PA,77.91000366210938,77.91000366210938,78.16000366210938,75.9000015258789,76.0,3644074.0
2025-03-18,BNP.PA,80.20999908447266,80.20999908447266,80.43000030517578,78.04000091552734,78.05000305175781,5488254.0
2025-03-19,BNP.PA,80.86000061035156,80.86000061035156,80.97000122070312,79.9000015258789,79.91000366210938,3170970.0
2025-03-20,BNP.PA,79.05000305175781,79.05000305175781,80.87999725341797,78.44999694824219,80.69999694824219,3094729.0
2025-03-21,BNP.PA,79.72000122070312,79.72000122070312,80.22000122070312,78.41999816894531,78.94999694824219,7614235.0
2025-03-24,BNP.PA,79.43000030517578,79.43000030517578,80.81999969482422,79.43000030517578,80.55999755859375,2433226.0
2025-03-25,BNP.PA,81.58000183105469,81.58000183105469,81.58000183105469,79.7699966430664,79.88999938964844,3139788.0
2025-03-26,BNP.PA,80.4000015258789,80.4000015258789,81.41000366210938,80.16999816894531,81.36000061035156,2745755.0
2025-03-27,BNP.PA,79.66999816894531,79.66999816894531,80.72000122070312,78.66999816894531,79.52999877929688,2585313.0
2025-03-28,BNP.PA,78.55000305175781,78.55000305175781,79.55000305175781,78.31999969482422,78.68000030517578,3530438.0
2025-03-31,BNP.PA,76.91000366210938,76.91000366210938,77.80000305175781,76.27999877929688,77.6500015258789,4346990.0
2025-04-01,BNP.PA,78.48999786376953,78.48999786376953,78.62000274658203,76.8499984741211,77.33000183105469,3214861.0
2025-04-02,BNP.PA,77.75,77.75,77.75,76.16000366210938,76.88999938964844,3709465.0
2025-04-03,BNP.PA,73.69999694824219,73.69999694824219,75.95999908447266,73.69999694824219,75.7699966430664,5866719.0
2025-04-04,BNP.PA,68.66999816894531,68.66999816894531,72.48999786376953,66.76000213623047,72.3499984741211,10424235.0
2025-04-07,BNP.PA,66.0999984741211,66.0999984741211,69.37999725341797,61.0,62.099998474121094,10054532.0
2025-04-08,BNP.PA,66.19000244140625,66.19000244140625,68.26000213623047,65.05000305175781,67.80000305175781,5756388.0
2025-04-09,BNP.PA,63.779998779296875,63.779998779296875,65.30000305175781,62.45000076293945,63.68000030517578,6059025.0
2025-04-10,BNP.PA,67.2300033569336,67.2300033569336,73.62999725341797,67.2300033569336,73.62999725341797,7709559.0
2025-04-11,BNP.PA,65.61000061035156,65.61000061035156,68.80000305175781,64.0199966430664,68.1500015258789,5435045.0
2025-04-14,BNP.PA,68.5,68.5,68.94999694824219,67.69000244140625,68.19000244140625,4086459.0
2025-04-15,BNP.PA,70.58000183105469,70.58000183105469,70.68000030517578,68.58000183105469,68.58000183105469,3565333.0
2025-04-16,BNP.PA,71.58000183105469,71.58000183105469,71.66000366210938,69.80000305175781,69.93000030517578,3171170.0
2025-04-17,BNP.PA,70.73999786376953,70.73999786376953,71.91999816894531,70.12999725341797,71.69000244140625,2922984.0
2025-04-22,BNP.PA,71.62000274658203,71.62000274658203,71.91000366210938,70.5999984741211,70.94999694824219,2644851.0
2025-04-23,BNP.PA,73.81999969482422,73.81999969482422,74.80999755859375,72.8499984741211,73.0999984741211,4756299.0
2025-04-24,BNP.PA,72.2300033569336,72.2300033569336,72.80999755859375,70.61000061035156,71.91999816894531,3705193.0
2025-04-25,BNP.PA,72.80999755859375,72.80999755859375,73.19999694824219,72.19999694824219,72.9000015258789,2764070.0
2023-04-28,CS.PA,26.21660041809082,29.56999969482422,29.68000030517578,29.094999313354492,29.63999938964844,3916748.0
2023-05-02,CS.PA,25.569385528564453,28.84000015258789,29.670000076293945,28.73500061035156,29.665000915527344,5526193.0
2023-05-03,CS.PA,25.529491424560547,28.795000076293945,29.049999237060547,28.704999923706055,28.979999542236328,3510295.0
2023-05-04,CS.PA,24.953203201293945,28.145000457763672,28.7450008392334,28.01499938964844,28.579999923706055,5158490.0
2023-05-05,CS.PA,25.58711814880371,28.86000061035156,28.950000762939453,28.424999237060547,28.454999923706055,5621930.0
2023-05-08,CS.PA,26.05345344543457,27.655000686645508,27.655000686645508,27.174999237060547,27.3700008392334,5653503.0
2023-05-09,CS.PA,25.9498233795166,27.545000076293945,27.565000534057617,27.2450008392334,27.46500015258789,4317338.0
2023-05-10,CS.PA,25.58711814880371,27.15999984741211,27.709999084472656,26.979999542236328,27.6200008392334,4097485.0
2023-05-11,CS.PA,25.365726470947266,26.924999237060547,27.34000015258789,26.65999984741211,27.2549991607666,3245269.0
2023-05-12,CS.PA,25.38456916809082,26.94499969482422,27.290000915527344,26.905000686645508,27.084999084472656,3623081.0
2023-05-15,CS.PA,26.001638412475582,27.600000381469727,27.815000534057617,27.21500015258789,27.23500061035156,4962953.0
2023-05-16,CS.PA,26.152372360229492,27.760000228881836,27.899999618530273,27.344999313354492,27.399999618530273,4977393.0
2023-05-17,CS.PA,26.044031143188477,27.645000457763672,27.725000381469727,27.520000457763672,27.649999618530273,3235225.0
2023-05-18,CS.PA,26.138240814208984,27.7450008392334,27.979999542236328,27.674999237060547,27.700000762939453,2885301.0
2023-05-19,CS.PA,26.157081604003903,27.76499938964844,27.93000030517578,27.44499969482422,27.770000457763672,4250022.0
2023-05-22,CS.PA,26.138240814208984,27.7450008392334,27.795000076293945,27.565000534057617,27.739999771118164,3075601.0
2023-05-23,CS.PA,26.246580123901367,27.86000061035156,27.96500015258789,27.65999984741211,27.690000534057617,3184776.0
2023-05-24,CS.PA,25.58711814880371,27.15999984741211,27.68000030517578,26.959999084472656,27.584999084472656,5578506.0
2023-05-25,CS.PA,25.403411865234375,26.96500015258789,27.15999984741211,26.575000762939453,27.11000061035156,3124936.0
2023-05-26,CS.PA,25.525882720947266,27.094999313354492,27.19499969482422,26.51499938964844,27.145000457763672,3871123.0
2023-05-29,CS.PA,25.671905517578125,27.25,27.364999771118164,27.149999618530273,27.280000686645508,2292642.0
2023-05-30,CS.PA,25.403411865234375,26.96500015258789,27.329999923706055,26.94499969482422,27.19499969482422,3531076.0
2023-05-31,CS.PA,24.885263442993164,26.415000915527344,27.165000915527344,26.405000686645508,26.75,13608709.0
2023-06-01,CS.PA,25.224414825439453,26.774999618530273,26.86000061035156,26.51499938964844,26.684999465942383,3188219.0
2023-06-02,CS.PA,25.676616668701172,27.2549991607666,27.385000228881836,26.895000457763672,27.0049991607666,4804719.0
2023-06-05,CS.PA,25.60124969482422,27.174999237060547,27.594999313354492,27.045000076293945,27.479999542236328,3155011.0
2023-06-06,CS.PA,25.68132781982422,27.260000228881836,27.364999771118164,27.09000015258789,27.170000076293945,2066798.0
2023-06-07,CS.PA,25.57769775390625,27.149999618530273,27.309999465942383,26.959999084472656,27.25,3127254.0
2023-06-08,CS.PA,25.492908477783203,27.059999465942383,27.38999938964844,26.934999465942383,27.280000686645508,2895832.0
2023-06-09,CS.PA,24.98418235778809,26.520000457763672,27.1200008392334,26.459999084472656,27.01499938964844,4507915.0
2023-06-12,CS.PA,24.710975646972656,26.229999542236328,26.725000381469727,26.229999542236328,26.725000381469727,4145099.0
2023-06-13,CS.PA,24.8522891998291,26.3799991607666,26.4950008392334,26.030000686645508,26.34000015258789,4463323.0
2023-06-14,CS.PA,25.111364364624023,26.655000686645508,26.915000915527344,26.309999465942383,26.309999465942383,4766158.0
2023-06-15,CS.PA,25.03599739074707,26.575000762939453,26.645000457763672,26.2450008392334,26.549999237060547,3489015.0
2023-06-16,CS.PA,24.871129989624023,26.399999618530273,26.86000061035156,26.399999618530273,26.584999084472656,18660060.0
2023-06-19,CS.PA,24.84286880493164,26.3700008392334,26.729999542236328,26.209999084472656,26.5,3813179.0
2023-06-20,CS.PA,24.781633377075195,26.30500030517578,26.524999618530273,26.209999084472656,26.2549991607666,2911249.0
2023-06-21,CS.PA,24.739238739013672,26.260000228881836,26.405000686645508,26.174999237060547,26.31999969482422,2928098.0
2023-06-22,CS.PA,24.621479034423828,26.135000228881836,26.344999313354492,25.899999618530273,26.049999237060547,3353948.0
2023-06-23,CS.PA,24.880552291870117,26.40999984741211,26.5049991607666,25.815000534057617,26.049999237060547,3919812.0
2023-06-26,CS.PA,24.9888916015625,26.524999618530273,26.61000061035156,25.94499969482422,26.549999237060547,3946282.0
2023-06-27,CS.PA,25.210283279418945,26.760000228881836,26.81999969482422,26.5,26.690000534057617,2812666.0
2023-06-28,CS.PA,25.247966766357425,26.799999237060547,27.040000915527344,26.799999237060547,26.8799991607666,3127992.0
2023-06-29,CS.PA,25.19144058227539,26.739999771118164,27.0049991607666,26.739999771118164,26.895000457763672,3576315.0
2023-06-30,CS.PA,25.459936141967773,27.024999618530273,27.2450008392334,26.905000686645508,26.94499969482422,5832018.0
2023-07-03,CS.PA,25.64364242553711,27.219999313354492,27.44499969482422,27.11000061035156,27.11000061035156,3673540.0
2023-07-04,CS.PA,25.40812110900879,26.969999313354492,27.354999542236328,26.899999618530273,27.270000457763672,2769656.0
2023-07-05,CS.PA,24.494295120239254,26.0,26.799999237060547,26.0,26.739999771118164,5643566.0
2023-07-06,CS.PA,23.971437454223633,25.44499969482422,26.06999969482422,25.30500030517578,25.94499969482422,6617279.0
2023-07-07,CS.PA,23.881938934326172,25.350000381469727,25.645000457763672,25.290000915527344,25.614999771118164,4173820.0
2023-07-10,CS.PA,23.957305908203125,25.43000030517578,25.604999542236328,25.209999084472656,25.260000228881836,2274856.0
2023-07-11,CS.PA,24.320009231567383,25.815000534057617,25.8799991607666,25.440000534057617,25.489999771118164,3048265.0
2023-07-12,CS.PA,25.064258575439453,26.604999542236328,26.7549991607666,25.920000076293945,25.920000076293945,4448634.0
2023-07-13,CS.PA,25.120784759521484,26.665000915527344,26.790000915527344,26.334999084472656,26.600000381469727,2956895.0
2023-07-14,CS.PA,24.814605712890625,26.34000015258789,26.719999313354492,26.290000915527344,26.59000015258789,2975705.0
2023-07-17,CS.PA,24.927656173706055,26.459999084472656,26.61000061035156,26.28499984741211,26.354999542236328,2296270.0
2023-07-18,CS.PA,25.03599739074707,26.575000762939453,26.59000015258789,26.299999237060547,26.434999465942383,1968625.0
2023-07-19,CS.PA,25.09252166748047,26.635000228881836,26.94499969482422,26.454999923706055,26.815000534057617,2472834.0
2023-07-20,CS.PA,25.761404037475582,27.344999313354492,27.440000534057617,26.69499969482422,26.739999771118164,3765259.0
2023-07-21,CS.PA,26.09584617614746,27.700000762939453,27.739999771118164,27.434999465942383,27.459999084472656,3322101.0
2023-07-24,CS.PA,26.166501998901367,27.774999618530273,27.850000381469727,27.53499984741211,27.565000534057617,1966441.0
2023-07-25,CS.PA,26.138240814208984,27.7450008392334,27.905000686645508,27.6299991607666,27.815000534057617,2169366.0
2023-07-26,CS.PA,26.07700538635254,27.68000030517578,27.825000762939453,27.344999313354492,27.780000686645508,2815871.0
2023-07-27,CS.PA,26.44441795349121,28.06999969482422,28.200000762939453,27.815000534057617,27.825000762939453,3887028.0
2023-07-28,CS.PA,26.54804801940918,28.18000030517578,28.459999084472656,28.06999969482422,28.075000762939453,3176213.0
2023-07-31,CS.PA,26.350210189819336,27.969999313354492,28.28499984741211,27.959999084472656,28.149999618530273,3293106.0
2023-08-01,CS.PA,26.171213150024418,27.780000686645508,28.114999771118164,27.69499969482422,28.05500030517578,2503771.0
2023-08-02,CS.PA,25.78024673461914,27.364999771118164,27.625,27.184999465942383,27.51499938964844,4467263.0
2023-08-03,CS.PA,25.35630798339844,26.915000915527344,27.549999237060547,26.760000228881836,27.549999237060547,4992669.0
2023-08-04,CS.PA,25.865034103393555,27.454999923706055,27.540000915527344,26.875,26.9950008392334,3332271.0
2023-08-07,CS.PA,26.044031143188477,27.645000457763672,27.684999465942383,27.329999923706055,27.375,2167922.0
2023-08-08,CS.PA,25.742563247680664,27.325000762939453,27.684999465942383,27.15999984741211,27.479999542236328,3201621.0
2023-08-09,CS.PA,26.058162689208984,27.65999984741211,27.940000534057617,27.65999984741211,27.760000228881836,2811716.0
2023-08-10,CS.PA,26.533918380737305,28.165000915527344,28.450000762939453,27.80500030517578,27.8700008392334,4407771.0
2023-08-11,CS.PA,26.227739334106445,27.84000015258789,28.125,27.704999923706055,28.049999237060547,2493975.0
2023-08-14,CS.PA,26.336078643798828,27.954999923706055,28.06999969482422,27.770000457763672,27.770000457763672,2116184.0
2023-08-15,CS.PA,25.940401077270508,27.53499984741211,28.01499938964844,27.295000076293945,28.01499938964844,2361946.0
2023-08-16,CS.PA,25.82263946533203,27.40999984741211,27.63999938964844,27.334999084472656,27.5,2048176.0
2023-08-17,CS.PA,25.87445640563965,27.46500015258789,27.645000457763672,27.225000381469727,27.295000076293945,2377504.0
2023-08-18,CS.PA,25.60124969482422,27.174999237060547,27.290000915527344,26.94499969482422,27.290000915527344,2918842.0
2023-08-21,CS.PA,25.62009048461914,27.19499969482422,27.5049991607666,27.114999771118164,27.15999984741211,2223944.0
2023-08-22,CS.PA,25.74727249145508,27.329999923706055,27.68000030517578,27.19499969482422,27.225000381469727,2461424.0
2023-08-23,CS.PA,25.82263946533203,27.40999984741211,27.684999465942383,27.334999084472656,27.334999084472656,1712053.0
2023-08-24,CS.PA,25.808509826660156,27.395000457763672,27.719999313354492,27.309999465942383,27.61000061035156,1707091.0
2023-08-25,CS.PA,25.808509826660156,27.395000457763672,27.690000534057617,27.34000015258789,27.350000381469727,1730858.0
2023-08-28,CS.PA,26.10526657104492,27.709999084472656,27.81999969482422,27.5049991607666,27.56999969482422,2168430.0
2023-08-29,CS.PA,26.31252670288086,27.93000030517578,27.9950008392334,27.584999084472656,27.7450008392334,2683772.0
2023-08-30,CS.PA,26.25600242614746,27.8700008392334,28.274999618530273,27.86000061035156,28.0,2412293.0
2023-08-31,CS.PA,26.166501998901367,27.774999618530273,28.114999771118164,27.774999618530273,28.020000457763672,3663552.0
2023-09-01,CS.PA,26.237159729003903,27.850000381469727,28.145000457763672,27.760000228881836,27.76499938964844,2256520.0
2023-09-04,CS.PA,26.11939811706543,27.725000381469727,28.065000534057617,27.6200008392334,27.924999237060547,1834082.0
2023-09-05,CS.PA,26.22302627563477,27.834999084472656,27.9950008392334,27.34000015258789,27.5,2352718.0
2023-09-06,CS.PA,25.987504959106445,27.584999084472656,27.61000061035156,27.18000030517578,27.575000762939453,2938531.0
2023-09-07,CS.PA,25.935691833496097,27.530000686645508,27.774999618530273,27.3700008392334,27.450000762939453,2533455.0
2023-09-08,CS.PA,26.100557327270508,27.704999923706055,27.704999923706055,27.219999313354492,27.635000228881836,2081369.0
2023-09-11,CS.PA,26.336078643798828,27.954999923706055,28.165000915527344,27.854999542236328,27.950000762939453,2377679.0
2023-09-12,CS.PA,26.51507568359375,28.145000457763672,28.165000915527344,27.979999542236328,28.135000228881836,2032707.0
2023-09-13,CS.PA,26.924882888793945,28.579999923706055,28.635000228881836,28.125,28.200000762939453,3912410.0
2023-09-14,CS.PA,27.457164764404297,29.145000457763672,29.239999771118164,28.56999969482422,28.774999618530273,5481414.0
2023-09-15,CS.PA,27.68797492980957,29.38999938964844,29.61000061035156,29.2450008392334,29.299999237060547,8634756.0
2023-09-18,CS.PA,27.381797790527344,29.065000534057617,29.385000228881836,28.899999618530273,29.295000076293945,2973573.0
2023-09-19,CS.PA,27.607898712158203,29.30500030517578,29.3700008392334,29.045000076293945,29.104999542236328,2576595.0
2023-09-20,CS.PA,27.650291442871097,29.350000381469727,29.510000228881836,29.18000030517578,29.385000228881836,2786338.0
2023-09-21,CS.PA,27.457164764404297,29.145000457763672,29.219999313354492,28.8700008392334,29.100000381469727,2721376.0
2023-09-22,CS.PA,27.150983810424805,28.81999969482422,28.975000381469727,28.649999618530273,28.7450008392334,3168352.0
2023-09-25,CS.PA,26.962568283081055,28.6200008392334,28.93000030517578,28.440000534057617,28.6299991607666,2672239.0
2023-09-26,CS.PA,26.986120223999023,28.645000457763672,28.790000915527344,28.479999542236328,28.56999969482422,2778983.0
2023-09-27,CS.PA,26.656389236450195,28.295000076293945,28.565000534057617,28.165000915527344,28.565000534057617,4002751.0
2023-09-28,CS.PA,26.70820426940918,28.350000381469727,28.3700008392334,28.020000457763672,28.274999618530273,3062972.0
2023-09-29,CS.PA,26.54804801940918,28.18000030517578,28.415000915527344,28.020000457763672,28.23500061035156,3769190.0
2023-10-02,CS.PA,26.081714630126953,27.684999465942383,28.309999465942383,27.454999923706055,28.225000381469727,3896653.0
2023-10-03,CS.PA,25.72372055053711,27.30500030517578,27.7549991607666,27.290000915527344,27.43000030517578,3459756.0
2023-10-04,CS.PA,25.63422203063965,27.209999084472656,27.329999923706055,26.940000534057617,27.145000457763672,3464374.0
2023-10-05,CS.PA,25.737852096557617,27.31999969482422,27.450000762939453,27.100000381469727,27.350000381469727,3272986.0
2023-10-06,CS.PA,26.350210189819336,27.969999313354492,27.969999313354492,27.399999618530273,27.5,3924092.0
2023-10-09,CS.PA,26.260711669921875,27.875,27.979999542236328,27.604999542236328,27.795000076293945,2215469.0
2023-10-10,CS.PA,26.679941177368164,28.31999969482422,28.454999923706055,28.040000915527344,28.040000915527344,2998390.0
2023-10-11,CS.PA,26.906042098999023,28.559999465942383,28.63999938964844,28.229999542236328,28.26499938964844,2942697.0
2023-10-12,CS.PA,26.71762466430664,28.36000061035156,28.690000534057617,28.25,28.68000030517578,2313555.0
2023-10-13,CS.PA,26.387893676757812,28.010000228881836,28.4950008392334,27.829999923706055,28.329999923706055,3212409.0
2023-10-16,CS.PA,26.397314071655273,28.020000457763672,28.329999923706055,27.975000381469727,28.184999465942383,1972416.0
2023-10-17,CS.PA,26.63754653930664,28.274999618530273,28.299999237060547,28.0049991607666,28.024999618530273,2271309.0
2023-10-18,CS.PA,26.529207229614254,28.15999984741211,28.454999923706055,28.040000915527344,28.405000686645508,2151088.0
2023-10-19,CS.PA,26.260711669921875,27.875,27.954999923706055,27.584999084472656,27.94499969482422,2712189.0
2023-10-20,CS.PA,25.58711814880371,27.15999984741211,27.625,27.125,27.59000015258789,4409845.0
2023-10-23,CS.PA,25.66719627380371,27.2450008392334,27.30500030517578,26.96500015258789,27.295000076293945,2350982.0
2023-10-24,CS.PA,25.751983642578125,27.334999084472656,27.405000686645508,27.13999938964844,27.344999313354492,2313079.0
2023-10-25,CS.PA,25.992216110229492,27.59000015258789,27.65999984741211,27.274999618530273,27.36000061035156,2998088.0
2023-10-26,CS.PA,25.926271438598633,27.520000457763672,27.579999923706055,27.084999084472656,27.3799991607666,2482794.0
2023-10-27,CS.PA,25.865034103393555,27.454999923706055,27.8700008392334,27.440000534057617,27.719999313354492,2276444.0
2023-10-30,CS.PA,26.227739334106445,27.84000015258789,28.0,27.524999618530273,27.56999969482422,2314200.0
2023-10-31,CS.PA,26.336078643798828,27.954999923706055,28.059999465942383,27.875,27.9950008392334,2711526.0
2023-11-01,CS.PA,26.6469669342041,28.28499984741211,28.350000381469727,27.920000076293945,28.024999618530273,2568831.0
2023-11-02,CS.PA,26.868358612060547,28.520000457763672,28.729999542236328,28.350000381469727,28.420000076293945,3544088.0
2023-11-03,CS.PA,26.53862762451172,28.170000076293945,28.6200008392334,27.26499938964844,28.59000015258789,5804107.0
2023-11-06,CS.PA,26.21831703186035,27.829999923706055,28.270000457763672,27.71500015258789,28.229999542236328,3152279.0
2023-11-07,CS.PA,25.83677101135254,27.424999237060547,27.770000457763672,27.329999923706055,27.6200008392334,3280959.0
2023-11-08,CS.PA,26.10997772216797,27.71500015258789,27.80500030517578,27.040000915527344,27.18000030517578,2652188.0
2023-11-09,CS.PA,26.07700538635254,27.68000030517578,27.760000228881836,27.3799991607666,27.725000381469727,2601076.0
2023-11-10,CS.PA,26.11939811706543,27.725000381469727,28.01499938964844,27.565000534057617,27.684999465942383,3383021.0
2023-11-13,CS.PA,26.42557716369629,28.049999237060547,28.145000457763672,27.7549991607666,27.774999618530273,2954150.0
2023-11-14,CS.PA,26.486812591552734,28.114999771118164,28.299999237060547,27.94499969482422,28.149999618530273,3295408.0
2023-11-15,CS.PA,26.25600242614746,27.8700008392334,28.225000381469727,27.8700008392334,28.170000076293945,2823127.0
2023-11-16,CS.PA,26.354921340942383,27.975000381469727,28.104999542236328,27.88999938964844,27.93000030517578,2445344.0
2023-11-17,CS.PA,26.74117660522461,28.385000228881836,28.44499969482422,27.98500061035156,28.075000762939453,3709351.0
2023-11-20,CS.PA,26.69407081604004,28.334999084472656,28.51499938964844,28.229999542236328,28.450000762939453,1623386.0
2023-11-21,CS.PA,26.566890716552734,28.200000762939453,28.2450008392334,28.05500030517578,28.239999771118164,1952862.0
2023-11-22,CS.PA,26.60457420349121,28.239999771118164,28.489999771118164,28.170000076293945,28.274999618530273,2072849.0
2023-11-23,CS.PA,26.60457420349121,28.239999771118164,28.350000381469727,28.1200008392334,28.329999923706055,1692762.0
2023-11-24,CS.PA,26.8071231842041,28.454999923706055,28.65999984741211,28.2450008392334,28.25,2276937.0
2023-11-27,CS.PA,26.71762466430664,28.36000061035156,28.4950008392334,28.184999465942383,28.420000076293945,1680635.0
2023-11-28,CS.PA,26.83067512512207,28.479999542236328,28.6200008392334,28.299999237060547,28.31999969482422,1774190.0
2023-11-29,CS.PA,26.792991638183594,28.440000534057617,28.614999771118164,28.21500015258789,28.354999542236328,2388249.0
2023-11-30,CS.PA,26.939014434814453,28.594999313354492,28.674999237060547,28.3700008392334,28.524999618530273,7814033.0
2023-12-01,CS.PA,27.221641540527344,28.895000457763672,29.15999984741211,28.875,28.905000686645508,2544369.0
2023-12-04,CS.PA,27.36295509338379,29.045000076293945,29.084999084472656,28.78499984741211,28.875,1894699.0
2023-12-05,CS.PA,27.57492446899414,29.270000457763672,29.299999237060547,28.979999542236328,29.100000381469727,2838949.0
2023-12-06,CS.PA,27.947050094604492,29.665000915527344,29.780000686645508,29.309999465942383,29.405000686645508,4552298.0
2023-12-07,CS.PA,28.16373062133789,29.895000457763672,29.934999465942383,29.549999237060547,29.575000762939453,3055036.0
2023-12-08,CS.PA,28.2579402923584,29.9950008392334,30.030000686645508,29.704999923706055,29.81999969482422,2983232.0
2023-12-11,CS.PA,28.31917381286621,30.059999465942383,30.094999313354492,29.875,29.950000762939453,2917995.0
2023-12-12,CS.PA,28.328594207763672,30.06999969482422,30.184999465942383,29.899999618530273,30.1200008392334,3087520.0
2023-12-13,CS.PA,28.036548614501953,29.760000228881836,30.15999984741211,29.71500015258789,30.0,3424531.0
2023-12-14,CS.PA,27.560792922973633,29.2549991607666,29.94499969482422,29.11000061035156,29.760000228881836,4872415.0
2023-12-15,CS.PA,27.480716705322266,29.170000076293945,29.56999969482422,29.170000076293945,29.395000457763672,7115339.0
2023-12-18,CS.PA,27.42419052124023,29.11000061035156,29.395000457763672,29.05500030517578,29.184999465942383,3051134.0
2023-12-19,CS.PA,27.631450653076172,29.329999923706055,29.395000457763672,28.959999084472656,29.135000228881836,3158585.0
2023-12-20,CS.PA,27.673843383789062,29.375,29.549999237060547,29.31999969482422,29.520000457763672,2198311.0
2023-12-21,CS.PA,27.815156936645508,29.524999618530273,29.6200008392334,29.38999938964844,29.46500015258789,2996032.0
2023-12-22,CS.PA,27.92349624633789,29.63999938964844,29.834999084472656,29.575000762939453,29.649999618530273,1866086.0
2023-12-27,CS.PA,27.866971969604492,29.579999923706055,29.700000762939453,29.48500061035156,29.649999618530273,1582566.0
2023-12-28,CS.PA,27.725658416748047,29.43000030517578,29.760000228881836,29.405000686645508,29.704999923706055,1516227.0
2023-12-29,CS.PA,27.78218460083008,29.489999771118164,29.604999542236328,29.440000534057617,29.5049991607666,1522097.0
2024-01-02,CS.PA,27.998863220214844,29.719999313354492,29.969999313354492,29.6200008392334,29.65999984741211,1974674.0
2024-01-03,CS.PA,27.97060203552246,29.690000534057617,30.100000381469727,29.549999237060547,29.979999542236328,2614796.0
2024-01-04,CS.PA,28.182573318481445,29.915000915527344,30.0,29.684999465942383,29.684999465942383,2269789.0
2024-01-05,CS.PA,28.144887924194336,29.875,29.920000076293945,29.469999313354492,29.809999465942383,2332092.0
2024-01-08,CS.PA,28.17786026000977,29.90999984741211,29.96500015258789,29.65999984741211,29.875,1290406.0
2024-01-09,CS.PA,27.918787002563477,29.635000228881836,29.905000686645508,29.4950008392334,29.905000686645508,2210701.0
2024-01-10,CS.PA,27.82457733154297,29.53499984741211,29.69499969482422,29.450000762939453,29.549999237060547,1829152.0
2024-01-11,CS.PA,27.537240982055664,29.229999542236328,29.7549991607666,29.174999237060547,29.7450008392334,2679652.0
2024-01-12,CS.PA,27.716238021850582,29.420000076293945,29.614999771118164,29.350000381469727,29.469999313354492,1857604.0
2024-01-15,CS.PA,27.716238021850582,29.420000076293945,29.475000381469727,29.28499984741211,29.290000915527344,1671589.0
2024-01-16,CS.PA,27.895235061645508,29.61000061035156,29.61000061035156,29.1200008392334,29.274999618530273,2651318.0
2024-01-17,CS.PA,27.815156936645508,29.524999618530273,29.545000076293945,29.155000686645508,29.350000381469727,2720352.0
2024-01-18,CS.PA,28.22967529296875,29.96500015258789,30.05500030517578,29.334999084472656,29.440000534057617,3047513.0
2024-01-19,CS.PA,28.79492950439453,30.565000534057617,30.63999938964844,30.100000381469727,30.100000381469727,4361481.0
2024-01-22,CS.PA,28.936243057250977,30.71500015258789,30.8799991607666,30.55500030517578,30.799999237060547,2418491.0
2024-01-23,CS.PA,28.84203338623047,30.614999771118164,30.780000686645508,30.434999465942383,30.760000228881836,2604322.0
2024-01-24,CS.PA,29.148212432861328,30.940000534057617,30.98500061035156,30.434999465942383,30.51499938964844,3827707.0
2024-01-25,CS.PA,28.969215393066406,30.75,30.934999465942383,30.65999984741211,30.90999984741211,2595619.0
2024-01-26,CS.PA,29.129369735717773,30.920000076293945,31.15999984741211,30.815000534057617,30.815000534057617,2924888.0
2024-01-29,CS.PA,29.233001708984375,31.030000686645508,31.1200008392334,30.84000015258789,30.950000762939453,1808014.0
2024-01-30,CS.PA,29.331918716430664,31.135000228881836,31.239999771118164,30.90999984741211,31.0,2159277.0
2024-01-31,CS.PA,29.355470657348633,31.15999984741211,31.51499938964844,31.059999465942383,31.395000457763672,3899040.0
2024-02-01,CS.PA,28.73369407653809,30.5,31.174999237060547,30.38999938964844,31.010000228881836,4195790.0
2024-02-02,CS.PA,28.766666412353516,30.53499984741211,30.674999237060547,30.315000534057617,30.649999618530273,2428875.0
2024-02-05,CS.PA,28.64890480041504,30.40999984741211,30.594999313354492,30.170000076293945,30.489999771118164,2351259.0
2024-02-06,CS.PA,28.86558532714844,30.63999938964844,30.76499938964844,30.415000915527344,30.415000915527344,2935953.0
2024-02-07,CS.PA,28.677167892456055,30.440000534057617,30.635000228881836,30.415000915527344,30.600000381469727,1912016.0
2024-02-08,CS.PA,28.33330726623535,30.075000762939453,30.424999237060547,30.06999969482422,30.350000381469727,3259398.0
2024-02-09,CS.PA,28.25322723388672,29.989999771118164,30.155000686645508,29.844999313354492,30.075000762939453,2483677.0
2024-02-12,CS.PA,28.856164932250977,30.6299991607666,30.665000915527344,30.06999969482422,30.100000381469727,3599411.0
2024-02-13,CS.PA,28.860876083374023,30.635000228881836,30.895000457763672,30.469999313354492,30.614999771118164,2696279.0
2024-02-14,CS.PA,28.860876083374023,30.635000228881836,30.7450008392334,30.4950008392334,30.5049991607666,2778309.0
2024-02-15,CS.PA,28.997478485107425,30.780000686645508,30.850000381469727,30.545000076293945,30.739999771118164,2743874.0
2024-02-16,CS.PA,29.185895919799805,30.979999542236328,31.065000534057617,30.780000686645508,30.84000015258789,3807121.0
2024-02-19,CS.PA,29.21415901184082,31.010000228881836,31.125,30.78499984741211,30.979999542236328,1348817.0
2024-02-20,CS.PA,29.360183715820312,31.165000915527344,31.184999465942383,30.924999237060547,30.959999084472656,2351697.0
2024-02-21,CS.PA,29.36960220336914,31.174999237060547,31.475000381469727,31.100000381469727,31.15999984741211,3000300.0
2024-02-22,CS.PA,30.203351974487305,32.060001373291016,32.40999984741211,31.700000762939453,31.700000762939453,4691033.0
2024-02-23,CS.PA,30.42945098876953,32.29999923706055,32.439998626708984,31.834999084472656,32.15999984741211,3300491.0
2024-02-26,CS.PA,30.50010871887207,32.375,32.505001068115234,32.119998931884766,32.119998931884766,3367574.0
2024-02-27,CS.PA,30.50952911376953,32.3849983215332,32.654998779296875,32.28499984741211,32.310001373291016,2649345.0
2024-02-28,CS.PA,30.81570816040039,32.709999084472656,32.834999084472656,32.38999938964844,32.5099983215332,3033632.0
2024-02-29,CS.PA,30.97586441040039,32.880001068115234,33.1150016784668,32.71500015258789,32.83000183105469,7391965.0
2024-03-01,CS.PA,30.485979080200195,32.36000061035156,33.0,32.32500076293945,33.0,3005763.0
2024-03-04,CS.PA,30.730918884277344,32.619998931884766,32.65999984741211,32.26499938964844,32.29499816894531,2263805.0
2024-03-05,CS.PA,30.829837799072266,32.724998474121094,32.75,32.45500183105469,32.61000061035156,1748053.0
2024-03-06,CS.PA,30.834548950195312,32.72999954223633,32.91999816894531,32.68000030517578,32.724998474121094,2148270.0
2024-03-07,CS.PA,31.183120727539062,33.099998474121094,33.16999816894531,32.560001373291016,32.56999969482422,3051206.0
2024-03-08,CS.PA,31.578800201416016,33.52000045776367,33.59000015258789,33.02000045776367,33.02000045776367,3097165.0
2024-03-11,CS.PA,31.352697372436523,33.279998779296875,33.32500076293945,32.88999938964844,33.06999969482422,4019719.0
2024-03-12,CS.PA,31.993318557739254,33.959999084472656,33.98500061035156,33.19499969482422,33.209999084472656,4219267.0
2024-03-13,CS.PA,31.861425399780273,33.81999969482422,34.185001373291016,33.810001373291016,33.915000915527344,3546406.0
2024-03-14,CS.PA,32.03571319580078,34.005001068115234,34.029998779296875,33.67499923706055,33.70000076293945,4075229.0
2024-03-15,CS.PA,32.337181091308594,34.32500076293945,34.53499984741211,34.0099983215332,34.0099983215332,8796493.0
2024-03-18,CS.PA,32.25239562988281,34.23500061035156,34.52000045776367,34.084999084472656,34.16999816894531,2264422.0
2024-03-19,CS.PA,32.61509704589844,34.619998931884766,34.78499984741211,34.22999954223633,34.22999954223633,3164889.0
2024-03-20,CS.PA,32.59154510498047,34.595001220703125,34.66999816894531,34.41999816894531,34.505001068115234,2352650.0
2024-03-21,CS.PA,32.64336013793945,34.650001525878906,35.01499938964844,34.505001068115234,34.849998474121094,3075668.0
2024-03-22,CS.PA,32.48320388793945,34.47999954223633,34.89500045776367,34.47999954223633,34.61000061035156,2707944.0
2024-03-25,CS.PA,32.57270431518555,34.57500076293945,34.70000076293945,34.279998779296875,34.279998779296875,2823619.0
2024-03-26,CS.PA,32.59625244140625,34.599998474121094,34.810001373291016,33.790000915527344,34.599998474121094,5009514.0
2024-03-27,CS.PA,32.6810417175293,34.689998626708984,34.94499969482422,34.540000915527344,34.6349983215332,2723386.0
2024-03-28,CS.PA,32.79880142211914,34.814998626708984,34.8849983215332,34.68000030517578,34.70000076293945,3490177.0
2024-04-02,CS.PA,32.746986389160156,34.7599983215332,35.060001373291016,34.56999969482422,34.70000076293945,4764847.0
2024-04-03,CS.PA,32.850616455078125,34.869998931884766,35.150001525878906,34.7599983215332,34.83000183105469,3586455.0
2024-04-04,CS.PA,32.8317756652832,34.849998474121094,35.189998626708984,34.849998474121094,35.0,3092491.0
2024-04-05,CS.PA,32.16289520263672,34.13999938964844,34.470001220703125,33.91999816894531,34.349998474121094,4962347.0
2024-04-08,CS.PA,32.34189224243164,34.33000183105469,34.5,34.060001373291016,34.119998931884766,3051717.0
2024-04-09,CS.PA,31.899110794067383,33.86000061035156,34.31999969482422,33.790000915527344,34.209999084472656,3492467.0
2024-04-10,CS.PA,31.88968849182129,33.849998474121094,34.09000015258789,33.41999816894531,34.0,3580133.0
2024-04-11,CS.PA,31.512853622436523,33.45000076293945,33.959999084472656,33.11000061035156,33.7599983215332,3681333.0
2024-04-12,CS.PA,31.710691452026367,33.65999984741211,33.88999938964844,33.459999084472656,33.61000061035156,3446386.0
2024-04-15,CS.PA,31.861425399780273,33.81999969482422,34.13999938964844,33.79999923706055,33.83000183105469,3168663.0
2024-04-16,CS.PA,31.29617500305176,33.220001220703125,33.470001220703125,33.11000061035156,33.34000015258789,3909139.0
2024-04-17,CS.PA,31.522274017333984,33.459999084472656,33.810001373291016,33.220001220703125,33.2599983215332,4741990.0
2024-04-18,CS.PA,31.861425399780273,33.81999969482422,34.02000045776367,33.540000915527344,33.58000183105469,4035473.0
2024-04-19,CS.PA,31.93679428100586,33.900001525878906,34.029998779296875,33.400001525878906,33.619998931884766,4710545.0
2024-04-22,CS.PA,32.34189224243164,34.33000183105469,34.599998474121094,34.25,34.38999938964844,3049537.0
2024-04-23,CS.PA,32.89772033691406,34.91999816894531,34.97999954223633,34.470001220703125,34.470001220703125,4815277.0
2024-04-24,CS.PA,32.26652526855469,34.25,34.91999816894531,33.939998626708984,34.779998779296875,5263019.0
2024-04-25,CS.PA,31.84258460998535,33.79999923706055,34.31999969482422,33.65999984741211,34.2599983215332,4264207.0
2024-04-26,CS.PA,31.88968849182129,33.849998474121094,34.209999084472656,33.83000183105469,34.119998931884766,3333045.0
2024-04-29,CS.PA,32.209999084472656,34.189998626708984,34.34000015258789,34.029998779296875,34.060001373291016,4057494.0
2024-04-30,CS.PA,32.439998626708984,32.439998626708984,32.779998779296875,32.29999923706055,32.5,7064669.0
2024-05-02,CS.PA,31.8700008392334,31.8700008392334,32.56999969482422,31.84000015258789,32.40999984741211,5025128.0
2024-05-03,CS.PA,31.43000030517578,31.43000030517578,32.0,30.5,32.0,5611738.0
2024-05-06,CS.PA,32.209999084472656,32.209999084472656,32.31999969482422,31.469999313354492,31.579999923706055,4111913.0
2024-05-07,CS.PA,32.63999938964844,32.63999938964844,32.72999954223633,32.34000015258789,32.36000061035156,3325078.0
2024-05-08,CS.PA,33.279998779296875,33.279998779296875,33.47999954223633,32.79999923706055,32.79999923706055,4263235.0
2024-05-09,CS.PA,33.45000076293945,33.45000076293945,33.54999923706055,33.15999984741211,33.279998779296875,2683065.0
2024-05-10,CS.PA,33.720001220703125,33.720001220703125,33.93000030517578,33.61000061035156,33.61000061035156,3726774.0
2024-05-13,CS.PA,33.689998626708984,33.689998626708984,33.86000061035156,33.58000183105469,33.720001220703125,2162319.0
2024-05-14,CS.PA,33.41999816894531,33.41999816894531,33.56999969482422,33.02000045776367,33.560001373291016,2908782.0
2024-05-15,CS.PA,33.369998931884766,33.369998931884766,33.81999969482422,33.349998474121094,33.7400016784668,3194335.0
2024-05-16,CS.PA,33.54999923706055,33.54999923706055,33.72999954223633,33.349998474121094,33.349998474121094,3005835.0
2024-05-17,CS.PA,33.689998626708984,33.689998626708984,33.779998779296875,33.4900016784668,33.5,5497929.0
2024-05-20,CS.PA,33.75,33.75,33.93000030517578,33.720001220703125,33.72999954223633,1772812.0
2024-05-21,CS.PA,33.90999984741211,33.90999984741211,33.90999984741211,33.459999084472656,33.68000030517578,2446288.0
2024-05-22,CS.PA,33.560001373291016,33.560001373291016,34.11000061035156,33.560001373291016,33.900001525878906,3911332.0
2024-05-23,CS.PA,33.380001068115234,33.380001068115234,33.689998626708984,33.33000183105469,33.540000915527344,2470604.0
2024-05-24,CS.PA,33.599998474121094,33.599998474121094,33.68000030517578,32.959999084472656,33.099998474121094,2627576.0
2024-05-27,CS.PA,33.689998626708984,33.689998626708984,33.709999084472656,33.5099983215332,33.63999938964844,1712511.0
2024-05-28,CS.PA,33.369998931884766,33.369998931884766,34.029998779296875,33.279998779296875,33.83000183105469,2796438.0
2024-05-29,CS.PA,33.040000915527344,33.040000915527344,33.34000015258789,32.95000076293945,33.220001220703125,3334056.0
2024-05-30,CS.PA,33.08000183105469,33.08000183105469,33.2400016784668,32.880001068115234,32.88999938964844,2869972.0
2024-05-31,CS.PA,33.04999923706055,33.04999923706055,33.459999084472656,33.04999923706055,33.279998779296875,8922704.0
2024-06-03,CS.PA,33.13999938964844,33.13999938964844,33.54999923706055,33.13999938964844,33.369998931884766,3467483.0
2024-06-04,CS.PA,32.7599983215332,32.7599983215332,33.099998474121094,32.52000045776367,33.0,3550350.0
2024-06-05,CS.PA,33.11000061035156,33.11000061035156,33.290000915527344,32.88999938964844,32.959999084472656,2996962.0
2024-06-06,CS.PA,33.40999984741211,33.40999984741211,33.470001220703125,33.0,33.09000015258789,2819770.0
2024-06-07,CS.PA,33.18000030517578,33.18000030517578,33.45000076293945,32.849998474121094,33.31999969482422,3119191.0
2024-06-10,CS.PA,32.33000183105469,32.33000183105469,32.709999084472656,32.040000915527344,32.380001068115234,7436765.0
2024-06-11,CS.PA,31.799999237060547,31.799999237060547,32.630001068115234,31.6299991607666,32.369998931884766,6868881.0
2024-06-12,CS.PA,32.25,32.25,32.29999923706055,31.81999969482422,31.81999969482422,4479567.0
2024-06-13,CS.PA,30.950000762939453,30.950000762939453,32.349998474121094,30.700000762939453,32.25,9250383.0
2024-06-14,CS.PA,29.43000030517578,29.43000030517578,30.790000915527344,29.040000915527344,30.709999084472656,15401026.0
2024-06-17,CS.PA,29.979999542236328,29.979999542236328,30.25,29.469999313354492,29.469999313354492,6132543.0
2024-06-18,CS.PA,30.530000686645508,30.530000686645508,30.649999618530273,30.059999465942383,30.450000762939453,5678921.0
2024-06-19,CS.PA,30.469999313354492,30.469999313354492,30.739999771118164,30.38999938964844,30.690000534057617,3127957.0
2024-06-20,CS.PA,30.940000534057617,30.940000534057617,30.979999542236328,30.600000381469727,30.6299991607666,4121951.0
2024-06-21,CS.PA,30.559999465942383,30.559999465942383,31.15999984741211,30.38999938964844,30.940000534057617,9616490.0
2024-06-24,CS.PA,30.899999618530273,30.899999618530273,30.940000534057617,30.420000076293945,30.549999237060547,3613473.0
2024-06-25,CS.PA,30.760000228881836,30.760000228881836,31.040000915527344,30.59000015258789,30.8799991607666,3363255.0
2024-06-26,CS.PA,30.65999984741211,30.65999984741211,30.940000534057617,30.31999969482422,30.850000381469727,3059712.0
2024-06-27,CS.PA,30.3700008392334,30.3700008392334,30.61000061035156,30.0,30.59000015258789,5676440.0
2024-06-28,CS.PA,30.56999969482422,30.56999969482422,30.709999084472656,30.38999938964844,30.6299991607666,5325632.0
2024-07-01,CS.PA,31.260000228881836,31.260000228881836,31.90999984741211,31.229999542236328,31.790000915527344,5822740.0
2024-07-02,CS.PA,31.13999938964844,31.13999938964844,31.25,30.670000076293945,31.049999237060547,3534410.0
2024-07-03,CS.PA,31.670000076293945,31.670000076293945,31.90999984741211,31.229999542236328,31.260000228881836,4140685.0
2024-07-04,CS.PA,32.08000183105469,32.08000183105469,32.40999984741211,31.899999618530273,31.989999771118164,3706902.0
2024-07-05,CS.PA,31.959999084472656,31.959999084472656,32.349998474121094,31.780000686645508,32.22999954223633,2969546.0
2024-07-08,CS.PA,32.0099983215332,32.0099983215332,32.459999084472656,31.690000534057617,31.780000686645508,2475601.0
2024-07-09,CS.PA,31.6299991607666,31.6299991607666,31.979999542236328,31.479999542236328,31.84000015258789,3535401.0
2024-07-10,CS.PA,31.969999313354492,31.969999313354492,32.099998474121094,31.600000381469727,31.670000076293945,2497364.0
2024-07-11,CS.PA,32.06999969482422,32.06999969482422,32.15999984741211,31.8799991607666,32.04999923706055,2537783.0
2024-07-12,CS.PA,32.25,32.25,32.63999938964844,32.06999969482422,32.18000030517578,3551094.0
2024-07-15,CS.PA,32.18000030517578,32.18000030517578,32.36000061035156,31.979999542236328,32.029998779296875,1852939.0
2024-07-16,CS.PA,32.0,32.0,32.040000915527344,31.68000030517578,31.959999084472656,1805580.0
2024-07-17,CS.PA,31.979999542236328,31.979999542236328,32.13999938964844,31.709999084472656,31.84000015258789,2134086.0
2024-07-18,CS.PA,32.25,32.25,32.38999938964844,31.959999084472656,32.209999084472656,2237160.0
2024-07-19,CS.PA,31.940000534057617,31.940000534057617,32.220001220703125,31.850000381469727,32.119998931884766,4071318.0
2024-07-22,CS.PA,32.209999084472656,32.209999084472656,32.43000030517578,31.850000381469727,32.040000915527344,2001739.0
2024-07-23,CS.PA,32.43000030517578,32.43000030517578,32.529998779296875,32.189998626708984,32.43000030517578,1930672.0
2024-07-24,CS.PA,32.11000061035156,32.11000061035156,32.2599983215332,31.770000457763672,32.20000076293945,2482990.0
2024-07-25,CS.PA,32.2400016784668,32.2400016784668,32.2400016784668,31.6299991607666,31.760000228881836,2792420.0
2024-07-26,CS.PA,32.47999954223633,32.47999954223633,32.47999954223633,31.989999771118164,32.0,2341214.0
2024-07-29,CS.PA,32.22999954223633,32.22999954223633,32.720001220703125,32.040000915527344,32.689998626708984,1856948.0
2024-07-30,CS.PA,32.689998626708984,32.689998626708984,32.7599983215332,32.20000076293945,32.2400016784668,2325624.0
2024-07-31,CS.PA,32.4900016784668,32.4900016784668,32.95000076293945,32.400001525878906,32.70000076293945,3600344.0
2024-08-01,CS.PA,31.809999465942383,31.809999465942383,32.2400016784668,31.559999465942383,32.20000076293945,3827267.0
2024-08-02,CS.PA,32.2599983215332,32.2599983215332,32.81999969482422,31.8799991607666,32.400001525878906,5822309.0
2024-08-05,CS.PA,31.399999618530273,31.399999618530273,31.75,30.959999084472656,31.260000228881836,5541188.0
2024-08-06,CS.PA,31.309999465942383,31.309999465942383,31.739999771118164,31.079999923706055,31.459999084472656,4063674.0
2024-08-07,CS.PA,32.029998779296875,32.029998779296875,32.25,31.510000228881836,31.549999237060547,3436313.0
2024-08-08,CS.PA,32.13999938964844,32.13999938964844,32.2400016784668,31.61000061035156,32.0,2035467.0
2024-08-09,CS.PA,32.599998474121094,32.599998474121094,32.7599983215332,32.060001373291016,32.06999969482422,3767555.0
2024-08-12,CS.PA,32.349998474121094,32.349998474121094,32.81999969482422,32.16999816894531,32.79999923706055,1992016.0
2024-08-13,CS.PA,32.38999938964844,32.38999938964844,32.599998474121094,32.15999984741211,32.439998626708984,2461176.0
2024-08-14,CS.PA,32.720001220703125,32.720001220703125,32.720001220703125,32.400001525878906,32.619998931884766,2180855.0
2024-08-15,CS.PA,33.06999969482422,33.06999969482422,33.220001220703125,32.66999816894531,32.880001068115234,2350211.0
2024-08-16,CS.PA,33.36000061035156,33.36000061035156,33.400001525878906,33.09000015258789,33.099998474121094,2622400.0
2024-08-19,CS.PA,33.439998626708984,33.439998626708984,33.56999969482422,33.22999954223633,33.34000015258789,1623669.0
2024-08-20,CS.PA,33.47999954223633,33.47999954223633,33.5,33.31999969482422,33.470001220703125,1897709.0
2024-08-21,CS.PA,33.470001220703125,33.470001220703125,33.54999923706055,33.34000015258789,33.400001525878906,2352025.0
2024-08-22,CS.PA,33.59000015258789,33.59000015258789,33.77000045776367,33.43000030517578,33.43000030517578,1882359.0
2024-08-23,CS.PA,33.95000076293945,33.95000076293945,33.959999084472656,33.619998931884766,33.709999084472656,1933524.0
2024-08-26,CS.PA,33.95000076293945,33.95000076293945,34.0,33.790000915527344,33.810001373291016,1233755.0
2024-08-27,CS.PA,34.04999923706055,34.04999923706055,34.20000076293945,33.970001220703125,33.9900016784668,2230053.0
2024-08-28,CS.PA,34.310001373291016,34.310001373291016,34.43000030517578,34.040000915527344,34.040000915527344,3199570.0
2024-08-29,CS.PA,34.29999923706055,34.29999923706055,34.45000076293945,34.22999954223633,34.34000015258789,2069913.0
2024-08-30,CS.PA,34.400001525878906,34.400001525878906,34.439998626708984,34.25,34.25,3486550.0
2024-09-02,CS.PA,34.650001525878906,34.650001525878906,34.720001220703125,34.18000030517578,34.40999984741211,2351791.0
2024-09-03,CS.PA,34.63999938964844,34.63999938964844,34.7599983215332,34.439998626708984,34.70000076293945,2805955.0
2024-09-04,CS.PA,34.5099983215332,34.5099983215332,34.689998626708984,34.08000183105469,34.119998931884766,3105269.0
2024-09-05,CS.PA,34.720001220703125,34.720001220703125,34.97999954223633,34.29999923706055,34.29999923706055,2816836.0
2024-09-06,CS.PA,34.4900016784668,34.4900016784668,34.88999938964844,34.349998474121094,34.75,3581986.0
2024-09-09,CS.PA,34.90999984741211,34.90999984741211,34.97999954223633,34.529998779296875,34.540000915527344,2702647.0
2024-09-10,CS.PA,34.959999084472656,34.959999084472656,35.34000015258789,34.72999954223633,34.79999923706055,4349278.0
2024-09-11,CS.PA,35.29999923706055,35.29999923706055,35.529998779296875,35.060001373291016,35.130001068115234,3829497.0
2024-09-12,CS.PA,35.599998474121094,35.599998474121094,35.720001220703125,35.380001068115234,35.56999969482422,3827679.0
2024-09-13,CS.PA,36.08000183105469,36.08000183105469,36.13999938964844,35.61000061035156,35.630001068115234,3953802.0
2024-09-16,CS.PA,36.189998626708984,36.189998626708984,36.27000045776367,35.869998931884766,35.93000030517578,2446479.0
2024-09-17,CS.PA,36.150001525878906,36.150001525878906,36.400001525878906,36.09000015258789,36.290000915527344,4006579.0
2024-09-18,CS.PA,35.9900016784668,35.9900016784668,36.279998779296875,35.880001068115234,36.13999938964844,3309193.0
2024-09-19,CS.PA,36.22999954223633,36.22999954223633,36.47999954223633,35.970001220703125,36.45000076293945,3923374.0
2024-09-20,CS.PA,36.25,36.25,36.65999984741211,36.25,36.38999938964844,9635098.0
2024-09-23,CS.PA,36.13999938964844,36.13999938964844,36.310001373291016,35.939998626708984,36.2599983215332,4508139.0
2024-09-24,CS.PA,36.15999984741211,36.15999984741211,36.38999938964844,36.0099983215332,36.29999923706055,2938844.0
2024-09-25,CS.PA,35.5,35.5,35.849998474121094,35.349998474121094,35.79999923706055,3957983.0
2024-09-26,CS.PA,35.779998779296875,35.779998779296875,35.810001373291016,35.38999938964844,35.7599983215332,3756880.0
2024-09-27,CS.PA,35.529998779296875,35.529998779296875,35.68000030517578,35.220001220703125,35.68000030517578,5180993.0
2024-09-30,CS.PA,34.529998779296875,34.529998779296875,35.38999938964844,34.40999984741211,35.38999938964844,6292966.0
2024-10-01,CS.PA,34.41999816894531,34.41999816894531,34.849998474121094,34.13999938964844,34.599998474121094,3337011.0
2024-10-02,CS.PA,34.439998626708984,34.439998626708984,34.540000915527344,34.22999954223633,34.400001525878906,3180692.0
2024-10-03,CS.PA,33.91999816894531,33.91999816894531,34.630001068115234,33.7599983215332,34.38999938964844,4116560.0
2024-10-04,CS.PA,34.369998931884766,34.369998931884766,34.5099983215332,33.779998779296875,33.79999923706055,4479995.0
2024-10-07,CS.PA,34.459999084472656,34.459999084472656,34.7400016784668,34.2400016784668,34.619998931884766,3444464.0
2024-10-08,CS.PA,34.36000061035156,34.36000061035156,34.45000076293945,34.029998779296875,34.189998626708984,3413714.0
2024-10-09,CS.PA,34.70000076293945,34.70000076293945,34.709999084472656,34.279998779296875,34.459999084472656,2916533.0
2024-10-10,CS.PA,34.86000061035156,34.86000061035156,35.02000045776367,34.59000015258789,34.61000061035156,3139281.0
2024-10-11,CS.PA,35.09000015258789,35.09000015258789,35.09000015258789,34.77000045776367,34.849998474121094,2709330.0
2024-10-14,CS.PA,35.38999938964844,35.38999938964844,35.4900016784668,35.02000045776367,35.09000015258789,2783649.0
2024-10-15,CS.PA,35.81999969482422,35.81999969482422,35.959999084472656,35.470001220703125,35.5,5390457.0
2024-10-16,CS.PA,35.7599983215332,35.7599983215332,35.970001220703125,35.54999923706055,35.970001220703125,3148393.0
2024-10-17,CS.PA,35.970001220703125,35.970001220703125,36.18000030517578,35.720001220703125,35.849998474121094,3411006.0
2024-10-18,CS.PA,36.08000183105469,36.08000183105469,36.119998931884766,35.779998779296875,35.779998779296875,2771411.0
2024-10-21,CS.PA,35.720001220703125,35.720001220703125,35.93000030517578,35.65999984741211,35.7400016784668,2850686.0
2024-10-22,CS.PA,35.400001525878906,35.400001525878906,35.7400016784668,35.13999938964844,35.68000030517578,3639177.0
2024-10-23,CS.PA,35.11000061035156,35.11000061035156,35.45000076293945,35.09000015258789,35.27000045776367,2618439.0
2024-10-24,CS.PA,35.279998779296875,35.279998779296875,35.529998779296875,35.15999984741211,35.2400016784668,3450218.0
2024-10-25,CS.PA,34.88999938964844,34.88999938964844,35.220001220703125,34.79999923706055,35.11000061035156,3509125.0
2024-10-28,CS.PA,35.33000183105469,35.33000183105469,35.41999816894531,34.849998474121094,35.13999938964844,3451584.0
2024-10-29,CS.PA,35.13999938964844,35.13999938964844,35.72999954223633,35.060001373291016,35.5,3482117.0
2024-10-30,CS.PA,34.84000015258789,34.84000015258789,35.099998474121094,34.709999084472656,34.9900016784668,3967925.0
2024-10-31,CS.PA,34.52000045776367,34.52000045776367,34.52000045776367,34.08000183105469,34.439998626708984,5962716.0
2024-11-01,CS.PA,34.279998779296875,34.279998779296875,34.5,34.15999984741211,34.310001373291016,2837358.0
2024-11-04,CS.PA,34.06999969482422,34.06999969482422,34.290000915527344,34.029998779296875,34.2400016784668,2260215.0
2024-11-05,CS.PA,34.38999938964844,34.38999938964844,34.52000045776367,34.02000045776367,34.099998474121094,2478376.0
2024-11-06,CS.PA,34.459999084472656,34.459999084472656,35.380001068115234,34.27000045776367,34.599998474121094,4199106.0
2024-11-07,CS.PA,34.130001068115234,34.130001068115234,34.720001220703125,33.86000061035156,34.65999984741211,4163091.0
2024-11-08,CS.PA,33.86000061035156,33.86000061035156,34.33000183105469,33.77000045776367,34.11000061035156,2828675.0
2024-11-11,CS.PA,34.20000076293945,34.20000076293945,34.31999969482422,34.08000183105469,34.08000183105469,2860191.0
2024-11-12,CS.PA,33.20000076293945,33.20000076293945,33.90999984741211,33.15999984741211,33.849998474121094,4554097.0
2024-11-13,CS.PA,33.29999923706055,33.29999923706055,33.470001220703125,32.869998931884766,33.16999816894531,3538137.0
2024-11-14,CS.PA,33.63999938964844,33.63999938964844,33.70000076293945,33.189998626708984,33.380001068115234,5238719.0
2024-11-15,CS.PA,33.880001068115234,33.880001068115234,34.02000045776367,33.369998931884766,33.459999084472656,3018970.0
2024-11-18,CS.PA,34.25,34.25,34.25,33.939998626708984,34.0099983215332,2810133.0
2024-11-19,CS.PA,34.040000915527344,34.040000915527344,34.34000015258789,33.5099983215332,34.2400016784668,3123420.0
2024-11-20,CS.PA,34.029998779296875,34.029998779296875,34.310001373291016,33.86000061035156,34.220001220703125,3934451.0
2024-11-21,CS.PA,34.20000076293945,34.20000076293945,34.33000183105469,33.970001220703125,34.18000030517578,3597506.0
2024-11-22,CS.PA,34.08000183105469,34.08000183105469,34.40999984741211,33.54999923706055,34.38999938964844,3238041.0
2024-11-25,CS.PA,34.06999969482422,34.06999969482422,34.2599983215332,33.61000061035156,34.220001220703125,7788863.0
2024-11-26,CS.PA,33.65999984741211,33.65999984741211,34.08000183105469,33.599998474121094,33.90999984741211,3523936.0
2024-11-27,CS.PA,32.209999084472656,32.209999084472656,33.470001220703125,31.729999542236328,33.470001220703125,9343821.0
2024-11-28,CS.PA,32.5,32.5,32.70000076293945,32.310001373291016,32.400001525878906,4768295.0
2024-11-29,CS.PA,32.97999954223633,32.97999954223633,33.099998474121094,32.279998779296875,32.400001525878906,7214826.0
2024-12-02,CS.PA,32.540000915527344,32.540000915527344,33.099998474121094,32.150001525878906,32.369998931884766,6598293.0
2024-12-03,CS.PA,32.290000915527344,32.290000915527344,32.880001068115234,32.040000915527344,32.5,7011559.0
2024-12-04,CS.PA,32.83000183105469,32.83000183105469,32.83000183105469,32.209999084472656,32.2400016784668,3952519.0
2024-12-05,CS.PA,33.650001525878906,33.650001525878906,33.65999984741211,32.75,32.83000183105469,5932880.0
2024-12-06,CS.PA,34.0,34.0,34.2599983215332,33.47999954223633,33.560001373291016,5287313.0
2024-12-09,CS.PA,34.06999969482422,34.06999969482422,34.209999084472656,33.959999084472656,34.02000045776367,3658094.0
2024-12-10,CS.PA,33.70000076293945,33.70000076293945,34.220001220703125,33.70000076293945,34.04999923706055,4791301.0
2024-12-11,CS.PA,33.66999816894531,33.66999816894531,33.900001525878906,33.4900016784668,33.5099983215332,3225022.0
2024-12-12,CS.PA,33.560001373291016,33.560001373291016,33.77000045776367,33.4900016784668,33.68000030517578,2852315.0
2024-12-13,CS.PA,34.099998474121094,34.099998474121094,34.13999938964844,33.540000915527344,33.61000061035156,3877128.0
2024-12-16,CS.PA,33.959999084472656,33.959999084472656,34.06999969482422,33.689998626708984,33.939998626708984,3138508.0
2024-12-17,CS.PA,33.7400016784668,33.7400016784668,33.95000076293945,33.529998779296875,33.79999923706055,3511299.0
2024-12-18,CS.PA,33.79999923706055,33.79999923706055,34.02000045776367,33.59000015258789,33.86000061035156,3890176.0
2024-12-19,CS.PA,33.779998779296875,33.779998779296875,33.779998779296875,33.45000076293945,33.58000183105469,3637888.0
2024-12-20,CS.PA,33.5099983215332,33.5099983215332,33.560001373291016,33.0099983215332,33.459999084472656,10458294.0
2024-12-23,CS.PA,33.63999938964844,33.63999938964844,33.709999084472656,33.36000061035156,33.45000076293945,2214974.0
2024-12-24,CS.PA,33.56999969482422,33.56999969482422,33.84000015258789,33.56999969482422,33.7599983215332,912264.0
2024-12-27,CS.PA,34.08000183105469,34.08000183105469,34.08000183105469,33.54999923706055,33.58000183105469,2335781.0
2024-12-30,CS.PA,34.119998931884766,34.119998931884766,34.400001525878906,33.900001525878906,33.90999984741211,2086778.0
2024-12-31,CS.PA,34.31999969482422,34.31999969482422,34.36000061035156,33.95000076293945,34.0099983215332,859533.0
2025-01-02,CS.PA,34.41999816894531,34.41999816894531,34.619998931884766,33.939998626708984,34.349998474121094,2418364.0
2025-01-03,CS.PA,34.06999969482422,34.06999969482422,34.47999954223633,33.88999938964844,34.41999816894531,3257406.0
2025-01-06,CS.PA,34.45000076293945,34.45000076293945,34.56999969482422,33.869998931884766,34.2400016784668,3544197.0
2025-01-07,CS.PA,34.7599983215332,34.7599983215332,35.02000045776367,33.90999984741211,34.380001068115234,3854753.0
2025-01-08,CS.PA,34.849998474121094,34.849998474121094,35.029998779296875,34.31999969482422,34.70000076293945,3226710.0
2025-01-09,CS.PA,34.40999984741211,34.40999984741211,34.72999954223633,34.290000915527344,34.63999938964844,2771033.0
2025-01-10,CS.PA,33.84000015258789,33.84000015258789,34.54999923706055,33.779998779296875,34.2400016784668,3872889.0
2025-01-13,CS.PA,33.47999954223633,33.47999954223633,33.689998626708984,33.16999816894531,33.619998931884766,3211352.0
2025-01-14,CS.PA,33.65999984741211,33.65999984741211,33.95000076293945,33.560001373291016,33.79999923706055,3407363.0
2025-01-15,CS.PA,34.400001525878906,34.400001525878906,34.5,33.869998931884766,33.939998626708984,5182708.0
2025-01-16,CS.PA,35.08000183105469,35.08000183105469,35.099998474121094,34.119998931884766,34.349998474121094,4383239.0
2025-01-17,CS.PA,35.36000061035156,35.36000061035156,35.540000915527344,35.18000030517578,35.2599983215332,4440865.0
2025-01-20,CS.PA,35.34000015258789,35.34000015258789,35.52000045776367,35.2599983215332,35.29999923706055,3307881.0
2025-01-21,CS.PA,35.25,35.25,35.52000045776367,35.130001068115234,35.29999923706055,3842600.0
2025-01-22,CS.PA,35.720001220703125,35.720001220703125,35.959999084472656,35.220001220703125,35.220001220703125,4876478.0
2025-01-23,CS.PA,36.119998931884766,36.119998931884766,36.209999084472656,35.75,35.869998931884766,4237231.0
2025-01-24,CS.PA,35.900001525878906,35.900001525878906,36.2599983215332,35.88999938964844,36.099998474121094,4166064.0
2025-01-27,CS.PA,36.349998474121094,36.349998474121094,36.619998931884766,35.939998626708984,35.97999954223633,6305974.0
2025-01-28,CS.PA,36.66999816894531,36.66999816894531,36.810001373291016,36.119998931884766,36.22999954223633,3367446.0
2025-01-29,CS.PA,36.47999954223633,36.47999954223633,36.779998779296875,36.31999969482422,36.599998474121094,2984217.0
2025-01-30,CS.PA,36.689998626708984,36.689998626708984,36.81999969482422,36.41999816894531,36.56999969482422,3906503.0
2025-01-31,CS.PA,36.650001525878906,36.650001525878906,37.0,36.58000183105469,36.720001220703125,5133800.0
2025-02-03,CS.PA,36.369998931884766,36.369998931884766,36.459999084472656,36.0099983215332,36.04999923706055,3718862.0
2025-02-04,CS.PA,37.060001373291016,37.060001373291016,37.13999938964844,36.369998931884766,36.5,4142009.0
2025-02-05,CS.PA,36.95000076293945,36.95000076293945,37.0099983215332,36.720001220703125,36.90999984741211,3109910.0
2025-02-06,CS.PA,37.380001068115234,37.380001068115234,37.54999923706055,37.040000915527344,37.11000061035156,6542340.0
2025-02-07,CS.PA,37.560001373291016,37.560001373291016,37.709999084472656,37.4900016784668,37.58000183105469,2798102.0
2025-02-10,CS.PA,37.7400016784668,37.7400016784668,37.79999923706055,37.52000045776367,37.619998931884766,2707777.0
2025-02-11,CS.PA,38.0,38.0,38.09000015258789,37.65999984741211,37.7599983215332,2736795.0
2025-02-12,CS.PA,38.029998779296875,38.029998779296875,38.2400016784668,38.0,38.040000915527344,4011717.0
2025-02-13,CS.PA,38.0,38.0,38.279998779296875,38.0,38.13999938964844,3249416.0
2025-02-14,CS.PA,37.529998779296875,37.529998779296875,37.91999816894531,37.31999969482422,37.84000015258789,3995750.0
2025-02-17,CS.PA,37.59000015258789,37.59000015258789,37.81999969482422,37.470001220703125,37.560001373291016,2991112.0
2025-02-18,CS.PA,37.529998779296875,37.529998779296875,37.68000030517578,37.369998931884766,37.630001068115234,3410732.0
2025-02-19,CS.PA,36.77000045776367,36.77000045776367,37.650001525878906,36.63999938964844,37.5099983215332,3883044.0
2025-02-20,CS.PA,36.84000015258789,36.84000015258789,37.11000061035156,36.7400016784668,36.810001373291016,2796404.0
2025-02-21,CS.PA,36.97999954223633,36.97999954223633,37.099998474121094,36.70000076293945,36.849998474121094,3651642.0
2025-02-24,CS.PA,37.099998474121094,37.099998474121094,37.18000030517578,36.90999984741211,37.119998931884766,2972832.0
2025-02-25,CS.PA,37.54999923706055,37.54999923706055,37.72999954223633,36.959999084472656,37.0,3398663.0
2025-02-26,CS.PA,38.2400016784668,38.2400016784668,38.279998779296875,37.599998474121094,37.72999954223633,4671889.0
2025-02-27,CS.PA,37.709999084472656,37.709999084472656,38.209999084472656,37.150001525878906,38.18000030517578,4760493.0
2025-02-28,CS.PA,37.439998626708984,37.439998626708984,37.630001068115234,36.91999816894531,37.599998474121094,7159105.0
2025-03-03,CS.PA,38.150001525878906,38.150001525878906,38.459999084472656,37.22999954223633,37.63999938964844,5252978.0
2025-03-04,CS.PA,37.959999084472656,37.959999084472656,37.9900016784668,37.59000015258789,37.79999923706055,4388013.0
2025-03-05,CS.PA,38.31999969482422,38.31999969482422,38.77000045776367,38.31999969482422,38.650001525878906,5453880.0
2025-03-06,CS.PA,38.650001525878906,38.650001525878906,38.90999984741211,38.119998931884766,38.52000045776367,5769050.0
2025-03-07,CS.PA,38.7599983215332,38.7599983215332,38.95000076293945,38.33000183105469,38.52000045776367,5272716.0
2025-03-10,CS.PA,38.52000045776367,38.52000045776367,39.04999923706055,38.470001220703125,39.0,5286789.0
2025-03-11,CS.PA,38.029998779296875,38.029998779296875,38.66999816894531,37.59000015258789,38.61000061035156,5543770.0
2025-03-12,CS.PA,38.81999969482422,38.81999969482422,39.08000183105469,38.40999984741211,38.45000076293945,4693702.0
2025-03-13,CS.PA,38.7599983215332,38.7599983215332,39.02000045776367,38.650001525878906,38.689998626708984,3908405.0
2025-03-14,CS.PA,38.83000183105469,38.83000183105469,39.20000076293945,38.529998779296875,38.61000061035156,4332656.0
2025-03-17,CS.PA,39.2599983215332,39.2599983215332,39.279998779296875,38.560001373291016,38.56999969482422,4770446.0
2025-03-18,CS.PA,39.90999984741211,39.90999984741211,39.939998626708984,39.27000045776367,39.310001373291016,5333231.0
2025-03-19,CS.PA,39.84000015258789,39.84000015258789,40.11000061035156,39.709999084472656,39.720001220703125,4943163.0
2025-03-20,CS.PA,39.63999938964844,39.63999938964844,39.90999984741211,39.130001068115234,39.81999969482422,2861125.0
2025-03-21,CS.PA,39.5099983215332,39.5099983215332,39.63999938964844,39.2400016784668,39.40999984741211,6788197.0
2025-03-24,CS.PA,39.58000183105469,39.58000183105469,39.970001220703125,39.5099983215332,39.72999954223633,3375122.0
2025-03-25,CS.PA,40.13999938964844,40.13999938964844,40.25,39.68000030517578,39.709999084472656,4699350.0
2025-03-26,CS.PA,40.060001373291016,40.060001373291016,40.2599983215332,39.900001525878906,40.130001068115234,3874175.0
2025-03-27,CS.PA,40.099998474121094,40.099998474121094,40.16999816894531,39.599998474121094,39.75,3150779.0
2025-03-28,CS.PA,39.9900016784668,39.9900016784668,40.2400016784668,39.8849983215332,40.0,3970615.0
2025-03-31,CS.PA,39.400001525878906,39.400001525878906,39.84000015258789,39.2400016784668,39.63999938964844,5793431.0
2025-04-01,CS.PA,40.0,40.0,40.02000045776367,39.43000030517578,39.47999954223633,4170784.0
2025-04-02,CS.PA,40.400001525878906,40.400001525878906,40.5099983215332,40.0,40.13999938964844,4393967.0
2025-04-03,CS.PA,39.72999954223633,39.72999954223633,40.09000015258789,39.43000030517578,39.689998626708984,6099999.0
2025-04-04,CS.PA,37.56999969482422,37.56999969482422,39.540000915527344,37.09000015258789,39.369998931884766,11487544.0
2025-04-07,CS.PA,35.189998626708984,35.189998626708984,36.970001220703125,34.0,35.0,14286567.0
2025-04-08,CS.PA,36.43000030517578,36.43000030517578,37.099998474121094,35.5099983215332,35.959999084472656,7448766.0
2025-04-09,CS.PA,35.380001068115234,35.380001068115234,36.25,34.83000183105469,35.689998626708984,8001399.0
2025-04-10,CS.PA,37.20000076293945,37.20000076293945,38.04999923706055,36.70000076293945,37.11000061035156,10295205.0
2025-04-11,CS.PA,37.130001068115234,37.130001068115234,37.90999984741211,36.810001373291016,37.63999938964844,5053470.0
2025-04-14,CS.PA,38.099998474121094,38.099998474121094,38.459999084472656,37.90999984741211,38.02000045776367,4392251.0
2025-04-15,CS.PA,38.880001068115234,38.880001068115234,38.9900016784668,38.099998474121094,38.189998626708984,4570114.0
2025-04-16,CS.PA,39.15999984741211,39.15999984741211,39.209999084472656,38.529998779296875,38.81999969482422,3372340.0
2025-04-17,CS.PA,39.5099983215332,39.5099983215332,39.709999084472656,39.040000915527344,39.06999969482422,4451871.0
2025-04-22,CS.PA,40.040000915527344,40.040000915527344,40.15999984741211,39.5099983215332,39.54999923706055,4270855.0
2025-04-23,CS.PA,40.33000183105469,40.33000183105469,40.5,39.9900016784668,40.5,4566456.0
2025-04-24,CS.PA,40.22999954223633,40.22999954223633,40.58000183105469,40.130001068115234,40.369998931884766,2882578.0
2025-04-25,CS.PA,40.56999969482422,40.56999969482422,40.84000015258789,40.279998779296875,40.540000915527344,3620980.0
2023-04-28,MT.AS,24.683652877807617,25.709999084472656,25.7549991607666,25.06999969482422,25.725000381469727,2518077.0
2023-05-02,MT.AS,24.35242462158203,25.364999771118164,25.729999542236328,25.270000457763672,25.670000076293945,2986349.0
2023-05-03,MT.AS,24.626049041748047,25.649999618530273,25.825000762939453,25.399999618530273,25.700000762939453,2093132.0
2023-05-04,MT.AS,23.28673553466797,24.2549991607666,25.854999542236328,24.18000030517578,25.854999542236328,3722121.0
2023-05-05,MT.AS,23.646766662597656,24.6299991607666,24.75,24.06999969482422,24.200000762939453,3232010.0
2023-05-08,MT.AS,24.131607055664062,25.135000228881836,25.575000762939453,24.63999938964844,24.704999923706055,2692821.0
2023-05-09,MT.AS,24.218013763427734,25.225000381469727,25.23500061035156,24.75,24.795000076293945,3043963.0
2023-05-10,MT.AS,23.718772888183594,24.704999923706055,25.48500061035156,24.604999542236328,25.3799991607666,3404458.0
2023-05-11,MT.AS,23.080320358276367,24.040000915527344,24.76499938964844,23.809999465942383,24.44499969482422,4421044.0
2023-05-12,MT.AS,23.329938888549805,24.299999237060547,24.524999618530273,24.059999465942383,24.059999465942383,2740596.0
2023-05-15,MT.AS,23.440349578857425,24.415000915527344,24.549999237060547,24.26499938964844,24.469999313354492,2065399.0
2023-05-16,MT.AS,23.12352180480957,24.084999084472656,24.46500015258789,23.93000030517578,24.2549991607666,2526951.0
2023-05-17,MT.AS,23.526756286621097,24.5049991607666,24.604999542236328,23.84000015258789,23.88999938964844,3584371.0
2023-05-18,MT.AS,23.771577835083008,24.760000228881836,24.78499984741211,24.28499984741211,24.55500030517578,3241053.0
2023-05-19,MT.AS,23.838783264160156,24.829999923706055,25.190000534057617,24.815000534057617,24.98500061035156,3129756.0
2023-05-22,MT.AS,23.858154296875,24.6299991607666,24.709999084472656,24.344999313354492,24.43000030517578,2220958.0
2023-05-23,MT.AS,23.698326110839844,24.46500015258789,24.739999771118164,24.40999984741211,24.645000457763672,1982423.0
2023-05-24,MT.AS,23.291488647460938,24.045000076293945,24.145000457763672,23.76499938964844,24.13999938964844,2829245.0
2023-05-25,MT.AS,23.13650131225586,23.885000228881836,24.21500015258789,23.780000686645508,24.059999465942383,2151953.0
2023-05-26,MT.AS,23.548181533813477,24.309999465942383,24.61000061035156,24.184999465942383,24.184999465942383,2415855.0
2023-05-29,MT.AS,23.41257095336914,24.170000076293945,24.454999923706055,24.1200008392334,24.399999618530273,747746.0
2023-05-30,MT.AS,22.99120330810547,23.73500061035156,24.325000762939453,23.71500015258789,24.059999465942383,3401952.0
2023-05-31,MT.AS,22.502025604248047,23.229999542236328,23.71500015258789,23.094999313354492,23.43000030517578,7156887.0
2023-06-01,MT.AS,23.07353973388672,23.81999969482422,23.88999938964844,23.469999313354492,23.510000228881836,2622229.0
2023-06-02,MT.AS,24.148754119873047,24.93000030517578,25.010000228881836,24.145000457763672,24.15999984741211,3682589.0
2023-06-05,MT.AS,24.017986297607425,24.795000076293945,25.104999542236328,24.434999465942383,25.020000457763672,2265770.0
2023-06-06,MT.AS,24.124536514282227,24.905000686645508,25.09000015258789,24.575000762939453,24.71500015258789,2036437.0
2023-06-07,MT.AS,24.260149002075195,25.045000076293945,25.165000915527344,24.625,24.809999465942383,1788179.0
2023-06-08,MT.AS,24.536218643188477,25.329999923706055,25.61000061035156,25.0,25.020000457763672,2641669.0
2023-06-09,MT.AS,24.66214370727539,25.459999084472656,25.55500030517578,25.170000076293945,25.299999237060547,1736982.0
2023-06-12,MT.AS,24.584651947021484,25.3799991607666,25.565000534057617,25.165000915527344,25.5,1871811.0
2023-06-13,MT.AS,25.0108642578125,25.81999969482422,25.88999938964844,25.459999084472656,25.61000061035156,3243925.0
2023-06-14,MT.AS,25.364425659179688,26.184999465942383,26.850000381469727,25.875,25.940000534057617,4360448.0
2023-06-15,MT.AS,24.952741622924805,25.760000228881836,26.024999618530273,25.510000228881836,25.875,3000432.0
2023-06-16,MT.AS,24.952741622924805,25.760000228881836,25.899999618530273,25.450000762939453,25.81999969482422,3854928.0
2023-06-19,MT.AS,24.594337463378903,25.38999938964844,25.614999771118164,25.334999084472656,25.559999465942383,1293160.0
2023-06-20,MT.AS,24.12938117980957,24.90999984741211,25.18000030517578,24.684999465942383,25.170000076293945,2849798.0
2023-06-21,MT.AS,24.090633392333984,24.8700008392334,24.96500015258789,24.549999237060547,24.954999923706055,1831703.0
2023-06-22,MT.AS,23.950180053710938,24.725000381469727,24.8700008392334,24.344999313354492,24.540000915527344,1790979.0
2023-06-23,MT.AS,23.80003547668457,24.56999969482422,24.690000534057617,24.329999923706055,24.510000228881836,1669698.0
2023-06-26,MT.AS,23.969552993774418,24.7450008392334,24.920000076293945,24.200000762939453,24.649999618530273,1499391.0
2023-06-27,MT.AS,23.916276931762695,24.690000534057617,25.329999923706055,24.239999771118164,25.155000686645508,1929234.0
2023-06-28,MT.AS,23.843626022338867,24.614999771118164,24.905000686645508,24.475000381469727,24.665000915527344,1705514.0
2023-06-29,MT.AS,24.066415786743164,24.844999313354492,24.98500061035156,24.604999542236328,24.604999542236328,1533522.0
2023-06-30,MT.AS,24.148754119873047,24.93000030517578,25.239999771118164,24.905000686645508,25.010000228881836,2035696.0
2023-07-03,MT.AS,24.318269729614254,25.104999542236328,25.260000228881836,24.959999084472656,25.01499938964844,1404696.0
2023-07-04,MT.AS,24.15843963623047,24.940000534057617,25.079999923706055,24.844999313354492,25.079999923706055,938559.0
2023-07-05,MT.AS,23.6644229888916,24.43000030517578,24.76499938964844,24.299999237060547,24.76499938964844,2238770.0
2023-07-06,MT.AS,22.80231475830078,23.540000915527344,24.21500015258789,23.469999313354492,24.165000915527344,2854172.0
2023-07-07,MT.AS,23.272113800048828,24.024999618530273,24.030000686645508,23.614999771118164,23.704999923706055,1900037.0
2023-07-10,MT.AS,23.180091857910156,23.93000030517578,24.114999771118164,23.69499969482422,23.8799991607666,1425771.0
2023-07-11,MT.AS,23.548181533813477,24.309999465942383,24.344999313354492,24.03499984741211,24.100000381469727,1775221.0
2023-07-12,MT.AS,24.19234275817871,24.975000381469727,25.11000061035156,24.354999542236328,24.43000030517578,2448990.0
2023-07-13,MT.AS,24.415136337280273,25.204999923706055,25.30500030517578,24.885000228881836,24.959999084472656,1823451.0
2023-07-14,MT.AS,24.163284301757812,24.94499969482422,25.184999465942383,24.905000686645508,25.145000457763672,1260508.0
2023-07-17,MT.AS,24.105165481567383,24.885000228881836,25.06999969482422,24.700000762939453,24.76499938964844,1083526.0
2023-07-18,MT.AS,24.371545791625977,25.15999984741211,25.15999984741211,24.674999237060547,24.90999984741211,1333406.0
2023-07-19,MT.AS,24.04704475402832,24.825000762939453,25.219999313354492,24.6200008392334,25.18000030517578,2134022.0
2023-07-20,MT.AS,24.40060806274414,25.190000534057617,25.55500030517578,24.850000381469727,24.885000228881836,2525033.0
2023-07-21,MT.AS,24.051889419555664,24.829999923706055,25.184999465942383,24.61000061035156,25.184999465942383,2738877.0
2023-07-24,MT.AS,24.429664611816406,25.219999313354492,25.219999313354492,24.59000015258789,24.700000762939453,2080152.0
2023-07-25,MT.AS,25.015708923339844,25.825000762939453,26.030000686645508,25.584999084472656,25.834999084472656,3026376.0
2023-07-26,MT.AS,24.84134864807129,25.645000457763672,26.075000762939453,25.61000061035156,26.0,1806331.0
2023-07-27,MT.AS,24.666988372802734,25.46500015258789,26.174999237060547,25.01499938964844,25.799999237060547,2640163.0
2023-07-28,MT.AS,24.870407104492188,25.674999237060547,25.844999313354492,25.440000534057617,25.59000015258789,1689131.0
2023-07-31,MT.AS,25.47582244873047,26.299999237060547,26.40999984741211,25.59000015258789,25.665000915527344,3260225.0
2023-08-01,MT.AS,24.9818058013916,25.790000915527344,26.325000762939453,25.684999465942383,26.299999237060547,2527384.0
2023-08-02,MT.AS,24.633085250854492,25.43000030517578,25.760000228881836,25.350000381469727,25.524999618530273,1894163.0
2023-08-03,MT.AS,24.458724975585938,25.25,25.350000381469727,24.86000061035156,25.280000686645508,2455063.0
2023-08-04,MT.AS,24.386075973510746,25.174999237060547,25.350000381469727,24.934999465942383,25.31999969482422,1673479.0
2023-08-07,MT.AS,24.148754119873047,24.93000030517578,25.1299991607666,24.7549991607666,25.0,1886746.0
2023-08-08,MT.AS,23.703168869018555,24.469999313354492,24.635000228881836,24.31999969482422,24.6200008392334,2799933.0
2023-08-09,MT.AS,23.96470642089844,24.739999771118164,25.010000228881836,24.655000686645508,24.829999923706055,1994362.0
2023-08-10,MT.AS,24.003456115722656,24.780000686645508,24.979999542236328,24.709999084472656,24.799999237060547,1931147.0
2023-08-11,MT.AS,23.85331153869629,24.625,24.700000762939453,24.329999923706055,24.68000030517578,2062901.0
2023-08-14,MT.AS,23.945335388183594,24.719999313354492,25.165000915527344,24.399999618530273,24.549999237060547,3134206.0
2023-08-15,MT.AS,23.509437561035156,24.270000457763672,24.90999984741211,24.174999237060547,24.850000381469727,2449116.0
2023-08-16,MT.AS,23.625675201416016,24.38999938964844,24.51499938964844,24.104999542236328,24.149999618530273,1861916.0
2023-08-17,MT.AS,23.3350772857666,24.09000015258789,24.350000381469727,23.864999771118164,24.0,2663306.0
2023-08-18,MT.AS,22.957300186157227,23.700000762939453,23.94499969482422,23.469999313354492,23.899999618530273,2429345.0
2023-08-21,MT.AS,22.855588912963867,23.594999313354492,23.844999313354492,23.510000228881836,23.76499938964844,1914768.0
2023-08-22,MT.AS,23.49490547180176,24.2549991607666,24.31999969482422,23.739999771118164,23.875,1651226.0
2023-08-23,MT.AS,23.55786895751953,24.31999969482422,24.479999542236328,24.209999084472656,24.350000381469727,1222885.0
2023-08-24,MT.AS,23.368980407714844,24.125,24.600000381469727,23.93000030517578,24.399999618530273,1301703.0
2023-08-25,MT.AS,23.32054901123047,24.075000762939453,24.31999969482422,23.98500061035156,24.190000534057617,1212866.0
2023-08-28,MT.AS,23.659578323364254,24.424999237060547,24.559999465942383,24.21500015258789,24.274999618530273,1131792.0
2023-08-29,MT.AS,23.896900177001953,24.670000076293945,24.709999084472656,24.334999084472656,24.540000915527344,1381786.0
2023-08-30,MT.AS,23.82425308227539,24.594999313354492,24.795000076293945,24.575000762939453,24.75,959617.0
2023-08-31,MT.AS,23.761287689208984,24.530000686645508,24.78499984741211,24.530000686645508,24.645000457763672,3987567.0
2023-09-01,MT.AS,24.313426971435547,25.100000381469727,25.23500061035156,24.739999771118164,24.739999771118164,2161129.0
2023-09-04,MT.AS,24.168127059936523,24.950000762939453,25.459999084472656,24.844999313354492,25.25,1470939.0
2023-09-05,MT.AS,24.18265724182129,24.96500015258789,25.184999465942383,24.594999313354492,24.774999618530273,1329053.0
2023-09-06,MT.AS,24.114850997924805,24.895000457763672,25.040000915527344,24.795000076293945,24.80500030517578,1428733.0
2023-09-07,MT.AS,23.49490547180176,24.2549991607666,24.84000015258789,24.204999923706055,24.815000534057617,2290227.0
2023-09-08,MT.AS,23.44647216796875,24.204999923706055,24.40999984741211,23.924999237060547,24.25,1509810.0
2023-09-11,MT.AS,23.567556381225582,24.329999923706055,24.65999984741211,24.329999923706055,24.350000381469727,1356580.0
2023-09-12,MT.AS,23.257585525512695,24.010000228881836,24.440000534057617,23.895000457763672,24.26499938964844,2617226.0
2023-09-13,MT.AS,22.758724212646484,23.4950008392334,24.059999465942383,23.4950008392334,23.88999938964844,3345089.0
2023-09-14,MT.AS,23.233367919921875,23.98500061035156,24.020000457763672,23.454999923706055,23.540000915527344,3773637.0
2023-09-15,MT.AS,23.591772079467773,24.354999542236328,24.55500030517578,24.135000228881836,24.19499969482422,5046405.0
2023-09-18,MT.AS,23.015419006347656,23.760000228881836,24.3700008392334,23.670000076293945,24.239999771118164,1707901.0
2023-09-19,MT.AS,23.015419006347656,23.760000228881836,23.94499969482422,23.65999984741211,23.670000076293945,1920717.0
2023-09-20,MT.AS,23.228525161743164,23.979999542236328,24.1200008392334,23.56999969482422,23.75,1484193.0
2023-09-21,MT.AS,22.74419403076172,23.479999542236328,23.760000228881836,23.2549991607666,23.75,2518297.0
2023-09-22,MT.AS,22.603734970092773,23.334999084472656,23.510000228881836,23.25,23.354999542236328,1498657.0
2023-09-25,MT.AS,22.303451538085938,23.024999618530273,23.024999618530273,22.575000762939453,22.825000762939453,1977643.0
2023-09-26,MT.AS,22.317983627319336,23.040000915527344,23.15999984741211,22.604999542236328,22.81999969482422,1335215.0
2023-09-27,MT.AS,22.598896026611328,23.329999923706055,23.395000457763672,22.954999923706055,22.96500015258789,1723002.0
2023-09-28,MT.AS,23.112285614013672,23.86000061035156,23.86000061035156,23.190000534057617,23.34000015258789,1912319.0
2023-09-29,MT.AS,23.029949188232425,23.774999618530273,24.030000686645508,23.65999984741211,23.864999771118164,2391603.0
2023-10-02,MT.AS,22.80231475830078,23.540000915527344,24.155000686645508,23.450000762939453,23.96500015258789,1972415.0
2023-10-03,MT.AS,22.230802536010746,22.950000762939453,23.424999237060547,22.809999465942383,23.18000030517578,2537456.0
2023-10-04,MT.AS,22.051597595214844,22.76499938964844,23.079999923706055,22.59000015258789,22.75,1588698.0
2023-10-05,MT.AS,21.86271095275879,22.56999969482422,22.8700008392334,22.56999969482422,22.725000381469727,1376715.0
2023-10-06,MT.AS,22.10972023010254,22.825000762939453,22.969999313354492,22.614999771118164,22.614999771118164,1938086.0
2023-10-09,MT.AS,22.066131591796875,22.780000686645508,22.875,22.530000686645508,22.704999923706055,1367317.0
2023-10-10,MT.AS,22.47296905517578,23.200000762939453,23.56999969482422,22.854999542236328,22.899999618530273,2529510.0
2023-10-11,MT.AS,22.380943298339844,23.104999542236328,23.565000534057617,23.094999313354492,23.100000381469727,1731018.0
2023-10-12,MT.AS,21.465559005737305,22.15999984741211,23.34000015258789,22.15999984741211,23.25,3735486.0
2023-10-13,MT.AS,21.02965927124023,21.709999084472656,22.334999084472656,21.665000915527344,22.200000762939453,2952910.0
2023-10-16,MT.AS,21.460716247558594,22.155000686645508,22.30500030517578,21.75,21.799999237060547,1782893.0
2023-10-17,MT.AS,21.417125701904297,22.11000061035156,22.15999984741211,21.44499969482422,21.989999771118164,2771910.0
2023-10-18,MT.AS,20.579235076904297,21.2450008392334,21.90999984741211,21.135000228881836,21.88999938964844,3115269.0
2023-10-19,MT.AS,20.695472717285156,21.364999771118164,21.520000457763672,21.075000762939453,21.2450008392334,2317688.0
2023-10-20,MT.AS,19.85273551940918,20.4950008392334,21.045000076293945,20.344999313354492,20.90999984741211,3689768.0
2023-10-23,MT.AS,19.998035430908203,20.645000457763672,20.674999237060547,20.325000762939453,20.530000686645508,2003324.0
2023-10-24,MT.AS,20.119117736816406,20.770000457763672,20.899999618530273,20.290000915527344,20.73500061035156,2358110.0
2023-10-25,MT.AS,20.245044708251953,20.899999618530273,20.98500061035156,20.71500015258789,20.844999313354492,1407197.0
2023-10-26,MT.AS,20.34675407409668,21.0049991607666,21.049999237060547,20.604999542236328,20.65999984741211,1723002.0
2023-10-27,MT.AS,20.409717559814453,21.06999969482422,21.36000061035156,20.975000381469727,21.309999465942383,1658130.0
2023-10-30,MT.AS,19.615415573120117,20.25,20.395000457763672,19.91200065612793,20.170000076293945,5278070.0
2023-10-31,MT.AS,20.225669860839844,20.8799991607666,21.030000686645508,20.204999923706055,20.204999923706055,3521154.0
2023-11-01,MT.AS,20.075529098510746,20.725000381469727,21.020000457763672,20.665000915527344,20.920000076293945,2112523.0
2023-11-02,MT.AS,20.889205932617188,21.565000534057617,21.729999542236328,20.950000762939453,20.950000762939453,3026947.0
2023-11-03,MT.AS,21.0151309967041,21.69499969482422,21.899999618530273,21.559999465942383,21.770000457763672,1959518.0
2023-11-06,MT.AS,21.03450584411621,21.71500015258789,21.899999618530273,21.6200008392334,21.729999542236328,1702066.0
2023-11-07,MT.AS,20.76327896118164,21.434999465942383,21.674999237060547,21.270000457763672,21.579999923706055,1739696.0
2023-11-08,MT.AS,20.64703941345215,21.315000534057617,21.489999771118164,21.225000381469727,21.385000228881836,2593193.0
2023-11-09,MT.AS,20.303163528442383,20.959999084472656,21.399999618530273,20.665000915527344,20.9950008392334,3055607.0
2023-11-10,MT.AS,19.649316787719727,20.28499984741211,20.899999618530273,20.1299991607666,20.700000762939453,3334856.0
2023-11-13,MT.AS,20.07530403137207,20.5,20.655000686645508,20.260000228881836,20.260000228881836,3353417.0
2023-11-14,MT.AS,20.85383415222168,21.295000076293945,21.395000457763672,20.40999984741211,20.48500061035156,4276944.0
2023-11-15,MT.AS,21.289615631103516,21.739999771118164,21.954999923706055,21.364999771118164,21.440000534057617,4140350.0
2023-11-16,MT.AS,21.035001754760746,21.479999542236328,21.78499984741211,21.479999542236328,21.625,2493243.0
2023-11-17,MT.AS,21.470781326293945,21.924999237060547,22.114999771118164,21.530000686645508,21.530000686645508,3668591.0
2023-11-20,MT.AS,21.55402183532715,22.010000228881836,22.075000762939453,21.790000915527344,22.040000915527344,2238451.0
2023-11-21,MT.AS,21.431612014770508,21.885000228881836,22.024999618530273,21.790000915527344,21.844999313354492,2118267.0
2023-11-22,MT.AS,21.833118438720703,22.295000076293945,22.424999237060547,21.954999923706055,21.96500015258789,2961274.0
2023-11-23,MT.AS,21.867393493652344,22.329999923706055,22.48500061035156,22.280000686645508,22.3799991607666,1720080.0
2023-11-24,MT.AS,21.877185821533203,22.34000015258789,22.520000457763672,22.15999984741211,22.295000076293945,1961917.0
2023-11-27,MT.AS,22.024076461791992,22.489999771118164,22.61000061035156,22.260000228881836,22.30500030517578,2009637.0
2023-11-28,MT.AS,22.073043823242188,22.540000915527344,22.6299991607666,22.34000015258789,22.459999084472656,2305056.0
2023-11-29,MT.AS,22.35703468322754,22.829999923706055,23.104999542236328,22.420000076293945,22.43000030517578,3056829.0
2023-11-30,MT.AS,22.611648559570312,23.09000015258789,23.315000534057617,22.774999618530273,22.850000381469727,5122140.0
2023-12-01,MT.AS,22.988672256469727,23.475000381469727,23.51499938964844,23.149999618530273,23.239999771118164,2708033.0
2023-12-04,MT.AS,23.052326202392575,23.540000915527344,23.704999923706055,23.31999969482422,23.40999984741211,2373161.0
2023-12-05,MT.AS,23.00825881958008,23.4950008392334,23.649999618530273,23.36000061035156,23.364999771118164,2169639.0
2023-12-06,MT.AS,23.096391677856445,23.584999084472656,23.864999771118164,23.584999084472656,23.725000381469727,1825380.0
2023-12-07,MT.AS,23.081703186035156,23.56999969482422,23.684999465942383,23.375,23.479999542236328,1788017.0
2023-12-08,MT.AS,23.2432861328125,23.73500061035156,23.975000381469727,23.530000686645508,23.530000686645508,1840990.0
2023-12-11,MT.AS,23.43914222717285,23.934999465942383,23.989999771118164,23.420000076293945,23.510000228881836,2928273.0
2023-12-12,MT.AS,23.468521118164062,23.96500015258789,24.71500015258789,23.885000228881836,24.225000381469727,2884193.0
2023-12-13,MT.AS,23.49300193786621,23.989999771118164,24.219999313354492,23.809999465942383,23.959999084472656,3826627.0
2023-12-14,MT.AS,24.21277618408203,24.725000381469727,25.01499938964844,24.479999542236328,24.520000457763672,4350890.0
2023-12-15,MT.AS,24.442907333374023,24.959999084472656,25.11000061035156,24.75,24.84000015258789,5653213.0
2023-12-18,MT.AS,25.73556137084961,26.280000686645508,26.350000381469727,24.760000228881836,24.815000534057617,6782126.0
2023-12-19,MT.AS,25.63763427734375,26.18000030517578,26.329999923706055,25.940000534057617,26.020000457763672,2405224.0
2023-12-20,MT.AS,25.652320861816406,26.19499969482422,26.405000686645508,26.100000381469727,26.350000381469727,1676202.0
2023-12-21,MT.AS,25.412397384643555,25.950000762939453,26.170000076293945,25.780000686645508,26.079999923706055,1813924.0
2023-12-22,MT.AS,25.544599533081055,26.084999084472656,26.15999984741211,25.8700008392334,25.940000534057617,1197161.0
2023-12-27,MT.AS,25.417295455932617,25.954999923706055,26.170000076293945,25.90999984741211,26.040000915527344,1464957.0
2023-12-28,MT.AS,25.358537673950195,25.895000457763672,26.125,25.829999923706055,26.040000915527344,1124710.0
2023-12-29,MT.AS,25.143095016479492,25.674999237060547,26.0,25.6200008392334,25.875,1357493.0
2024-01-02,MT.AS,25.285091400146484,25.81999969482422,26.11000061035156,25.579999923706055,25.86000061035156,1252935.0
2024-01-03,MT.AS,24.863998413085938,25.38999938964844,25.78499984741211,25.045000076293945,25.719999313354492,2284205.0
2024-01-04,MT.AS,24.98151397705078,25.510000228881836,25.704999923706055,25.36000061035156,25.385000228881836,2447980.0
2024-01-05,MT.AS,24.878690719604492,25.405000686645508,25.559999465942383,25.0049991607666,25.424999237060547,1465700.0
2024-01-08,MT.AS,24.88358497619629,25.40999984741211,25.479999542236328,25.100000381469727,25.274999618530273,1121725.0
2024-01-09,MT.AS,24.271533966064453,24.78499984741211,25.38999938964844,24.78499984741211,25.344999313354492,2488927.0
2024-01-10,MT.AS,24.20787811279297,24.719999313354492,25.03499984741211,24.579999923706055,24.614999771118164,2137549.0
2024-01-11,MT.AS,23.811269760131836,24.315000534057617,25.020000457763672,24.270000457763672,24.98500061035156,2455695.0
2024-01-12,MT.AS,23.870027542114254,24.375,24.625,24.21500015258789,24.479999542236328,2151558.0
2024-01-15,MT.AS,23.918991088867188,24.424999237060547,24.645000457763672,24.405000686645508,24.53499984741211,1674942.0
2024-01-16,MT.AS,23.68396377563477,24.184999465942383,24.43000030517578,24.020000457763672,24.15999984741211,2103929.0
2024-01-17,MT.AS,23.586034774780273,24.084999084472656,24.125,23.700000762939453,23.850000381469727,2280785.0
2024-01-18,MT.AS,23.874923706054688,24.3799991607666,24.56999969482422,23.989999771118164,24.045000076293945,2303481.0
2024-01-19,MT.AS,23.68396377563477,24.184999465942383,24.719999313354492,24.184999465942383,24.520000457763672,1551678.0
2024-01-22,MT.AS,24.09526252746582,24.604999542236328,24.834999084472656,24.440000534057617,24.48500061035156,2194202.0
2024-01-23,MT.AS,24.315601348876953,24.829999923706055,25.100000381469727,24.61000061035156,24.850000381469727,1926363.0
2024-01-24,MT.AS,24.898273468017575,25.424999237060547,25.469999313354492,25.0049991607666,25.3700008392334,2194471.0
2024-01-25,MT.AS,24.795448303222656,25.31999969482422,25.520000457763672,25.225000381469727,25.26499938964844,1571801.0
2024-01-26,MT.AS,24.85420608520508,25.3799991607666,25.604999542236328,25.329999923706055,25.420000076293945,1511776.0
2024-01-29,MT.AS,24.80524253845215,25.329999923706055,25.635000228881836,25.260000228881836,25.399999618530273,1585117.0
2024-01-30,MT.AS,24.87379264831543,25.399999618530273,25.44499969482422,25.1299991607666,25.40999984741211,1734653.0
2024-01-31,MT.AS,25.10881996154785,25.63999938964844,26.03499984741211,25.614999771118164,25.684999465942383,2961065.0
2024-02-01,MT.AS,25.03047752380371,25.559999465942383,25.885000228881836,25.479999542236328,25.520000457763672,1851580.0
2024-02-02,MT.AS,25.128406524658203,25.65999984741211,25.885000228881836,25.540000915527344,25.665000915527344,1991283.0
2024-02-05,MT.AS,24.467390060424805,24.98500061035156,25.700000762939453,24.834999084472656,25.5,2088888.0
2024-02-06,MT.AS,24.94234085083008,25.469999313354492,25.565000534057617,25.15999984741211,25.26499938964844,1897783.0
2024-02-07,MT.AS,24.663246154785156,25.184999465942383,25.524999618530273,25.075000762939453,25.489999771118164,1659264.0
2024-02-08,MT.AS,25.867765426635746,26.415000915527344,26.4950008392334,25.540000915527344,25.885000228881836,4705800.0
2024-02-09,MT.AS,25.98527717590332,26.53499984741211,26.56999969482422,26.1200008392334,26.5,2117037.0
2024-02-12,MT.AS,25.926523208618164,26.475000381469727,26.950000762939453,26.475000381469727,26.655000686645508,2075552.0
2024-02-13,MT.AS,24.83951759338379,25.364999771118164,26.5,25.15999984741211,26.479999542236328,2901236.0
2024-02-14,MT.AS,24.64366149902344,25.165000915527344,25.43000030517578,25.03499984741211,25.18000030517578,1814930.0
2024-02-15,MT.AS,24.697521209716797,25.219999313354492,25.395000457763672,25.05500030517578,25.225000381469727,2162881.0
2024-02-16,MT.AS,25.099027633666992,25.6299991607666,25.959999084472656,25.329999923706055,25.344999313354492,2590585.0
2024-02-19,MT.AS,24.3400821685791,24.854999542236328,25.434999465942383,24.78499984741211,25.399999618530273,2542950.0
2024-02-20,MT.AS,23.91409492492676,24.420000076293945,24.81999969482422,24.290000915527344,24.780000686645508,2826287.0
2024-02-21,MT.AS,23.845544815063477,24.350000381469727,24.520000457763672,24.290000915527344,24.375,1959551.0
2024-02-22,MT.AS,23.850440979003903,24.354999542236328,24.68000030517578,24.299999237060547,24.524999618530273,2345649.0
2024-02-23,MT.AS,23.811269760131836,24.315000534057617,24.395000457763672,24.06999969482422,24.200000762939453,1990303.0
2024-02-26,MT.AS,23.53706932067871,24.03499984741211,24.334999084472656,23.834999084472656,24.329999923706055,1949067.0
2024-02-27,MT.AS,23.845544815063477,24.350000381469727,24.479999542236328,23.924999237060547,24.010000228881836,1779438.0
2024-02-28,MT.AS,23.620311737060547,24.1200008392334,24.315000534057617,24.040000915527344,24.280000686645508,1674315.0
2024-02-29,MT.AS,23.620311737060547,24.1200008392334,24.200000762939453,23.739999771118164,24.1200008392334,4119289.0
2024-03-01,MT.AS,23.581138610839844,24.079999923706055,24.209999084472656,23.975000381469727,24.165000915527344,2031477.0
2024-03-04,MT.AS,23.25797462463379,23.75,24.049999237060547,23.579999923706055,23.93000030517578,2375112.0
2024-03-05,MT.AS,22.861364364624023,23.344999313354492,23.61000061035156,23.25,23.5,2709916.0
2024-03-06,MT.AS,22.949499130249023,23.434999465942383,23.645000457763672,23.30500030517578,23.315000534057617,1524820.0
2024-03-07,MT.AS,23.31183624267578,23.80500030517578,24.030000686645508,23.30500030517578,23.329999923706055,3325153.0
2024-03-08,MT.AS,23.38038444519043,23.875,24.05500030517578,23.719999313354492,23.88999938964844,1657041.0
2024-03-11,MT.AS,23.39017677307129,23.885000228881836,23.915000915527344,23.469999313354492,23.5,1954059.0
2024-03-12,MT.AS,24.15402030944824,24.665000915527344,24.809999465942383,24.030000686645508,24.030000686645508,3661861.0
2024-03-13,MT.AS,24.227466583251953,24.739999771118164,24.739999771118164,24.1299991607666,24.594999313354492,2899819.0
2024-03-14,MT.AS,23.93857765197754,24.44499969482422,24.780000686645508,24.405000686645508,24.73500061035156,2539540.0
2024-03-15,MT.AS,23.713340759277344,24.21500015258789,24.655000686645508,24.190000534057617,24.44499969482422,4880479.0
2024-03-18,MT.AS,23.865131378173828,24.3700008392334,24.69499969482422,24.25,24.25,2110742.0
2024-03-19,MT.AS,23.879819869995117,24.385000228881836,24.40999984741211,24.0049991607666,24.38999938964844,1544643.0
2024-03-20,MT.AS,24.05609130859375,24.565000534057617,24.565000534057617,24.184999465942383,24.385000228881836,1451508.0
2024-03-21,MT.AS,24.36456298828125,24.8799991607666,25.049999237060547,24.600000381469727,25.0,2177389.0
2024-03-22,MT.AS,24.477184295654297,24.9950008392334,25.125,24.690000534057617,24.719999313354492,1735382.0
2024-03-25,MT.AS,24.67793655395508,25.200000762939453,25.239999771118164,24.93000030517578,24.9950008392334,1986918.0
2024-03-26,MT.AS,24.62407684326172,25.145000457763672,25.190000534057617,24.875,25.03499984741211,1546812.0
2024-03-27,MT.AS,24.966825485229492,25.4950008392334,25.59000015258789,25.03499984741211,25.084999084472656,1752427.0
2024-03-28,MT.AS,24.92765235900879,25.454999923706055,25.774999618530273,25.309999465942383,25.700000762939453,1738641.0
2024-04-02,MT.AS,25.010892868041992,25.540000915527344,26.09000015258789,25.520000457763672,25.790000915527344,3113958.0
2024-04-03,MT.AS,25.05006217956543,25.579999923706055,25.770000457763672,25.149999618530273,25.579999923706055,2318032.0
2024-04-04,MT.AS,25.15778350830078,25.690000534057617,25.850000381469727,25.56999969482422,25.68000030517578,1748814.0
2024-04-05,MT.AS,24.76607322692871,25.290000915527344,25.459999084472656,25.15999984741211,25.329999923706055,1886462.0
2024-04-08,MT.AS,25.10881996154785,25.63999938964844,25.75,25.280000686645508,25.280000686645508,2299259.0
2024-04-09,MT.AS,25.11861228942871,25.649999618530273,25.959999084472656,25.579999923706055,25.600000381469727,2589434.0
2024-04-10,MT.AS,25.138198852539062,25.670000076293945,26.25,25.5,25.88999938964844,3010981.0
2024-04-11,MT.AS,25.010892868041992,25.540000915527344,26.190000534057617,25.479999542236328,25.729999542236328,2727207.0
2024-04-12,MT.AS,25.187162399291992,25.719999313354492,26.34000015258789,25.63999938964844,25.86000061035156,3755965.0
2024-04-15,MT.AS,24.99130630493164,25.520000457763672,25.84000015258789,25.40999984741211,25.649999618530273,2055736.0
2024-04-16,MT.AS,23.26776885986328,23.760000228881836,24.3700008392334,23.549999237060547,24.219999313354492,8435640.0
2024-04-17,MT.AS,23.022947311401367,23.510000228881836,24.219999313354492,23.5,23.799999237060547,3430788.0
2024-04-18,MT.AS,23.30693817138672,23.799999237060547,23.959999084472656,23.559999465942383,23.600000381469727,2676573.0
2024-04-19,MT.AS,23.33631706237793,23.829999923706055,23.8799991607666,23.440000534057617,23.559999465942383,2845773.0
2024-04-22,MT.AS,23.610515594482425,24.11000061035156,24.290000915527344,23.770000457763672,24.0,2204739.0
2024-04-23,MT.AS,22.983774185180664,23.469999313354492,24.100000381469727,23.399999618530273,24.020000457763672,3800729.0
2024-04-24,MT.AS,23.15025329589844,23.63999938964844,23.950000762939453,23.549999237060547,23.809999465942383,2185626.0
2024-04-25,MT.AS,23.052326202392575,23.540000915527344,23.690000534057617,23.170000076293945,23.6299991607666,2802569.0
2024-04-26,MT.AS,23.25797462463379,23.75,24.079999923706055,23.700000762939453,23.809999465942383,2295626.0
2024-04-29,MT.AS,23.551759719848633,24.049999237060547,24.1299991607666,23.729999542236328,23.770000457763672,2081041.0
2024-04-30,MT.AS,23.101289749145508,23.59000015258789,23.959999084472656,23.540000915527344,23.950000762939453,2340129.0
2024-05-02,MT.AS,23.825958251953125,24.329999923706055,24.63999938964844,23.43000030517578,24.06999969482422,3748681.0
2024-05-03,MT.AS,23.796581268310547,24.299999237060547,24.68000030517578,24.15999984741211,24.5,1804974.0
2024-05-06,MT.AS,23.845544815063477,24.350000381469727,24.729999542236328,24.350000381469727,24.40999984741211,2104470.0
2024-05-07,MT.AS,23.473417282104492,23.969999313354492,24.299999237060547,23.690000534057617,24.299999237060547,3131701.0
2024-05-08,MT.AS,23.12087631225586,23.61000061035156,23.940000534057617,23.559999465942383,23.940000534057617,2558342.0
2024-05-09,MT.AS,23.18942642211914,23.68000030517578,23.799999237060547,23.510000228881836,23.61000061035156,1871161.0
2024-05-10,MT.AS,23.38528060913086,23.8799991607666,24.31999969482422,23.8700008392334,23.899999618530273,2942344.0
2024-05-13,MT.AS,23.453832626342773,23.950000762939453,23.989999771118164,23.75,23.829999923706055,1896278.0
2024-05-14,MT.AS,23.620311737060547,24.1200008392334,24.34000015258789,23.989999771118164,23.989999771118164,2279793.0
2024-05-15,MT.AS,23.38528060913086,23.8799991607666,24.260000228881836,23.809999465942383,24.200000762939453,2345565.0
2024-05-16,MT.AS,24.087928771972656,24.34000015258789,24.420000076293945,23.6200008392334,23.75,3937932.0
2024-05-17,MT.AS,24.018653869628903,24.270000457763672,24.43000030517578,24.1200008392334,24.270000457763672,2399653.0
2024-05-20,MT.AS,23.919689178466797,24.170000076293945,24.670000076293945,24.149999618530273,24.40999984741211,1919360.0
2024-05-21,MT.AS,23.83062171936035,24.079999923706055,24.170000076293945,23.969999313354492,24.059999465942383,2229090.0
2024-05-22,MT.AS,23.672279357910156,23.920000076293945,24.11000061035156,23.65999984741211,24.0,2253844.0
2024-05-23,MT.AS,23.494142532348633,23.739999771118164,23.93000030517578,23.690000534057617,23.84000015258789,2171312.0
2024-05-24,MT.AS,23.58320999145508,23.829999923706055,23.899999618530273,23.489999771118164,23.68000030517578,1348366.0
2024-05-27,MT.AS,23.73165702819824,23.979999542236328,24.010000228881836,23.780000686645508,23.799999237060547,987332.0
2024-05-28,MT.AS,23.69207191467285,23.940000534057617,24.100000381469727,23.850000381469727,24.030000686645508,1614856.0
2024-05-29,MT.AS,22.939943313598633,23.18000030517578,23.729999542236328,22.979999542236328,23.65999984741211,3733728.0
2024-05-30,MT.AS,23.662382125854492,23.90999984741211,23.969999313354492,23.049999237060547,23.049999237060547,4317263.0
2024-05-31,MT.AS,23.90979385375977,24.15999984741211,24.18000030517578,23.760000228881836,23.920000076293945,6882105.0
2024-06-03,MT.AS,24.09782600402832,24.350000381469727,24.61000061035156,24.200000762939453,24.3700008392334,3362128.0
2024-06-04,MT.AS,23.573314666748047,23.81999969482422,24.3799991607666,23.809999465942383,24.36000061035156,3024340.0
2024-06-05,MT.AS,23.118078231811523,23.36000061035156,23.790000915527344,23.260000228881836,23.75,4384655.0
2024-06-06,MT.AS,23.30611038208008,23.549999237060547,23.549999237060547,23.1200008392334,23.40999984741211,2337107.0
2024-06-07,MT.AS,23.15766334533691,23.399999618530273,23.63999938964844,23.13999938964844,23.600000381469727,3200862.0
2024-06-10,MT.AS,23.048803329467773,23.290000915527344,23.450000762939453,23.020000457763672,23.079999923706055,2239679.0
2024-06-11,MT.AS,22.435224533081055,22.670000076293945,23.270000457763672,22.6200008392334,23.219999313354492,3921081.0
2024-06-12,MT.AS,22.28677749633789,22.520000457763672,22.979999542236328,22.489999771118164,22.809999465942383,2681483.0
2024-06-13,MT.AS,21.9700927734375,22.200000762939453,22.530000686645508,22.11000061035156,22.399999618530273,2243870.0
2024-06-14,MT.AS,21.59402656555176,21.81999969482422,22.36000061035156,21.739999771118164,22.209999084472656,4153452.0
2024-06-17,MT.AS,21.603923797607425,21.829999923706055,21.90999984741211,21.479999542236328,21.809999465942383,3372325.0
2024-06-18,MT.AS,21.861230850219727,22.09000015258789,22.190000534057617,21.690000534057617,22.049999237060547,2682459.0
2024-06-19,MT.AS,21.762266159057617,21.989999771118164,22.329999923706055,21.989999771118164,22.200000762939453,2437147.0
2024-06-20,MT.AS,22.158123016357425,22.38999938964844,22.420000076293945,21.959999084472656,22.0,2971467.0
2024-06-21,MT.AS,21.74247169494629,21.969999313354492,22.40999984741211,21.790000915527344,22.3700008392334,5181900.0
2024-06-24,MT.AS,21.91071128845215,22.13999938964844,22.399999618530273,21.950000762939453,22.049999237060547,3018956.0
2024-06-25,MT.AS,21.663301467895508,21.88999938964844,22.200000762939453,21.75,22.0,2378282.0
2024-06-26,MT.AS,21.1486873626709,21.3700008392334,22.030000686645508,21.239999771118164,21.940000534057617,4364036.0
2024-06-27,MT.AS,21.02003288269043,21.239999771118164,21.600000381469727,21.209999084472656,21.479999542236328,2517245.0
2024-06-28,MT.AS,21.1486873626709,21.3700008392334,21.670000076293945,21.270000457763672,21.329999923706055,2702505.0
2024-07-01,MT.AS,21.069517135620117,21.290000915527344,21.799999237060547,21.239999771118164,21.690000534057617,2525781.0
2024-07-02,MT.AS,20.92106819152832,21.13999938964844,21.329999923706055,21.059999465942383,21.170000076293945,2014647.0
2024-07-03,MT.AS,21.277339935302734,21.5,21.704999923706055,21.3799991607666,21.469999313354492,3093932.0
2024-07-04,MT.AS,21.43568420410156,21.65999984741211,21.729999542236328,21.530000686645508,21.600000381469727,1173681.0
2024-07-05,MT.AS,21.267444610595703,21.489999771118164,21.780000686645508,21.3799991607666,21.649999618530273,1468110.0
2024-07-08,MT.AS,20.99034309387207,21.209999084472656,21.59000015258789,21.200000762939453,21.329999923706055,1991171.0
2024-07-09,MT.AS,20.525211334228516,20.739999771118164,21.3799991607666,20.690000534057617,21.260000228881836,3083773.0
2024-07-10,MT.AS,20.57469367980957,20.790000915527344,20.90999984741211,20.549999237060547,20.670000076293945,1968312.0
2024-07-11,MT.AS,20.80231285095215,21.020000457763672,21.040000915527344,20.739999771118164,20.90999984741211,2262993.0
2024-07-12,MT.AS,21.346614837646484,21.56999969482422,21.670000076293945,21.31999969482422,21.40999984741211,3168803.0
2024-07-15,MT.AS,21.43568420410156,21.65999984741211,21.920000076293945,21.520000457763672,21.56999969482422,2731333.0
2024-07-16,MT.AS,20.901277542114254,21.1200008392334,21.510000228881836,20.559999465942383,21.5,3931352.0
2024-07-17,MT.AS,21.069517135620117,21.290000915527344,21.43000030517578,21.06999969482422,21.1299991607666,2247041.0
2024-07-18,MT.AS,20.95075798034668,21.170000076293945,21.3799991607666,21.170000076293945,21.290000915527344,2033891.0
2024-07-19,MT.AS,20.54500389099121,20.760000228881836,21.09000015258789,20.729999542236328,20.940000534057617,3134449.0
2024-07-22,MT.AS,20.653865814208984,20.8700008392334,21.149999618530273,20.850000381469727,20.850000381469727,1931663.0
2024-07-23,MT.AS,20.36686897277832,20.579999923706055,21.079999923706055,20.489999771118164,20.920000076293945,2727683.0
2024-07-24,MT.AS,20.61427879333496,20.829999923706055,21.079999923706055,20.469999313354492,20.579999923706055,2545894.0
2024-07-25,MT.AS,20.554901123046875,20.770000457763672,20.790000915527344,20.229999542236328,20.520000457763672,2447232.0
2024-07-26,MT.AS,20.525211334228516,20.739999771118164,20.88999938964844,20.56999969482422,20.709999084472656,1088429.0
2024-07-29,MT.AS,20.53510856628418,20.75,21.049999237060547,20.709999084472656,20.969999313354492,1577788.0
2024-07-30,MT.AS,20.40645408630371,20.6200008392334,20.84000015258789,20.489999771118164,20.719999313354492,1674344.0
2024-07-31,MT.AS,20.723140716552734,20.940000534057617,21.149999618530273,20.809999465942383,20.809999465942383,2858380.0
2024-08-01,MT.AS,19.782978057861328,19.989999771118164,21.209999084472656,19.825000762939453,20.979999542236328,4269269.0
2024-08-02,MT.AS,19.218881607055664,19.420000076293945,19.905000686645508,19.325000762939453,19.81999969482422,3004909.0
2024-08-05,MT.AS,18.8675594329834,19.065000534057617,19.084999084472656,18.434999465942383,18.700000762939453,3990443.0
2024-08-06,MT.AS,19.342586517333984,19.545000076293945,19.709999084472656,19.3799991607666,19.549999237060547,3423772.0
2024-08-07,MT.AS,19.832462310791016,20.040000915527344,20.15999984741211,19.69499969482422,19.790000915527344,2824241.0
2024-08-08,MT.AS,19.792875289916992,20.0,20.06999969482422,19.530000686645508,19.81999969482422,2473225.0
2024-08-09,MT.AS,19.88194274902344,20.09000015258789,20.38999938964844,19.96500015258789,20.190000534057617,2466796.0
2024-08-12,MT.AS,19.90173721313477,20.11000061035156,20.299999237060547,20.049999237060547,20.25,2096410.0
2024-08-13,MT.AS,19.5603084564209,19.76499938964844,20.15999984741211,19.6200008392334,20.09000015258789,2319365.0
2024-08-14,MT.AS,19.510826110839844,19.71500015258789,19.924999237060547,19.420000076293945,19.854999542236328,2839662.0
2024-08-15,MT.AS,19.90173721313477,20.11000061035156,20.190000534057617,19.760000228881836,19.84000015258789,3644892.0
2024-08-16,MT.AS,20.00069999694824,20.209999084472656,20.280000686645508,20.09000015258789,20.149999618530273,2097445.0
2024-08-19,MT.AS,20.46583366394043,20.68000030517578,20.799999237060547,20.399999618530273,20.600000381469727,2757309.0
2024-08-20,MT.AS,20.356971740722656,20.56999969482422,20.8700008392334,20.489999771118164,20.760000228881836,1994731.0
2024-08-21,MT.AS,20.64396858215332,20.86000061035156,20.969999313354492,20.59000015258789,20.600000381469727,2484427.0
2024-08-22,MT.AS,20.416349411010746,20.6299991607666,20.940000534057617,20.6299991607666,20.799999237060547,1846993.0
2024-08-23,MT.AS,20.63407325744629,20.850000381469727,20.88999938964844,20.649999618530273,20.719999313354492,1925764.0
2024-08-26,MT.AS,20.792415618896484,21.010000228881836,21.06999969482422,20.850000381469727,20.899999618530273,1675983.0
2024-08-27,MT.AS,20.5845890045166,20.799999237060547,21.15999984741211,20.799999237060547,21.010000228881836,1461919.0
2024-08-28,MT.AS,20.832000732421875,21.049999237060547,21.229999542236328,20.940000534057617,21.229999542236328,2108314.0
2024-08-29,MT.AS,20.960655212402344,21.18000030517578,21.219999313354492,20.959999084472656,21.06999969482422,1861007.0
2024-08-30,MT.AS,20.95075798034668,21.170000076293945,21.459999084472656,21.170000076293945,21.18000030517578,3633134.0
2024-09-02,MT.AS,21.109100341796875,21.329999923706055,21.38999938964844,21.010000228881836,21.190000534057617,1290542.0
2024-09-03,MT.AS,20.020492553710938,20.229999542236328,21.299999237060547,20.190000534057617,21.239999771118164,3901555.0
2024-09-04,MT.AS,19.812667846679688,20.020000457763672,20.1299991607666,19.770000457763672,19.895000457763672,2736235.0
2024-09-05,MT.AS,19.96111488342285,20.170000076293945,20.479999542236328,19.780000686645508,19.864999771118164,2213929.0
2024-09-06,MT.AS,19.792875289916992,20.0,20.309999465942383,19.959999084472656,20.280000686645508,2601871.0
2024-09-09,MT.AS,19.931425094604492,20.13999938964844,20.290000915527344,20.079999923706055,20.15999984741211,1709583.0
2024-09-10,MT.AS,19.495983123779297,19.700000762939453,20.100000381469727,19.645000457763672,19.90999984741211,2599582.0
2024-09-11,MT.AS,19.47618865966797,19.68000030517578,20.079999923706055,19.65999984741211,19.80500030517578,2218157.0
2024-09-12,MT.AS,19.941320419311523,20.149999618530273,20.36000061035156,20.0,20.11000061035156,2094748.0
2024-09-13,MT.AS,20.317386627197266,20.530000686645508,20.59000015258789,20.200000762939453,20.239999771118164,1989080.0
2024-09-16,MT.AS,20.29759407043457,20.510000228881836,20.6200008392334,20.34000015258789,20.479999542236328,1223726.0
2024-09-17,MT.AS,20.7330379486084,20.950000762939453,21.06999969482422,20.549999237060547,20.549999237060547,2258920.0
2024-09-18,MT.AS,20.88148307800293,21.100000381469727,21.15999984741211,20.809999465942383,20.93000030517578,2586791.0
2024-09-19,MT.AS,21.673198699951172,21.899999618530273,22.049999237060547,21.450000762939453,21.489999771118164,5484574.0
2024-09-20,MT.AS,21.267444610595703,21.489999771118164,21.81999969482422,21.309999465942383,21.780000686645508,4233326.0
2024-09-23,MT.AS,21.21796226501465,21.440000534057617,21.6299991607666,21.149999618530273,21.559999465942383,1620946.0
2024-09-24,MT.AS,22.227397918701172,22.459999084472656,22.59000015258789,22.239999771118164,22.290000915527344,3996292.0
2024-09-25,MT.AS,21.9799861907959,22.209999084472656,22.700000762939453,22.209999084472656,22.34000015258789,2458024.0
2024-09-26,MT.AS,23.019113540649418,23.260000228881836,23.530000686645508,22.56999969482422,22.600000381469727,5088393.0
2024-09-27,MT.AS,23.187353134155273,23.43000030517578,23.6200008392334,23.260000228881836,23.3700008392334,3092090.0
2024-09-30,MT.AS,23.296215057373047,23.540000915527344,23.899999618530273,23.260000228881836,23.559999465942383,3392018.0
2024-10-01,MT.AS,23.286317825317383,23.530000686645508,23.790000915527344,23.36000061035156,23.510000228881836,2318681.0
2024-10-02,MT.AS,23.296215057373047,23.540000915527344,23.770000457763672,23.200000762939453,23.65999984741211,2457065.0
2024-10-03,MT.AS,22.96963119506836,23.209999084472656,23.38999938964844,22.950000762939453,23.329999923706055,2583680.0
2024-10-04,MT.AS,23.108182907104492,23.350000381469727,23.540000915527344,23.170000076293945,23.18000030517578,1635550.0
2024-10-07,MT.AS,22.97952651977539,23.219999313354492,23.399999618530273,22.950000762939453,23.399999618530273,1503854.0
2024-10-08,MT.AS,22.177915573120117,22.40999984741211,22.670000076293945,22.229999542236328,22.559999465942383,2747319.0
2024-10-09,MT.AS,22.346155166625977,22.579999923706055,22.59000015258789,22.270000457763672,22.36000061035156,1387341.0
2024-10-10,MT.AS,22.375844955444336,22.61000061035156,22.61000061035156,22.280000686645508,22.489999771118164,1855483.0
2024-10-11,MT.AS,22.44511985778809,22.68000030517578,22.809999465942383,22.329999923706055,22.329999923706055,1647939.0
2024-10-14,MT.AS,22.28677749633789,22.520000457763672,22.790000915527344,22.399999618530273,22.75,1673699.0
2024-10-15,MT.AS,21.831541061401367,22.059999465942383,22.56999969482422,21.829999923706055,22.530000686645508,2875060.0
2024-10-16,MT.AS,21.831541061401367,22.059999465942383,22.170000076293945,21.790000915527344,21.950000762939453,1813580.0
2024-10-17,MT.AS,21.881023406982425,22.11000061035156,22.15999984741211,21.81999969482422,21.959999084472656,1481909.0
2024-10-18,MT.AS,22.247190475463867,22.479999542236328,22.690000534057617,22.11000061035156,22.11000061035156,2135428.0
2024-10-21,MT.AS,21.900815963745117,22.1299991607666,22.579999923706055,22.079999923706055,22.40999984741211,1528262.0
2024-10-22,MT.AS,21.930505752563477,22.15999984741211,22.270000457763672,21.90999984741211,22.15999984741211,1467820.0
2024-10-23,MT.AS,21.74247169494629,21.969999313354492,22.229999542236328,21.899999618530273,22.15999984741211,1303193.0
2024-10-24,MT.AS,21.732576370239254,21.959999084472656,22.5,21.959999084472656,22.010000228881836,1576127.0
2024-10-25,MT.AS,21.999780654907227,22.229999542236328,22.38999938964844,21.899999618530273,21.969999313354492,1157436.0
2024-10-28,MT.AS,22.742013931274418,22.979999542236328,22.979999542236328,22.469999313354492,22.479999542236328,2501380.0
2024-10-29,MT.AS,22.682634353637695,22.920000076293945,23.350000381469727,22.850000381469727,23.079999923706055,2037168.0
2024-10-30,MT.AS,22.435224533081055,22.670000076293945,22.8700008392334,22.469999313354492,22.799999237060547,1826637.0
2024-10-31,MT.AS,22.44511985778809,22.68000030517578,22.8700008392334,22.489999771118164,22.510000228881836,1535369.0
2024-11-01,MT.AS,22.44511985778809,22.68000030517578,22.829999923706055,22.559999465942383,22.739999771118164,1439270.0
2024-11-04,MT.AS,22.504499435424805,22.739999771118164,22.93000030517578,22.6299991607666,22.709999084472656,1324652.0
2024-11-05,MT.AS,22.79149627685547,23.030000686645508,23.079999923706055,22.75,22.8700008392334,1276666.0
2024-11-06,MT.AS,22.890459060668945,23.1299991607666,23.799999237060547,22.920000076293945,23.25,3713383.0
2024-11-07,MT.AS,24.37492561340332,24.6299991607666,24.8700008392334,23.5,23.5,5724586.0
2024-11-08,MT.AS,23.88999938964844,24.13999938964844,24.34000015258789,23.739999771118164,24.100000381469727,3172066.0
2024-11-11,MT.AS,23.760000228881836,23.760000228881836,24.18000030517578,23.63999938964844,24.100000381469727,1893699.0
2024-11-12,MT.AS,22.65999984741211,22.65999984741211,23.600000381469727,22.56999969482422,23.520000457763672,3538341.0
2024-11-13,MT.AS,22.6200008392334,22.6200008392334,23.040000915527344,22.459999084472656,22.84000015258789,1890530.0
2024-11-14,MT.AS,23.510000228881836,23.510000228881836,23.790000915527344,22.65999984741211,23.020000457763672,3051788.0
2024-11-15,MT.AS,23.989999771118164,23.989999771118164,24.18000030517578,23.270000457763672,23.280000686645508,3017002.0
2024-11-18,MT.AS,24.11000061035156,24.11000061035156,24.219999313354492,23.86000061035156,24.200000762939453,1820285.0
2024-11-19,MT.AS,24.010000228881836,24.010000228881836,24.229999542236328,23.440000534057617,24.1200008392334,2008233.0
2024-11-20,MT.AS,23.829999923706055,23.829999923706055,24.209999084472656,23.75,24.1299991607666,1276726.0
2024-11-21,MT.AS,23.90999984741211,23.90999984741211,23.989999771118164,23.579999923706055,23.790000915527344,1590339.0
2024-11-22,MT.AS,23.989999771118164,23.989999771118164,24.15999984741211,23.540000915527344,24.100000381469727,1720391.0
2024-11-25,MT.AS,23.88999938964844,23.88999938964844,24.200000762939453,23.6200008392334,24.13999938964844,3173430.0
2024-11-26,MT.AS,22.989999771118164,22.989999771118164,23.239999771118164,22.61000061035156,22.63999938964844,3242517.0
2024-11-27,MT.AS,23.149999618530273,23.149999618530273,23.190000534057617,22.770000457763672,22.88999938964844,1679003.0
2024-11-28,MT.AS,23.6200008392334,23.6200008392334,23.719999313354492,23.280000686645508,23.350000381469727,2090713.0
2024-11-29,MT.AS,23.84000015258789,23.84000015258789,23.864999771118164,23.59000015258789,23.65999984741211,2068285.0
2024-12-02,MT.AS,24.170000076293945,24.170000076293945,24.280000686645508,23.75,23.799999237060547,3019893.0
2024-12-03,MT.AS,23.950000762939453,23.950000762939453,24.40999984741211,23.899999618530273,24.309999465942383,1778550.0
2024-12-04,MT.AS,23.6299991607666,23.6299991607666,24.049999237060547,23.600000381469727,23.899999618530273,1971249.0
2024-12-05,MT.AS,24.030000686645508,24.030000686645508,24.09000015258789,23.579999923706055,23.579999923706055,2194785.0
2024-12-06,MT.AS,24.149999618530273,24.149999618530273,24.434999465942383,24.06999969482422,24.13999938964844,1670451.0
2024-12-09,MT.AS,24.6200008392334,24.6200008392334,24.950000762939453,24.3700008392334,24.43000030517578,3891863.0
2024-12-10,MT.AS,24.579999923706055,24.579999923706055,24.579999923706055,24.329999923706055,24.40999984741211,1564441.0
2024-12-11,MT.AS,24.59000015258789,24.59000015258789,24.59000015258789,24.270000457763672,24.440000534057617,1341159.0
2024-12-12,MT.AS,24.280000686645508,24.280000686645508,24.760000228881836,24.219999313354492,24.63999938964844,1613754.0
2024-12-13,MT.AS,23.729999542236328,23.729999542236328,24.239999771118164,23.63999938964844,24.170000076293945,2913300.0
2024-12-16,MT.AS,23.61000061035156,23.61000061035156,23.709999084472656,23.40999984741211,23.540000915527344,2594779.0
2024-12-17,MT.AS,22.90999984741211,22.90999984741211,23.399999618530273,22.8799991607666,23.219999313354492,2859426.0
2024-12-18,MT.AS,22.850000381469727,22.850000381469727,23.030000686645508,22.770000457763672,22.979999542236328,2361140.0
2024-12-19,MT.AS,22.459999084472656,22.459999084472656,22.709999084472656,22.38999938964844,22.600000381469727,2535229.0
2024-12-20,MT.AS,22.260000228881836,22.260000228881836,22.299999237060547,21.93000030517578,22.15999984741211,4404827.0
2024-12-23,MT.AS,22.1299991607666,22.1299991607666,22.280000686645508,22.030000686645508,22.25,1249286.0
2024-12-24,MT.AS,22.270000457763672,22.270000457763672,22.270000457763672,22.15999984741211,22.190000534057617,308639.0
2024-12-27,MT.AS,22.209999084472656,22.209999084472656,22.290000915527344,22.11000061035156,22.15999984741211,1426426.0
2024-12-30,MT.AS,22.06999969482422,22.06999969482422,22.350000381469727,22.030000686645508,22.18000030517578,1156532.0
2024-12-31,MT.AS,22.43000030517578,22.43000030517578,22.43000030517578,22.010000228881836,22.020000457763672,613588.0
2025-01-02,MT.AS,22.510000228881836,22.510000228881836,22.829999923706055,22.260000228881836,22.670000076293945,1177529.0
2025-01-03,MT.AS,21.459999084472656,21.459999084472656,22.3700008392334,21.459999084472656,22.31999969482422,4038161.0
2025-01-06,MT.AS,21.520000457763672,21.520000457763672,21.86000061035156,21.209999084472656,21.440000534057617,3287528.0
2025-01-07,MT.AS,21.34000015258789,21.34000015258789,21.6200008392334,21.239999771118164,21.25,1851005.0
2025-01-08,MT.AS,21.149999618530273,21.149999618530273,21.459999084472656,20.959999084472656,21.299999237060547,2134787.0
2025-01-09,MT.AS,21.290000915527344,21.290000915527344,21.469999313354492,21.059999465942383,21.06999969482422,1358052.0
2025-01-10,MT.AS,21.6299991607666,21.6299991607666,21.88999938964844,21.290000915527344,21.43000030517578,2965160.0
2025-01-13,MT.AS,21.75,21.75,21.829999923706055,21.200000762939453,21.469999313354492,1816931.0
2025-01-14,MT.AS,21.84000015258789,21.84000015258789,22.1200008392334,21.739999771118164,22.0,2975891.0
2025-01-15,MT.AS,22.38999938964844,22.38999938964844,22.440000534057617,21.829999923706055,21.86000061035156,3357778.0
2025-01-16,MT.AS,22.649999618530273,22.649999618530273,22.950000762939453,22.540000915527344,22.88999938964844,2190043.0
2025-01-17,MT.AS,22.719999313354492,22.719999313354492,22.8700008392334,22.510000228881836,22.81999969482422,2474222.0
2025-01-20,MT.AS,23.239999771118164,23.239999771118164,23.469999313354492,22.649999618530273,22.719999313354492,2768860.0
2025-01-21,MT.AS,22.989999771118164,22.989999771118164,23.13999938964844,22.760000228881836,22.8700008392334,2559432.0
2025-01-22,MT.AS,22.520000457763672,22.520000457763672,22.90999984741211,22.420000076293945,22.829999923706055,2846488.0
2025-01-23,MT.AS,22.969999313354492,22.969999313354492,22.969999313354492,22.299999237060547,22.43000030517578,2184630.0
2025-01-24,MT.AS,23.709999084472656,23.709999084472656,23.959999084472656,23.329999923706055,23.3700008392334,3359533.0
2025-01-27,MT.AS,23.75,23.75,23.84000015258789,23.489999771118164,23.579999923706055,2451796.0
2025-01-28,MT.AS,23.729999542236328,23.729999542236328,23.8700008392334,23.530000686645508,23.63999938964844,1551124.0
2025-01-29,MT.AS,23.790000915527344,23.790000915527344,23.959999084472656,23.34000015258789,23.950000762939453,1677632.0
2025-01-30,MT.AS,24.270000457763672,24.270000457763672,24.459999084472656,23.829999923706055,23.84000015258789,3037848.0
2025-01-31,MT.AS,24.170000076293945,24.170000076293945,24.290000915527344,24.059999465942383,24.239999771118164,2128127.0
2025-02-03,MT.AS,23.760000228881836,23.760000228881836,23.760000228881836,22.440000534057617,22.6200008392334,4376424.0
2025-02-04,MT.AS,24.219999313354492,24.219999313354492,24.290000915527344,23.63999938964844,23.760000228881836,2256501.0
2025-02-05,MT.AS,24.36000061035156,24.36000061035156,24.510000228881836,23.989999771118164,24.15999984741211,2530007.0
2025-02-06,MT.AS,27.61000061035156,27.61000061035156,27.850000381469727,24.8700008392334,24.899999618530273,11236094.0
2025-02-07,MT.AS,27.36000061035156,27.36000061035156,28.170000076293945,27.18000030517578,27.399999618530273,7160096.0
2025-02-10,MT.AS,27.200000762939453,27.200000762939453,27.229999542236328,26.36000061035156,26.5,3104041.0
2025-02-11,MT.AS,26.68000030517578,26.68000030517578,27.18000030517578,26.530000686645508,27.030000686645508,2743889.0
2025-02-12,MT.AS,26.850000381469727,26.850000381469727,26.979999542236328,26.450000762939453,26.559999465942383,2343530.0
2025-02-13,MT.AS,27.700000762939453,27.700000762939453,28.260000228881836,27.190000534057617,28.06999969482422,4408986.0
2025-02-14,MT.AS,27.219999313354492,27.219999313354492,27.649999618530273,26.030000686645508,26.350000381469727,3375349.0
2025-02-17,MT.AS,27.8700008392334,27.8700008392334,27.8700008392334,27.25,27.34000015258789,2248286.0
2025-02-18,MT.AS,27.709999084472656,27.709999084472656,28.010000228881836,27.670000076293945,27.90999984741211,2424499.0
2025-02-19,MT.AS,27.219999313354492,27.219999313354492,27.93000030517578,26.88999938964844,27.649999618530273,3118225.0
2025-02-20,MT.AS,26.81999969482422,26.81999969482422,27.510000228881836,26.81999969482422,27.18000030517578,2493470.0
2025-02-21,MT.AS,27.049999237060547,27.049999237060547,27.270000457763672,26.84000015258789,26.84000015258789,1778340.0
2025-02-24,MT.AS,26.829999923706055,26.829999923706055,27.020000457763672,26.600000381469727,26.81999969482422,1746632.0
2025-02-25,MT.AS,26.540000915527344,26.540000915527344,27.11000061035156,26.40999984741211,26.6200008392334,2474659.0
2025-02-26,MT.AS,27.969999313354492,27.969999313354492,27.989999771118164,26.809999465942383,26.8799991607666,4423260.0
2025-02-27,MT.AS,27.450000762939453,27.450000762939453,27.90999984741211,27.350000381469727,27.81999969482422,2223038.0
2025-02-28,MT.AS,27.440000534057617,27.440000534057617,27.510000228881836,26.950000762939453,27.11000061035156,2533234.0
2025-03-03,MT.AS,28.799999237060547,28.799999237060547,29.059999465942383,27.11000061035156,27.149999618530273,6205320.0
2025-03-04,MT.AS,27.309999465942383,27.309999465942383,28.36000061035156,27.079999923706055,28.1200008392334,4006273.0
2025-03-05,MT.AS,30.170000076293945,30.170000076293945,30.170000076293945,28.780000686645508,28.780000686645508,9002030.0
2025-03-06,MT.AS,32.16999816894531,32.16999816894531,32.18000030517578,30.780000686645508,31.030000686645508,8534283.0
2025-03-07,MT.AS,30.479999542236328,30.479999542236328,31.770000457763672,30.479999542236328,31.479999542236328,4319928.0
2025-03-10,MT.AS,29.030000686645508,29.030000686645508,30.770000457763672,28.979999542236328,30.420000076293945,4429592.0
2025-03-11,MT.AS,28.709999084472656,28.709999084472656,29.399999618530273,28.459999084472656,29.059999465942383,4377535.0
2025-03-12,MT.AS,28.31999969482422,28.31999969482422,29.59000015258789,28.200000762939453,29.329999923706055,4366077.0
2025-03-13,MT.AS,28.59000015258789,28.59000015258789,29.030000686645508,28.1200008392334,28.200000762939453,3326630.0
2025-03-14,MT.AS,29.61000061035156,29.61000061035156,29.829999923706055,28.510000228881836,28.59000015258789,3126155.0
2025-03-17,MT.AS,29.38999938964844,29.38999938964844,29.649999618530273,29.18000030517578,29.649999618530273,1621308.0
2025-03-18,MT.AS,29.86000061035156,29.86000061035156,29.969999313354492,29.459999084472656,29.479999542236328,2034954.0
2025-03-19,MT.AS,30.3700008392334,30.3700008392334,30.38999938964844,29.61000061035156,29.649999618530273,2605929.0
2025-03-20,MT.AS,29.5,29.5,30.299999237060547,29.170000076293945,30.270000457763672,2465064.0
2025-03-21,MT.AS,29.1200008392334,29.1200008392334,29.43000030517578,28.770000457763672,29.13999938964844,4437517.0
2025-03-24,MT.AS,29.5,29.5,30.040000915527344,29.36000061035156,29.790000915527344,1451218.0
2025-03-25,MT.AS,29.479999542236328,29.479999542236328,29.510000228881836,29.11000061035156,29.290000915527344,1879504.0
2025-03-26,MT.AS,28.920000076293945,28.920000076293945,29.190000534057617,28.780000686645508,28.81999969482422,2846106.0
2025-03-27,MT.AS,27.739999771118164,27.739999771118164,28.450000762939453,27.59000015258789,28.31999969482422,3195139.0
2025-03-28,MT.AS,26.81999969482422,26.81999969482422,27.969999313354492,26.809999465942383,27.600000381469727,4563331.0
2025-03-31,MT.AS,26.469999313354492,26.469999313354492,26.56999969482422,26.079999923706055,26.399999618530273,4307777.0
2025-04-01,MT.AS,26.950000762939453,26.950000762939453,27.200000762939453,26.6200008392334,26.739999771118164,3347547.0
2025-04-02,MT.AS,26.6299991607666,26.6299991607666,26.88999938964844,26.40999984741211,26.68000030517578,1863951.0
2025-04-03,MT.AS,24.850000381469727,24.850000381469727,26.100000381469727,24.729999542236328,25.979999542236328,3805595.0
2025-04-04,MT.AS,22.75,22.75,24.459999084472656,21.950000762939453,24.34000015258789,6015490.0
2025-04-07,MT.AS,22.09000015258789,22.09000015258789,23.260000228881836,20.540000915527344,21.219999313354492,6160158.0
2025-04-08,MT.AS,22.6200008392334,22.6200008392334,23.18000030517578,22.06999969482422,22.709999084472656,4836562.0
2025-04-09,MT.AS,21.899999618530273,21.899999618530273,22.309999465942383,21.36000061035156,21.520000457763672,4245336.0
2025-04-10,MT.AS,22.799999237060547,22.799999237060547,24.969999313354492,22.799999237060547,24.899999618530273,4244857.0
2025-04-11,MT.AS,23.049999237060547,23.049999237060547,23.280000686645508,22.479999542236328,23.100000381469727,2554889.0
2025-04-14,MT.AS,23.709999084472656,23.709999084472656,23.950000762939453,23.459999084472656,23.84000015258789,2192325.0
2025-04-15,MT.AS,23.86000061035156,23.86000061035156,23.940000534057617,23.489999771118164,23.729999542236328,1410742.0
2025-04-16,MT.AS,24.020000457763672,24.020000457763672,24.040000915527344,23.280000686645508,23.540000915527344,1387759.0
2025-04-17,MT.AS,23.81999969482422,23.81999969482422,24.190000534057617,23.649999618530273,24.020000457763672,1175366.0
2025-04-22,MT.AS,24.18000030517578,24.18000030517578,24.229999542236328,23.770000457763672,23.850000381469727,1721227.0
2025-04-23,MT.AS,25.469999313354492,25.469999313354492,26.0,24.56999969482422,24.670000076293945,3518214.0
2025-04-24,MT.AS,25.549999237060547,25.549999237060547,25.56999969482422,25.13999938964844,25.399999618530273,1387213.0
2025-04-25,MT.AS,25.959999084472656,25.959999084472656,26.049999237060547,25.59000015258789,25.75,1371572.0
