Datetime,Price,Ticker,Value
2023-04-24,Close,AC.PA,30.271163940429688
2023-04-24,Close,AI.PA,143.2488250732422
2023-04-24,Close,AIR.PA,125.66715240478516
2023-04-24,Close,BNP.PA,51.79769515991211
2023-04-24,Close,CS.PA,25.994951248168945
2023-04-24,Close,MT.AS,24.333223342895508
2023-04-24,High,AC.PA,30.41522050697753
2023-04-24,High,AI.PA,143.4593853879776
2023-04-24,High,AIR.PA,125.88273978584472
2023-04-24,High,BNP.PA,52.077966495976256
2023-04-24,High,CS.PA,26.065878742651943
2023-04-24,High,MT.AS,24.88526999375372
2023-04-24,Low,AC.PA,30.10789934320117
2023-04-24,Low,AI.PA,142.6171588545633
2023-04-24,Low,AIR.PA,124.37362811842765
2023-04-24,Low,BNP.PA,51.11453419589297
2023-04-24,Low,CS.PA,25.844230111011967
2023-04-24,Low,MT.AS,24.222814378965268
2023-04-24,Open,AC.PA,30.203937664825936
2023-04-24,Open,AI.PA,142.8277191692987
2023-04-24,Open,AIR.PA,124.4520248890543
2023-04-24,Open,BNP.PA,51.23715248778381
2023-04-24,Open,CS.PA,25.88856085196688
2023-04-24,Open,MT.AS,24.7652600114982
2023-04-24,Volume,AC.PA,498774.0
2023-04-24,Volume,AI.PA,614099.0
2023-04-24,Volume,AIR.PA,752850.0
2023-04-24,Volume,BNP.PA,2206738.0
2023-04-24,Volume,CS.PA,3202571.0
2023-04-24,Volume,MT.AS,3278186.0
2023-04-25,Close,AC.PA,30.37680435180664
2023-04-25,Close,AI.PA,143.2488250732422
2023-04-25,Close,AIR.PA,125.13043975830078
2023-04-25,Close,BNP.PA,50.562747955322266
2023-04-25,Close,CS.PA,25.96392059326172
2023-04-25,Close,MT.AS,24.025999069213867
2023-04-25,High,AC.PA,30.453634642513464
2023-04-25,High,AI.PA,143.63485477117828
2023-04-25,High,AIR.PA,125.74664516514284
2023-04-25,High,BNP.PA,51.21087750064571
2023-04-25,High,CS.PA,25.98608511823232
2023-04-25,High,MT.AS,24.30922271223076
2023-04-25,Low,AC.PA,29.90621859225502
2023-04-25,Low,AI.PA,142.8277191692987
2023-04-25,Low,AIR.PA,123.71912130569866
2023-04-25,Low,BNP.PA,50.27371960508594
2023-04-25,Low,CS.PA,25.644746022341597
2023-04-25,Low,MT.AS,23.72357338875687
2023-04-25,Open,AC.PA,30.18472954092889
2023-04-25,Open,AI.PA,143.2488250732422
2023-04-25,Open,AIR.PA,124.49435235479672
2023-04-25,Open,BNP.PA,51.14080799689276
2023-04-25,Open,CS.PA,25.888560870152723
2023-04-25,Open,MT.AS,24.290020674790643
2023-04-25,Volume,AC.PA,513480.0
2023-04-25,Volume,AI.PA,823006.0
2023-04-25,Volume,AIR.PA,983955.0
2023-04-25,Volume,BNP.PA,3051349.0
2023-04-25,Volume,CS.PA,3450686.0
2023-04-25,Volume,MT.AS,3521654.0
2023-04-26,Close,AC.PA,30.203935623168945
2023-04-26,Close,AI.PA,141.0555419921875
2023-04-26,Close,AIR.PA,123.32157135009766
2023-04-26,Close,BNP.PA,50.457645416259766
2023-04-26,Close,CS.PA,25.95062255859375
2023-04-26,Close,MT.AS,24.3668270111084
2023-04-26,High,AC.PA,30.271161894228484
2023-04-26,High,AI.PA,143.31903241295288
2023-04-26,High,AIR.PA,125.60750820856153
2023-04-26,High,BNP.PA,50.80798290045156
2023-04-26,High,CS.PA,26.07474525290128
2023-04-26,High,MT.AS,24.40523108601662
2023-04-26,Low,AC.PA,29.714141864591348
2023-04-26,Low,AI.PA,140.687065095141
2023-04-26,Low,AIR.PA,121.85061441193623
2023-04-26,Low,BNP.PA,49.485452800124165
2023-04-26,Low,CS.PA,25.600417309889085
2023-04-26,Low,MT.AS,23.81958176211577
2023-04-26,Open,AC.PA,30.184727593786643
2023-04-26,Open,AI.PA,142.6171695530269
2023-04-26,Open,AIR.PA,125.60750820856153
2023-04-26,Open,BNP.PA,50.30874939612751
2023-04-26,Open,CS.PA,25.924024113651477
2023-04-26,Open,MT.AS,24.218015798856733
2023-04-26,Volume,AC.PA,528831.0
2023-04-26,Volume,AI.PA,1095238.0
2023-04-26,Volume,AIR.PA,1661986.0
2023-04-26,Volume,BNP.PA,4370114.0
2023-04-26,Volume,CS.PA,3886950.0
2023-04-26,Volume,MT.AS,2955375.0
2023-04-27,Close,AC.PA,30.050275802612305
2023-04-27,Close,AI.PA,142.45925903320312
2023-04-27,Close,AIR.PA,124.77264404296876
2023-04-27,Close,BNP.PA,51.44735336303711
2023-04-27,Close,CS.PA,26.114643096923828
2023-04-27,Close,MT.AS,24.573244094848636
2023-04-27,High,AC.PA,30.415219211103256
2023-04-27,High,AI.PA,142.89791781720265
2023-04-27,High,AIR.PA,125.7267751818484
2023-04-27,High,BNP.PA,51.78017345862701
2023-04-27,High,CS.PA,26.252065864603683
2023-04-27,High,MT.AS,24.813264067051048
2023-04-27,Low,AC.PA,30.04067178768116
2023-04-27,Low,AI.PA,140.51161638833008
2023-04-27,Low,AIR.PA,122.9637690037419
2023-04-27,Low,BNP.PA,50.01971906720436
2023-04-27,Low,CS.PA,25.83093310394796
2023-04-27,Low,MT.AS,24.22761658009796
2023-04-27,Open,AC.PA,30.127106090282957
2023-04-27,Open,AI.PA,141.2836464238306
2023-04-27,Open,AIR.PA,123.22218189013438
2023-04-27,Open,BNP.PA,50.40509128682836
2023-04-27,Open,CS.PA,25.99052039775812
2023-04-27,Open,MT.AS,24.22761658009796
2023-04-27,Volume,AC.PA,830454.0
2023-04-27,Volume,AI.PA,903017.0
2023-04-27,Volume,AIR.PA,911922.0
2023-04-27,Volume,BNP.PA,3348552.0
2023-04-27,Volume,CS.PA,2878200.0
2023-04-27,Volume,MT.AS,2357944.0
2023-04-28,Close,AC.PA,30.84739112854004
2023-04-28,Close,AI.PA,143.16111755371094
2023-04-28,Close,AIR.PA,126.36286163330078
2023-04-28,Close,BNP.PA,51.31597900390625
2023-04-28,Close,CS.PA,26.21660041809082
2023-04-28,Close,MT.AS,24.683652877807617
2023-04-28,High,AC.PA,31.08748602388824
2023-04-28,High,AI.PA,143.77523099725033
2023-04-28,High,AIR.PA,126.36286163330078
2023-04-28,High,BNP.PA,51.88528203458794
2023-04-28,High,CS.PA,26.314126359149174
2023-04-28,High,MT.AS,24.726856545729387
2023-04-28,Low,AC.PA,30.22314476699047
2023-04-28,Low,AI.PA,141.37137681114956
2023-04-28,Low,AIR.PA,123.8185119492429
2023-04-28,Low,BNP.PA,50.06351500928483
2023-04-28,Low,CS.PA,25.79546767111916
2023-04-28,Low,MT.AS,24.06920233954869
2023-04-28,Open,AC.PA,30.972241499917164
2023-04-28,Open,AI.PA,143.1435647236539
2023-04-28,Open,AIR.PA,125.1701996145887
2023-04-28,Open,BNP.PA,51.44735765440137
2023-04-28,Open,CS.PA,26.278661765657088
2023-04-28,Open,MT.AS,24.69805532125291
2023-04-28,Volume,AC.PA,1014137.0
2023-04-28,Volume,AI.PA,1012805.0
2023-04-28,Volume,AIR.PA,986108.0
2023-04-28,Volume,BNP.PA,3943712.0
2023-04-28,Volume,CS.PA,3916748.0
2023-04-28,Volume,MT.AS,2518077.0
2023-05-02,Close,AC.PA,30.703332901000977
2023-05-02,Close,AI.PA,142.0907745361328
2023-05-02,Close,AIR.PA,124.59374237060548
2023-05-02,Close,BNP.PA,49.88834381103516
2023-05-02,Close,CS.PA,25.56938743591309
2023-05-02,Close,MT.AS,24.35242462158203
2023-05-02,High,AC.PA,31.0490719495949
2023-05-02,High,AI.PA,144.33671210249796
2023-05-02,High,AIR.PA,126.52188662081343
2023-05-02,High,BNP.PA,51.937830011992666
2023-05-02,High,CS.PA,26.305260858545992
2023-05-02,High,MT.AS,24.70285353911629
2023-05-02,Low,AC.PA,30.520862109262733
2023-05-02,Low,AI.PA,141.9679489051267
2023-05-02,Low,AIR.PA,124.09679860160423
2023-05-02,Low,BNP.PA,49.87958679365104
2023-05-02,Low,CS.PA,25.476295412271288
2023-05-02,Low,MT.AS,24.261217697141152
2023-05-02,Open,AC.PA,30.981842012052216
2023-05-02,Open,AI.PA,143.88051523778518
2023-05-02,Open,AIR.PA,126.12433008906042
2023-05-02,Open,BNP.PA,51.377287348670585
2023-05-02,Open,CS.PA,26.300828629772784
2023-05-02,Open,MT.AS,24.645249262164526
2023-05-02,Volume,AC.PA,765386.0
2023-05-02,Volume,AI.PA,769663.0
2023-05-02,Volume,AIR.PA,1376322.0
2023-05-02,Volume,BNP.PA,4337766.0
2023-05-02,Volume,CS.PA,5526193.0
2023-05-02,Volume,MT.AS,2986349.0
2023-05-03,Close,AC.PA,30.5784854888916
2023-05-03,Close,AI.PA,142.82772827148438
2023-05-03,Close,AIR.PA,123.63961029052734
2023-05-03,Close,BNP.PA,49.30152893066406
2023-05-03,Close,CS.PA,25.529489517211918
2023-05-03,Close,MT.AS,24.626049041748047
2023-05-03,High,AC.PA,30.799372349162347
2023-05-03,High,AI.PA,143.16111423060096
2023-05-03,High,AIR.PA,125.56774694310508
2023-05-03,High,BNP.PA,50.42261430679367
2023-05-03,High,CS.PA,25.755570377932187
2023-05-03,High,MT.AS,24.79406412278801
2023-05-03,Low,AC.PA,30.30957855131505
2023-05-03,Low,AI.PA,142.12586541948022
2023-05-03,Low,AIR.PA,122.24816623150294
2023-05-03,Low,BNP.PA,48.89863929125473
2023-05-03,Low,CS.PA,25.449695874358916
2023-05-03,Low,MT.AS,24.386029067011307
2023-05-03,Open,AC.PA,30.67452381172456
2023-05-03,Open,AI.PA,142.7750845080638
2023-05-03,Open,AIR.PA,123.04327928887692
2023-05-03,Open,BNP.PA,49.57303991582785
2023-05-03,Open,CS.PA,25.69350903150093
2023-05-03,Open,MT.AS,24.674054135419645
2023-05-03,Volume,AC.PA,606274.0
2023-05-03,Volume,AI.PA,566376.0
2023-05-03,Volume,AIR.PA,1103039.0
2023-05-03,Volume,BNP.PA,3463053.0
2023-05-03,Volume,CS.PA,3510295.0
2023-05-03,Volume,MT.AS,2093132.0
2023-05-04,Close,AC.PA,30.50165367126465
2023-05-04,Close,AI.PA,142.77508544921875
2023-05-04,Close,AIR.PA,121.35366821289062
2023-05-04,Close,BNP.PA,48.99497604370117
2023-05-04,Close,CS.PA,24.953203201293945
2023-05-04,Close,MT.AS,23.28673553466797
2023-05-04,High,AC.PA,30.559275929370653
2023-05-04,High,AI.PA,143.28394080607276
2023-05-04,High,AIR.PA,124.0371691447703
2023-05-04,High,BNP.PA,49.74820647516609
2023-05-04,High,CS.PA,25.48516025214338
2023-05-04,High,MT.AS,24.82286363311461
2023-05-04,Low,AC.PA,30.12710624590778
2023-05-04,Low,AI.PA,141.65211665903223
2023-05-04,Low,AIR.PA,119.68393682730778
2023-05-04,Low,BNP.PA,48.65339557852469
2023-05-04,Low,CS.PA,24.837944966570063
2023-05-04,Low,MT.AS,23.21473064594502
2023-05-04,Open,AC.PA,30.43442739817788
2023-05-04,Open,AI.PA,142.82772921298636
2023-05-04,Open,AIR.PA,122.24816852351718
2023-05-04,Open,BNP.PA,49.01249341897916
2023-05-04,Open,CS.PA,25.338871344465726
2023-05-04,Open,MT.AS,24.82286363311461
2023-05-04,Volume,AC.PA,994302.0
2023-05-04,Volume,AI.PA,638552.0
2023-05-04,Volume,AIR.PA,1824927.0
2023-05-04,Volume,BNP.PA,3964184.0
2023-05-04,Volume,CS.PA,5158490.0
2023-05-04,Volume,MT.AS,3722121.0
2023-05-05,Close,AC.PA,30.895408630371094
2023-05-05,Close,AI.PA,143.3541259765625
2023-05-05,Close,AIR.PA,121.45305633544922
2023-05-05,Close,BNP.PA,50.702884674072266
2023-05-05,Close,CS.PA,25.58711814880371
2023-05-05,Close,MT.AS,23.646766662597656
2023-05-05,High,AC.PA,31.010656815122243
2023-05-05,High,AI.PA,143.51204254597494
2023-05-05,High,AIR.PA,122.06926935009156
2023-05-05,High,BNP.PA,50.8342633257869
2023-05-05,High,CS.PA,25.66691179014032
2023-05-05,High,MT.AS,23.761977054045342
2023-05-05,Low,AC.PA,30.44403272921289
2023-05-05,Low,AI.PA,142.38907372991827
2023-05-05,Low,AIR.PA,119.66406328393194
2023-05-05,Low,BNP.PA,49.38911152131752
2023-05-05,Low,CS.PA,25.20144831866182
2023-05-05,Low,MT.AS,23.109122441991573
2023-05-05,Open,AC.PA,30.58808929659455
2023-05-05,Open,AI.PA,143.44186067635354
2023-05-05,Open,AIR.PA,121.59219998669744
2023-05-05,Open,BNP.PA,49.45918102652477
2023-05-05,Open,CS.PA,25.228046762788967
2023-05-05,Open,MT.AS,23.23393385199382
2023-05-05,Volume,AC.PA,867740.0
2023-05-05,Volume,AI.PA,642248.0
2023-05-05,Volume,AIR.PA,1284525.0
2023-05-05,Volume,BNP.PA,3500140.0
2023-05-05,Volume,CS.PA,5621930.0
2023-05-05,Volume,MT.AS,3232010.0
2023-05-08,Close,AC.PA,30.876203536987305
2023-05-08,Close,AI.PA,143.31903076171875
2023-05-08,Close,AIR.PA,120.51880645751952
2023-05-08,Close,BNP.PA,51.05322265625
2023-05-08,Close,CS.PA,26.05345344543457
2023-05-08,Close,MT.AS,24.131607055664062
2023-05-08,High,AC.PA,30.876203536987305
2023-05-08,High,AI.PA,143.77522762616263
2023-05-08,High,AIR.PA,121.81085572309225
2023-05-08,High,BNP.PA,51.386042764035295
2023-05-08,High,CS.PA,26.05345344543457
2023-05-08,High,MT.AS,24.55404269900892
2023-05-08,Low,AC.PA,30.69372908053474
2023-05-08,Low,AI.PA,143.05582667020585
2023-05-08,Low,AIR.PA,120.22063715936262
2023-05-08,Low,BNP.PA,50.76419097511792
2023-05-08,Low,CS.PA,25.601249680835068
2023-05-08,Low,MT.AS,23.65636672800023
2023-05-08,Open,AC.PA,30.876203536987305
2023-05-08,Open,AI.PA,143.65240199522893
2023-05-08,Open,AIR.PA,121.75122489656496
2023-05-08,Open,BNP.PA,50.939361387219385
2023-05-08,Open,CS.PA,25.7849584148019
2023-05-08,Open,MT.AS,23.71877243048693
2023-05-08,Volume,AC.PA,325334.0
2023-05-08,Volume,AI.PA,286442.0
2023-05-08,Volume,AIR.PA,551348.0
2023-05-08,Volume,BNP.PA,2212553.0
2023-05-08,Volume,CS.PA,5653503.0
2023-05-08,Volume,MT.AS,2692821.0
2023-05-09,Close,AC.PA,31.36599540710449
2023-05-09,Close,AI.PA,143.4418487548828
2023-05-09,Close,AIR.PA,120.87660217285156
2023-05-09,Close,BNP.PA,51.167083740234375
2023-05-09,Close,CS.PA,25.9498233795166
2023-05-09,Close,MT.AS,24.2180118560791
2023-05-09,High,AC.PA,31.36599540710449
2023-05-09,High,AI.PA,143.61730341435418
2023-05-09,High,AIR.PA,120.87660217285156
2023-05-09,High,BNP.PA,51.613768485700085
2023-05-09,High,CS.PA,25.9686655775576
2023-05-09,High,MT.AS,24.22761287324308
2023-05-09,Low,AC.PA,30.799371335986223
2023-05-09,Low,AI.PA,142.19605440776257
2023-05-09,Low,AIR.PA,119.36588890534624
2023-05-09,Low,BNP.PA,50.72040233586658
2023-05-09,Low,CS.PA,25.667197596465293
2023-05-09,Low,MT.AS,23.76197361242752
2023-05-09,Open,AC.PA,30.84738957993377
2023-05-09,Open,AI.PA,143.07337188170175
2023-05-09,Open,AIR.PA,120.24051477056298
2023-05-09,Open,BNP.PA,51.0882605580794
2023-05-09,Open,CS.PA,25.874456384243526
2023-05-09,Open,MT.AS,23.805177274062025
2023-05-09,Volume,AC.PA,1054894.0
2023-05-09,Volume,AI.PA,737333.0
2023-05-09,Volume,AIR.PA,850192.0
2023-05-09,Volume,BNP.PA,3284317.0
2023-05-09,Volume,CS.PA,4317338.0
2023-05-09,Volume,MT.AS,3043963.0
2023-05-10,Close,AC.PA,30.876203536987305
2023-05-10,Close,AI.PA,142.12586975097656
2023-05-10,Close,AIR.PA,120.95610809326172
2023-05-10,Close,BNP.PA,50.72915649414063
2023-05-10,Close,CS.PA,25.58711814880371
2023-05-10,Close,MT.AS,23.718772888183597
2023-05-10,High,AC.PA,31.45242979296221
2023-05-10,High,AI.PA,143.40676986305968
2023-05-10,High,AIR.PA,122.14877766634942
2023-05-10,High,BNP.PA,52.01665518766803
2023-05-10,High,CS.PA,26.10526599635464
2023-05-10,High,MT.AS,24.46763583885373
2023-05-10,Low,AC.PA,30.876203536987305
2023-05-10,Low,AI.PA,141.68721097717827
2023-05-10,Low,AIR.PA,120.85672085786108
2023-05-10,Low,BNP.PA,50.47516290339594
2023-05-10,Low,CS.PA,25.417541966873348
2023-05-10,Low,MT.AS,23.622764535860703
2023-05-10,Open,AC.PA,31.26035315311818
2023-05-10,Open,AI.PA,143.2313004633289
2023-05-10,Open,AIR.PA,120.91635926530948
2023-05-10,Open,BNP.PA,51.42983814627113
2023-05-10,Open,CS.PA,26.02047970228029
2023-05-10,Open,MT.AS,24.36682606175084
2023-05-10,Volume,AC.PA,637248.0
2023-05-10,Volume,AI.PA,651772.0
2023-05-10,Volume,AIR.PA,891397.0
2023-05-10,Volume,BNP.PA,3164316.0
2023-05-10,Volume,CS.PA,4097485.0
2023-05-10,Volume,MT.AS,3404458.0
2023-05-11,Close,AC.PA,30.953031539916992
2023-05-11,Close,AI.PA,142.75753784179688
2023-05-11,Close,AIR.PA,120.57843780517578
2023-05-11,Close,BNP.PA,50.229923248291016
2023-05-11,Close,CS.PA,25.365726470947266
2023-05-11,Close,MT.AS,23.080320358276367
2023-05-11,High,AC.PA,31.241144663670447
2023-05-11,High,AI.PA,143.77521903670248
2023-05-11,High,AIR.PA,122.48670008989866
2023-05-11,High,BNP.PA,51.32473415903056
2023-05-11,High,CS.PA,25.756693973518995
2023-05-11,High,MT.AS,23.776376781101565
2023-05-11,Low,AC.PA,30.828181176319543
2023-05-11,Low,AI.PA,141.70475098969757
2023-05-11,Low,AIR.PA,119.34601936080396
2023-05-11,Low,BNP.PA,49.52048791643435
2023-05-11,Low,CS.PA,25.11607364928486
2023-05-11,Low,MT.AS,22.859500602156476
2023-05-11,Open,AC.PA,30.953031539916992
2023-05-11,Open,AI.PA,142.03813692881874
2023-05-11,Open,AIR.PA,121.29403805763693
2023-05-11,Open,BNP.PA,50.9656363139519
2023-05-11,Open,CS.PA,25.67661553454432
2023-05-11,Open,MT.AS,23.46915152362151
2023-05-11,Volume,AC.PA,822872.0
2023-05-11,Volume,AI.PA,408823.0
2023-05-11,Volume,AIR.PA,712305.0
2023-05-11,Volume,BNP.PA,3124670.0
2023-05-11,Volume,CS.PA,3245269.0
2023-05-11,Volume,MT.AS,4421044.0
2023-05-12,Close,AC.PA,30.02146339416504
2023-05-12,Close,AI.PA,143.6173095703125
2023-05-12,Close,AIR.PA,122.04939270019533
2023-05-12,Close,BNP.PA,51.2283935546875
2023-05-12,Close,CS.PA,25.38456916809082
2023-05-12,Close,MT.AS,23.329938888549805
2023-05-12,High,AC.PA,30.50165314423464
2023-05-12,High,AI.PA,144.03843022214946
2023-05-12,High,AIR.PA,122.04939270019533
2023-05-12,High,BNP.PA,51.57873104111864
2023-05-12,High,CS.PA,25.70959078431657
2023-05-12,High,MT.AS,23.545957214245195
2023-05-12,Low,AC.PA,29.963841137054672
2023-05-12,Low,AI.PA,142.86281768842673
2023-05-12,Low,AIR.PA,120.85672310493248
2023-05-12,Low,BNP.PA,50.63281615254704
2023-05-12,Low,CS.PA,25.346886570159207
2023-05-12,Low,MT.AS,23.099519951543694
2023-05-12,Open,AC.PA,30.251954254385023
2023-05-12,Open,AI.PA,142.93299955522355
2023-05-12,Open,AIR.PA,120.89647951638392
2023-05-12,Open,BNP.PA,50.64157316974127
2023-05-12,Open,CS.PA,25.51646095618774
2023-05-12,Open,MT.AS,23.099519951543694
2023-05-12,Volume,AC.PA,1143157.0
2023-05-12,Volume,AI.PA,492330.0
2023-05-12,Volume,AIR.PA,672173.0
2023-05-12,Volume,BNP.PA,3047458.0
2023-05-12,Volume,CS.PA,3623081.0
2023-05-12,Volume,MT.AS,2740596.0
2023-05-15,Close,AC.PA,30.23274803161621
2023-05-15,Close,AI.PA,143.44757080078125
2023-05-15,Close,AIR.PA,122.30780029296876
2023-05-15,Close,BNP.PA,51.359771728515625
2023-05-15,Close,CS.PA,26.001638412475582
2023-05-15,Close,MT.AS,23.440349578857425
2023-05-15,High,AC.PA,30.38640861427973
2023-05-15,High,AI.PA,144.43033316862787
2023-05-15,High,AIR.PA,122.66560041997802
2023-05-15,High,BNP.PA,51.832730869773215
2023-05-15,High,CS.PA,26.204187548307143
2023-05-15,High,MT.AS,23.56995874251241
2023-05-15,Low,AC.PA,29.97344511145453
2023-05-15,Low,AI.PA,143.0723318064785
2023-05-15,Low,AIR.PA,121.65183844862528
2023-05-15,Low,BNP.PA,50.85178117542623
2023-05-15,Low,CS.PA,25.638934187774677
2023-05-15,Low,MT.AS,23.29633614153957
2023-05-15,Open,AC.PA,30.11750351050789
2023-05-15,Open,AI.PA,144.1265639839741
2023-05-15,Open,AIR.PA,122.4270695295586
2023-05-15,Open,BNP.PA,51.666320805003885
2023-05-15,Open,CS.PA,25.657776385733637
2023-05-15,Open,MT.AS,23.49315243050612
2023-05-15,Volume,AC.PA,583578.0
2023-05-15,Volume,AI.PA,490374.0
2023-05-15,Volume,AIR.PA,463381.0
2023-05-15,Volume,BNP.PA,2098800.0
2023-05-15,Volume,CS.PA,4962953.0
2023-05-15,Volume,MT.AS,2065399.0
2023-05-16,Close,AC.PA,30.338388442993164
2023-05-16,Close,AI.PA,142.53627014160156
2023-05-16,Close,AIR.PA,125.4683609008789
2023-05-16,Close,BNP.PA,51.17584228515625
2023-05-16,Close,CS.PA,26.15237236022949
2023-05-16,Close,MT.AS,23.12352180480957
2023-05-16,High,AC.PA,30.434426759005248
2023-05-16,High,AI.PA,143.5905022591804
2023-05-16,High,AIR.PA,125.98518666791936
2023-05-16,High,BNP.PA,51.76265933883085
2023-05-16,High,CS.PA,26.28426415194791
2023-05-16,High,MT.AS,23.48835316534213
2023-05-16,Low,AC.PA,30.079085539294088
2023-05-16,Low,AI.PA,142.25037592349054
2023-05-16,Low,AIR.PA,122.30779822101206
2023-05-16,Low,BNP.PA,51.00943222689729
2023-05-16,Low,CS.PA,25.76140483922006
2023-05-16,Low,MT.AS,22.97471060327206
2023-05-16,Open,AC.PA,30.079085539294088
2023-05-16,Open,AI.PA,143.17952838341063
2023-05-16,Open,AIR.PA,122.42706745558144
2023-05-16,Open,BNP.PA,51.02694626157904
2023-05-16,Open,CS.PA,25.813219985078263
2023-05-16,Open,MT.AS,23.28673544900425
2023-05-16,Volume,AC.PA,628115.0
2023-05-16,Volume,AI.PA,572257.0
2023-05-16,Volume,AIR.PA,1114225.0
2023-05-16,Volume,BNP.PA,2817527.0
2023-05-16,Volume,CS.PA,4977393.0
2023-05-16,Volume,MT.AS,2526951.0
2023-05-17,Close,AC.PA,30.66492080688477
2023-05-17,Close,AI.PA,142.5898895263672
2023-05-17,Close,AIR.PA,127.4163818359375
2023-05-17,Close,BNP.PA,51.35101318359375
2023-05-17,Close,CS.PA,26.04403114318848
2023-05-17,Close,MT.AS,23.526756286621094
2023-05-17,High,AC.PA,30.66492080688477
2023-05-17,High,AI.PA,143.6977315700813
2023-05-17,High,AIR.PA,128.9469771671495
2023-05-17,High,BNP.PA,51.43859672221532
2023-05-17,High,CS.PA,26.119398134324413
2023-05-17,High,MT.AS,23.622764639364647
2023-05-17,Low,AC.PA,30.088692682674964
2023-05-17,Low,AI.PA,141.89302138589804
2023-05-17,Low,AIR.PA,125.0906885911573
2023-05-17,Low,BNP.PA,50.571508330129205
2023-05-17,Low,CS.PA,25.926270107232902
2023-05-17,Low,MT.AS,22.88830412860944
2023-05-17,Open,AC.PA,30.299975534447785
2023-05-17,Open,AI.PA,142.19677557783157
2023-05-17,Open,AIR.PA,125.2298322425838
2023-05-17,Open,BNP.PA,50.886811073825534
2023-05-17,Open,CS.PA,26.048740793994742
2023-05-17,Open,MT.AS,22.936307389377703
2023-05-17,Volume,AC.PA,796906.0
2023-05-17,Volume,AI.PA,714618.0
2023-05-17,Volume,AIR.PA,1100971.0
2023-05-17,Volume,BNP.PA,3034253.0
2023-05-17,Volume,CS.PA,3235225.0
2023-05-17,Volume,MT.AS,3584371.0
2023-05-18,Close,AC.PA,31.33718490600586
2023-05-18,Close,AI.PA,144.10870361328125
2023-05-18,Close,AIR.PA,128.01272583007812
2023-05-18,Close,BNP.PA,52.235618591308594
2023-05-18,Close,CS.PA,26.138240814208984
2023-05-18,Close,MT.AS,23.77157974243164
2023-05-18,High,AC.PA,31.33718490600586
2023-05-18,High,AI.PA,144.76983684003446
2023-05-18,High,AIR.PA,130.4179320006556
2023-05-18,High,BNP.PA,52.59471644293652
2023-05-18,High,CS.PA,26.359630344009663
2023-05-18,High,MT.AS,23.79558137490051
2023-05-18,Low,AC.PA,30.674522521292204
2023-05-18,Low,AI.PA,143.14380120275155
2023-05-18,Low,AIR.PA,127.4561512009225
2023-05-18,Low,BNP.PA,51.929072867149806
2023-05-18,Low,CS.PA,26.072293123467265
2023-05-18,Low,MT.AS,23.3155414006944
2023-05-18,Open,AC.PA,30.818579083592063
2023-05-18,Open,AI.PA,143.26888086715792
2023-05-18,Open,AIR.PA,128.74819294766752
2023-05-18,Open,BNP.PA,51.955347260335465
2023-05-18,Open,CS.PA,26.09584676860616
2023-05-18,Open,MT.AS,23.57476342625542
2023-05-18,Volume,AC.PA,786629.0
2023-05-18,Volume,AI.PA,482832.0
2023-05-18,Volume,AIR.PA,720100.0
2023-05-18,Volume,BNP.PA,3280289.0
2023-05-18,Volume,CS.PA,2885301.0
2023-05-18,Volume,MT.AS,3241053.0
2023-05-19,Close,AC.PA,31.21233558654785
2023-05-19,Close,AI.PA,145.5560302734375
2023-05-19,Close,AIR.PA,128.4500274658203
2023-05-19,Close,BNP.PA,52.41954803466797
2023-05-19,Close,CS.PA,26.157081604003903
2023-05-19,Close,MT.AS,23.83878326416016
2023-05-19,High,AC.PA,31.45243047567514
2023-05-19,High,AI.PA,146.1635536266034
2023-05-19,High,AIR.PA,129.24512534272804
2023-05-19,High,BNP.PA,52.98009405919372
2023-05-19,High,CS.PA,26.31252703915825
2023-05-19,High,MT.AS,24.184412605743148
2023-05-19,Low,AC.PA,31.10669324916268
2023-05-19,Low,AI.PA,144.30524866347983
2023-05-19,Low,AIR.PA,128.0325965307878
2023-05-19,Low,BNP.PA,52.11300229876149
2023-05-19,Low,CS.PA,25.855613629403692
2023-05-19,Low,MT.AS,23.824382651996547
2023-05-19,Open,AC.PA,31.40441223056113
2023-05-19,Open,AI.PA,144.6268777918757
2023-05-19,Open,AIR.PA,128.5096582900364
2023-05-19,Open,BNP.PA,52.46334314645284
2023-05-19,Open,CS.PA,26.161793051858147
2023-05-19,Open,MT.AS,23.98759630427662
2023-05-19,Volume,AC.PA,536378.0
2023-05-19,Volume,AI.PA,688795.0
2023-05-19,Volume,AIR.PA,847495.0
2023-05-19,Volume,BNP.PA,4601652.0
2023-05-19,Volume,CS.PA,4250022.0
2023-05-19,Volume,MT.AS,3129756.0
2023-05-22,Close,AC.PA,31.47163772583008
2023-05-22,Close,AI.PA,145.14505004882812
2023-05-22,Close,AIR.PA,127.4163818359375
2023-05-22,Close,BNP.PA,53.693729400634766
2023-05-22,Close,CS.PA,26.138240814208984
2023-05-22,Close,MT.AS,23.858154296875
2023-05-22,High,AC.PA,31.66371436507922
2023-05-22,High,AI.PA,146.27076694481076
2023-05-22,High,AIR.PA,128.58917703983556
2023-05-22,High,BNP.PA,53.87173907790829
2023-05-22,High,CS.PA,26.18534451070508
2023-05-22,High,MT.AS,23.93564721561442
2023-05-22,Low,AC.PA,31.097090294250695
2023-05-22,Low,AI.PA,144.96637553850252
2023-05-22,Low,AIR.PA,126.70078916406996
2023-05-22,Low,BNP.PA,52.34459138680888
2023-05-22,Low,CS.PA,25.96866463179768
2023-05-22,Low,MT.AS,23.582085658392256
2023-05-22,Open,AC.PA,31.289166933499843
2023-05-22,Open,AI.PA,145.44881921002542
2023-05-22,Open,AIR.PA,128.0524692661044
2023-05-22,Open,BNP.PA,52.494495213457405
2023-05-22,Open,CS.PA,26.13352936642487
2023-05-22,Open,MT.AS,23.664422923814907
2023-05-22,Volume,AC.PA,736684.0
2023-05-22,Volume,AI.PA,609658.0
2023-05-22,Volume,AIR.PA,932453.0
2023-05-22,Volume,BNP.PA,5860566.0
2023-05-22,Volume,CS.PA,3075601.0
2023-05-22,Volume,MT.AS,2220958.0
2023-05-23,Close,AC.PA,30.549711227416992
2023-05-23,Close,AI.PA,142.94725036621094
2023-05-23,Close,AIR.PA,125.50811767578124
2023-05-23,Close,BNP.PA,53.47824478149414
2023-05-23,Close,CS.PA,26.246580123901367
2023-05-23,Close,MT.AS,23.698326110839844
2023-05-23,High,AC.PA,30.76321103236909
2023-05-23,High,AI.PA,145.37735882596644
2023-05-23,High,AIR.PA,127.25735429130224
2023-05-23,High,BNP.PA,53.68436031674758
2023-05-23,High,CS.PA,26.34549896230422
2023-05-23,High,MT.AS,23.964707905225307
2023-05-23,Low,AC.PA,30.423553766204268
2023-05-23,Low,AI.PA,142.84004565306898
2023-05-23,Low,AIR.PA,125.15031755379736
2023-05-23,Low,BNP.PA,52.90673530513156
2023-05-23,Low,CS.PA,26.0581617486562
2023-05-23,Low,MT.AS,23.645049382447365
2023-05-23,Open,AC.PA,30.685575244472837
2023-05-23,Open,AI.PA,144.80557036434908
2023-05-23,Open,AIR.PA,126.7007872766476
2023-05-23,Open,BNP.PA,53.55319491049832
2023-05-23,Open,CS.PA,26.086425044010216
2023-05-23,Open,MT.AS,23.87268564100544
2023-05-23,Volume,AC.PA,638651.0
2023-05-23,Volume,AI.PA,633712.0
2023-05-23,Volume,AIR.PA,822742.0
2023-05-23,Volume,BNP.PA,2969892.0
2023-05-23,Volume,CS.PA,3184776.0
2023-05-23,Volume,MT.AS,1982423.0
2023-05-24,Close,AC.PA,30.054780960083008
2023-05-24,Close,AI.PA,141.0174560546875
2023-05-24,Close,AIR.PA,123.04328155517578
2023-05-24,Close,BNP.PA,52.503868103027344
2023-05-24,Close,CS.PA,25.58711814880371
2023-05-24,Close,MT.AS,23.291488647460938
2023-05-24,High,AC.PA,30.42355232333829
2023-05-24,High,AI.PA,141.96448347569532
2023-05-24,High,AIR.PA,123.9576562800654
2023-05-24,High,BNP.PA,53.3845526695417
2023-05-24,High,CS.PA,26.07700449729347
2023-05-24,High,MT.AS,23.38835526182374
2023-05-24,Low,AC.PA,29.60837566359652
2023-05-24,Low,AI.PA,140.01683377670247
2023-05-24,Low,AIR.PA,122.46682495710009
2023-05-24,Low,BNP.PA,52.38207012261932
2023-05-24,Low,CS.PA,25.39869976957201
2023-05-24,Low,MT.AS,23.02026249676049
2023-05-24,Open,AC.PA,30.42355232333829
2023-05-24,Open,AI.PA,141.94660852619424
2023-05-24,Open,AIR.PA,123.91789986818844
2023-05-24,Open,BNP.PA,52.84115261862539
2023-05-24,Open,CS.PA,25.987504958557533
2023-05-24,Open,MT.AS,23.38351091493825
2023-05-24,Volume,AC.PA,657953.0
2023-05-24,Volume,AI.PA,641049.0
2023-05-24,Volume,AIR.PA,856506.0
2023-05-24,Volume,BNP.PA,3744865.0
2023-05-24,Volume,CS.PA,5578506.0
2023-05-24,Volume,MT.AS,2829245.0
2023-05-25,Close,AC.PA,30.18094062805176
2023-05-25,Close,AI.PA,140.92811584472656
2023-05-25,Close,AIR.PA,123.77875518798828
2023-05-25,Close,BNP.PA,52.635032653808594
2023-05-25,Close,CS.PA,25.40341186523437
2023-05-25,Close,MT.AS,23.13650131225586
2023-05-25,High,AC.PA,30.355621607373493
2023-05-25,High,AI.PA,142.1074426684757
2023-05-25,High,AIR.PA,124.61361708217676
2023-05-25,High,BNP.PA,52.98168458965479
2023-05-25,High,CS.PA,25.58711880138061
2023-05-25,High,MT.AS,23.45615982574573
2023-05-25,Low,AC.PA,29.82187396489229
2023-05-25,Low,AI.PA,140.4278121874769
2023-05-25,Low,AIR.PA,122.90413688225368
2023-05-25,Low,BNP.PA,51.75434810160854
2023-05-25,Low,CS.PA,25.03599799294191
2023-05-25,Low,MT.AS,23.034792205140192
2023-05-25,Open,AC.PA,30.122714251938888
2023-05-25,Open,AI.PA,141.1961501213108
2023-05-25,Open,AIR.PA,123.75887319083512
2023-05-25,Open,BNP.PA,52.50386724964999
2023-05-25,Open,CS.PA,25.540015103816764
2023-05-25,Open,MT.AS,23.30601649078197
2023-05-25,Volume,AC.PA,359916.0
2023-05-25,Volume,AI.PA,607685.0
2023-05-25,Volume,AIR.PA,766545.0
2023-05-25,Volume,BNP.PA,3172646.0
2023-05-25,Volume,CS.PA,3124936.0
2023-05-25,Volume,MT.AS,2151953.0
2023-05-26,Close,AC.PA,30.36532592773437
2023-05-26,Close,AI.PA,142.3575897216797
2023-05-26,Close,AIR.PA,124.91178894042967
2023-05-26,Close,BNP.PA,52.756832122802734
2023-05-26,Close,CS.PA,25.525882720947266
2023-05-26,Close,MT.AS,23.54818153381348
2023-05-26,High,AC.PA,30.452664565307188
2023-05-26,High,AI.PA,142.3575897216797
2023-05-26,High,AIR.PA,125.01117617995426
2023-05-26,High,BNP.PA,53.103484068443066
2023-05-26,High,CS.PA,25.6200919135708
2023-05-26,High,MT.AS,23.838781351341087
2023-05-26,Low,AC.PA,29.98684986033105
2023-05-26,Low,AI.PA,140.3742050175378
2023-05-26,Low,AIR.PA,122.64572651512398
2023-05-26,Low,BNP.PA,51.81056126779869
2023-05-26,Low,CS.PA,24.979471559999865
2023-05-26,Low,MT.AS,23.427098738404517
2023-05-26,Open,AC.PA,30.29739299698181
2023-05-26,Open,AI.PA,141.41057724777565
2023-05-26,Open,AIR.PA,124.59374522429486
2023-05-26,Open,BNP.PA,52.90673595664634
2023-05-26,Open,CS.PA,25.57298821570448
2023-05-26,Open,MT.AS,23.427098738404517
2023-05-26,Volume,AC.PA,456836.0
2023-05-26,Volume,AI.PA,767891.0
2023-05-26,Volume,AIR.PA,811069.0
2023-05-26,Volume,BNP.PA,2544293.0
2023-05-26,Volume,CS.PA,3871123.0
2023-05-26,Volume,MT.AS,2415855.0
2023-05-29,Close,AC.PA,30.277986526489254
2023-05-29,Close,AI.PA,142.6434783935547
2023-05-29,Close,AIR.PA,124.51422882080078
2023-05-29,Close,BNP.PA,52.5600814819336
2023-05-29,Close,CS.PA,25.671905517578125
2023-05-29,Close,MT.AS,23.41257095336914
2023-05-29,High,AC.PA,30.530301445841538
2023-05-29,High,AI.PA,142.6434783935547
2023-05-29,High,AIR.PA,125.607503589669
2023-05-29,High,BNP.PA,53.62815034004089
2023-05-29,High,CS.PA,25.780245453676788
2023-05-29,High,MT.AS,23.68863959748056
2023-05-29,Low,AC.PA,30.1130102478462
2023-05-29,Low,AI.PA,141.92875032840317
2023-05-29,Low,AIR.PA,124.1564287025879
2023-05-29,Low,BNP.PA,52.30712166115988
2023-05-29,Low,CS.PA,25.577696330612525
2023-05-29,Low,MT.AS,23.364138571010876
2023-05-29,Open,AC.PA,30.413848690907127
2023-05-29,Open,AI.PA,142.4648038751484
2023-05-29,Open,AIR.PA,125.22982905722657
2023-05-29,Open,BNP.PA,53.53445820828268
2023-05-29,Open,CS.PA,25.70016881273504
2023-05-29,Open,MT.AS,23.63536286834029
2023-05-29,Volume,AC.PA,282732.0
2023-05-29,Volume,AI.PA,314802.0
2023-05-29,Volume,AIR.PA,376194.0
2023-05-29,Volume,BNP.PA,1989836.0
2023-05-29,Volume,CS.PA,2292642.0
2023-05-29,Volume,MT.AS,747746.0
2023-05-30,Close,AC.PA,30.50118827819824
2023-05-30,Close,AI.PA,142.57200622558594
2023-05-30,Close,AIR.PA,123.67936706542967
2023-05-30,Close,BNP.PA,51.80119323730469
2023-05-30,Close,CS.PA,25.40341186523437
2023-05-30,Close,MT.AS,22.99120330810547
2023-05-30,High,AC.PA,30.75350504105216
2023-05-30,High,AI.PA,143.28674927466642
2023-05-30,High,AIR.PA,124.61361619041776
2023-05-30,High,BNP.PA,52.99105646817336
2023-05-30,High,CS.PA,25.74727388874492
2023-05-30,High,MT.AS,23.56271428814081
2023-05-30,Low,AC.PA,30.113009354954954
2023-05-30,Low,AI.PA,142.0359526877163
2023-05-30,Low,AIR.PA,122.82462318020478
2023-05-30,Low,BNP.PA,51.57633570216863
2023-05-30,Low,CS.PA,25.384569667452485
2023-05-30,Low,MT.AS,22.97182961613686
2023-05-30,Open,AC.PA,30.27798562870624
2023-05-30,Open,AI.PA,142.94724520167097
2023-05-30,Open,AIR.PA,124.19618524631072
2023-05-30,Open,BNP.PA,52.56007982366168
2023-05-30,Open,CS.PA,25.62009174905348
2023-05-30,Open,MT.AS,23.3060174884991
2023-05-30,Volume,AC.PA,497660.0
2023-05-30,Volume,AI.PA,864805.0
2023-05-30,Volume,AIR.PA,716239.0
2023-05-30,Volume,BNP.PA,3961516.0
2023-05-30,Volume,CS.PA,3531076.0
2023-05-30,Volume,MT.AS,3401952.0
2023-05-31,Close,AC.PA,30.054780960083008
2023-05-31,Close,AI.PA,139.9453582763672
2023-05-31,Close,AIR.PA,121.79097747802734
2023-05-31,Close,BNP.PA,50.601959228515625
2023-05-31,Close,CS.PA,24.885263442993164
2023-05-31,Close,MT.AS,22.502025604248047
2023-05-31,High,AC.PA,30.53030036976853
2023-05-31,High,AI.PA,142.53628139316743
2023-05-31,High,AIR.PA,124.19618345394424
2023-05-31,High,BNP.PA,52.04478585249504
2023-05-31,High,CS.PA,25.5918296718542
2023-05-31,High,MT.AS,22.97182742806488
2023-05-31,Low,AC.PA,30.054780960083008
2023-05-31,Low,AI.PA,139.14128541063374
2023-05-31,Low,AIR.PA,121.7114646566516
2023-05-31,Low,BNP.PA,50.4895322474491
2023-05-31,Low,CS.PA,24.875842344314783
2023-05-31,Low,MT.AS,22.371255967281197
2023-05-31,Open,AC.PA,30.23916664171065
2023-05-31,Open,AI.PA,142.05383767372734
2023-05-31,Open,AIR.PA,122.4469392974774
2023-05-31,Open,BNP.PA,51.41706466971851
2023-05-31,Open,CS.PA,25.200862162710155
2023-05-31,Open,MT.AS,22.69575881032712
2023-05-31,Volume,AC.PA,1820055.0
2023-05-31,Volume,AI.PA,2244458.0
2023-05-31,Volume,AIR.PA,1592919.0
2023-05-31,Volume,BNP.PA,5349242.0
2023-05-31,Volume,CS.PA,13608709.0
2023-05-31,Volume,MT.AS,7156887.0
2023-06-01,Close,AC.PA,30.277986526489254
2023-06-01,Close,AI.PA,141.21400451660156
2023-06-01,Close,AIR.PA,125.17019653320312
2023-06-01,Close,BNP.PA,51.032936096191406
2023-06-01,Close,CS.PA,25.224414825439453
2023-06-01,Close,MT.AS,23.07353973388672
2023-06-01,High,AC.PA,30.48177977311606
2023-06-01,High,AI.PA,141.6071184409638
2023-06-01,High,AIR.PA,125.44848382520118
2023-06-01,High,BNP.PA,51.49201502236401
2023-06-01,High,CS.PA,25.30449326834595
2023-06-01,High,MT.AS,23.14134581115705
2023-06-01,Low,AC.PA,30.1130102478462
2023-06-01,Low,AI.PA,139.5165141481119
2023-06-01,Low,AIR.PA,123.1625394990572
2023-06-01,Low,BNP.PA,50.66754572564892
2023-06-01,Low,CS.PA,24.979471642565017
2023-06-01,Low,MT.AS,22.734507499958017
2023-06-01,Open,AC.PA,30.30709878973128
2023-06-01,Open,AI.PA,140.53501136835828
2023-06-01,Open,AIR.PA,123.44082679105524
2023-06-01,Open,BNP.PA,50.8080785590941
2023-06-01,Open,CS.PA,25.139626731487112
2023-06-01,Open,MT.AS,22.77325488558509
2023-06-01,Volume,AC.PA,621549.0
2023-06-01,Volume,AI.PA,549442.0
2023-06-01,Volume,AIR.PA,843556.0
2023-06-01,Volume,BNP.PA,2737440.0
2023-06-01,Volume,CS.PA,3188219.0
2023-06-01,Volume,MT.AS,2622229.0
2023-06-02,Close,AC.PA,30.75350570678711
2023-06-02,Close,AI.PA,142.39334106445312
2023-06-02,Close,AIR.PA,127.59529113769533
2023-06-02,Close,BNP.PA,52.91610336303711
2023-06-02,Close,CS.PA,25.67661666870117
2023-06-02,Close,MT.AS,24.148754119873047
2023-06-02,High,AC.PA,30.75350570678711
2023-06-02,High,AI.PA,142.82217492546266
2023-06-02,High,AIR.PA,127.59529113769533
2023-06-02,High,BNP.PA,53.07537819680592
2023-06-02,High,CS.PA,25.799089157980188
2023-06-02,High,MT.AS,24.226247038586934
2023-06-02,Low,AC.PA,30.44296256147001
2023-06-02,Low,AI.PA,140.78518034519854
2023-06-02,Low,AIR.PA,125.05093380125852
2023-06-02,Low,BNP.PA,51.41706502515647
2023-06-02,Low,CS.PA,25.337466091454345
2023-06-02,Low,MT.AS,23.38835427762526
2023-06-02,Open,AC.PA,30.452665415150918
2023-06-02,Open,AI.PA,142.05383696915447
2023-06-02,Open,AIR.PA,126.48213432908167
2023-06-02,Open,BNP.PA,51.57633628493596
2023-06-02,Open,CS.PA,25.441094585970177
2023-06-02,Open,MT.AS,23.402883622516327
2023-06-02,Volume,AC.PA,528879.0
2023-06-02,Volume,AI.PA,838901.0
2023-06-02,Volume,AIR.PA,797789.0
2023-06-02,Volume,BNP.PA,3325828.0
2023-06-02,Volume,CS.PA,4804719.0
2023-06-02,Volume,MT.AS,3682589.0
2023-06-05,Close,AC.PA,30.481779098510746
2023-06-05,Close,AI.PA,141.37481689453125
2023-06-05,Close,AIR.PA,125.94542694091795
2023-06-05,Close,BNP.PA,52.39143753051758
2023-06-05,Close,CS.PA,25.60124969482422
2023-06-05,Close,MT.AS,24.017986297607425
2023-06-05,High,AC.PA,30.899072138253956
2023-06-05,High,AI.PA,143.0544472834697
2023-06-05,High,AIR.PA,129.2650075967301
2023-06-05,High,BNP.PA,53.2721256707189
2023-06-05,High,CS.PA,25.996926866008184
2023-06-05,High,MT.AS,24.31827114948723
2023-06-05,Low,AC.PA,30.1809406621078
2023-06-05,Low,AI.PA,140.99959292110088
2023-06-05,Low,AIR.PA,125.28945754219488
2023-06-05,Low,BNP.PA,51.98857388590184
2023-06-05,Low,CS.PA,25.478779002336967
2023-06-05,Low,MT.AS,23.66926721311664
2023-06-05,Open,AC.PA,30.860253320146157
2023-06-05,Open,AI.PA,142.411189048146
2023-06-05,Open,AIR.PA,128.62892019462527
2023-06-05,Open,BNP.PA,53.103483412977766
2023-06-05,Open,CS.PA,25.888586923491143
2023-06-05,Open,MT.AS,24.23593572541416
2023-06-05,Volume,AC.PA,489766.0
2023-06-05,Volume,AI.PA,579414.0
2023-06-05,Volume,AIR.PA,829586.0
2023-06-05,Volume,BNP.PA,2820715.0
2023-06-05,Volume,CS.PA,3155011.0
2023-06-05,Volume,MT.AS,2265770.0
2023-06-06,Close,AC.PA,30.821435928344727
2023-06-06,Close,AI.PA,140.96385192871094
2023-06-06,Close,AIR.PA,126.6610336303711
2023-06-06,Close,BNP.PA,52.906734466552734
2023-06-06,Close,CS.PA,25.68132781982422
2023-06-06,Close,MT.AS,24.124536514282227
2023-06-06,High,AC.PA,30.976707496670244
2023-06-06,High,AI.PA,141.98236419333787
2023-06-06,High,AIR.PA,126.83993369526893
2023-06-06,High,BNP.PA,53.14095942371085
2023-06-06,High,CS.PA,25.780246662174253
2023-06-06,High,MT.AS,24.303738531877148
2023-06-06,Low,AC.PA,30.37502878117154
2023-06-06,Low,AI.PA,140.87452216486548
2023-06-06,Low,AIR.PA,125.22983311118848
2023-06-06,Low,BNP.PA,51.97920206365132
2023-06-06,Low,CS.PA,25.521172733542365
2023-06-06,Low,MT.AS,23.804878012388432
2023-06-06,Open,AC.PA,30.442961711924166
2023-06-06,Open,AI.PA,141.42843568121987
2023-06-06,Open,AIR.PA,126.1243334356776
2023-06-06,Open,BNP.PA,52.04478476573646
2023-06-06,Open,CS.PA,25.596539727269658
2023-06-06,Open,MT.AS,23.9404901502898
2023-06-06,Volume,AC.PA,505805.0
2023-06-06,Volume,AI.PA,638614.0
2023-06-06,Volume,AIR.PA,492369.0
2023-06-06,Volume,BNP.PA,2602283.0
2023-06-06,Volume,CS.PA,2066798.0
2023-06-06,Volume,MT.AS,2036437.0
2023-06-07,Close,AC.PA,30.899072647094727
2023-06-07,Close,AI.PA,140.17764282226562
2023-06-07,Close,AIR.PA,125.66714477539062
2023-06-07,Close,BNP.PA,53.17843246459961
2023-06-07,Close,CS.PA,25.57769775390625
2023-06-07,Close,MT.AS,24.260149002075195
2023-06-07,High,AC.PA,31.11257244823725
2023-06-07,High,AI.PA,140.7315562943168
2023-06-07,High,AIR.PA,126.8399323926184
2023-06-07,High,BNP.PA,53.22528031501468
2023-06-07,High,CS.PA,25.72843174268262
2023-06-07,High,MT.AS,24.37638929879342
2023-06-07,Low,AC.PA,30.68557469693536
2023-06-07,Low,AI.PA,139.69518415811754
2023-06-07,Low,AIR.PA,125.0310573473444
2023-06-07,Low,BNP.PA,52.55071129771672
2023-06-07,Low,CS.PA,25.398700468400225
2023-06-07,Low,MT.AS,23.853310734926676
2023-06-07,Open,AC.PA,30.792322746523467
2023-06-07,Open,AI.PA,140.7315562943168
2023-06-07,Open,AIR.PA,126.66103232955788
2023-06-07,Open,BNP.PA,53.21590931533599
2023-06-07,Open,CS.PA,25.6719069461142
2023-06-07,Open,MT.AS,24.03251275510613
2023-06-07,Volume,AC.PA,564291.0
2023-06-07,Volume,AI.PA,577648.0
2023-06-07,Volume,AIR.PA,667437.0
2023-06-07,Volume,BNP.PA,2621472.0
2023-06-07,Volume,CS.PA,3127254.0
2023-06-07,Volume,MT.AS,1788179.0
2023-06-08,Close,AC.PA,31.29695701599121
2023-06-08,Close,AI.PA,139.99896240234375
2023-06-08,Close,AIR.PA,125.76653289794922
2023-06-08,Close,BNP.PA,53.41265869140625
2023-06-08,Close,CS.PA,25.492908477783203
2023-06-08,Close,MT.AS,24.53621864318848
2023-06-08,High,AC.PA,31.35518524547305
2023-06-08,High,AI.PA,140.67795557275286
2023-06-08,High,AIR.PA,126.22372026614732
2023-06-08,High,BNP.PA,54.08722772475222
2023-06-08,High,CS.PA,25.80379753982114
2023-06-08,High,MT.AS,24.807444781698937
2023-06-08,Low,AC.PA,30.763211202623403
2023-06-08,Low,AI.PA,139.51651870265067
2023-06-08,Low,AIR.PA,124.5937452724809
2023-06-08,Low,BNP.PA,53.36581441386596
2023-06-08,Low,CS.PA,25.37514744220988
2023-06-08,Low,MT.AS,24.216560123461857
2023-06-08,Open,AC.PA,30.763211202623403
2023-06-08,Open,AI.PA,139.82027288582185
2023-06-08,Open,AIR.PA,125.80628931032648
2023-06-08,Open,BNP.PA,53.59067194964437
2023-06-08,Open,CS.PA,25.70016905040236
2023-06-08,Open,MT.AS,24.235933814979084
2023-06-08,Volume,AC.PA,689208.0
2023-06-08,Volume,AI.PA,401471.0
2023-06-08,Volume,AIR.PA,563351.0
2023-06-08,Volume,BNP.PA,2574474.0
2023-06-08,Volume,CS.PA,2895832.0
2023-06-08,Volume,MT.AS,2641669.0
2023-06-09,Close,AC.PA,31.733657836914062
2023-06-09,Close,AI.PA,139.9096221923828
2023-06-09,Close,AIR.PA,127.63504028320312
2023-06-09,Close,BNP.PA,52.53197479248047
2023-06-09,Close,CS.PA,24.98418235778809
2023-06-09,Close,MT.AS,24.66214370727539
2023-06-09,High,AC.PA,31.95686048540594
2023-06-09,High,AI.PA,140.92811947898835
2023-06-09,High,AIR.PA,128.19161489750562
2023-06-09,High,BNP.PA,53.62814948565668
2023-06-09,High,CS.PA,25.549435701929475
2023-06-09,High,MT.AS,24.75416781731457
2023-06-09,Low,AC.PA,31.40370529088994
2023-06-09,Low,AI.PA,139.5165232381715
2023-06-09,Low,AIR.PA,125.32922141754366
2023-06-09,Low,BNP.PA,52.04478643706764
2023-06-09,Low,CS.PA,24.927655765550355
2023-06-09,Low,MT.AS,24.38123257326704
2023-06-09,Open,AC.PA,31.40370529088994
2023-06-09,Open,AI.PA,139.9096221923828
2023-06-09,Open,AIR.PA,125.32922141754366
2023-06-09,Open,BNP.PA,53.56256320747613
2023-06-09,Open,CS.PA,25.450515063958868
2023-06-09,Open,MT.AS,24.507157871772115
2023-06-09,Volume,AC.PA,811928.0
2023-06-09,Volume,AI.PA,611341.0
2023-06-09,Volume,AIR.PA,851317.0
2023-06-09,Volume,BNP.PA,2612630.0
2023-06-09,Volume,CS.PA,4507915.0
2023-06-09,Volume,MT.AS,1736982.0
2023-06-12,Close,AC.PA,31.9665641784668
2023-06-12,Close,AI.PA,141.1246795654297
2023-06-12,Close,AIR.PA,128.6488037109375
2023-06-12,Close,BNP.PA,52.869258880615234
2023-06-12,Close,CS.PA,24.710975646972656
2023-06-12,Close,MT.AS,24.584651947021484
2023-06-12,High,AC.PA,32.12183575114673
2023-06-12,High,AI.PA,141.26761918224048
2023-06-12,High,AIR.PA,129.62280923945872
2023-06-12,High,BNP.PA,53.656254898455984
2023-06-12,High,CS.PA,25.17731014552388
2023-06-12,High,MT.AS,24.763855828915677
2023-06-12,Low,AC.PA,31.73365867043004
2023-06-12,Low,AI.PA,139.96322769790683
2023-06-12,Low,AIR.PA,127.89343948572014
2023-06-12,Low,BNP.PA,52.84115302876034
2023-06-12,Low,CS.PA,24.710975646972656
2023-06-12,Low,MT.AS,24.37639122191483
2023-06-12,Open,AC.PA,31.76277093344306
2023-06-12,Open,AI.PA,140.76730053187595
2023-06-12,Open,AIR.PA,128.529542060859
2023-06-12,Open,BNP.PA,52.99105686196861
2023-06-12,Open,CS.PA,25.17731014552388
2023-06-12,Open,MT.AS,24.70089225291023
2023-06-12,Volume,AC.PA,621051.0
2023-06-12,Volume,AI.PA,621703.0
2023-06-12,Volume,AIR.PA,695111.0
2023-06-12,Volume,BNP.PA,2954193.0
2023-06-12,Volume,CS.PA,4145099.0
2023-06-12,Volume,MT.AS,1871811.0
2023-06-13,Close,AC.PA,32.44208526611328
2023-06-13,Close,AI.PA,141.9287567138672
2023-06-13,Close,AIR.PA,129.24513244628906
2023-06-13,Close,BNP.PA,53.10348510742188
2023-06-13,Close,CS.PA,24.8522891998291
2023-06-13,Close,MT.AS,25.0108642578125
2023-06-13,High,AC.PA,32.694400182033895
2023-06-13,High,AI.PA,142.44693533420337
2023-06-13,High,AIR.PA,129.9806147049241
2023-06-13,High,BNP.PA,53.33771007575949
2023-06-13,High,CS.PA,24.96063093836764
2023-06-13,High,MT.AS,25.07867033395617
2023-06-13,Low,AC.PA,32.20917605744586
2023-06-13,Low,AI.PA,140.5528953793036
2023-06-13,Low,AIR.PA,128.25124488000856
2023-06-13,Low,BNP.PA,52.57881989170945
2023-06-13,Low,CS.PA,24.52255972389748
2023-06-13,Low,MT.AS,24.66214518327132
2023-06-13,Open,AC.PA,32.238292022258214
2023-06-13,Open,AI.PA,141.6071275705024
2023-06-13,Open,AIR.PA,129.9806147049241
2023-06-13,Open,BNP.PA,53.066008254730406
2023-06-13,Open,CS.PA,24.81460660124729
2023-06-13,Open,MT.AS,24.807446029381484
2023-06-13,Volume,AC.PA,1226043.0
2023-06-13,Volume,AI.PA,664549.0
2023-06-13,Volume,AIR.PA,976831.0
2023-06-13,Volume,BNP.PA,2974169.0
2023-06-13,Volume,CS.PA,4463323.0
2023-06-13,Volume,MT.AS,3243925.0
2023-06-14,Close,AC.PA,32.519718170166016
2023-06-14,Close,AI.PA,142.57200622558594
2023-06-14,Close,AIR.PA,128.7283172607422
2023-06-14,Close,BNP.PA,53.89048004150391
2023-06-14,Close,CS.PA,25.111364364624023
2023-06-14,Close,MT.AS,25.364425659179688
2023-06-14,High,AC.PA,32.83996785918618
2023-06-14,High,AI.PA,143.197404519061
2023-06-14,High,AIR.PA,129.16563020086298
2023-06-14,High,BNP.PA,54.2746088387595
2023-06-14,High,CS.PA,25.356307539043392
2023-06-14,High,MT.AS,26.00858707331752
2023-06-14,Low,AC.PA,32.412971975792125
2023-06-14,Low,AI.PA,141.5713839517888
2023-06-14,Low,AIR.PA,128.3903839744087
2023-06-14,Low,BNP.PA,52.97231861328296
2023-06-14,Low,CS.PA,24.786342750062342
2023-06-14,Low,MT.AS,25.064140817909863
2023-06-14,Open,AC.PA,32.510015316847
2023-06-14,Open,AI.PA,141.7500584672367
2023-06-14,Open,AIR.PA,128.74818409218756
2023-06-14,Open,BNP.PA,52.99105703924534
2023-06-14,Open,CS.PA,24.786342750062342
2023-06-14,Open,MT.AS,25.127104394290903
2023-06-14,Volume,AC.PA,843265.0
2023-06-14,Volume,AI.PA,594964.0
2023-06-14,Volume,AIR.PA,719672.0
2023-06-14,Volume,BNP.PA,3298383.0
2023-06-14,Volume,CS.PA,4766158.0
2023-06-14,Volume,MT.AS,4360448.0
2023-06-15,Close,AC.PA,32.31592559814453
2023-06-15,Close,AI.PA,143.21527099609375
2023-06-15,Close,AIR.PA,129.10598754882812
2023-06-15,Close,BNP.PA,52.738094329833984
2023-06-15,Close,CS.PA,25.03599739074707
2023-06-15,Close,MT.AS,24.952741622924805
2023-06-15,High,AC.PA,32.471197168209
2023-06-15,High,AI.PA,143.376100560967
2023-06-15,High,AIR.PA,129.6228133246567
2023-06-15,High,BNP.PA,53.60004049128322
2023-06-15,High,CS.PA,25.1019432845066
2023-06-15,High,MT.AS,25.20943654689132
2023-06-15,Low,AC.PA,32.01508901350062
2023-06-15,Low,AI.PA,142.01809920289196
2023-06-15,Low,AIR.PA,128.68855659487753
2023-06-15,Low,BNP.PA,52.40080980614017
2023-06-15,Low,CS.PA,24.725108322387257
2023-06-15,Low,MT.AS,24.710576042555864
2023-06-15,Open,AC.PA,32.471197168209
2023-06-15,Open,AI.PA,142.33972834111117
2023-06-15,Open,AIR.PA,128.88733107311296
2023-06-15,Open,BNP.PA,53.4876135080484
2023-06-15,Open,CS.PA,25.012443745640805
2023-06-15,Open,MT.AS,25.064137568185306
2023-06-15,Volume,AC.PA,559039.0
2023-06-15,Volume,AI.PA,464239.0
2023-06-15,Volume,AIR.PA,803285.0
2023-06-15,Volume,BNP.PA,2937664.0
2023-06-15,Volume,CS.PA,3489015.0
2023-06-15,Volume,MT.AS,3000432.0
2023-06-16,Close,AC.PA,32.1024284362793
2023-06-16,Close,AI.PA,150.041015625
2023-06-16,Close,AIR.PA,130.37815856933594
2023-06-16,Close,BNP.PA,53.00042343139648
2023-06-16,Close,CS.PA,24.871129989624023
2023-06-16,Close,MT.AS,24.952741622924805
2023-06-16,High,AC.PA,32.52942431427608
2023-06-16,High,AI.PA,150.041015625
2023-06-16,High,AIR.PA,131.53107174088416
2023-06-16,High,BNP.PA,53.12222141078151
2023-06-16,High,CS.PA,25.304491528573173
2023-06-16,High,MT.AS,25.088353756706848
2023-06-16,Low,AC.PA,32.044200211202686
2023-06-16,Low,AI.PA,143.32249350845305
2023-06-16,Low,AIR.PA,128.8674604468108
2023-06-16,Low,BNP.PA,52.42891395965432
2023-06-16,Low,CS.PA,24.871129989624023
2023-06-16,Low,MT.AS,24.65245682058881
2023-06-16,Open,AC.PA,32.30622167109826
2023-06-16,Open,AI.PA,143.82281217580527
2023-06-16,Open,AIR.PA,129.3644042105278
2023-06-16,Open,BNP.PA,52.93484072880206
2023-06-16,Open,CS.PA,25.04541581659178
2023-06-16,Open,MT.AS,25.01086084489186
2023-06-16,Volume,AC.PA,1457138.0
2023-06-16,Volume,AI.PA,3921992.0
2023-06-16,Volume,AIR.PA,3299568.0
2023-06-16,Volume,BNP.PA,8271686.0
2023-06-16,Volume,CS.PA,18660060.0
2023-06-16,Volume,MT.AS,3854928.0
2023-06-19,Close,AC.PA,31.91804313659668
2023-06-19,Close,AI.PA,144.28736877441406
2023-06-19,Close,AIR.PA,130.67633056640625
2023-06-19,Close,BNP.PA,53.22528076171875
2023-06-19,Close,CS.PA,24.84286880493164
2023-06-19,Close,MT.AS,24.594337463378903
2023-06-19,High,AC.PA,32.218883434216785
2023-06-19,High,AI.PA,146.6996021505687
2023-06-19,High,AIR.PA,133.16104943643882
2023-06-19,High,BNP.PA,53.82489608257635
2023-06-19,High,CS.PA,25.182019364811083
2023-06-19,High,MT.AS,24.812286870400616
2023-06-19,Low,AC.PA,31.908340282722783
2023-06-19,Low,AI.PA,143.87639490314078
2023-06-19,Low,AIR.PA,130.6365817373147
2023-06-19,Low,BNP.PA,52.80367512236912
2023-06-19,Low,CS.PA,24.692133026563138
2023-06-19,Low,MT.AS,24.541060736376167
2023-06-19,Open,AC.PA,31.947155400184748
2023-06-19,Open,AI.PA,146.6996021505687
2023-06-19,Open,AIR.PA,131.53107446431827
2023-06-19,Open,BNP.PA,52.95357895258351
2023-06-19,Open,CS.PA,24.96533949104823
2023-06-19,Open,MT.AS,24.75901014339788
2023-06-19,Volume,AC.PA,485487.0
2023-06-19,Volume,AI.PA,967247.0
2023-06-19,Volume,AIR.PA,951791.0
2023-06-19,Volume,BNP.PA,2390814.0
2023-06-19,Volume,CS.PA,3813179.0
2023-06-19,Volume,MT.AS,1293160.0
2023-06-20,Close,AC.PA,31.947154998779297
2023-06-20,Close,AI.PA,144.3052520751953
2023-06-20,Close,AIR.PA,131.21304321289062
2023-06-20,Close,BNP.PA,53.15032577514648
2023-06-20,Close,CS.PA,24.781633377075195
2023-06-20,Close,MT.AS,24.12938117980957
2023-06-20,High,AC.PA,32.0636114556011
2023-06-20,High,AI.PA,145.16293476978302
2023-06-20,High,AIR.PA,131.8491306606448
2023-06-20,High,BNP.PA,53.33770645188341
2023-06-20,High,CS.PA,24.9888921591892
2023-06-20,High,MT.AS,24.390920481455915
2023-06-20,Low,AC.PA,31.70454293335005
2023-06-20,Low,AI.PA,142.87578091754912
2023-06-20,Low,AIR.PA,129.9209863193372
2023-06-20,Low,BNP.PA,52.56944889385224
2023-06-20,Low,CS.PA,24.69213383727187
2023-06-20,Low,MT.AS,23.91143176177095
2023-06-20,Open,AC.PA,31.733658898538668
2023-06-20,Open,AI.PA,143.60838394860758
2023-06-20,Open,AIR.PA,130.65646859179586
2023-06-20,Open,BNP.PA,53.02852779916911
2023-06-20,Open,CS.PA,24.734527883260064
2023-06-20,Open,MT.AS,24.381233635367867
2023-06-20,Volume,AC.PA,435003.0
2023-06-20,Volume,AI.PA,687832.0
2023-06-20,Volume,AIR.PA,966241.0
2023-06-20,Volume,BNP.PA,2289036.0
2023-06-20,Volume,CS.PA,2911249.0
2023-06-20,Volume,MT.AS,2849798.0
2023-06-21,Close,AC.PA,32.0053825378418
2023-06-21,Close,AI.PA,143.73345947265625
2023-06-21,Close,AIR.PA,128.98672485351562
2023-06-21,Close,BNP.PA,53.44076919555664
2023-06-21,Close,CS.PA,24.739238739013672
2023-06-21,Close,MT.AS,24.090633392333984
2023-06-21,High,AC.PA,32.102429583103046
2023-06-21,High,AI.PA,144.35885777229126
2023-06-21,High,AIR.PA,132.3858184501142
2023-06-21,High,BNP.PA,53.94669598077572
2023-06-21,High,CS.PA,24.875841972472003
2023-06-21,High,MT.AS,24.182655650207664
2023-06-21,Low,AC.PA,31.9083391945468
2023-06-21,Low,AI.PA,143.09020121918198
2023-06-21,Low,AIR.PA,128.6289247293726
2023-06-21,Low,BNP.PA,53.08474624588514
2023-06-21,Low,CS.PA,24.65916029988986
2023-06-21,Low,MT.AS,23.7806598892071
2023-06-21,Open,AC.PA,32.06361076499854
2023-06-21,Open,AI.PA,143.8942740360248
2023-06-21,Open,AIR.PA,131.47144372519764
2023-06-21,Open,BNP.PA,53.19717322904849
2023-06-21,Open,CS.PA,24.79576353334819
2023-06-21,Open,MT.AS,24.172968805024624
2023-06-21,Volume,AC.PA,618193.0
2023-06-21,Volume,AI.PA,478124.0
2023-06-21,Volume,AIR.PA,928969.0
2023-06-21,Volume,BNP.PA,2554634.0
2023-06-21,Volume,CS.PA,2928098.0
2023-06-21,Volume,MT.AS,1831703.0
2023-06-22,Close,AC.PA,32.07331466674805
2023-06-22,Close,AI.PA,142.94725036621094
2023-06-22,Close,AIR.PA,126.85980224609376
2023-06-22,Close,BNP.PA,52.20405960083008
2023-06-22,Close,CS.PA,24.621479034423828
2023-06-22,Close,MT.AS,23.950180053710938
2023-06-22,High,AC.PA,32.07331466674805
2023-06-22,High,AI.PA,143.00086022066364
2023-06-22,High,AIR.PA,128.70843363699885
2023-06-22,High,BNP.PA,52.90673447238186
2023-06-22,High,CS.PA,24.819316723741228
2023-06-22,High,MT.AS,24.09063655594473
2023-06-22,Low,AC.PA,31.558978266935988
2023-06-22,Low,AI.PA,140.91025584616952
2023-06-22,Low,AIR.PA,126.12432760562656
2023-06-22,Low,BNP.PA,51.83866923946143
2023-06-22,Low,CS.PA,24.400087699043095
2023-06-22,Low,MT.AS,23.58208727872424
2023-06-22,Open,AC.PA,31.83070259861536
2023-06-22,Open,AI.PA,142.94725036621094
2023-06-22,Open,AIR.PA,128.50965916641638
2023-06-22,Open,BNP.PA,52.90673447238186
2023-06-22,Open,CS.PA,24.541400590968514
2023-06-22,Open,MT.AS,23.77097801323368
2023-06-22,Volume,AC.PA,567892.0
2023-06-22,Volume,AI.PA,617254.0
2023-06-22,Volume,AIR.PA,894149.0
2023-06-22,Volume,BNP.PA,3122823.0
2023-06-22,Volume,CS.PA,3353948.0
2023-06-22,Volume,MT.AS,1790979.0
2023-06-23,Close,AC.PA,31.85981750488281
2023-06-23,Close,AI.PA,141.6785888671875
2023-06-23,Close,AIR.PA,125.96530151367188
2023-06-23,Close,BNP.PA,51.388954162597656
2023-06-23,Close,CS.PA,24.88055229187012
2023-06-23,Close,MT.AS,23.80003547668457
2023-06-23,High,AC.PA,32.77203751802518
2023-06-23,High,AI.PA,142.6434762392989
2023-06-23,High,AIR.PA,126.85980179362264
2023-06-23,High,BNP.PA,51.94172520436113
2023-06-23,High,CS.PA,24.9700500350456
2023-06-23,High,MT.AS,23.91627578056982
2023-06-23,Low,AC.PA,31.69483937901511
2023-06-23,Low,AI.PA,140.2491177627097
2023-06-23,Low,AIR.PA,125.09068323036443
2023-06-23,Low,BNP.PA,50.92987524807583
2023-06-23,Low,CS.PA,24.32001039050415
2023-06-23,Low,MT.AS,23.567556716491023
2023-06-23,Open,AC.PA,32.77203751802518
2023-06-23,Open,AI.PA,142.4111918709972
2023-06-23,Open,AIR.PA,126.42248886058894
2023-06-23,Open,BNP.PA,51.86677507655702
2023-06-23,Open,CS.PA,24.54139992296789
2023-06-23,Open,MT.AS,23.741916248530423
2023-06-23,Volume,AC.PA,798742.0
2023-06-23,Volume,AI.PA,716622.0
2023-06-23,Volume,AIR.PA,869812.0
2023-06-23,Volume,BNP.PA,3075836.0
2023-06-23,Volume,CS.PA,3919812.0
2023-06-23,Volume,MT.AS,1669698.0
2023-06-26,Close,AC.PA,31.558977127075195
2023-06-26,Close,AI.PA,142.69708251953125
2023-06-26,Close,AIR.PA,126.8796844482422
2023-06-26,Close,BNP.PA,51.74497604370117
2023-06-26,Close,CS.PA,24.9888916015625
2023-06-26,Close,MT.AS,23.96955299377441
2023-06-26,High,AC.PA,31.966563609872868
2023-06-26,High,AI.PA,143.26887094700788
2023-06-26,High,AIR.PA,127.41637703623589
2023-06-26,High,BNP.PA,51.90425086977173
2023-06-26,High,CS.PA,25.068970040815845
2023-06-26,High,MT.AS,24.139068182472336
2023-06-26,Low,AC.PA,31.471636637623376
2023-06-26,Low,AI.PA,141.26761145083967
2023-06-26,Low,AIR.PA,124.2359400052066
2023-06-26,Low,BNP.PA,50.31152047901182
2023-06-26,Low,CS.PA,24.44248046373613
2023-06-26,Low,MT.AS,23.4416318878019
2023-06-26,Open,AC.PA,31.918041938392133
2023-06-26,Open,AI.PA,141.8036649760693
2023-06-26,Open,AIR.PA,126.18395863455704
2023-06-26,Open,BNP.PA,51.435800965077
2023-06-26,Open,CS.PA,25.01244344949908
2023-06-26,Open,MT.AS,23.877528879129557
2023-06-26,Volume,AC.PA,875276.0
2023-06-26,Volume,AI.PA,543195.0
2023-06-26,Volume,AIR.PA,780915.0
2023-06-26,Volume,BNP.PA,2892775.0
2023-06-26,Volume,CS.PA,3946282.0
2023-06-26,Volume,MT.AS,1499391.0
2023-06-27,Close,AC.PA,32.01509094238281
2023-06-27,Close,AI.PA,143.5547637939453
2023-06-27,Close,AIR.PA,128.13197326660156
2023-06-27,Close,BNP.PA,52.15721130371094
2023-06-27,Close,CS.PA,25.210283279418945
2023-06-27,Close,MT.AS,23.91627693176269
2023-06-27,High,AC.PA,32.24799646052877
2023-06-27,High,AI.PA,143.69771839733468
2023-06-27,High,AIR.PA,128.13197326660156
2023-06-27,High,BNP.PA,52.56944951217879
2023-06-27,High,CS.PA,25.266808074638817
2023-06-27,High,MT.AS,24.53622032211934
2023-06-27,Low,AC.PA,31.56868191233122
2023-06-27,Low,AI.PA,142.05382293505042
2023-06-27,Low,AIR.PA,126.34298033599345
2023-06-27,Low,BNP.PA,51.59507284087738
2023-06-27,Low,CS.PA,24.96534010427837
2023-06-27,Low,MT.AS,23.480378080682527
2023-06-27,Open,AC.PA,32.0247937964862
2023-06-27,Open,AI.PA,143.17952483028097
2023-06-27,Open,AIR.PA,127.43625505738058
2023-06-27,Open,BNP.PA,52.22279757923106
2023-06-27,Open,CS.PA,25.14433738551395
2023-06-27,Open,MT.AS,24.36670512868652
2023-06-27,Volume,AC.PA,888722.0
2023-06-27,Volume,AI.PA,430105.0
2023-06-27,Volume,AIR.PA,750877.0
2023-06-27,Volume,BNP.PA,3308505.0
2023-06-27,Volume,CS.PA,2812666.0
2023-06-27,Volume,MT.AS,1929234.0
2023-06-28,Close,AC.PA,32.820560455322266
2023-06-28,Close,AI.PA,145.1807861328125
2023-06-28,Close,AIR.PA,129.66258239746094
2023-06-28,Close,BNP.PA,52.33522415161133
2023-06-28,Close,CS.PA,25.247966766357425
2023-06-28,Close,MT.AS,23.843626022338867
2023-06-28,High,AC.PA,33.01465085125356
2023-06-28,High,AI.PA,145.28800583564325
2023-06-28,High,AIR.PA,129.94086971099293
2023-06-28,High,BNP.PA,52.92547203480694
2023-06-28,High,CS.PA,25.474069548980648
2023-06-28,High,MT.AS,24.12453902011525
2023-06-28,Low,AC.PA,32.180064740125445
2023-06-28,Low,AI.PA,144.00147437201264
2023-06-28,Low,AIR.PA,128.96684894810974
2023-06-28,Low,BNP.PA,52.05415492237171
2023-06-28,Low,CS.PA,25.247966766357425
2023-06-28,Low,MT.AS,23.708013870351373
2023-06-28,Open,AC.PA,32.35474572626698
2023-06-28,Open,AI.PA,144.35885338709832
2023-06-28,Open,AIR.PA,129.5035567424366
2023-06-28,Open,BNP.PA,52.65377023114667
2023-06-28,Open,CS.PA,25.32333376160153
2023-06-28,Open,MT.AS,23.892060253460837
2023-06-28,Volume,AC.PA,1079335.0
2023-06-28,Volume,AI.PA,559435.0
2023-06-28,Volume,AIR.PA,792919.0
2023-06-28,Volume,BNP.PA,3213637.0
2023-06-28,Volume,CS.PA,3127992.0
2023-06-28,Volume,MT.AS,1705514.0
2023-06-29,Close,AC.PA,32.820560455322266
2023-06-29,Close,AI.PA,145.80618286132812
2023-06-29,Close,AIR.PA,129.86134338378906
2023-06-29,Close,BNP.PA,53.20654296875
2023-06-29,Close,CS.PA,25.19144058227539
2023-06-29,Close,MT.AS,24.066415786743164
2023-06-29,High,AC.PA,32.83996986511203
2023-06-29,High,AI.PA,146.07421711978913
2023-06-29,High,AIR.PA,130.43779994918606
2023-06-29,High,BNP.PA,53.49697963287437
2023-06-29,High,CS.PA,25.44109340336024
2023-06-29,High,MT.AS,24.202029774158483
2023-06-29,Low,AC.PA,32.480905038917285
2023-06-29,Low,AI.PA,144.53752636026184
2023-06-29,Low,AIR.PA,129.1457431760907
2023-06-29,Low,BNP.PA,52.4008085315225
2023-06-29,Low,CS.PA,25.19144058227539
2023-06-29,Low,MT.AS,23.8339370409157
2023-06-29,Open,AC.PA,32.810857601410575
2023-06-29,Open,AI.PA,145.35947409298893
2023-06-29,Open,AIR.PA,129.7619485683511
2023-06-29,Open,BNP.PA,52.4008085315225
2023-06-29,Open,CS.PA,25.3374649136615
2023-06-29,Open,MT.AS,23.8339370409157
2023-06-29,Volume,AC.PA,608654.0
2023-06-29,Volume,AI.PA,412759.0
2023-06-29,Volume,AIR.PA,502642.0
2023-06-29,Volume,BNP.PA,3651226.0
2023-06-29,Volume,CS.PA,3576315.0
2023-06-29,Volume,MT.AS,1533522.0
2023-06-30,Close,AC.PA,33.0146484375
2023-06-30,Close,AI.PA,146.69960021972656
2023-06-30,Close,AIR.PA,131.5509490966797
2023-06-30,Close,BNP.PA,54.07786178588867
2023-06-30,Close,CS.PA,25.459936141967773
2023-06-30,Close,MT.AS,24.148754119873047
2023-06-30,High,AC.PA,33.38341979261137
2023-06-30,High,AI.PA,147.75384730765782
2023-06-30,High,AIR.PA,131.9683800236126
2023-06-30,High,BNP.PA,54.66810613230782
2023-06-30,High,CS.PA,25.66719671955594
2023-06-30,High,MT.AS,24.44903894894224
2023-06-30,Low,AC.PA,33.0146484375
2023-06-30,Low,AI.PA,145.93126233877788
2023-06-30,Low,AIR.PA,129.62280493499924
2023-06-30,Low,BNP.PA,53.45013701282164
2023-06-30,Low,CS.PA,25.346886551365905
2023-06-30,Low,MT.AS,24.12453792919563
2023-06-30,Open,AC.PA,33.305782159128505
2023-06-30,Open,AI.PA,146.28862635386247
2023-06-30,Open,AIR.PA,130.35828713893991
2023-06-30,Open,BNP.PA,53.49698129165008
2023-06-30,Open,CS.PA,25.38456914926958
2023-06-30,Open,MT.AS,24.226247038586934
2023-06-30,Volume,AC.PA,756608.0
2023-06-30,Volume,AI.PA,1295778.0
2023-06-30,Volume,AIR.PA,1180364.0
2023-06-30,Volume,BNP.PA,5687909.0
2023-06-30,Volume,CS.PA,5832018.0
2023-06-30,Volume,MT.AS,2035696.0
2023-07-03,Close,AC.PA,33.00494384765625
2023-07-03,Close,AI.PA,146.89617919921875
2023-07-03,Close,AIR.PA,131.80935668945312
2023-07-03,Close,BNP.PA,54.74305725097656
2023-07-03,Close,CS.PA,25.64364242553711
2023-07-03,Close,MT.AS,24.318269729614254
2023-07-03,High,AC.PA,33.16992197764813
2023-07-03,High,AI.PA,147.21780834417407
2023-07-03,High,AIR.PA,132.98215183702288
2023-07-03,High,BNP.PA,55.24898401599276
2023-07-03,High,CS.PA,25.855612648665968
2023-07-03,High,MT.AS,24.46841307057626
2023-07-03,Low,AC.PA,32.69440069916531
2023-07-03,Low,AI.PA,145.7526022412603
2023-07-03,Low,AIR.PA,130.8751000038094
2023-07-03,Low,BNP.PA,54.11533250756997
2023-07-03,Low,CS.PA,25.540013936255846
2023-07-03,Low,MT.AS,24.177813234608863
2023-07-03,Open,AC.PA,33.140809714341586
2023-07-03,Open,AI.PA,146.5209401981829
2023-07-03,Open,AIR.PA,131.98826432727762
2023-07-03,Open,BNP.PA,54.45261701758077
2023-07-03,Open,CS.PA,25.540013936255846
2023-07-03,Open,MT.AS,24.23108996358173
2023-07-03,Volume,AC.PA,512313.0
2023-07-03,Volume,AI.PA,514347.0
2023-07-03,Volume,AIR.PA,618059.0
2023-07-03,Volume,BNP.PA,2386997.0
2023-07-03,Volume,CS.PA,3673540.0
2023-07-03,Volume,MT.AS,1404696.0
2023-07-04,Close,AC.PA,32.81085586547852
2023-07-04,Close,AI.PA,145.89553833007812
2023-07-04,Close,AIR.PA,130.51731872558594
2023-07-04,Close,BNP.PA,54.23713302612305
2023-07-04,Close,CS.PA,25.40812110900879
2023-07-04,Close,MT.AS,24.15843963623047
2023-07-04,High,AC.PA,33.07287733082798
2023-07-04,High,AI.PA,146.5745315090118
2023-07-04,High,AIR.PA,132.167160512314
2023-07-04,High,BNP.PA,55.333307734996815
2023-07-04,High,CS.PA,25.770825324488023
2023-07-04,High,MT.AS,24.294051774622854
2023-07-04,Low,AC.PA,32.76233049258824
2023-07-04,Low,AI.PA,145.57390919291146
2023-07-04,Low,AIR.PA,130.15951860540582
2023-07-04,Low,BNP.PA,54.22776559995702
2023-07-04,Low,CS.PA,25.342175214719997
2023-07-04,Low,MT.AS,24.066415530112646
2023-07-04,Open,AC.PA,33.07287733082798
2023-07-04,Open,AI.PA,146.25290237184515
2023-07-04,Open,AIR.PA,131.7894935605552
2023-07-04,Open,BNP.PA,55.08971176680736
2023-07-04,Open,CS.PA,25.69074868053473
2023-07-04,Open,MT.AS,24.294051774622854
2023-07-04,Volume,AC.PA,426793.0
2023-07-04,Volume,AI.PA,621319.0
2023-07-04,Volume,AIR.PA,381847.0
2023-07-04,Volume,BNP.PA,1270228.0
2023-07-04,Volume,CS.PA,2769656.0
2023-07-04,Volume,MT.AS,938559.0
2023-07-05,Close,AC.PA,32.830265045166016
2023-07-05,Close,AI.PA,143.4296875
2023-07-05,Close,AIR.PA,132.10752868652344
2023-07-05,Close,BNP.PA,53.72183609008789
2023-07-05,Close,CS.PA,24.494295120239254
2023-07-05,Close,MT.AS,23.6644229888916
2023-07-05,High,AC.PA,32.94671779496449
2023-07-05,High,AI.PA,145.37735216776963
2023-07-05,High,AIR.PA,132.58459045464562
2023-07-05,High,BNP.PA,54.09659744955541
2023-07-05,High,CS.PA,25.247965020567232
2023-07-05,High,MT.AS,23.988924009637508
2023-07-05,Low,AC.PA,32.74292455732562
2023-07-05,Low,AI.PA,142.60773974959935
2023-07-05,Low,AIR.PA,130.17938445156602
2023-07-05,Low,BNP.PA,53.4126574324288
2023-07-05,Low,CS.PA,24.494295120239254
2023-07-05,Low,MT.AS,23.53849584085817
2023-07-05,Open,AC.PA,32.830265045166016
2023-07-05,Open,AI.PA,145.35947721851622
2023-07-05,Open,AIR.PA,130.39804092143874
2023-07-05,Open,BNP.PA,53.684359239343294
2023-07-05,Open,CS.PA,25.19144022726533
2023-07-05,Open,MT.AS,23.988924009637508
2023-07-05,Volume,AC.PA,426671.0
2023-07-05,Volume,AI.PA,872646.0
2023-07-05,Volume,AIR.PA,1082290.0
2023-07-05,Volume,BNP.PA,2797200.0
2023-07-05,Volume,CS.PA,5643566.0
2023-07-05,Volume,MT.AS,2238770.0
2023-07-06,Close,AC.PA,32.0247917175293
2023-07-06,Close,AI.PA,138.51588439941406
2023-07-06,Close,AIR.PA,128.6885528564453
2023-07-06,Close,BNP.PA,51.30463409423828
2023-07-06,Close,CS.PA,23.971437454223636
2023-07-06,Close,MT.AS,22.80231475830078
2023-07-06,High,AC.PA,32.67499025727474
2023-07-06,High,AI.PA,141.4284366062912
2023-07-06,High,AIR.PA,131.80935908719525
2023-07-06,High,BNP.PA,52.69124901412706
2023-07-06,High,CS.PA,24.560242665014705
2023-07-06,High,MT.AS,23.45616116724102
2023-07-06,Low,AC.PA,31.84040788580288
2023-07-06,Low,AI.PA,137.9619708794366
2023-07-06,Low,AIR.PA,128.37051673361177
2023-07-06,Low,BNP.PA,50.92050529959038
2023-07-06,Low,CS.PA,23.83954566201152
2023-07-06,Low,MT.AS,22.73450683543541
2023-07-06,Open,AC.PA,32.67499025727474
2023-07-06,Open,AI.PA,141.16041732147454
2023-07-06,Open,AIR.PA,131.76961025891111
2023-07-06,Open,BNP.PA,52.560080033280826
2023-07-06,Open,CS.PA,24.44248162285649
2023-07-06,Open,MT.AS,23.40772878419989
2023-07-06,Volume,AC.PA,935468.0
2023-07-06,Volume,AI.PA,1201981.0
2023-07-06,Volume,AIR.PA,1279842.0
2023-07-06,Volume,BNP.PA,6672168.0
2023-07-06,Volume,CS.PA,6617279.0
2023-07-06,Volume,MT.AS,2854172.0
2023-07-07,Close,AC.PA,32.36444854736328
2023-07-07,Close,AI.PA,138.28359985351562
2023-07-07,Close,AIR.PA,130.2986602783203
2023-07-07,Close,BNP.PA,51.64191818237305
2023-07-07,Close,CS.PA,23.88193893432617
2023-07-07,Close,MT.AS,23.272113800048828
2023-07-07,High,AC.PA,32.46149559621373
2023-07-07,High,AI.PA,139.30209712781817
2023-07-07,High,AIR.PA,131.05400933590474
2023-07-07,High,BNP.PA,52.204060230791534
2023-07-07,High,CS.PA,24.159855056679504
2023-07-07,High,MT.AS,23.27695814669389
2023-07-07,Low,AC.PA,31.995680867630742
2023-07-07,Low,AI.PA,137.31869743865386
2023-07-07,Low,AIR.PA,128.52954170134407
2023-07-07,Low,BNP.PA,50.8268163222539
2023-07-07,Low,CS.PA,23.825414139053365
2023-07-07,Low,MT.AS,22.87496236369176
2023-07-07,Open,AC.PA,32.02479313130269
2023-07-07,Open,AI.PA,138.65883884841944
2023-07-07,Open,AIR.PA,129.20537793725856
2023-07-07,Open,BNP.PA,51.16410083650713
2023-07-07,Open,CS.PA,24.13159176059768
2023-07-07,Open,MT.AS,22.962142127533745
2023-07-07,Volume,AC.PA,614856.0
2023-07-07,Volume,AI.PA,859486.0
2023-07-07,Volume,AIR.PA,762810.0
2023-07-07,Volume,BNP.PA,3310169.0
2023-07-07,Volume,CS.PA,4173820.0
2023-07-07,Volume,MT.AS,1900037.0
2023-07-10,Close,AC.PA,32.52942657470703
2023-07-10,Close,AI.PA,139.31996154785156
2023-07-10,Close,AIR.PA,131.23291015625
2023-07-10,Close,BNP.PA,51.85740661621094
2023-07-10,Close,CS.PA,23.957305908203125
2023-07-10,Close,MT.AS,23.18009185791016
2023-07-10,High,AC.PA,32.58765480382985
2023-07-10,High,AI.PA,140.40992854953407
2023-07-10,High,AIR.PA,131.45156663836775
2023-07-10,High,BNP.PA,52.3633334061226
2023-07-10,High,CS.PA,24.12217064299073
2023-07-10,High,MT.AS,23.35929388714211
2023-07-10,Low,AC.PA,32.092724111201825
2023-07-10,Low,AI.PA,137.72966092835057
2023-07-10,Low,AIR.PA,129.64269911828205
2023-07-10,Low,BNP.PA,51.323373973745085
2023-07-10,Low,CS.PA,23.750045330880592
2023-07-10,Low,MT.AS,22.95245559944191
2023-07-10,Open,AC.PA,32.257702242733295
2023-07-10,Open,AI.PA,138.17638469501662
2023-07-10,Open,AIR.PA,129.96073525966722
2023-07-10,Open,BNP.PA,51.40769510539703
2023-07-10,Open,CS.PA,23.79715082431337
2023-07-10,Open,MT.AS,23.131657628673864
2023-07-10,Volume,AC.PA,336076.0
2023-07-10,Volume,AI.PA,538527.0
2023-07-10,Volume,AIR.PA,537935.0
2023-07-10,Volume,BNP.PA,2493724.0
2023-07-10,Volume,CS.PA,2274856.0
2023-07-10,Volume,MT.AS,1425771.0
2023-07-11,Close,AC.PA,32.84967041015625
2023-07-11,Close,AI.PA,139.33782958984375
2023-07-11,Close,AIR.PA,131.43170166015625
2023-07-11,Close,BNP.PA,52.61629486083984
2023-07-11,Close,CS.PA,24.320009231567383
2023-07-11,Close,MT.AS,23.54818153381348
2023-07-11,High,AC.PA,32.937010897088214
2023-07-11,High,AI.PA,140.44567160480992
2023-07-11,High,AIR.PA,132.1473019452704
2023-07-11,High,BNP.PA,52.7287218409002
2023-07-11,High,CS.PA,24.381243675452684
2023-07-11,High,MT.AS,23.58208456872184
2023-07-11,Low,AC.PA,32.616764912981765
2023-07-11,Low,AI.PA,139.23062487707804
2023-07-11,Low,AIR.PA,130.19927557678832
2023-07-11,Low,BNP.PA,51.78245457524612
2023-07-11,Low,CS.PA,23.966726129759746
2023-07-11,Low,MT.AS,23.281799753429127
2023-07-11,Open,AC.PA,32.70410539991373
2023-07-11,Open,AI.PA,139.373564494099
2023-07-11,Open,AIR.PA,131.59071215033177
2023-07-11,Open,BNP.PA,51.99794110952399
2023-07-11,Open,CS.PA,24.013829824577783
2023-07-11,Open,MT.AS,23.344763324363303
2023-07-11,Volume,AC.PA,410147.0
2023-07-11,Volume,AI.PA,527114.0
2023-07-11,Volume,AIR.PA,478959.0
2023-07-11,Volume,BNP.PA,2535717.0
2023-07-11,Volume,CS.PA,3048265.0
2023-07-11,Volume,MT.AS,1775221.0
2023-07-12,Close,AC.PA,33.0340576171875
2023-07-12,Close,AI.PA,141.8930206298828
2023-07-12,Close,AIR.PA,132.6442413330078
2023-07-12,Close,BNP.PA,53.12222290039063
2023-07-12,Close,CS.PA,25.064258575439453
2023-07-12,Close,MT.AS,24.19234275817871
2023-07-12,High,AC.PA,33.169919772875865
2023-07-12,High,AI.PA,142.05383520022934
2023-07-12,High,AIR.PA,132.6442413330078
2023-07-12,High,BNP.PA,53.40329214424669
2023-07-12,High,CS.PA,25.2055714598502
2023-07-12,High,MT.AS,24.32311239820503
2023-07-12,Low,AC.PA,32.61676459502117
2023-07-12,Low,AI.PA,139.7845412692363
2023-07-12,Low,AIR.PA,131.01426633013747
2023-07-12,Low,BNP.PA,52.48513070818923
2023-07-12,Low,CS.PA,24.41892859859952
2023-07-12,Low,MT.AS,23.59177128334416
2023-07-12,Open,AC.PA,32.88848890639791
2023-07-12,Open,AI.PA,140.08831045531517
2023-07-12,Open,AIR.PA,131.86899507865368
2023-07-12,Open,BNP.PA,52.61629611705611
2023-07-12,Open,CS.PA,24.41892859859952
2023-07-12,Open,MT.AS,23.66442169921772
2023-07-12,Volume,AC.PA,475473.0
2023-07-12,Volume,AI.PA,639344.0
2023-07-12,Volume,AIR.PA,884804.0
2023-07-12,Volume,BNP.PA,4296194.0
2023-07-12,Volume,CS.PA,4448634.0
2023-07-12,Volume,MT.AS,2448990.0
2023-07-13,Close,AC.PA,32.9564208984375
2023-07-13,Close,AI.PA,142.91151428222656
2023-07-13,Close,AIR.PA,133.7772674560547
2023-07-13,Close,BNP.PA,53.41265869140625
2023-07-13,Close,CS.PA,25.120784759521484
2023-07-13,Close,MT.AS,24.415136337280277
2023-07-13,High,AC.PA,33.16992069299366
2023-07-13,High,AI.PA,143.7691969675732
2023-07-13,High,AIR.PA,134.59224734368163
2023-07-13,High,BNP.PA,53.63751622718467
2023-07-13,High,CS.PA,25.2385457941034
2023-07-13,High,MT.AS,24.512002949252253
2023-07-13,Low,AC.PA,32.73321825047706
2023-07-13,Low,AI.PA,141.76793736843103
2023-07-13,Low,AIR.PA,132.54484146063228
2023-07-13,Low,BNP.PA,52.97231819374033
2023-07-13,Low,CS.PA,24.80989390321008
2023-07-13,Low,MT.AS,24.105164657031494
2023-07-13,Open,AC.PA,33.16992069299366
2023-07-13,Open,AI.PA,142.3754607294145
2023-07-13,Open,AIR.PA,133.18092887250705
2023-07-13,Open,BNP.PA,53.12222202626285
2023-07-13,Open,CS.PA,25.059548518409468
2023-07-13,Open,MT.AS,24.17781323032777
2023-07-13,Volume,AC.PA,399407.0
2023-07-13,Volume,AI.PA,723376.0
2023-07-13,Volume,AIR.PA,994209.0
2023-07-13,Volume,BNP.PA,2670516.0
2023-07-13,Volume,CS.PA,2956895.0
2023-07-13,Volume,MT.AS,1823451.0
2023-07-14,Close,AC.PA,32.878787994384766
2023-07-14,Close,AI.PA,143.71559143066406
2023-07-14,Close,AIR.PA,132.20692443847656
2023-07-14,Close,BNP.PA,53.07537841796875
2023-07-14,Close,CS.PA,24.814605712890625
2023-07-14,Close,MT.AS,24.16328430175781
2023-07-14,High,AC.PA,33.15051232180377
2023-07-14,High,AI.PA,144.03722057286012
2023-07-14,High,AIR.PA,133.87664822144436
2023-07-14,High,BNP.PA,53.69373218166983
2023-07-14,High,CS.PA,25.17259847261072
2023-07-14,High,MT.AS,24.39576306595232
2023-07-14,Low,AC.PA,32.83026632191228
2023-07-14,Low,AI.PA,142.58988943297788
2023-07-14,Low,AIR.PA,132.20692443847656
2023-07-14,Low,BNP.PA,53.009795713787526
2023-07-14,Low,CS.PA,24.767502017126944
2023-07-14,Low,MT.AS,24.12453876484722
2023-07-14,Open,AC.PA,32.88849084809274
2023-07-14,Open,AI.PA,142.60774938767554
2023-07-14,Open,AIR.PA,133.32007362712176
2023-07-14,Open,BNP.PA,53.34707666072412
2023-07-14,Open,CS.PA,25.050127785490652
2023-07-14,Open,MT.AS,24.357017529041723
2023-07-14,Volume,AC.PA,396572.0
2023-07-14,Volume,AI.PA,402297.0
2023-07-14,Volume,AIR.PA,578126.0
2023-07-14,Volume,BNP.PA,2209915.0
2023-07-14,Volume,CS.PA,2975705.0
2023-07-14,Volume,MT.AS,1260508.0
2023-07-17,Close,AC.PA,32.898197174072266
2023-07-17,Close,AI.PA,142.44692993164062
2023-07-17,Close,AIR.PA,132.70387268066406
2023-07-17,Close,BNP.PA,53.13158798217773
2023-07-17,Close,CS.PA,24.92765617370605
2023-07-17,Close,MT.AS,24.105165481567383
2023-07-17,High,AC.PA,33.07287815532666
2023-07-17,High,AI.PA,143.75132140615477
2023-07-17,High,AIR.PA,133.28032929150848
2023-07-17,High,BNP.PA,53.62814731753651
2023-07-17,High,CS.PA,25.06897085972337
2023-07-17,High,MT.AS,24.28436751892027
2023-07-17,Low,AC.PA,32.56824462081022
2023-07-17,Low,AI.PA,141.48204253814137
2023-07-17,Low,AIR.PA,131.37205181018592
2023-07-17,Low,BNP.PA,52.85988617637623
2023-07-17,Low,CS.PA,24.76279143587369
2023-07-17,Low,MT.AS,23.92596344421449
2023-07-17,Open,AC.PA,32.68469737432439
2023-07-17,Open,AI.PA,143.75132140615477
2023-07-17,Open,AIR.PA,131.90875959103315
2023-07-17,Open,BNP.PA,53.047266855342414
2023-07-17,Open,CS.PA,24.82873733100664
2023-07-17,Open,MT.AS,23.98892517370953
2023-07-17,Volume,AC.PA,449902.0
2023-07-17,Volume,AI.PA,358814.0
2023-07-17,Volume,AIR.PA,439349.0
2023-07-17,Volume,BNP.PA,1677982.0
2023-07-17,Volume,CS.PA,2296270.0
2023-07-17,Volume,MT.AS,1083526.0
2023-07-18,Close,AC.PA,32.975830078125
2023-07-18,Close,AI.PA,142.44692993164062
2023-07-18,Close,AIR.PA,133.22067260742188
2023-07-18,Close,BNP.PA,53.97480010986328
2023-07-18,Close,CS.PA,25.03599739074707
2023-07-18,Close,MT.AS,24.371545791625977
2023-07-18,High,AC.PA,33.04376115738164
2023-07-18,High,AI.PA,143.2331428054715
2023-07-18,High,AIR.PA,133.61823670309366
2023-07-18,High,BNP.PA,54.04975023824952
2023-07-18,High,CS.PA,25.05012814029816
2023-07-18,High,MT.AS,24.371545791625977
2023-07-18,Low,AC.PA,32.781739693691975
2023-07-18,Low,AI.PA,141.46416758829287
2023-07-18,Low,AIR.PA,132.62434921219355
2023-07-18,Low,BNP.PA,53.10348297668909
2023-07-18,Low,CS.PA,24.776921669704866
2023-07-18,Low,MT.AS,23.901743937260488
2023-07-18,Open,AC.PA,32.820558510971814
2023-07-18,Open,AI.PA,143.2331428054715
2023-07-18,Open,AIR.PA,133.12129295764362
2023-07-18,Open,BNP.PA,53.29086365863856
2023-07-18,Open,CS.PA,24.90410380633717
2023-07-18,Open,MT.AS,24.129380192068822
2023-07-18,Volume,AC.PA,453413.0
2023-07-18,Volume,AI.PA,376385.0
2023-07-18,Volume,AIR.PA,421988.0
2023-07-18,Volume,BNP.PA,1910941.0
2023-07-18,Volume,CS.PA,1968625.0
2023-07-18,Volume,MT.AS,1333406.0
2023-07-19,Close,AC.PA,32.830265045166016
2023-07-19,Close,AI.PA,141.35696411132812
2023-07-19,Close,AIR.PA,133.53872680664062
2023-07-19,Close,BNP.PA,54.30271530151367
2023-07-19,Close,CS.PA,25.09252166748047
2023-07-19,Close,MT.AS,24.04704475402832
2023-07-19,High,AC.PA,33.334894861614785
2023-07-19,High,AI.PA,143.34034876943485
2023-07-19,High,AIR.PA,134.5723631469707
2023-07-19,High,BNP.PA,54.63999982465179
2023-07-19,High,CS.PA,25.384568532478497
2023-07-19,High,MT.AS,24.4296649968356
2023-07-19,Low,AC.PA,32.78173967261433
2023-07-19,Low,AI.PA,141.2140094985813
2023-07-19,Low,AIR.PA,133.10141387459024
2023-07-19,Low,BNP.PA,54.05912290924134
2023-07-19,Low,CS.PA,24.92294548880717
2023-07-19,Low,MT.AS,23.84846903646817
2023-07-19,Open,AC.PA,33.09228280672104
2023-07-19,Open,AI.PA,142.8936399727166
2023-07-19,Open,AIR.PA,133.24055751974083
2023-07-19,Open,BNP.PA,54.30271530151367
2023-07-19,Open,CS.PA,25.26209784615377
2023-07-19,Open,MT.AS,24.390919461680323
2023-07-19,Volume,AC.PA,478059.0
2023-07-19,Volume,AI.PA,529445.0
2023-07-19,Volume,AIR.PA,582038.0
2023-07-19,Volume,BNP.PA,1892365.0
2023-07-19,Volume,CS.PA,2472834.0
2023-07-19,Volume,MT.AS,2134022.0
2023-07-20,Close,AC.PA,32.86907958984375
2023-07-20,Close,AI.PA,143.3046112060547
2023-07-20,Close,AIR.PA,133.7772674560547
2023-07-20,Close,BNP.PA,54.38703536987305
2023-07-20,Close,CS.PA,25.761404037475582
2023-07-20,Close,MT.AS,24.40060806274414
2023-07-20,High,AC.PA,33.1602133102689
2023-07-20,High,AI.PA,143.4833007197316
2023-07-20,High,AIR.PA,133.7772674560547
2023-07-20,High,BNP.PA,54.84611786717405
2023-07-20,High,CS.PA,25.850903576405592
2023-07-20,High,MT.AS,24.75416964151442
2023-07-20,Low,AC.PA,32.704105172323736
2023-07-20,Low,AI.PA,140.42780900789296
2023-07-20,Low,AIR.PA,132.08764652450975
2023-07-20,Low,BNP.PA,54.19028725988231
2023-07-20,Low,CS.PA,25.14904699898096
2023-07-20,Low,MT.AS,24.07126267613513
2023-07-20,Open,AC.PA,32.742923988904714
2023-07-20,Open,AI.PA,140.9817225070704
2023-07-20,Open,AIR.PA,133.28032369160505
2023-07-20,Open,BNP.PA,54.330823666441
2023-07-20,Open,CS.PA,25.19144104455548
2023-07-20,Open,MT.AS,24.10516571467632
2023-07-20,Volume,AC.PA,474311.0
2023-07-20,Volume,AI.PA,630304.0
2023-07-20,Volume,AIR.PA,936229.0
2023-07-20,Volume,BNP.PA,2028378.0
2023-07-20,Volume,CS.PA,3765259.0
2023-07-20,Volume,MT.AS,2525033.0
2023-07-21,Close,AC.PA,32.9564208984375
2023-07-21,Close,AI.PA,143.73345947265625
2023-07-21,Close,AIR.PA,133.67787170410156
2023-07-21,Close,BNP.PA,54.34955978393555
2023-07-21,Close,CS.PA,26.09584617614746
2023-07-21,Close,MT.AS,24.051889419555664
2023-07-21,High,AC.PA,33.1990329551727
2023-07-21,High,AI.PA,144.16229330971805
2023-07-21,High,AIR.PA,134.59224640444566
2023-07-21,High,BNP.PA,54.78053643955698
2023-07-21,High,CS.PA,26.13352877311066
2023-07-21,High,MT.AS,24.39576415818219
2023-07-21,Low,AC.PA,32.80114933020562
2023-07-21,Low,AI.PA,142.82216694972564
2023-07-21,Low,AIR.PA,132.5845893637336
2023-07-21,Low,BNP.PA,53.984169407161
2023-07-21,Low,CS.PA,25.84619155909173
2023-07-21,Low,MT.AS,23.83878433806396
2023-07-21,Open,AC.PA,32.82055873898038
2023-07-21,Open,AI.PA,142.94724660965267
2023-07-21,Open,AIR.PA,134.15493346829848
2023-07-21,Open,BNP.PA,54.31208650543794
2023-07-21,Open,CS.PA,25.86974340680508
2023-07-21,Open,MT.AS,24.39576415818219
2023-07-21,Volume,AC.PA,372234.0
2023-07-21,Volume,AI.PA,630844.0
2023-07-21,Volume,AIR.PA,1173382.0
2023-07-21,Volume,BNP.PA,3090044.0
2023-07-21,Volume,CS.PA,3322101.0
2023-07-21,Volume,MT.AS,2738877.0
2023-07-24,Close,AC.PA,32.762332916259766
2023-07-24,Close,AI.PA,143.6441192626953
2023-07-24,Close,AIR.PA,135.52650451660156
2023-07-24,Close,BNP.PA,54.68684387207031
2023-07-24,Close,CS.PA,26.166501998901367
2023-07-24,Close,MT.AS,24.429664611816406
2023-07-24,High,AC.PA,32.966129872363176
2023-07-24,High,AI.PA,144.07296810909384
2023-07-24,High,AIR.PA,135.60601733905125
2023-07-24,High,BNP.PA,54.73368815031064
2023-07-24,High,CS.PA,26.237159339687253
2023-07-24,High,MT.AS,24.429664611816406
2023-07-24,Low,AC.PA,32.645880157033865
2023-07-24,Low,AI.PA,142.69709180634848
2023-07-24,Low,AIR.PA,132.30630345223034
2023-07-24,Low,BNP.PA,53.61877860263779
2023-07-24,Low,CS.PA,25.94040102403368
2023-07-24,Low,MT.AS,23.819408124017684
2023-07-24,Open,AC.PA,32.801151736657225
2023-07-24,Open,AI.PA,143.39395993492343
2023-07-24,Open,AIR.PA,133.20081133064912
2023-07-24,Open,BNP.PA,53.78742086349443
2023-07-24,Open,CS.PA,25.9686643197262
2023-07-24,Open,MT.AS,23.92596157727495
2023-07-24,Volume,AC.PA,431677.0
2023-07-24,Volume,AI.PA,386677.0
2023-07-24,Volume,AIR.PA,697345.0
2023-07-24,Volume,BNP.PA,1838833.0
2023-07-24,Volume,CS.PA,1966441.0
2023-07-24,Volume,MT.AS,2080152.0
2023-07-25,Close,AC.PA,32.69440078735352
2023-07-25,Close,AI.PA,143.3046112060547
2023-07-25,Close,AIR.PA,132.20692443847656
2023-07-25,Close,BNP.PA,54.89296340942383
2023-07-25,Close,CS.PA,26.138240814208984
2023-07-25,Close,MT.AS,25.015708923339844
2023-07-25,High,AC.PA,32.9564222637182
2023-07-25,High,AI.PA,143.62624033406263
2023-07-25,High,AIR.PA,137.91182919580348
2023-07-25,High,BNP.PA,55.07097309770877
2023-07-25,High,CS.PA,26.288974799265517
2023-07-25,High,MT.AS,25.214284654965645
2023-07-25,Low,AC.PA,32.60706029523195
2023-07-25,Low,AI.PA,141.51777605233804
2023-07-25,Low,AIR.PA,130.59681631573443
2023-07-25,Low,BNP.PA,54.64937101629762
2023-07-25,Low,CS.PA,26.02989907786444
2023-07-25,Low,MT.AS,24.78322830563337
2023-07-25,Open,AC.PA,32.752629016090005
2023-07-25,Open,AI.PA,143.51903562331438
2023-07-25,Open,AIR.PA,135.42711035292024
2023-07-25,Open,BNP.PA,54.78053642598015
2023-07-25,Open,CS.PA,26.20418670805986
2023-07-25,Open,MT.AS,25.025393922132004
2023-07-25,Volume,AC.PA,385333.0
2023-07-25,Volume,AI.PA,447040.0
2023-07-25,Volume,AIR.PA,1613325.0
2023-07-25,Volume,BNP.PA,1388311.0
2023-07-25,Volume,CS.PA,2169366.0
2023-07-25,Volume,MT.AS,3026376.0
2023-07-26,Close,AC.PA,32.39356231689453
2023-07-26,Close,AI.PA,141.35696411132812
2023-07-26,Close,AIR.PA,132.36593627929688
2023-07-26,Close,BNP.PA,54.45261764526367
2023-07-26,Close,CS.PA,26.07700538635254
2023-07-26,Close,MT.AS,24.84134864807129
2023-07-26,High,AC.PA,32.9758297626571
2023-07-26,High,AI.PA,142.76856030997445
2023-07-26,High,AIR.PA,132.38581827659
2023-07-26,High,BNP.PA,55.07097139608159
2023-07-26,High,CS.PA,26.213608626108275
2023-07-26,High,MT.AS,25.257873791724187
2023-07-26,Low,AC.PA,32.31592468307758
2023-07-26,Low,AI.PA,139.90961801267252
2023-07-26,Low,AIR.PA,128.78795020807686
2023-07-26,Low,BNP.PA,53.92795602274499
2023-07-26,Low,CS.PA,25.761404859913103
2023-07-26,Low,MT.AS,24.80744561057182
2023-07-26,Open,AC.PA,32.56824329101653
2023-07-26,Open,AI.PA,142.62562069299108
2023-07-26,Open,AIR.PA,132.20692579751318
2023-07-26,Open,BNP.PA,54.7899021591624
2023-07-26,Open,CS.PA,26.17121457918032
2023-07-26,Open,MT.AS,25.18522336989562
2023-07-26,Volume,AC.PA,1015507.0
2023-07-26,Volume,AI.PA,769696.0
2023-07-26,Volume,AIR.PA,1217713.0
2023-07-26,Volume,BNP.PA,2636487.0
2023-07-26,Volume,CS.PA,2815871.0
2023-07-26,Volume,MT.AS,1806331.0
2023-07-27,Close,AC.PA,32.73321914672852
2023-07-27,Close,AI.PA,144.69834899902344
2023-07-27,Close,AIR.PA,130.1992645263672
2023-07-27,Close,BNP.PA,56.07345581054688
2023-07-27,Close,CS.PA,26.44441795349121
2023-07-27,Close,MT.AS,24.66698837280273
2023-07-27,High,AC.PA,32.95642180080035
2023-07-27,High,AI.PA,145.07358798436996
2023-07-27,High,AIR.PA,131.0937572240808
2023-07-27,High,BNP.PA,56.766763287157424
2023-07-27,High,CS.PA,26.5668904371754
2023-07-27,High,MT.AS,25.35473779579293
2023-07-27,Low,AC.PA,31.68513695795788
2023-07-27,Low,AI.PA,141.64285725393876
2023-07-27,Low,AIR.PA,128.11209467767546
2023-07-27,Low,BNP.PA,55.17403279277321
2023-07-27,Low,CS.PA,26.204186230711933
2023-07-27,Low,MT.AS,24.231089550078725
2023-07-27,Open,AC.PA,32.66528806513997
2023-07-27,Open,AI.PA,142.94724872983625
2023-07-27,Open,AIR.PA,130.6962082841014
2023-07-27,Open,BNP.PA,55.27709235034945
2023-07-27,Open,CS.PA,26.2136073292177
2023-07-27,Open,MT.AS,24.991489392715227
2023-07-27,Volume,AC.PA,898340.0
2023-07-27,Volume,AI.PA,841914.0
2023-07-27,Volume,AIR.PA,1830283.0
2023-07-27,Volume,BNP.PA,5221786.0
2023-07-27,Volume,CS.PA,3887028.0
2023-07-27,Volume,MT.AS,2640163.0
2023-07-28,Close,AC.PA,33.04376220703125
2023-07-28,Close,AI.PA,146.25289916992188
2023-07-28,Close,AIR.PA,132.60447692871094
2023-07-28,Close,BNP.PA,56.38263320922852
2023-07-28,Close,CS.PA,26.54804801940918
2023-07-28,Close,MT.AS,24.870407104492188
2023-07-28,High,AC.PA,33.169921516215155
2023-07-28,High,AI.PA,146.5566683460197
2023-07-28,High,AIR.PA,133.817020969664
2023-07-28,High,BNP.PA,56.907298411402266
2023-07-28,High,CS.PA,26.811831587814044
2023-07-28,High,MT.AS,25.03507979118588
2023-07-28,Low,AC.PA,32.42267591868942
2023-07-28,Low,AI.PA,144.26951453556194
2023-07-28,Low,AIR.PA,129.70232706257556
2023-07-28,Low,BNP.PA,55.95166013636577
2023-07-28,Low,CS.PA,26.444417733598247
2023-07-28,Low,MT.AS,24.64277269022221
2023-07-28,Open,AC.PA,32.66528798144584
2023-07-28,Open,AI.PA,145.002117553239
2023-07-28,Open,AIR.PA,130.06012719212762
2023-07-28,Open,BNP.PA,56.12966982107274
2023-07-28,Open,CS.PA,26.449129181257355
2023-07-28,Open,MT.AS,24.788071684933826
2023-07-28,Volume,AC.PA,493256.0
2023-07-28,Volume,AI.PA,689900.0
2023-07-28,Volume,AIR.PA,1153596.0
2023-07-28,Volume,BNP.PA,3477639.0
2023-07-28,Volume,CS.PA,3176213.0
2023-07-28,Volume,MT.AS,1689131.0
2023-07-31,Close,AC.PA,33.27667236328125
2023-07-31,Close,AI.PA,145.9491424560547
2023-07-31,Close,AIR.PA,133.16104125976562
2023-07-31,Close,BNP.PA,56.23272705078125
2023-07-31,Close,CS.PA,26.350210189819336
2023-07-31,Close,MT.AS,25.47582244873047
2023-07-31,High,AC.PA,33.27667236328125
2023-07-31,High,AI.PA,146.5030559492631
2023-07-31,High,AIR.PA,133.57847218443655
2023-07-31,High,BNP.PA,56.6824385309081
2023-07-31,High,CS.PA,26.64696851967601
2023-07-31,High,MT.AS,25.58237591260356
2023-07-31,Low,AC.PA,32.74292655041862
2023-07-31,Low,AI.PA,145.37735401336593
2023-07-31,Low,AIR.PA,132.2267845955176
2023-07-31,Low,BNP.PA,55.98913109863599
2023-07-31,Low,CS.PA,26.34078909080426
2023-07-31,Low,MT.AS,24.788072975745763
2023-07-31,Open,AC.PA,33.02435373773182
2023-07-31,Open,AI.PA,146.1456919215234
2023-07-31,Open,AIR.PA,132.76349233117986
2023-07-31,Open,BNP.PA,56.3826308774902
2023-07-31,Open,CS.PA,26.519786378308865
2023-07-31,Open,MT.AS,24.86072340067324
2023-07-31,Volume,AC.PA,690963.0
2023-07-31,Volume,AI.PA,682371.0
2023-07-31,Volume,AIR.PA,905692.0
2023-07-31,Volume,BNP.PA,2410299.0
2023-07-31,Volume,CS.PA,3293106.0
2023-07-31,Volume,MT.AS,3260225.0
2023-08-01,Close,AC.PA,32.898197174072266
2023-08-01,Close,AI.PA,144.751953125
2023-08-01,Close,AIR.PA,130.994384765625
2023-08-01,Close,BNP.PA,55.18340301513672
2023-08-01,Close,CS.PA,26.17121315002441
2023-08-01,Close,MT.AS,24.9818058013916
2023-08-01,High,AC.PA,33.28637425310826
2023-08-01,High,AI.PA,146.0742194984426
2023-08-01,High,AIR.PA,133.75739099712086
2023-08-01,High,BNP.PA,56.49506067073901
2023-08-01,High,CS.PA,26.48681186233876
2023-08-01,High,MT.AS,25.500040071161507
2023-08-01,Low,AC.PA,32.791447274198326
2023-08-01,Low,AI.PA,144.1980246459513
2023-08-01,Low,AIR.PA,130.95462077013138
2023-08-01,Low,BNP.PA,55.11782031105607
2023-08-01,Low,CS.PA,26.091134711581905
2023-08-01,Low,MT.AS,24.88009483864337
2023-08-01,Open,AC.PA,33.24755543461477
2023-08-01,Open,AI.PA,145.16292699805578
2023-08-01,Open,AIR.PA,133.3797088675354
2023-08-01,Open,BNP.PA,56.07345502022818
2023-08-01,Open,CS.PA,26.43028706848515
2023-08-01,Open,MT.AS,25.47582203153091
2023-08-01,Volume,AC.PA,557987.0
2023-08-01,Volume,AI.PA,510858.0
2023-08-01,Volume,AIR.PA,1087533.0
2023-08-01,Volume,BNP.PA,2469141.0
2023-08-01,Volume,CS.PA,2503771.0
2023-08-01,Volume,MT.AS,2527384.0
2023-08-02,Close,AC.PA,32.18976593017578
2023-08-02,Close,AI.PA,142.8936309814453
2023-08-02,Close,AIR.PA,130.95462036132812
2023-08-02,Close,BNP.PA,53.97480010986328
2023-08-02,Close,CS.PA,25.78024673461914
2023-08-02,Close,MT.AS,24.63308525085449
2023-08-02,High,AC.PA,32.51001562220395
2023-08-02,High,AI.PA,143.91212817353718
2023-08-02,High,AIR.PA,132.3261900566814
2023-08-02,High,BNP.PA,54.77116354066198
2023-08-02,High,CS.PA,26.025189914143876
2023-08-02,High,MT.AS,24.952743770550704
2023-08-02,Low,AC.PA,31.97626983745653
2023-08-02,Low,AI.PA,141.98235349110783
2023-08-02,Low,AIR.PA,129.7818403117808
2023-08-02,Low,BNP.PA,53.61877717155821
2023-08-02,Low,CS.PA,25.610670549033493
2023-08-02,Low,MT.AS,24.555592332369866
2023-08-02,Open,AC.PA,32.51001562220395
2023-08-02,Open,AI.PA,143.57263910668155
2023-08-02,Open,AIR.PA,130.298666092939
2023-08-02,Open,BNP.PA,54.340190473970665
2023-08-02,Open,CS.PA,25.92155962364356
2023-08-02,Open,MT.AS,24.725107514187204
2023-08-02,Volume,AC.PA,742243.0
2023-08-02,Volume,AI.PA,679574.0
2023-08-02,Volume,AIR.PA,1075303.0
2023-08-02,Volume,BNP.PA,3537471.0
2023-08-02,Volume,CS.PA,4467263.0
2023-08-02,Volume,MT.AS,1894163.0
2023-08-03,Close,AC.PA,31.63661193847656
2023-08-03,Close,AI.PA,141.07106018066406
2023-08-03,Close,AIR.PA,129.62281799316406
2023-08-03,Close,BNP.PA,54.61189270019531
2023-08-03,Close,CS.PA,25.35630798339844
2023-08-03,Close,MT.AS,24.458724975585938
2023-08-03,High,AC.PA,32.04420213454478
2023-08-03,High,AI.PA,142.28610682452228
2023-08-03,High,AIR.PA,130.37816710387165
2023-08-03,High,BNP.PA,54.68684282915262
2023-08-03,High,CS.PA,25.954532485053505
2023-08-03,High,MT.AS,24.55559158262838
2023-08-03,Low,AC.PA,31.52015918329979
2023-08-03,Low,AI.PA,140.24911245224163
2023-08-03,Low,AIR.PA,128.251248262556
2023-08-03,Low,BNP.PA,53.40329104510138
2023-08-03,Low,CS.PA,25.21028364698631
2023-08-03,Low,MT.AS,24.080947240454947
2023-08-03,Open,AC.PA,32.02479272502093
2023-08-03,Open,AI.PA,142.0538224650159
2023-08-03,Open,AIR.PA,129.88122330762482
2023-08-03,Open,BNP.PA,53.54382745113157
2023-08-03,Open,CS.PA,25.954532485053505
2023-08-03,Open,MT.AS,24.48778551197173
2023-08-03,Volume,AC.PA,596469.0
2023-08-03,Volume,AI.PA,680709.0
2023-08-03,Volume,AIR.PA,1153460.0
2023-08-03,Volume,BNP.PA,2629468.0
2023-08-03,Volume,CS.PA,4992669.0
2023-08-03,Volume,MT.AS,2455063.0
2023-08-04,Close,AC.PA,31.88892936706543
2023-08-04,Close,AI.PA,142.07168579101562
2023-08-04,Close,AIR.PA,130.00048828125
2023-08-04,Close,BNP.PA,55.54879379272461
2023-08-04,Close,CS.PA,25.865034103393555
2023-08-04,Close,MT.AS,24.386075973510746
2023-08-04,High,AC.PA,31.99567926446896
2023-08-04,High,AI.PA,142.19676544812611
2023-08-04,High,AIR.PA,130.89498096674953
2023-08-04,High,BNP.PA,55.8111246109605
2023-08-04,High,CS.PA,25.945112542963376
2023-08-04,High,MT.AS,24.555593007566145
2023-08-04,Low,AC.PA,31.539567412641578
2023-08-04,Low,AI.PA,139.78453205615284
2023-08-04,Low,AIR.PA,129.24512407387553
2023-08-04,Low,BNP.PA,54.714953485626815
2023-08-04,Low,CS.PA,25.318622963407737
2023-08-04,Low,MT.AS,24.15359721166447
2023-08-04,Open,AC.PA,31.704541834471616
2023-08-04,Open,AI.PA,141.8930112778312
2023-08-04,Open,AIR.PA,130.35828838855377
2023-08-04,Open,BNP.PA,55.05223443450609
2023-08-04,Open,CS.PA,25.43167434959724
2023-08-04,Open,MT.AS,24.526532469494
2023-08-04,Volume,AC.PA,573850.0
2023-08-04,Volume,AI.PA,656462.0
2023-08-04,Volume,AIR.PA,882424.0
2023-08-04,Volume,BNP.PA,2588979.0
2023-08-04,Volume,CS.PA,3332271.0
2023-08-04,Volume,MT.AS,1673479.0
2023-08-07,Close,AC.PA,32.15095138549805
2023-08-07,Close,AI.PA,142.6077423095703
2023-08-07,Close,AIR.PA,130.3185272216797
2023-08-07,Close,BNP.PA,55.79238510131836
2023-08-07,Close,CS.PA,26.04403114318848
2023-08-07,Close,MT.AS,24.148754119873047
2023-08-07,High,AC.PA,32.23829187560523
2023-08-07,High,AI.PA,142.89363653241733
2023-08-07,High,AIR.PA,130.69620933355677
2023-08-07,High,BNP.PA,56.10156376594016
2023-08-07,High,CS.PA,26.08171374031104
2023-08-07,High,MT.AS,24.3424854928693
2023-08-07,Low,AC.PA,31.84040824333168
2023-08-07,Low,AI.PA,141.42843051479673
2023-08-07,Low,AIR.PA,129.18549605156852
2023-08-07,Low,BNP.PA,55.23024662344691
2023-08-07,Low,CS.PA,25.747272829451006
2023-08-07,Low,MT.AS,23.979237089977293
2023-08-07,Open,AC.PA,31.92774873343886
2023-08-07,Open,AI.PA,141.8215444435633
2023-08-07,Open,AIR.PA,130.02037309706105
2023-08-07,Open,BNP.PA,55.31456775252655
2023-08-07,Open,CS.PA,25.789666874270644
2023-08-07,Open,MT.AS,24.216560192800586
2023-08-07,Volume,AC.PA,439091.0
2023-08-07,Volume,AI.PA,346588.0
2023-08-07,Volume,AIR.PA,594254.0
2023-08-07,Volume,BNP.PA,1710037.0
2023-08-07,Volume,CS.PA,2167922.0
2023-08-07,Volume,MT.AS,1886746.0
2023-08-08,Close,AC.PA,32.2382926940918
2023-08-08,Close,AI.PA,142.3575897216797
2023-08-08,Close,AIR.PA,129.70233154296875
2023-08-08,Close,BNP.PA,54.115333557128906
2023-08-08,Close,CS.PA,25.742563247680664
2023-08-08,Close,MT.AS,23.703168869018555
2023-08-08,High,AC.PA,32.277107811373355
2023-08-08,High,AI.PA,143.25102233161647
2023-08-08,High,AIR.PA,130.37816783017925
2023-08-08,High,BNP.PA,55.07097182936423
2023-08-08,High,CS.PA,26.081713810256492
2023-08-08,High,MT.AS,23.862999055942705
2023-08-08,Low,AC.PA,31.84040905171652
2023-08-08,Low,AI.PA,141.35696739228086
2023-08-08,Low,AIR.PA,128.251248977015
2023-08-08,Low,BNP.PA,53.347075968977045
2023-08-08,Low,CS.PA,25.58711781729485
2023-08-08,Low,MT.AS,23.55786987481829
2023-08-08,Open,AC.PA,31.94715525169876
2023-08-08,Open,AI.PA,142.2682599568734
2023-08-08,Open,AIR.PA,129.7222135412753
2023-08-08,Open,BNP.PA,54.72431988690285
2023-08-08,Open,CS.PA,25.88858578264706
2023-08-08,Open,MT.AS,23.848469710795765
2023-08-08,Volume,AC.PA,531267.0
2023-08-08,Volume,AI.PA,468521.0
2023-08-08,Volume,AIR.PA,823897.0
2023-08-08,Volume,BNP.PA,4102500.0
2023-08-08,Volume,CS.PA,3201621.0
2023-08-08,Volume,MT.AS,2799933.0
2023-08-09,Close,AC.PA,32.40326690673828
2023-08-09,Close,AI.PA,143.5011749267578
2023-08-09,Close,AIR.PA,130.87510681152344
2023-08-09,Close,BNP.PA,54.85548400878906
2023-08-09,Close,CS.PA,26.058162689208984
2023-08-09,Close,MT.AS,23.96470642089844
2023-08-09,High,AC.PA,32.79144769269466
2023-08-09,High,AI.PA,144.4124524528099
2023-08-09,High,AIR.PA,131.94850719774567
2023-08-09,High,BNP.PA,55.41762604787348
2023-08-09,High,CS.PA,26.32194806469522
2023-08-09,High,MT.AS,24.226245699947597
2023-08-09,Low,AC.PA,32.31592641499641
2023-08-09,Low,AI.PA,142.84004172449048
2023-08-09,Low,AIR.PA,130.47755785315402
2023-08-09,Low,BNP.PA,54.743057030567854
2023-08-09,Low,CS.PA,26.058162689208984
2023-08-09,Low,MT.AS,23.88237100762934
2023-08-09,Open,AC.PA,32.47119798898569
2023-08-09,Open,AI.PA,143.66198948992954
2023-08-09,Open,AIR.PA,130.85523997946942
2023-08-09,Open,BNP.PA,55.19276851744187
2023-08-09,Open,CS.PA,26.152371880231986
2023-08-09,Open,MT.AS,24.05188618058149
2023-08-09,Volume,AC.PA,426801.0
2023-08-09,Volume,AI.PA,470453.0
2023-08-09,Volume,AIR.PA,648110.0
2023-08-09,Volume,BNP.PA,2608353.0
2023-08-09,Volume,CS.PA,2811716.0
2023-08-09,Volume,MT.AS,1994362.0
2023-08-10,Close,AC.PA,32.84967041015625
2023-08-10,Close,AI.PA,145.75259399414062
2023-08-10,Close,AIR.PA,131.23291015625
2023-08-10,Close,BNP.PA,56.495059967041016
2023-08-10,Close,CS.PA,26.533918380737305
2023-08-10,Close,MT.AS,24.003456115722656
2023-08-10,High,AC.PA,33.053467347641586
2023-08-10,High,AI.PA,146.50305695798494
2023-08-10,High,AIR.PA,131.96839242932984
2023-08-10,High,BNP.PA,56.68244065093287
2023-08-10,High,CS.PA,26.8024134080386
2023-08-10,High,MT.AS,24.19718749668893
2023-08-10,Low,AC.PA,32.53912727927952
2023-08-10,Low,AI.PA,144.3767177348604
2023-08-10,Low,AIR.PA,130.1595249092441
2023-08-10,Low,BNP.PA,55.19276975367605
2023-08-10,Low,CS.PA,26.194766010718464
2023-08-10,Low,MT.AS,23.935648192428616
2023-08-10,Open,AC.PA,32.53912727927952
2023-08-10,Open,AI.PA,144.5911421512858
2023-08-10,Open,AIR.PA,131.3919358097031
2023-08-10,Open,BNP.PA,55.25835245693981
2023-08-10,Open,CS.PA,26.25600225461428
2023-08-10,Open,MT.AS,24.02282796051539
2023-08-10,Volume,AC.PA,497146.0
2023-08-10,Volume,AI.PA,794874.0
2023-08-10,Volume,AIR.PA,1078710.0
2023-08-10,Volume,BNP.PA,3238523.0
2023-08-10,Volume,CS.PA,4407771.0
2023-08-10,Volume,MT.AS,1931147.0
2023-08-11,Close,AC.PA,32.39356231689453
2023-08-11,Close,AI.PA,144.39459228515625
2023-08-11,Close,AIR.PA,129.94085693359375
2023-08-11,Close,BNP.PA,55.79238510131836
2023-08-11,Close,CS.PA,26.227739334106445
2023-08-11,Close,MT.AS,23.85331153869629
2023-08-11,High,AC.PA,32.772036526836814
2023-08-11,High,AI.PA,145.57390407859015
2023-08-11,High,AIR.PA,131.29254453734356
2023-08-11,High,BNP.PA,56.382633004875885
2023-08-11,High,CS.PA,26.49623436525644
2023-08-11,High,MT.AS,23.925961957540338
2023-08-11,Low,AC.PA,32.30622182983353
2023-08-11,Low,AI.PA,144.2873725793585
2023-08-11,Low,AIR.PA,129.7619492979035
2023-08-11,Low,BNP.PA,55.47383901079406
2023-08-11,Low,CS.PA,26.10055719352631
2023-08-11,Low,MT.AS,23.56755605752761
2023-08-11,Open,AC.PA,32.75262711838258
2023-08-11,Open,AI.PA,144.73408136481433
2023-08-11,Open,AIR.PA,131.1534008942599
2023-08-11,Open,BNP.PA,56.23272917251088
2023-08-11,Open,CS.PA,26.425577021526067
2023-08-11,Open,MT.AS,23.90658826617167
2023-08-11,Volume,AC.PA,364826.0
2023-08-11,Volume,AI.PA,617963.0
2023-08-11,Volume,AIR.PA,747868.0
2023-08-11,Volume,BNP.PA,2591264.0
2023-08-11,Volume,CS.PA,2493975.0
2023-08-11,Volume,MT.AS,2062901.0
2023-08-14,Close,AC.PA,32.47119903564453
2023-08-14,Close,AI.PA,145.4130859375
2023-08-14,Close,AIR.PA,129.84146118164062
2023-08-14,Close,BNP.PA,55.9141845703125
2023-08-14,Close,CS.PA,26.336078643798828
2023-08-14,Close,MT.AS,23.945335388183597
2023-08-14,High,AC.PA,32.500315001807884
2023-08-14,High,AI.PA,145.68110520387316
2023-08-14,High,AIR.PA,130.27877410404258
2023-08-14,High,BNP.PA,56.30768080049876
2023-08-14,High,CS.PA,26.44441858386152
2023-08-14,High,MT.AS,24.376391735606365
2023-08-14,Low,AC.PA,32.31592745665031
2023-08-14,Low,AI.PA,144.23377417308524
2023-08-14,Low,AIR.PA,128.84757369091602
2023-08-14,Low,BNP.PA,55.60500589746097
2023-08-14,Low,CS.PA,26.161792809514573
2023-08-14,Low,MT.AS,23.63536369605079
2023-08-14,Open,AC.PA,32.422677361327544
2023-08-14,Open,AI.PA,144.62687309596927
2023-08-14,Open,AIR.PA,129.76194836252031
2023-08-14,Open,BNP.PA,55.6986980289263
2023-08-14,Open,CS.PA,26.161792809514573
2023-08-14,Open,MT.AS,23.780662695790912
2023-08-14,Volume,AC.PA,292080.0
2023-08-14,Volume,AI.PA,497838.0
2023-08-14,Volume,AIR.PA,442983.0
2023-08-14,Volume,BNP.PA,1960447.0
2023-08-14,Volume,CS.PA,2116184.0
2023-08-14,Volume,MT.AS,3134206.0
2023-08-15,Close,AC.PA,32.26740264892578
2023-08-15,Close,AI.PA,144.35885620117188
2023-08-15,Close,AIR.PA,128.15185546875
2023-08-15,Close,BNP.PA,55.07097244262695
2023-08-15,Close,CS.PA,25.940401077270508
2023-08-15,Close,MT.AS,23.50943756103516
2023-08-15,High,AC.PA,32.59735518499344
2023-08-15,High,AI.PA,145.53816798496075
2023-08-15,High,AIR.PA,129.940855984994
2023-08-15,High,BNP.PA,56.15777613362641
2023-08-15,High,CS.PA,26.392603027933923
2023-08-15,High,MT.AS,24.129380923468325
2023-08-15,Low,AC.PA,31.927747259723528
2023-08-15,Low,AI.PA,143.07232471246215
2023-08-15,Low,AIR.PA,127.73442454254634
2023-08-15,Low,BNP.PA,54.836747478411645
2023-08-15,Low,CS.PA,25.7143001019388
2023-08-15,Low,MT.AS,23.417413447964822
2023-08-15,Open,AC.PA,32.480902437547826
2023-08-15,Open,AI.PA,145.53816798496075
2023-08-15,Open,AIR.PA,129.92097398883584
2023-08-15,Open,BNP.PA,56.00787229948819
2023-08-15,Open,CS.PA,26.392603027933923
2023-08-15,Open,MT.AS,24.071261695134453
2023-08-15,Volume,AC.PA,297567.0
2023-08-15,Volume,AI.PA,494918.0
2023-08-15,Volume,AIR.PA,585685.0
2023-08-15,Volume,BNP.PA,1999256.0
2023-08-15,Volume,CS.PA,2361946.0
2023-08-15,Volume,MT.AS,2449116.0
2023-08-16,Close,AC.PA,32.2382926940918
2023-08-16,Close,AI.PA,144.3409881591797
2023-08-16,Close,AIR.PA,127.89344024658205
2023-08-16,Close,BNP.PA,54.78990173339844
2023-08-16,Close,CS.PA,25.82263946533203
2023-08-16,Close,MT.AS,23.625675201416016
2023-08-16,High,AC.PA,32.422676532569874
2023-08-16,High,AI.PA,145.25228071580207
2023-08-16,High,AIR.PA,128.7481841301098
2023-08-16,High,BNP.PA,55.23961322377235
2023-08-16,High,CS.PA,26.03931933725552
2023-08-16,High,MT.AS,23.74675800068129
2023-08-16,Low,AC.PA,32.1315427921432
2023-08-16,Low,AI.PA,143.96574916552555
2023-08-16,Low,AIR.PA,127.35674765251584
2023-08-16,Low,BNP.PA,54.490094073149166
2023-08-16,Low,CS.PA,25.751982125974436
2023-08-16,Low,MT.AS,23.349606566897336
2023-08-16,Open,AC.PA,32.150952201767154
2023-08-16,Open,AI.PA,144.0193590205515
2023-08-16,Open,AIR.PA,127.53565529421805
2023-08-16,Open,BNP.PA,54.67747475430227
2023-08-16,Open,CS.PA,25.90742755380484
2023-08-16,Open,MT.AS,23.393196448535917
2023-08-16,Volume,AC.PA,317227.0
2023-08-16,Volume,AI.PA,453612.0
2023-08-16,Volume,AIR.PA,445722.0
2023-08-16,Volume,BNP.PA,1853675.0
2023-08-16,Volume,CS.PA,2048176.0
2023-08-16,Volume,MT.AS,1861916.0
2023-08-17,Close,AC.PA,31.9665641784668
2023-08-17,Close,AI.PA,143.57264709472656
2023-08-17,Close,AIR.PA,126.8001708984375
2023-08-17,Close,BNP.PA,54.92106628417969
2023-08-17,Close,CS.PA,25.87445640563965
2023-08-17,Close,MT.AS,23.3350772857666
2023-08-17,High,AC.PA,32.15095171612606
2023-08-17,High,AI.PA,145.16293279878005
2023-08-17,High,AIR.PA,128.0524637069096
2023-08-17,High,BNP.PA,55.53942002057924
2023-08-17,High,CS.PA,26.04403259436702
2023-08-17,High,MT.AS,23.58692973063356
2023-08-17,Low,AC.PA,31.908339652440763
2023-08-17,Low,AI.PA,143.55477214485214
2023-08-17,Low,AIR.PA,126.1839579097576
2023-08-17,Low,BNP.PA,54.50883165124304
2023-08-17,Low,CS.PA,25.64835541963345
2023-08-17,Low,MT.AS,23.11712787698011
2023-08-17,Open,AC.PA,32.07331407880294
2023-08-17,Open,AI.PA,143.78707151440295
2023-08-17,Open,AIR.PA,127.21760183459487
2023-08-17,Open,BNP.PA,54.63999705381429
2023-08-17,Open,CS.PA,25.714301315940563
2023-08-17,Open,MT.AS,23.247897522252003
2023-08-17,Volume,AC.PA,378829.0
2023-08-17,Volume,AI.PA,510901.0
2023-08-17,Volume,AIR.PA,489903.0
2023-08-17,Volume,BNP.PA,2241534.0
2023-08-17,Volume,CS.PA,2377504.0
2023-08-17,Volume,MT.AS,2663306.0
2023-08-18,Close,AC.PA,31.63661193847656
2023-08-18,Close,AI.PA,143.51904296875
2023-08-18,Close,AIR.PA,125.92555236816406
2023-08-18,Close,BNP.PA,54.54631042480469
2023-08-18,Close,CS.PA,25.60124969482422
2023-08-18,Close,MT.AS,22.957300186157227
2023-08-18,High,AC.PA,31.859818297017693
2023-08-18,High,AI.PA,143.76920230239585
2023-08-18,High,AIR.PA,126.42249615427798
2023-08-18,High,BNP.PA,54.85548551691033
2023-08-18,High,CS.PA,25.709591434232152
2023-08-18,High,MT.AS,23.19462144537684
2023-08-18,Low,AC.PA,31.306659380503756
2023-08-18,Low,AI.PA,141.8572873904044
2023-08-18,Low,AIR.PA,124.49435942043304
2023-08-18,Low,BNP.PA,53.93732409255123
2023-08-18,Low,CS.PA,25.38456980979014
2023-08-18,Low,MT.AS,22.734506424494985
2023-08-18,Open,AC.PA,31.84040888749384
2023-08-18,Open,AI.PA,143.48330806333828
2023-08-18,Open,AIR.PA,126.22372167293658
2023-08-18,Open,BNP.PA,54.6306315542861
2023-08-18,Open,CS.PA,25.709591434232152
2023-08-18,Open,MT.AS,23.15103156239693
2023-08-18,Volume,AC.PA,506197.0
2023-08-18,Volume,AI.PA,726828.0
2023-08-18,Volume,AIR.PA,717897.0
2023-08-18,Volume,BNP.PA,2779188.0
2023-08-18,Volume,CS.PA,2918842.0
2023-08-18,Volume,MT.AS,2429345.0
2023-08-21,Close,AC.PA,31.646318435668945
2023-08-21,Close,AI.PA,142.9829864501953
2023-08-21,Close,AIR.PA,127.3368682861328
2023-08-21,Close,BNP.PA,54.65873718261719
2023-08-21,Close,CS.PA,25.62009048461914
2023-08-21,Close,MT.AS,22.855588912963867
2023-08-21,High,AC.PA,32.01508981200715
2023-08-21,High,AI.PA,144.87704136834
2023-08-21,High,AIR.PA,127.73443240617286
2023-08-21,High,BNP.PA,55.42699477075563
2023-08-21,High,CS.PA,25.912137348261467
2023-08-21,High,MT.AS,23.097754515613705
2023-08-21,Low,AC.PA,31.636611879941807
2023-08-21,Low,AI.PA,142.76856202637893
2023-08-21,Low,AIR.PA,126.02494460380188
2023-08-21,Low,BNP.PA,54.52757177595784
2023-08-21,Low,CS.PA,25.544723494102065
2023-08-21,Low,MT.AS,22.773253494899848
2023-08-21,Open,AC.PA,31.636611879941807
2023-08-21,Open,AI.PA,143.64411967610036
2023-08-21,Open,AIR.PA,126.12433184243176
2023-08-21,Open,BNP.PA,54.56504862757173
2023-08-21,Open,CS.PA,25.587117538573597
2023-08-21,Open,MT.AS,23.020261596668835
2023-08-21,Volume,AC.PA,469216.0
2023-08-21,Volume,AI.PA,443861.0
2023-08-21,Volume,AIR.PA,723824.0
2023-08-21,Volume,BNP.PA,1862482.0
2023-08-21,Volume,CS.PA,2223944.0
2023-08-21,Volume,MT.AS,1914768.0
2023-08-22,Close,AC.PA,31.733657836914062
2023-08-22,Close,AI.PA,143.73345947265625
2023-08-22,Close,AIR.PA,128.15185546875
2023-08-22,Close,BNP.PA,54.85548400878906
2023-08-22,Close,CS.PA,25.74727249145508
2023-08-22,Close,MT.AS,23.49490547180176
2023-08-22,High,AC.PA,32.00538215647527
2023-08-22,High,AI.PA,144.94850617272164
2023-08-22,High,AIR.PA,129.0861121364285
2023-08-22,High,BNP.PA,55.69869528042109
2023-08-22,High,CS.PA,26.07700374718032
2023-08-22,High,MT.AS,23.55786904451425
2023-08-22,Low,AC.PA,31.71424842809309
2023-08-22,Low,AI.PA,143.2867506859921
2023-08-22,Low,AIR.PA,127.51576808136542
2023-08-22,Low,BNP.PA,54.85548400878906
2023-08-22,Low,CS.PA,25.62009035866574
2023-08-22,Low,MT.AS,22.99604493185181
2023-08-22,Open,AC.PA,31.84040773444631
2023-08-22,Open,AI.PA,143.5905048631269
2023-08-22,Open,AIR.PA,127.65491172343332
2023-08-22,Open,BNP.PA,54.95854356132067
2023-08-22,Open,CS.PA,25.64835365380474
2023-08-22,Open,MT.AS,23.12681457629611
2023-08-22,Volume,AC.PA,383768.0
2023-08-22,Volume,AI.PA,397705.0
2023-08-22,Volume,AIR.PA,569900.0
2023-08-22,Volume,BNP.PA,2034228.0
2023-08-22,Volume,CS.PA,2461424.0
2023-08-22,Volume,MT.AS,1651226.0
2023-08-23,Close,AC.PA,31.86952018737793
2023-08-23,Close,AI.PA,144.5911407470703
2023-08-23,Close,AIR.PA,129.2252655029297
2023-08-23,Close,BNP.PA,54.81800842285156
2023-08-23,Close,CS.PA,25.82263946533203
2023-08-23,Close,MT.AS,23.55786895751953
2023-08-23,High,AC.PA,31.98597293903433
2023-08-23,High,AI.PA,144.9842396768967
2023-08-23,High,AIR.PA,129.44392198056488
2023-08-23,High,BNP.PA,55.76427926884821
2023-08-23,High,CS.PA,26.081713381491923
2023-08-23,High,MT.AS,23.71285479164188
2023-08-23,Low,AC.PA,31.67542979997312
2023-08-23,Low,AI.PA,143.69772318236457
2023-08-23,Low,AIR.PA,128.2313779375045
2023-08-23,Low,BNP.PA,54.61189288702192
2023-08-23,Low,CS.PA,25.751982125974436
2023-08-23,Low,MT.AS,23.451315503719087
2023-08-23,Open,AC.PA,31.888929596315037
2023-08-23,Open,AI.PA,143.9657424534711
2023-08-23,Open,AIR.PA,128.39038842217678
2023-08-23,Open,BNP.PA,55.20213721679367
2023-08-23,Open,CS.PA,25.751982125974436
2023-08-23,Open,MT.AS,23.586929494258804
2023-08-23,Volume,AC.PA,382050.0
2023-08-23,Volume,AI.PA,384736.0
2023-08-23,Volume,AIR.PA,544424.0
2023-08-23,Volume,BNP.PA,2103839.0
2023-08-23,Volume,CS.PA,1712053.0
2023-08-23,Volume,MT.AS,1222885.0
2023-08-24,Close,AC.PA,31.35518455505371
2023-08-24,Close,AI.PA,145.35948181152344
2023-08-24,Close,AIR.PA,128.529541015625
2023-08-24,Close,BNP.PA,54.75242614746094
2023-08-24,Close,CS.PA,25.80850982666016
2023-08-24,Close,MT.AS,23.368980407714844
2023-08-24,High,AC.PA,32.28681399445094
2023-08-24,High,AI.PA,147.8074501908219
2023-08-24,High,AIR.PA,131.11363946127167
2023-08-24,High,BNP.PA,55.43636261158172
2023-08-24,High,CS.PA,26.1146874509716
2023-08-24,High,MT.AS,23.82909541738212
2023-08-24,Low,AC.PA,31.35518455505371
2023-08-24,Low,AI.PA,144.96638287315554
2023-08-24,Low,AIR.PA,128.50965901893358
2023-08-24,Low,BNP.PA,54.71495286955586
2023-08-24,Low,CS.PA,25.72843138548335
2023-08-24,Low,MT.AS,23.18009153526479
2023-08-24,Open,AC.PA,32.10243015810138
2023-08-24,Open,AI.PA,146.50305871851728
2023-08-24,Open,AIR.PA,129.74206983444262
2023-08-24,Open,BNP.PA,55.16466437032064
2023-08-24,Open,CS.PA,26.01105895818337
2023-08-24,Open,MT.AS,23.635362198287403
2023-08-24,Volume,AC.PA,472397.0
2023-08-24,Volume,AI.PA,647824.0
2023-08-24,Volume,AIR.PA,566409.0
2023-08-24,Volume,BNP.PA,2343960.0
2023-08-24,Volume,CS.PA,1707091.0
2023-08-24,Volume,MT.AS,1301703.0
2023-08-25,Close,AC.PA,31.384296417236328
2023-08-25,Close,AI.PA,145.48455810546875
2023-08-25,Close,AIR.PA,129.08612060546875
2023-08-25,Close,BNP.PA,54.63063049316406
2023-08-25,Close,CS.PA,25.80850982666016
2023-08-25,Close,MT.AS,23.32054901123047
2023-08-25,High,AC.PA,31.694839559734884
2023-08-25,High,AI.PA,146.66386988903852
2023-08-25,High,AIR.PA,130.13963898817588
2023-08-25,High,BNP.PA,55.3426727929628
2023-08-25,High,CS.PA,26.0864259515252
2023-08-25,High,MT.AS,23.55787027468451
2023-08-25,Low,AC.PA,31.190206027683164
2023-08-25,Low,AI.PA,144.8234249097104
2023-08-25,Low,AIR.PA,127.39649962812426
2023-08-25,Low,BNP.PA,54.59315364212486
2023-08-25,Low,CS.PA,25.75669468182061
2023-08-25,Low,MT.AS,23.233369243715156
2023-08-25,Open,AC.PA,31.248434255138992
2023-08-25,Open,AI.PA,144.94850456825287
2023-08-25,Open,AIR.PA,127.7940637497726
2023-08-25,Open,BNP.PA,54.967911430549215
2023-08-25,Open,CS.PA,25.76611578059969
2023-08-25,Open,MT.AS,23.43194497026071
2023-08-25,Volume,AC.PA,479003.0
2023-08-25,Volume,AI.PA,470507.0
2023-08-25,Volume,AIR.PA,657395.0
2023-08-25,Volume,BNP.PA,1851658.0
2023-08-25,Volume,CS.PA,1730858.0
2023-08-25,Volume,MT.AS,1212866.0
2023-08-28,Close,AC.PA,31.88892936706543
2023-08-28,Close,AI.PA,147.682373046875
2023-08-28,Close,AIR.PA,131.43170166015625
2023-08-28,Close,BNP.PA,55.74554061889648
2023-08-28,Close,CS.PA,26.10526657104492
2023-08-28,Close,MT.AS,23.659578323364254
2023-08-28,High,AC.PA,32.024791526682215
2023-08-28,High,AI.PA,147.9146724196553
2023-08-28,High,AIR.PA,131.43170166015625
2023-08-28,High,BNP.PA,56.04534828252435
2023-08-28,High,CS.PA,26.208896861592795
2023-08-28,High,MT.AS,23.790347968755096
2023-08-28,Low,AC.PA,31.62690790124754
2023-08-28,Low,AI.PA,146.10996227083578
2023-08-28,Low,AIR.PA,129.62281894902853
2023-08-28,Low,BNP.PA,55.15529271750882
2023-08-28,Low,CS.PA,25.91213853668172
2023-08-28,Low,MT.AS,23.45616010669644
2023-08-28,Open,AC.PA,31.62690790124754
2023-08-28,Open,AI.PA,146.96764496570177
2023-08-28,Open,AIR.PA,130.19927557678832
2023-08-28,Open,BNP.PA,55.16466371736615
2023-08-28,Open,CS.PA,25.97337478081372
2023-08-28,Open,MT.AS,23.514279333233404
2023-08-28,Volume,AC.PA,575460.0
2023-08-28,Volume,AI.PA,461894.0
2023-08-28,Volume,AIR.PA,657688.0
2023-08-28,Volume,BNP.PA,2279296.0
2023-08-28,Volume,CS.PA,2168430.0
2023-08-28,Volume,MT.AS,1131792.0
2023-08-29,Close,AC.PA,32.1024284362793
2023-08-29,Close,AI.PA,147.87893676757812
2023-08-29,Close,AIR.PA,131.74972534179688
2023-08-29,Close,BNP.PA,56.12030029296875
2023-08-29,Close,CS.PA,26.31252670288086
2023-08-29,Close,MT.AS,23.896900177001957
2023-08-29,High,AC.PA,32.17035951455228
2023-08-29,High,AI.PA,148.41499032362984
2023-08-29,High,AIR.PA,131.90875098244894
2023-08-29,High,BNP.PA,56.22335627036662
2023-08-29,High,CS.PA,26.373762945967314
2023-08-29,High,MT.AS,23.935645710146247
2023-08-29,Low,AC.PA,31.723950526230517
2023-08-29,Low,AI.PA,147.12845878995307
2023-08-29,Low,AIR.PA,130.5371813714845
2023-08-29,Low,BNP.PA,55.7830157880618
2023-08-29,Low,CS.PA,25.987505086944992
2023-08-29,Low,MT.AS,23.572397329981587
2023-08-29,Open,AC.PA,32.12183414267205
2023-08-29,Open,AI.PA,147.64663739597222
2023-08-29,Open,AIR.PA,131.6900945179323
2023-08-29,Open,BNP.PA,55.8767043398741
2023-08-29,Open,CS.PA,26.138240869209543
2023-08-29,Open,MT.AS,23.770974884812
2023-08-29,Volume,AC.PA,468752.0
2023-08-29,Volume,AI.PA,537373.0
2023-08-29,Volume,AIR.PA,727895.0
2023-08-29,Volume,BNP.PA,2141387.0
2023-08-29,Volume,CS.PA,2683772.0
2023-08-29,Volume,MT.AS,1381786.0
2023-08-30,Close,AC.PA,32.07331466674805
2023-08-30,Close,AI.PA,148.52218627929688
2023-08-30,Close,AIR.PA,133.02191162109375
2023-08-30,Close,BNP.PA,56.1015625
2023-08-30,Close,CS.PA,26.25600242614746
2023-08-30,Close,MT.AS,23.82425308227539
2023-08-30,High,AC.PA,32.364448408114
2023-08-30,High,AI.PA,149.34413401706115
2023-08-30,High,AIR.PA,133.39959375887156
2023-08-30,High,BNP.PA,56.860449070603146
2023-08-30,High,CS.PA,26.637547048020465
2023-08-30,High,MT.AS,24.017986317727463
2023-08-30,Low,AC.PA,32.03449584737489
2023-08-30,Low,AI.PA,147.73597344372723
2023-08-30,Low,AIR.PA,130.79561312182528
2023-08-30,Low,BNP.PA,56.1015625
2023-08-30,Low,CS.PA,26.24658132726418
2023-08-30,Low,MT.AS,23.804881236791832
2023-08-30,Open,AC.PA,32.150952305494364
2023-08-30,Open,AI.PA,148.3077618703665
2023-08-30,Open,AIR.PA,132.08765485849884
2023-08-30,Open,BNP.PA,56.2139894782395
2023-08-30,Open,CS.PA,26.37847311784834
2023-08-30,Open,MT.AS,23.9743964321296
2023-08-30,Volume,AC.PA,450549.0
2023-08-30,Volume,AI.PA,637260.0
2023-08-30,Volume,AIR.PA,590311.0
2023-08-30,Volume,BNP.PA,2336342.0
2023-08-30,Volume,CS.PA,2412293.0
2023-08-30,Volume,MT.AS,959617.0
2023-08-31,Close,AC.PA,32.11213302612305
2023-08-31,Close,AI.PA,149.07611083984375
2023-08-31,Close,AIR.PA,134.55250549316406
2023-08-31,Close,BNP.PA,55.94228744506836
2023-08-31,Close,CS.PA,26.166501998901367
2023-08-31,Close,MT.AS,23.761287689208984
2023-08-31,High,AC.PA,32.47119784526533
2023-08-31,High,AI.PA,150.52345696302177
2023-08-31,High,AIR.PA,135.34760342510066
2023-08-31,High,BNP.PA,56.83234298967167
2023-08-31,High,CS.PA,26.48681216251996
2023-08-31,High,MT.AS,24.00829577114437
2023-08-31,Low,AC.PA,32.05390479789742
2023-08-31,Low,AI.PA,148.2005681815776
2023-08-31,Low,AIR.PA,133.32007943382882
2023-08-31,Low,BNP.PA,55.84859889257925
2023-08-31,Low,CS.PA,26.166501998901367
2023-08-31,Low,MT.AS,23.761287689208984
2023-08-31,Open,AC.PA,32.15095184494014
2023-08-31,Open,AI.PA,148.75448170041832
2023-08-31,Open,AIR.PA,133.43934109051511
2023-08-31,Open,BNP.PA,56.18588339992274
2023-08-31,Open,CS.PA,26.39731442149655
2023-08-31,Open,MT.AS,23.872683635774106
2023-08-31,Volume,AC.PA,1135083.0
2023-08-31,Volume,AI.PA,1249780.0
2023-08-31,Volume,AIR.PA,1310388.0
2023-08-31,Volume,BNP.PA,7896015.0
2023-08-31,Volume,CS.PA,3663552.0
2023-08-31,Volume,MT.AS,3987567.0
2023-09-01,Close,AC.PA,32.54883575439453
2023-09-01,Close,AI.PA,149.3977508544922
2023-09-01,Close,AIR.PA,133.0417938232422
2023-09-01,Close,BNP.PA,55.82986068725586
2023-09-01,Close,CS.PA,26.237159729003903
2023-09-01,Close,MT.AS,24.313426971435547
2023-09-01,High,AC.PA,32.72351673856216
2023-09-01,High,AI.PA,150.30902839247565
2023-09-01,High,AIR.PA,134.7711636948791
2023-09-01,High,BNP.PA,56.54190298135048
2023-09-01,High,CS.PA,26.51507585165296
2023-09-01,High,MT.AS,24.44419661909136
2023-09-01,Low,AC.PA,32.1606549669184
2023-09-01,Low,AI.PA,148.48645832074544
2023-09-01,Low,AIR.PA,132.92253216503315
2023-09-01,Low,BNP.PA,55.71743370902812
2023-09-01,Low,CS.PA,26.152371637559053
2023-09-01,Low,MT.AS,23.96470791102004
2023-09-01,Open,AC.PA,32.1606549669184
2023-09-01,Open,AI.PA,148.7366176435686
2023-09-01,Open,AIR.PA,134.17482507279158
2023-09-01,Open,BNP.PA,56.22335689804755
2023-09-01,Open,CS.PA,26.157081288465616
2023-09-01,Open,MT.AS,23.96470791102004
2023-09-01,Volume,AC.PA,671604.0
2023-09-01,Volume,AI.PA,498161.0
2023-09-01,Volume,AIR.PA,704339.0
2023-09-01,Volume,BNP.PA,2127581.0
2023-09-01,Volume,CS.PA,2256520.0
2023-09-01,Volume,MT.AS,2161129.0
2023-09-04,Close,AC.PA,32.674991607666016
2023-09-04,Close,AI.PA,148.71873474121094
2023-09-04,Close,AIR.PA,133.3598175048828
2023-09-04,Close,BNP.PA,55.68932342529297
2023-09-04,Close,CS.PA,26.11939811706543
2023-09-04,Close,MT.AS,24.168127059936523
2023-09-04,High,AC.PA,33.05346954416653
2023-09-04,High,AI.PA,149.98739124153818
2023-09-04,High,AIR.PA,134.71150511185158
2023-09-04,High,BNP.PA,56.50442883334608
2023-09-04,High,CS.PA,26.4397082784042
2023-09-04,High,MT.AS,24.662143246640504
2023-09-04,Low,AC.PA,32.56824540718094
2023-09-04,Low,AI.PA,148.32563582394545
2023-09-04,Low,AIR.PA,133.00203256368962
2023-09-04,Low,BNP.PA,55.52068117355709
2023-09-04,Low,CS.PA,26.020479278181902
2023-09-04,Low,MT.AS,24.06641610613101
2023-09-04,Open,AC.PA,32.59735767077083
2023-09-04,Open,AI.PA,149.84445163371888
2023-09-04,Open,AIR.PA,133.20080703063687
2023-09-04,Open,BNP.PA,56.1203000541675
2023-09-04,Open,CS.PA,26.307814696335363
2023-09-04,Open,MT.AS,24.458725034183203
2023-09-04,Volume,AC.PA,340114.0
2023-09-04,Volume,AI.PA,313274.0
2023-09-04,Volume,AIR.PA,356266.0
2023-09-04,Volume,BNP.PA,1659669.0
2023-09-04,Volume,CS.PA,1834082.0
2023-09-04,Volume,MT.AS,1470939.0
2023-09-05,Close,AC.PA,32.665287017822266
2023-09-05,Close,AI.PA,146.3243865966797
2023-09-05,Close,AIR.PA,133.2803192138672
2023-09-05,Close,BNP.PA,55.64248275756836
2023-09-05,Close,CS.PA,26.22302627563477
2023-09-05,Close,MT.AS,24.18265724182129
2023-09-05,High,AC.PA,32.8787868113789
2023-09-05,High,AI.PA,148.00401708081807
2023-09-05,High,AIR.PA,133.9959194238747
2023-09-05,High,BNP.PA,56.1858863981726
2023-09-05,High,CS.PA,26.373762052794504
2023-09-05,High,MT.AS,24.39576230714356
2023-09-05,Low,AC.PA,32.5294248590012
2023-09-05,Low,AI.PA,146.00274246502465
2023-09-05,Low,AIR.PA,131.70997515110176
2023-09-05,Low,BNP.PA,54.81800987050889
2023-09-05,Low,CS.PA,25.756693585706053
2023-09-05,Low,MT.AS,23.82425133676705
2023-09-05,Open,AC.PA,32.70410583519005
2023-09-05,Open,AI.PA,147.9682671805959
2023-09-05,Open,AIR.PA,132.72372947734604
2023-09-05,Open,BNP.PA,55.352046084960016
2023-09-05,Open,CS.PA,25.90742756597501
2023-09-05,Open,MT.AS,23.998610866383878
2023-09-05,Volume,AC.PA,403830.0
2023-09-05,Volume,AI.PA,650375.0
2023-09-05,Volume,AIR.PA,536320.0
2023-09-05,Volume,BNP.PA,2000571.0
2023-09-05,Volume,CS.PA,2352718.0
2023-09-05,Volume,MT.AS,1329053.0
2023-09-06,Close,AC.PA,32.50031280517578
2023-09-06,Close,AI.PA,147.11058044433594
2023-09-06,Close,AIR.PA,133.12130737304688
2023-09-06,Close,BNP.PA,54.90232849121094
2023-09-06,Close,CS.PA,25.987504959106445
2023-09-06,Close,MT.AS,24.114850997924805
2023-09-06,High,AC.PA,32.684696635904764
2023-09-06,High,AI.PA,147.82532350116176
2023-09-06,High,AIR.PA,134.03568214382818
2023-09-06,High,BNP.PA,55.37077840521099
2023-09-06,High,CS.PA,26.01105860417903
2023-09-06,High,MT.AS,24.25530748996361
2023-09-06,Low,AC.PA,32.335334681288835
2023-09-06,Low,AI.PA,145.0021161688615
2023-09-06,Low,AIR.PA,131.90876328960354
2023-09-06,Low,BNP.PA,54.20902461992481
2023-09-06,Low,CS.PA,25.6059603466459
2023-09-06,Low,MT.AS,24.0179843879816
2023-09-06,Open,AC.PA,32.58765329382976
2023-09-06,Open,AI.PA,146.00273845350193
2023-09-06,Open,AIR.PA,132.42558908718297
2023-09-06,Open,BNP.PA,55.15529187364968
2023-09-06,Open,CS.PA,25.97808565734641
2023-09-06,Open,MT.AS,24.02767123373361
2023-09-06,Volume,AC.PA,391010.0
2023-09-06,Volume,AI.PA,598857.0
2023-09-06,Volume,AIR.PA,627236.0
2023-09-06,Volume,BNP.PA,2923414.0
2023-09-06,Volume,CS.PA,2938531.0
2023-09-06,Volume,MT.AS,1428733.0
2023-09-07,Close,AC.PA,32.45178985595703
2023-09-07,Close,AI.PA,147.96826171875
2023-09-07,Close,AIR.PA,135.5861358642578
2023-09-07,Close,BNP.PA,54.87422180175781
2023-09-07,Close,CS.PA,25.935691833496094
2023-09-07,Close,MT.AS,23.49490547180176
2023-09-07,High,AC.PA,32.75263016200486
2023-09-07,High,AI.PA,148.43284545109086
2023-09-07,High,AIR.PA,136.3613669292277
2023-09-07,High,BNP.PA,55.23961215725768
2023-09-07,High,CS.PA,26.16650246329682
2023-09-07,High,MT.AS,24.06157393106041
2023-09-07,Low,AC.PA,32.30622483197245
2023-09-07,Low,AI.PA,146.48519575752292
2023-09-07,Low,AIR.PA,132.703868075577
2023-09-07,Low,BNP.PA,54.43387774564816
2023-09-07,Low,CS.PA,25.78495784757579
2023-09-07,Low,MT.AS,23.446473091301
2023-09-07,Open,AC.PA,32.42267759155341
2023-09-07,Open,AI.PA,146.89616963727286
2023-09-07,Open,AIR.PA,132.9821553724626
2023-09-07,Open,BNP.PA,54.54630829656285
2023-09-07,Open,CS.PA,25.86032484053594
2023-09-07,Open,MT.AS,24.03735774081003
2023-09-07,Volume,AC.PA,381999.0
2023-09-07,Volume,AI.PA,509743.0
2023-09-07,Volume,AIR.PA,869871.0
2023-09-07,Volume,BNP.PA,2284877.0
2023-09-07,Volume,CS.PA,2533455.0
2023-09-07,Volume,MT.AS,2290227.0
2023-09-08,Close,AC.PA,32.74292755126953
2023-09-08,Close,AI.PA,147.8431854248047
2023-09-08,Close,AIR.PA,134.6121368408203
2023-09-08,Close,BNP.PA,54.74305725097656
2023-09-08,Close,CS.PA,26.100557327270508
2023-09-08,Close,MT.AS,23.44647216796875
2023-09-08,High,AC.PA,32.95642366176067
2023-09-08,High,AI.PA,148.7544779607762
2023-09-08,High,AIR.PA,135.78491691081587
2023-09-08,High,BNP.PA,55.323934143778935
2023-09-08,High,CS.PA,26.100557327270508
2023-09-08,High,MT.AS,23.64504787632487
2023-09-08,Low,AC.PA,32.20917802012542
2023-09-08,Low,AI.PA,146.0384902984831
2023-09-08,Low,AIR.PA,132.88276698459256
2023-09-08,Low,BNP.PA,53.85300169933456
2023-09-08,Low,CS.PA,25.643643908425467
2023-09-08,Low,MT.AS,23.175246044145617
2023-09-08,Open,AC.PA,32.52942773881188
2023-09-08,Open,AI.PA,148.71874305682326
2023-09-08,Open,AIR.PA,135.6457732556381
2023-09-08,Open,BNP.PA,54.98664963376813
2023-09-08,Open,CS.PA,26.03461143112605
2023-09-08,Open,MT.AS,23.4900620477336
2023-09-08,Volume,AC.PA,730957.0
2023-09-08,Volume,AI.PA,678499.0
2023-09-08,Volume,AIR.PA,839474.0
2023-09-08,Volume,BNP.PA,2162431.0
2023-09-08,Volume,CS.PA,2081369.0
2023-09-08,Volume,MT.AS,1509810.0
2023-09-11,Close,AC.PA,33.12139892578125
2023-09-11,Close,AI.PA,148.9867706298828
2023-09-11,Close,AIR.PA,132.843017578125
2023-09-11,Close,BNP.PA,55.75490951538086
2023-09-11,Close,CS.PA,26.336078643798828
2023-09-11,Close,MT.AS,23.567556381225582
2023-09-11,High,AC.PA,33.13110177915733
2023-09-11,High,AI.PA,149.55855905894197
2023-09-11,High,AIR.PA,135.16871087552295
2023-09-11,High,BNP.PA,56.01724390846664
2023-09-11,High,CS.PA,26.53391812335437
2023-09-11,High,MT.AS,23.88721490289145
2023-09-11,Low,AC.PA,32.74292471068887
2023-09-11,Low,AI.PA,147.986133381148
2023-09-11,Low,AIR.PA,131.6503555152687
2023-09-11,Low,BNP.PA,55.0334997628657
2023-09-11,Low,CS.PA,26.24186945338623
2023-09-11,Low,MT.AS,23.567556381225582
2023-09-11,Open,AC.PA,32.801149234877734
2023-09-11,Open,AI.PA,148.6472665639531
2023-09-11,Open,AIR.PA,135.14882887757773
2023-09-11,Open,BNP.PA,55.0897114675353
2023-09-11,Open,CS.PA,26.33136899287908
2023-09-11,Open,MT.AS,23.586930072860348
2023-09-11,Volume,AC.PA,553724.0
2023-09-11,Volume,AI.PA,550105.0
2023-09-11,Volume,AIR.PA,1391017.0
2023-09-11,Volume,BNP.PA,3147534.0
2023-09-11,Volume,CS.PA,2377679.0
2023-09-11,Volume,MT.AS,1356580.0
2023-09-12,Close,AC.PA,33.053470611572266
2023-09-12,Close,AI.PA,147.50369262695312
2023-09-12,Close,AIR.PA,129.6824493408203
2023-09-12,Close,BNP.PA,56.092193603515625
2023-09-12,Close,CS.PA,26.51507568359375
2023-09-12,Close,MT.AS,23.25758552551269
2023-09-12,High,AC.PA,33.27667327755763
2023-09-12,High,AI.PA,149.6836416793232
2023-09-12,High,AIR.PA,133.0219122715742
2023-09-12,High,BNP.PA,56.139037881706095
2023-09-12,High,CS.PA,26.533917880882257
2023-09-12,High,MT.AS,23.674110672463435
2023-09-12,Low,AC.PA,33.014651790887896
2023-09-12,Low,AI.PA,147.37861296838423
2023-09-12,Low,AIR.PA,129.20538754086152
2023-09-12,Low,BNP.PA,55.66122052578038
2023-09-12,Low,CS.PA,26.359630251299823
2023-09-12,Low,MT.AS,23.14618956605003
2023-09-12,Open,AC.PA,33.121401696786656
2023-09-12,Open,AI.PA,149.5585620207543
2023-09-12,Open,AIR.PA,132.9026506129648
2023-09-12,Open,BNP.PA,55.93292234287016
2023-09-12,Open,CS.PA,26.505654584949497
2023-09-12,Open,MT.AS,23.504593636046952
2023-09-12,Volume,AC.PA,420986.0
2023-09-12,Volume,AI.PA,653182.0
2023-09-12,Volume,AIR.PA,1333446.0
2023-09-12,Volume,BNP.PA,2550025.0
2023-09-12,Volume,CS.PA,2032707.0
2023-09-12,Volume,MT.AS,2617226.0
2023-09-13,Close,AC.PA,33.81041717529297
2023-09-13,Close,AI.PA,146.84255981445312
2023-09-13,Close,AIR.PA,129.7222137451172
2023-09-13,Close,BNP.PA,56.110931396484375
2023-09-13,Close,CS.PA,26.924882888793945
2023-09-13,Close,MT.AS,22.758724212646484
2023-09-13,High,AC.PA,34.42180060929316
2023-09-13,High,AI.PA,147.34287845003502
2023-09-13,High,AIR.PA,130.31853720555975
2023-09-13,High,BNP.PA,56.58875232100812
2023-09-13,High,CS.PA,26.976698031539183
2023-09-13,High,MT.AS,23.306017145887058
2023-09-13,Low,AC.PA,33.082580987852936
2023-09-13,Low,AI.PA,144.60900090378956
2023-09-13,Low,AIR.PA,128.07235669006909
2023-09-13,Low,BNP.PA,55.93292171177336
2023-09-13,Low,CS.PA,26.496232794570744
2023-09-13,Low,MT.AS,22.758724212646484
2023-09-13,Open,AC.PA,33.140809215556004
2023-09-13,Open,AI.PA,146.5209306903685
2023-09-13,Open,AIR.PA,129.64270091728727
2023-09-13,Open,BNP.PA,56.18588509993488
2023-09-13,Open,CS.PA,26.56689013411258
2023-09-13,Open,MT.AS,23.14134446172856
2023-09-13,Volume,AC.PA,1279071.0
2023-09-13,Volume,AI.PA,672146.0
2023-09-13,Volume,AIR.PA,842987.0
2023-09-13,Volume,BNP.PA,2191422.0
2023-09-13,Volume,CS.PA,3912410.0
2023-09-13,Volume,MT.AS,3345089.0
2023-09-14,Close,AC.PA,33.461055755615234
2023-09-14,Close,AI.PA,148.30776977539062
2023-09-14,Close,AIR.PA,129.60293579101562
2023-09-14,Close,BNP.PA,57.43196105957031
2023-09-14,Close,CS.PA,27.457164764404297
2023-09-14,Close,MT.AS,23.233367919921875
2023-09-14,High,AC.PA,33.85893939645592
2023-09-14,High,AI.PA,148.43284943762006
2023-09-14,High,AIR.PA,129.88122310323425
2023-09-14,High,BNP.PA,57.67555702611587
2023-09-14,High,CS.PA,27.54666250872788
2023-09-14,High,MT.AS,23.267270955626437
2023-09-14,Low,AC.PA,33.01465044188497
2023-09-14,Low,AI.PA,145.93127118879474
2023-09-14,Low,AIR.PA,128.29101205705948
2023-09-14,Low,BNP.PA,55.85796899908447
2023-09-14,Low,CS.PA,26.915463256779816
2023-09-14,Low,MT.AS,22.71997619020343
2023-09-14,Open,AC.PA,33.85893939645592
2023-09-14,Open,AI.PA,146.84256372850015
2023-09-14,Open,AIR.PA,129.20538682085223
2023-09-14,Open,BNP.PA,56.18588609651281
2023-09-14,Open,CS.PA,27.10859129223977
2023-09-14,Open,MT.AS,22.802313453755133
2023-09-14,Volume,AC.PA,688457.0
2023-09-14,Volume,AI.PA,974376.0
2023-09-14,Volume,AIR.PA,1174269.0
2023-09-14,Volume,BNP.PA,3850193.0
2023-09-14,Volume,CS.PA,5481414.0
2023-09-14,Volume,MT.AS,3773637.0
2023-09-15,Close,AC.PA,33.61632537841797
2023-09-15,Close,AI.PA,150.14820861816406
2023-09-15,Close,AIR.PA,130.51731872558594
2023-09-15,Close,BNP.PA,57.58186340332031
2023-09-15,Close,CS.PA,27.68797492980957
2023-09-15,Close,MT.AS,23.591772079467773
2023-09-15,High,AC.PA,33.83952802232489
2023-09-15,High,AI.PA,150.5055726401864
2023-09-15,High,AIR.PA,131.4913242661517
2023-09-15,High,BNP.PA,58.31264771003458
2023-09-15,High,CS.PA,27.89523550857301
2023-09-15,High,MT.AS,23.78550529661708
2023-09-15,Low,AC.PA,33.51928203827275
2023-09-15,Low,AI.PA,149.43348057411933
2023-09-15,Low,AIR.PA,129.72220566235006
2023-09-15,Low,BNP.PA,57.4413305714828
2023-09-15,Low,CS.PA,27.55137349013195
2023-09-15,Low,MT.AS,23.37866701866505
2023-09-15,Open,AC.PA,33.655144195262515
2023-09-15,Open,AI.PA,149.61215508724914
2023-09-15,Open,AIR.PA,130.49743672848695
2023-09-15,Open,BNP.PA,57.61934025473936
2023-09-15,Open,CS.PA,27.603186837931958
2023-09-15,Open,MT.AS,23.43678624477909
2023-09-15,Volume,AC.PA,1063134.0
2023-09-15,Volume,AI.PA,1936124.0
2023-09-15,Volume,AIR.PA,1987024.0
2023-09-15,Volume,BNP.PA,8094602.0
2023-09-15,Volume,CS.PA,8634756.0
2023-09-15,Volume,MT.AS,5046405.0
2023-09-18,Close,AC.PA,32.985538482666016
2023-09-18,Close,AI.PA,146.82469177246094
2023-09-18,Close,AIR.PA,129.24513244628906
2023-09-18,Close,BNP.PA,56.31705093383789
2023-09-18,Close,CS.PA,27.381797790527344
2023-09-18,Close,MT.AS,23.015419006347656
2023-09-18,High,AC.PA,33.616327639979
2023-09-18,High,AI.PA,149.77297887629155
2023-09-18,High,AIR.PA,130.69621496588775
2023-09-18,High,BNP.PA,57.61934116225213
2023-09-18,High,CS.PA,27.68326576835999
2023-09-18,High,MT.AS,23.606303665696405
2023-09-18,Low,AC.PA,32.713810448439666
2023-09-18,Low,AI.PA,146.3601230139329
2023-09-18,Low,AIR.PA,128.94697830882149
2023-09-18,Low,BNP.PA,55.914183709711125
2023-09-18,Low,CS.PA,27.22635235370626
2023-09-18,Low,MT.AS,22.928239241933024
2023-09-18,Open,AC.PA,33.51928429330511
2023-09-18,Open,AI.PA,149.75511892175942
2023-09-18,Open,AIR.PA,130.5968201430514
2023-09-18,Open,BNP.PA,57.4319604761949
2023-09-18,Open,CS.PA,27.5984776749832
2023-09-18,Open,MT.AS,23.480376518174417
2023-09-18,Volume,AC.PA,693339.0
2023-09-18,Volume,AI.PA,578934.0
2023-09-18,Volume,AIR.PA,537506.0
2023-09-18,Volume,BNP.PA,3667191.0
2023-09-18,Volume,CS.PA,2973573.0
2023-09-18,Volume,MT.AS,1707901.0
2023-09-19,Close,AC.PA,33.3834228515625
2023-09-19,Close,AI.PA,147.2535400390625
2023-09-19,Close,AIR.PA,128.48977661132812
2023-09-19,Close,BNP.PA,57.25394821166992
2023-09-19,Close,CS.PA,27.607898712158203
2023-09-19,Close,MT.AS,23.015419006347656
2023-09-19,High,AC.PA,33.57750954912175
2023-09-19,High,AI.PA,147.6466389863785
2023-09-19,High,AIR.PA,129.52342811869713
2023-09-19,High,BNP.PA,57.26331563725572
2023-09-19,High,CS.PA,27.669134956546912
2023-09-19,High,MT.AS,23.19462103427688
2023-09-19,Low,AC.PA,32.9855391984197
2023-09-19,Low,AI.PA,146.44946719420545
2023-09-19,Low,AIR.PA,128.2711201449816
2023-09-19,Low,BNP.PA,56.09219086962703
2023-09-19,Low,CS.PA,27.362955531494254
2023-09-19,Low,MT.AS,22.918552396156187
2023-09-19,Open,AC.PA,32.99524205251108
2023-09-19,Open,AI.PA,146.5209370035786
2023-09-19,Open,AIR.PA,128.64880225331103
2023-09-19,Open,BNP.PA,56.129667719948536
2023-09-19,Open,CS.PA,27.419480327988744
2023-09-19,Open,MT.AS,22.928239241933024
2023-09-19,Volume,AC.PA,595486.0
2023-09-19,Volume,AI.PA,533121.0
2023-09-19,Volume,AIR.PA,553728.0
2023-09-19,Volume,BNP.PA,2620758.0
2023-09-19,Volume,CS.PA,2576595.0
2023-09-19,Volume,MT.AS,1920717.0
2023-09-20,Close,AC.PA,33.1893310546875
2023-09-20,Close,AI.PA,144.87704467773438
2023-09-20,Close,AIR.PA,128.8475799560547
2023-09-20,Close,BNP.PA,58.15337371826172
2023-09-20,Close,CS.PA,27.650291442871094
2023-09-20,Close,MT.AS,23.228525161743164
2023-09-20,High,AC.PA,33.46105538140338
2023-09-20,High,AI.PA,145.9134169200508
2023-09-20,High,AIR.PA,129.60292902614674
2023-09-20,High,BNP.PA,58.74362162767269
2023-09-20,High,CS.PA,27.80102542427686
2023-09-20,High,MT.AS,23.36413916141173
2023-09-20,Low,AC.PA,33.15051223602343
2023-09-20,Low,AI.PA,142.2325117137057
2023-09-20,Low,AIR.PA,128.05246689170917
2023-09-20,Low,BNP.PA,57.3007949931078
2023-09-20,Low,CS.PA,27.49013636301612
2023-09-20,Low,MT.AS,22.83137370412329
2023-09-20,Open,AC.PA,33.41253370905645
2023-09-20,Open,AI.PA,145.7883372529477
2023-09-20,Open,AIR.PA,128.6885543100815
2023-09-20,Open,BNP.PA,57.48817567891962
2023-09-20,Open,CS.PA,27.68326438899793
2023-09-20,Open,MT.AS,23.005733241142163
2023-09-20,Volume,AC.PA,578865.0
2023-09-20,Volume,AI.PA,1113388.0
2023-09-20,Volume,AIR.PA,637125.0
2023-09-20,Volume,BNP.PA,3583372.0
2023-09-20,Volume,CS.PA,2786338.0
2023-09-20,Volume,MT.AS,1484193.0
2023-09-21,Close,AC.PA,32.2188835144043
2023-09-21,Close,AI.PA,143.48330688476562
2023-09-21,Close,AIR.PA,124.75276184082033
2023-09-21,Close,BNP.PA,57.7598762512207
2023-09-21,Close,CS.PA,27.457164764404297
2023-09-21,Close,MT.AS,22.74419403076172
2023-09-21,High,AC.PA,32.966129131411
2023-09-21,High,AI.PA,144.0193604530658
2023-09-21,High,AIR.PA,127.77418090035953
2023-09-21,High,BNP.PA,58.01283606153335
2023-09-21,High,CS.PA,27.527820310904737
2023-09-21,High,MT.AS,23.0154201836565
2023-09-21,Low,AC.PA,32.05390538240642
2023-09-21,Low,AI.PA,142.66135907975627
2023-09-21,Low,AIR.PA,124.75276184082033
2023-09-21,Low,BNP.PA,57.18836678009304
2023-09-21,Low,CS.PA,27.19809083345424
2023-09-21,Low,MT.AS,22.526244608576363
2023-09-21,Open,AC.PA,32.888491492361084
2023-09-21,Open,AI.PA,143.8942807872703
2023-09-21,Open,AIR.PA,127.49589359982149
2023-09-21,Open,BNP.PA,57.59123399501945
2023-09-21,Open,CS.PA,27.41477071774768
2023-09-21,Open,MT.AS,23.00573333738415
2023-09-21,Volume,AC.PA,993508.0
2023-09-21,Volume,AI.PA,802489.0
2023-09-21,Volume,AIR.PA,1341077.0
2023-09-21,Volume,BNP.PA,2590604.0
2023-09-21,Volume,CS.PA,2721376.0
2023-09-21,Volume,MT.AS,2518297.0
2023-09-22,Close,AC.PA,32.0053825378418
2023-09-22,Close,AI.PA,143.4296875
2023-09-22,Close,AIR.PA,123.12278747558594
2023-09-22,Close,BNP.PA,56.90729904174805
2023-09-22,Close,CS.PA,27.150983810424805
2023-09-22,Close,MT.AS,22.603734970092773
2023-09-22,High,AC.PA,32.0053825378418
2023-09-22,High,AI.PA,144.12655559291522
2023-09-22,High,AIR.PA,124.43471874372452
2023-09-22,High,BNP.PA,57.385116397564296
2023-09-22,High,CS.PA,27.297008139997324
2023-09-22,High,MT.AS,22.773251989286496
2023-09-22,Low,AC.PA,31.694839396938303
2023-09-22,Low,AI.PA,142.07168621691358
2023-09-22,Low,AIR.PA,122.86438217110005
2023-09-22,Low,BNP.PA,56.570014520471005
2023-09-22,Low,CS.PA,26.99082873172587
2023-09-22,Low,MT.AS,22.52139955747221
2023-09-22,Open,AC.PA,31.898632639037547
2023-09-22,Open,AI.PA,142.58987979610873
2023-09-22,Open,AIR.PA,123.91790055199247
2023-09-22,Open,BNP.PA,57.3195336933148
2023-09-22,Open,CS.PA,27.080328267901937
2023-09-22,Open,MT.AS,22.62310866044237
2023-09-22,Volume,AC.PA,490138.0
2023-09-22,Volume,AI.PA,549995.0
2023-09-22,Volume,AIR.PA,1211999.0
2023-09-22,Volume,BNP.PA,2669268.0
2023-09-22,Volume,CS.PA,3168352.0
2023-09-22,Volume,MT.AS,1498657.0
2023-09-25,Close,AC.PA,31.37459373474121
2023-09-25,Close,AI.PA,143.17953491210938
2023-09-25,Close,AIR.PA,122.20841217041016
2023-09-25,Close,BNP.PA,56.60748672485352
2023-09-25,Close,CS.PA,26.96256828308105
2023-09-25,Close,MT.AS,22.303451538085938
2023-09-25,High,AC.PA,31.8792235675786
2023-09-25,High,AI.PA,143.78707327459026
2023-09-25,High,AIR.PA,123.91789996870536
2023-09-25,High,BNP.PA,57.70366139821094
2023-09-25,High,CS.PA,27.254615156704208
2023-09-25,High,MT.AS,22.303451538085938
2023-09-25,Low,AC.PA,31.21931846067889
2023-09-25,Low,AI.PA,141.8572834654057
2023-09-25,Low,AIR.PA,121.4133066805065
2023-09-25,Low,BNP.PA,56.2795732098261
2023-09-25,Low,CS.PA,26.79299209939959
2023-09-25,Low,MT.AS,21.86755456374737
2023-09-25,Open,AC.PA,31.850111304675064
2023-09-25,Open,AI.PA,143.42969423883363
2023-09-25,Open,AIR.PA,123.04328165498326
2023-09-25,Open,BNP.PA,56.75739413056807
2023-09-25,Open,CS.PA,26.971987584938155
2023-09-25,Open,MT.AS,22.10972016534999
2023-09-25,Volume,AC.PA,521164.0
2023-09-25,Volume,AI.PA,691812.0
2023-09-25,Volume,AIR.PA,1130558.0
2023-09-25,Volume,BNP.PA,2766032.0
2023-09-25,Volume,CS.PA,2672239.0
2023-09-25,Volume,MT.AS,1977643.0
2023-09-26,Close,AC.PA,31.180503845214844
2023-09-26,Close,AI.PA,142.14317321777344
2023-09-26,Close,AIR.PA,122.82462310791016
2023-09-26,Close,BNP.PA,56.42947769165039
2023-09-26,Close,CS.PA,26.986120223999023
2023-09-26,Close,MT.AS,22.317983627319336
2023-09-26,High,AC.PA,31.500749848199163
2023-09-26,High,AI.PA,143.0365907874874
2023-09-26,High,AIR.PA,124.19618517320882
2023-09-26,High,BNP.PA,56.74802378448511
2023-09-26,High,CS.PA,27.122723460976275
2023-09-26,High,MT.AS,22.434222086116232
2023-09-26,Low,AC.PA,30.85055128646249
2023-09-26,Low,AI.PA,141.48204001737145
2023-09-26,Low,AIR.PA,120.32002227922204
2023-09-26,Low,BNP.PA,55.8392297838118
2023-09-26,Low,CS.PA,26.830674789461284
2023-09-26,Low,MT.AS,21.896614133343856
2023-09-26,Open,AC.PA,31.180503845214844
2023-09-26,Open,AI.PA,142.33972268378844
2023-09-26,Open,AIR.PA,122.0096356344266
2023-09-26,Open,BNP.PA,56.41073926572019
2023-09-26,Open,CS.PA,26.91546288159262
2023-09-26,Open,MT.AS,22.104876706896704
2023-09-26,Volume,AC.PA,554752.0
2023-09-26,Volume,AI.PA,643985.0
2023-09-26,Volume,AIR.PA,1064435.0
2023-09-26,Volume,BNP.PA,2252126.0
2023-09-26,Volume,CS.PA,2778983.0
2023-09-26,Volume,MT.AS,1335215.0
2023-09-27,Close,AC.PA,31.393999099731445
2023-09-27,Close,AI.PA,141.58924865722656
2023-09-27,Close,AIR.PA,123.24205780029295
2023-09-27,Close,BNP.PA,56.31705093383789
2023-09-27,Close,CS.PA,26.656389236450195
2023-09-27,Close,MT.AS,22.598896026611328
2023-09-27,High,AC.PA,31.626908306319137
2023-09-27,High,AI.PA,142.9293750489942
2023-09-27,High,AIR.PA,123.40108345008282
2023-09-27,High,BNP.PA,56.87918941802023
2023-09-27,High,CS.PA,26.91075351553702
2023-09-27,High,MT.AS,22.661859606364697
2023-09-27,Low,AC.PA,31.102865367971518
2023-09-27,Low,AI.PA,141.2676195228634
2023-09-27,Low,AIR.PA,122.128901000045
2023-09-27,Low,BNP.PA,55.95166056172044
2023-09-27,Low,CS.PA,26.53391854479221
2023-09-27,Low,MT.AS,22.235647589504904
2023-09-27,Open,AC.PA,31.219318120282235
2023-09-27,Open,AI.PA,142.57201101034218
2023-09-27,Open,AIR.PA,122.76498843368374
2023-09-27,Open,BNP.PA,56.25146822981626
2023-09-27,Open,CS.PA,26.91075351553702
2023-09-27,Open,MT.AS,22.24533443620366
2023-09-27,Volume,AC.PA,399111.0
2023-09-27,Volume,AI.PA,493100.0
2023-09-27,Volume,AIR.PA,828813.0
2023-09-27,Volume,BNP.PA,2797880.0
2023-09-27,Volume,CS.PA,4002751.0
2023-09-27,Volume,MT.AS,1723002.0
2023-09-28,Close,AC.PA,31.27754592895508
2023-09-28,Close,AI.PA,142.8936309814453
2023-09-28,Close,AIR.PA,125.96530151367188
2023-09-28,Close,BNP.PA,56.654335021972656
2023-09-28,Close,CS.PA,26.70820426940918
2023-09-28,Close,MT.AS,23.112285614013672
2023-09-28,High,AC.PA,31.393998679707767
2023-09-28,High,AI.PA,143.21526009518354
2023-09-28,High,AIR.PA,126.04481433472527
2023-09-28,High,BNP.PA,56.82297728073938
2023-09-28,High,CS.PA,26.727046467089817
2023-09-28,High,MT.AS,23.112285614013672
2023-09-28,Low,AC.PA,30.67586906443896
2023-09-28,Low,AI.PA,140.89237149925887
2023-09-28,Low,AIR.PA,123.1824210216428
2023-09-28,Low,BNP.PA,55.97039856096951
2023-09-28,Low,CS.PA,26.397315195242125
2023-09-28,Low,MT.AS,22.46328172765172
2023-09-28,Open,AC.PA,31.393998679707767
2023-09-28,Open,AI.PA,141.5177697736179
2023-09-28,Open,AIR.PA,123.44082631592636
2023-09-28,Open,BNP.PA,56.2233583751303
2023-09-28,Open,CS.PA,26.637546926552226
2023-09-28,Open,MT.AS,22.608580719134597
2023-09-28,Volume,AC.PA,571040.0
2023-09-28,Volume,AI.PA,558064.0
2023-09-28,Volume,AIR.PA,1028866.0
2023-09-28,Volume,BNP.PA,2239087.0
2023-09-28,Volume,CS.PA,3062972.0
2023-09-28,Volume,MT.AS,1912319.0
2023-09-29,Close,AC.PA,30.996118545532227
2023-09-29,Close,AI.PA,142.80430603027344
2023-09-29,Close,AIR.PA,126.20384216308594
2023-09-29,Close,BNP.PA,56.61685943603516
2023-09-29,Close,CS.PA,26.54804801940918
2023-09-29,Close,MT.AS,23.029949188232425
2023-09-29,High,AC.PA,31.510456799689752
2023-09-29,High,AI.PA,144.37671674988522
2023-09-29,High,AIR.PA,127.49589140516616
2023-09-29,High,BNP.PA,57.06657094480422
2023-09-29,High,CS.PA,26.7694393402268
2023-09-29,High,MT.AS,23.27695914557693
2023-09-29,Low,AC.PA,30.996118545532227
2023-09-29,Low,AI.PA,142.55414671211096
2023-09-29,Low,AIR.PA,125.13044180855027
2023-09-29,Low,BNP.PA,56.27957491096102
2023-09-29,Low,CS.PA,26.39731403835189
2023-09-29,Low,MT.AS,22.918553229115545
2023-09-29,Open,AC.PA,31.461931424172903
2023-09-29,Open,AI.PA,142.98298054627307
2023-09-29,Open,AIR.PA,125.62738557460273
2023-09-29,Open,BNP.PA,56.52317087862095
2023-09-29,Open,CS.PA,26.599863162314648
2023-09-29,Open,MT.AS,23.117128955815545
2023-09-29,Volume,AC.PA,850433.0
2023-09-29,Volume,AI.PA,638919.0
2023-09-29,Volume,AIR.PA,1177842.0
2023-09-29,Volume,BNP.PA,2830079.0
2023-09-29,Volume,CS.PA,3769190.0
2023-09-29,Volume,MT.AS,2391603.0
2023-10-02,Close,AC.PA,30.76321029663086
2023-10-02,Close,AI.PA,140.5171356201172
2023-10-02,Close,AIR.PA,124.79251861572266
2023-10-02,Close,BNP.PA,55.92354965209961
2023-10-02,Close,CS.PA,26.081714630126957
2023-10-02,Close,MT.AS,22.80231475830078
2023-10-02,High,AC.PA,31.190206194356577
2023-10-02,High,AI.PA,143.37609279606582
2023-10-02,High,AIR.PA,127.6748016161372
2023-10-02,High,BNP.PA,57.07593601589379
2023-10-02,High,CS.PA,26.670519829992774
2023-10-02,High,MT.AS,23.39804193807626
2023-10-02,Low,AC.PA,30.520598233884503
2023-10-02,Low,AI.PA,139.57012320698792
2023-10-02,Low,AIR.PA,124.71301337445212
2023-10-02,Low,BNP.PA,55.68932469423926
2023-10-02,Low,CS.PA,25.86503474783014
2023-10-02,Low,MT.AS,22.71513499076515
2023-10-02,Open,AC.PA,31.08345629443357
2023-10-02,Open,AI.PA,143.12593348082922
2023-10-02,Open,AIR.PA,127.19773225471268
2023-10-02,Open,BNP.PA,56.84171105803345
2023-10-02,Open,CS.PA,26.59044318531864
2023-10-02,Open,MT.AS,23.21399555688138
2023-10-02,Volume,AC.PA,579887.0
2023-10-02,Volume,AI.PA,550423.0
2023-10-02,Volume,AIR.PA,769422.0
2023-10-02,Volume,BNP.PA,2061569.0
2023-10-02,Volume,CS.PA,3896653.0
2023-10-02,Volume,MT.AS,1972415.0
2023-10-03,Close,AC.PA,29.98685073852539
2023-10-03,Close,AI.PA,139.51651000976562
2023-10-03,Close,AIR.PA,123.56009674072266
2023-10-03,Close,BNP.PA,55.0897102355957
2023-10-03,Close,CS.PA,25.72372055053711
2023-10-03,Close,MT.AS,22.230802536010746
2023-10-03,High,AC.PA,30.77291330756612
2023-10-03,High,AI.PA,140.5528821486451
2023-10-03,High,AIR.PA,124.93165879471898
2023-10-03,High,BNP.PA,56.00787165589021
2023-10-03,High,CS.PA,26.14765919473795
2023-10-03,High,MT.AS,22.69091569209153
2023-10-03,Low,AC.PA,29.88010268903991
2023-10-03,Low,AI.PA,138.64095242743062
2023-10-03,Low,AIR.PA,123.20229662528708
2023-10-03,Low,BNP.PA,54.949177403075005
2023-10-03,Low,CS.PA,25.709589801464315
2023-10-03,Low,MT.AS,22.095188545384943
2023-10-03,Open,AC.PA,30.637051144048336
2023-10-03,Open,AI.PA,140.2491129886375
2023-10-03,Open,AIR.PA,123.83838403433695
2023-10-03,Open,BNP.PA,55.45510060373452
2023-10-03,Open,CS.PA,25.84148158451914
2023-10-03,Open,MT.AS,22.453594441755925
2023-10-03,Volume,AC.PA,642827.0
2023-10-03,Volume,AI.PA,551171.0
2023-10-03,Volume,AIR.PA,834710.0
2023-10-03,Volume,BNP.PA,2670595.0
2023-10-03,Volume,CS.PA,3459756.0
2023-10-03,Volume,MT.AS,2537456.0
2023-10-04,Close,AC.PA,29.89950942993164
2023-10-04,Close,AI.PA,139.89175415039062
2023-10-04,Close,AIR.PA,122.7848663330078
2023-10-04,Close,BNP.PA,54.9398078918457
2023-10-04,Close,CS.PA,25.63422203063965
2023-10-04,Close,MT.AS,22.051597595214844
2023-10-04,High,AC.PA,29.95773765640424
2023-10-04,High,AI.PA,140.82090662211593
2023-10-04,High,AIR.PA,124.13655398006398
2023-10-04,High,BNP.PA,55.26772499125791
2023-10-04,High,CS.PA,25.747273418374807
2023-10-04,High,MT.AS,22.356726749862435
2023-10-04,Low,AC.PA,29.48221639512686
2023-10-04,Low,AI.PA,138.65883250741663
2023-10-04,Low,AIR.PA,122.5065790379245
2023-10-04,Low,BNP.PA,54.3682983984036
2023-10-04,Low,CS.PA,25.379859552794525
2023-10-04,Low,MT.AS,21.88208242461996
2023-10-04,Open,AC.PA,29.69571619022685
2023-10-04,Open,AI.PA,138.85538197315967
2023-10-04,Open,AIR.PA,123.18242286145258
2023-10-04,Open,BNP.PA,54.7524272027515
2023-10-04,Open,CS.PA,25.5729875843035
2023-10-04,Open,MT.AS,22.03706825132865
2023-10-04,Volume,AC.PA,403639.0
2023-10-04,Volume,AI.PA,497816.0
2023-10-04,Volume,AIR.PA,647672.0
2023-10-04,Volume,BNP.PA,2668329.0
2023-10-04,Volume,CS.PA,3464374.0
2023-10-04,Volume,MT.AS,1588698.0
2023-10-05,Close,AC.PA,30.336212158203125
2023-10-05,Close,AI.PA,139.9453582763672
2023-10-05,Close,AIR.PA,122.76498413085938
2023-10-05,Close,BNP.PA,55.46446990966797
2023-10-05,Close,CS.PA,25.737852096557617
2023-10-05,Close,MT.AS,21.86271095275879
2023-10-05,High,AC.PA,30.75350519692333
2023-10-05,High,AI.PA,141.33909457414785
2023-10-05,High,AIR.PA,123.50046636121884
2023-10-05,High,BNP.PA,55.689323864429454
2023-10-05,High,CS.PA,25.860324581950003
2023-10-05,High,MT.AS,22.15331079300685
2023-10-05,Low,AC.PA,30.015964313531377
2023-10-05,Low,AI.PA,139.28422503309125
2023-10-05,Low,AIR.PA,122.20840954162308
2023-10-05,Low,BNP.PA,54.789900897405175
2023-10-05,Low,CS.PA,25.53059331721236
2023-10-05,Low,MT.AS,21.86271095275879
2023-10-05,Open,AC.PA,30.03537372253769
2023-10-05,Open,AI.PA,139.85602851021324
2023-10-05,Open,AIR.PA,123.4010791249638
2023-10-05,Open,BNP.PA,55.20213553046068
2023-10-05,Open,CS.PA,25.76611539246913
2023-10-05,Open,MT.AS,22.01285429593247
2023-10-05,Volume,AC.PA,630021.0
2023-10-05,Volume,AI.PA,554643.0
2023-10-05,Volume,AIR.PA,589204.0
2023-10-05,Volume,BNP.PA,2472235.0
2023-10-05,Volume,CS.PA,3272986.0
2023-10-05,Volume,MT.AS,1376715.0
2023-10-06,Close,AC.PA,30.802026748657227
2023-10-06,Close,AI.PA,141.0174560546875
2023-10-06,Close,AIR.PA,123.52033996582033
2023-10-06,Close,BNP.PA,56.19525146484375
2023-10-06,Close,CS.PA,26.350210189819336
2023-10-06,Close,MT.AS,22.10972023010254
2023-10-06,High,AC.PA,30.967003022603038
2023-10-06,High,AI.PA,141.3390851796028
2023-10-06,High,AIR.PA,123.57997079063053
2023-10-06,High,BNP.PA,56.317049443656494
2023-10-06,High,CS.PA,26.350210189819336
2023-10-06,High,MT.AS,22.25017487528495
2023-10-06,Low,AC.PA,30.29739322235439
2023-10-06,Low,AI.PA,139.44504533335018
2023-10-06,Low,AIR.PA,121.61207774429391
2023-10-06,Low,BNP.PA,55.54879186774081
2023-10-06,Low,CS.PA,25.813220124196423
2023-10-06,Low,MT.AS,21.906300163420585
2023-10-06,Open,AC.PA,30.365326153612287
2023-10-06,Open,AI.PA,140.26697809937647
2023-10-06,Open,AIR.PA,122.8444961478514
2023-10-06,Open,BNP.PA,55.71743412333101
2023-10-06,Open,CS.PA,25.907429317456263
2023-10-06,Open,MT.AS,21.906300163420585
2023-10-06,Volume,AC.PA,552258.0
2023-10-06,Volume,AI.PA,590972.0
2023-10-06,Volume,AIR.PA,766260.0
2023-10-06,Volume,BNP.PA,1990871.0
2023-10-06,Volume,CS.PA,3924092.0
2023-10-06,Volume,MT.AS,1938086.0
2023-10-09,Close,AC.PA,29.918920516967773
2023-10-09,Close,AI.PA,141.42843627929688
2023-10-09,Close,AIR.PA,122.3276824951172
2023-10-09,Close,BNP.PA,55.30519485473633
2023-10-09,Close,CS.PA,26.260711669921875
2023-10-09,Close,MT.AS,22.066131591796875
2023-10-09,High,AC.PA,30.578825646141134
2023-10-09,High,AI.PA,142.51841835791495
2023-10-09,High,AIR.PA,123.52034453197004
2023-10-09,High,BNP.PA,55.80175418627137
2023-10-09,High,CS.PA,26.359630511326078
2023-10-09,High,MT.AS,22.158153860735588
2023-10-09,Low,AC.PA,29.773353644587345
2023-10-09,Low,AI.PA,139.6951959219951
2023-10-09,Low,AIR.PA,121.7909823037053
2023-10-09,Low,BNP.PA,54.93980449925999
2023-10-09,Low,CS.PA,26.00634739469035
2023-10-09,Low,MT.AS,21.82396597583255
2023-10-09,Open,AC.PA,30.56912094118468
2023-10-09,Open,AI.PA,140.5707535757974
2023-10-09,Open,AIR.PA,123.222182814137
2023-10-09,Open,BNP.PA,55.80175418627137
2023-10-09,Open,CS.PA,26.18534467691522
2023-10-09,Open,MT.AS,21.993481167976768
2023-10-09,Volume,AC.PA,761656.0
2023-10-09,Volume,AI.PA,616859.0
2023-10-09,Volume,AIR.PA,830382.0
2023-10-09,Volume,BNP.PA,1872289.0
2023-10-09,Volume,CS.PA,2215469.0
2023-10-09,Volume,MT.AS,1367317.0
2023-10-10,Close,AC.PA,30.61764144897461
2023-10-10,Close,AI.PA,144.50180053710938
2023-10-10,Close,AIR.PA,124.832275390625
2023-10-10,Close,BNP.PA,56.054718017578125
2023-10-10,Close,CS.PA,26.679941177368164
2023-10-10,Close,MT.AS,22.47296905517578
2023-10-10,High,AC.PA,30.61764144897461
2023-10-10,High,AI.PA,144.85916457508085
2023-10-10,High,AIR.PA,124.97141904170329
2023-10-10,High,BNP.PA,56.345154674795324
2023-10-10,High,CS.PA,26.807123317350914
2023-10-10,High,MT.AS,22.8313731186781
2023-10-10,Low,AC.PA,30.122714471926056
2023-10-10,Low,AI.PA,142.73282530571723
2023-10-10,Low,AIR.PA,122.88425669276909
2023-10-10,Low,BNP.PA,55.81112206263362
2023-10-10,Low,CS.PA,26.41615759538102
2023-10-10,Low,MT.AS,22.138779335266616
2023-10-10,Open,AC.PA,30.287688896953483
2023-10-10,Open,AI.PA,143.19740905211455
2023-10-10,Open,AIR.PA,123.14266958024024
2023-10-10,Open,BNP.PA,55.81112206263362
2023-10-10,Open,CS.PA,26.41615759538102
2023-10-10,Open,MT.AS,22.182369218403597
2023-10-10,Volume,AC.PA,503696.0
2023-10-10,Volume,AI.PA,617215.0
2023-10-10,Volume,AIR.PA,1003082.0
2023-10-10,Volume,BNP.PA,3160128.0
2023-10-10,Volume,CS.PA,2998390.0
2023-10-10,Volume,MT.AS,2529510.0
2023-10-11,Close,AC.PA,31.23872756958008
2023-10-11,Close,AI.PA,145.89553833007812
2023-10-11,Close,AIR.PA,125.5478744506836
2023-10-11,Close,BNP.PA,56.438846588134766
2023-10-11,Close,CS.PA,26.906042098999023
2023-10-11,Close,MT.AS,22.380943298339844
2023-10-11,High,AC.PA,31.820998735816456
2023-10-11,High,AI.PA,146.59240645919377
2023-10-11,High,AIR.PA,125.6671436859434
2023-10-11,High,BNP.PA,56.6730715425487
2023-10-11,High,CS.PA,26.981409093235797
2023-10-11,High,MT.AS,22.826528942966775
2023-10-11,Low,AC.PA,30.66616480984554
2023-10-11,Low,AI.PA,143.93001360671423
2023-10-11,Low,AIR.PA,123.91789948260087
2023-10-11,Low,BNP.PA,55.68932387481887
2023-10-11,Low,CS.PA,26.59515302316099
2023-10-11,Low,MT.AS,22.371256453067865
2023-10-11,Open,AC.PA,31.74336109953177
2023-10-11,Open,AI.PA,144.28737764848125
2023-10-11,Open,AIR.PA,125.1503179159112
2023-10-11,Open,BNP.PA,55.92354882923279
2023-10-11,Open,CS.PA,26.628125970833896
2023-10-11,Open,MT.AS,22.376100799492267
2023-10-11,Volume,AC.PA,1265265.0
2023-10-11,Volume,AI.PA,704240.0
2023-10-11,Volume,AIR.PA,932524.0
2023-10-11,Volume,BNP.PA,2218506.0
2023-10-11,Volume,CS.PA,2942697.0
2023-10-11,Volume,MT.AS,1731018.0
2023-10-12,Close,AC.PA,30.71468734741211
2023-10-12,Close,AI.PA,146.14569091796875
2023-10-12,Close,AIR.PA,124.99130249023438
2023-10-12,Close,BNP.PA,55.68932342529297
2023-10-12,Close,CS.PA,26.71762466430664
2023-10-12,Close,MT.AS,21.465559005737305
2023-10-12,High,AC.PA,31.636612092485024
2023-10-12,High,AI.PA,147.86105623425595
2023-10-12,High,AIR.PA,127.3170033389546
2023-10-12,High,BNP.PA,56.75739221094989
2023-10-12,High,CS.PA,27.028513730282544
2023-10-12,High,MT.AS,22.60858095302747
2023-10-12,Low,AC.PA,30.617642150303595
2023-10-12,Low,AI.PA,145.89553160153983
2023-10-12,Low,AIR.PA,124.95154607764186
2023-10-12,Low,BNP.PA,55.38014834643663
2023-10-12,Low,CS.PA,26.6139943766844
2023-10-12,Low,MT.AS,21.465559005737305
2023-10-12,Open,AC.PA,31.394000025205333
2023-10-12,Open,AI.PA,147.414347453708
2023-10-12,Open,AIR.PA,127.058582865723
2023-10-12,Open,BNP.PA,56.682438510627655
2023-10-12,Open,CS.PA,27.019092631690445
2023-10-12,Open,MT.AS,22.521401187720464
2023-10-12,Volume,AC.PA,1110351.0
2023-10-12,Volume,AI.PA,577219.0
2023-10-12,Volume,AIR.PA,899820.0
2023-10-12,Volume,BNP.PA,2667375.0
2023-10-12,Volume,CS.PA,2313555.0
2023-10-12,Volume,MT.AS,3735486.0
2023-10-13,Close,AC.PA,30.01596450805664
2023-10-13,Close,AI.PA,144.16229248046875
2023-10-13,Close,AIR.PA,121.21452331542967
2023-10-13,Close,BNP.PA,54.002906799316406
2023-10-13,Close,CS.PA,26.38789367675781
2023-10-13,Close,MT.AS,21.029659271240234
2023-10-13,High,AC.PA,30.666164906117064
2023-10-13,High,AI.PA,145.71684324793154
2023-10-13,High,AIR.PA,125.32921711921388
2023-10-13,High,BNP.PA,55.46447185241684
2023-10-13,High,CS.PA,26.844807080347262
2023-10-13,High,MT.AS,21.63507325552389
2023-10-13,Low,AC.PA,29.841283527833973
2023-10-13,Low,AI.PA,143.8228034018452
2023-10-13,Low,AIR.PA,121.07537966662618
2023-10-13,Low,BNP.PA,53.506351022335245
2023-10-13,Low,CS.PA,26.21831749411056
2023-10-13,Low,MT.AS,20.986071238045596
2023-10-13,Open,AC.PA,30.54971030230757
2023-10-13,Open,AI.PA,144.82342567974237
2023-10-13,Open,AIR.PA,125.09068623308788
2023-10-13,Open,BNP.PA,55.25835274167479
2023-10-13,Open,CS.PA,26.689361647290333
2023-10-13,Open,MT.AS,21.504305460786256
2023-10-13,Volume,AC.PA,1069890.0
2023-10-13,Volume,AI.PA,692137.0
2023-10-13,Volume,AIR.PA,1005491.0
2023-10-13,Volume,BNP.PA,4694932.0
2023-10-13,Volume,CS.PA,3212409.0
2023-10-13,Volume,MT.AS,2952910.0
2023-10-16,Close,AC.PA,30.277986526489254
2023-10-16,Close,AI.PA,143.48330688476562
2023-10-16,Close,AIR.PA,122.18853759765624
2023-10-16,Close,BNP.PA,54.1809196472168
2023-10-16,Close,CS.PA,26.397314071655277
2023-10-16,Close,MT.AS,21.460716247558597
2023-10-16,High,AC.PA,30.452665658890872
2023-10-16,High,AI.PA,144.59114892648418
2023-10-16,High,AIR.PA,122.82462502185982
2023-10-16,High,BNP.PA,54.58378329171855
2023-10-16,High,CS.PA,26.68936093571088
2023-10-16,High,MT.AS,21.60601523879088
2023-10-16,Low,AC.PA,29.83157936328557
2023-10-16,Low,AI.PA,142.7507038404336
2023-10-16,Low,AIR.PA,120.2802677422853
2023-10-16,Low,BNP.PA,53.703098725755694
2023-10-16,Low,CS.PA,26.35492002712375
2023-10-16,Low,MT.AS,21.068407308412198
2023-10-16,Open,AC.PA,30.08389613362101
2023-10-16,Open,AI.PA,144.28737973933403
2023-10-16,Open,AIR.PA,121.09525522846864
2023-10-16,Open,BNP.PA,54.16218122147428
2023-10-16,Open,CS.PA,26.552757703676992
2023-10-16,Open,MT.AS,21.11683968963065
2023-10-16,Volume,AC.PA,700663.0
2023-10-16,Volume,AI.PA,436089.0
2023-10-16,Volume,AIR.PA,758317.0
2023-10-16,Volume,BNP.PA,2702406.0
2023-10-16,Volume,CS.PA,1972416.0
2023-10-16,Volume,MT.AS,1782893.0
2023-10-17,Close,AC.PA,30.40414428710937
2023-10-17,Close,AI.PA,142.3575897216797
2023-10-17,Close,AIR.PA,126.52188873291016
2023-10-17,Close,BNP.PA,54.04038238525391
2023-10-17,Close,CS.PA,26.63754653930664
2023-10-17,Close,MT.AS,21.417125701904297
2023-10-17,High,AC.PA,30.87966371826183
2023-10-17,High,AI.PA,143.3046171913475
2023-10-17,High,AIR.PA,126.62127597181748
2023-10-17,High,BNP.PA,54.48072644825582
2023-10-17,High,CS.PA,26.661098387619617
2023-10-17,High,MT.AS,21.465558081622262
2023-10-17,Low,AC.PA,30.083896431395143
2023-10-17,Low,AI.PA,141.44631215285094
2023-10-17,Low,AIR.PA,123.5004696570134
2023-10-17,Low,BNP.PA,53.61877674769773
2023-10-17,Low,CS.PA,26.383182264988477
2023-10-17,Low,MT.AS,20.77296433570956
2023-10-17,Open,AC.PA,30.083896431395143
2023-10-17,Open,AI.PA,142.82217347918572
2023-10-17,Open,AIR.PA,123.56010048380575
2023-10-17,Open,BNP.PA,53.89047855567718
2023-10-17,Open,CS.PA,26.402024462395197
2023-10-17,Open,MT.AS,21.300885403973574
2023-10-17,Volume,AC.PA,919585.0
2023-10-17,Volume,AI.PA,559350.0
2023-10-17,Volume,AIR.PA,1027384.0
2023-10-17,Volume,BNP.PA,2171922.0
2023-10-17,Volume,CS.PA,2271309.0
2023-10-17,Volume,MT.AS,2771910.0
2023-10-18,Close,AC.PA,29.89950942993164
2023-10-18,Close,AI.PA,140.55288696289062
2023-10-18,Close,AIR.PA,123.95765686035156
2023-10-18,Close,BNP.PA,53.693729400634766
2023-10-18,Close,CS.PA,26.529207229614254
2023-10-18,Close,MT.AS,20.579235076904297
2023-10-18,High,AC.PA,30.7826171706186
2023-10-18,High,AI.PA,142.42906685068078
2023-10-18,High,AIR.PA,126.00506279365858
2023-10-18,High,BNP.PA,54.37766583309299
2023-10-18,High,CS.PA,26.807123358845818
2023-10-18,High,MT.AS,21.22339466149444
2023-10-18,Low,AC.PA,29.880101872090545
2023-10-18,Low,AI.PA,139.90961371891686
2023-10-18,Low,AIR.PA,123.81851320951093
2023-10-18,Low,BNP.PA,53.57193142461123
2023-10-18,Low,CS.PA,26.416157636270743
2023-10-18,Low,MT.AS,20.47268161351976
2023-10-18,Open,AC.PA,30.277985498071125
2023-10-18,Open,AI.PA,142.14317262972455
2023-10-18,Open,AIR.PA,125.56774984372494
2023-10-18,Open,BNP.PA,54.04038132963653
2023-10-18,Open,CS.PA,26.76001966110117
2023-10-18,Open,MT.AS,21.20402096859234
2023-10-18,Volume,AC.PA,1073833.0
2023-10-18,Volume,AI.PA,596708.0
2023-10-18,Volume,AIR.PA,815763.0
2023-10-18,Volume,BNP.PA,2468130.0
2023-10-18,Volume,CS.PA,2151088.0
2023-10-18,Volume,MT.AS,3115269.0
2023-10-19,Close,AC.PA,29.30753898620605
2023-10-19,Close,AI.PA,140.302734375
2023-10-19,Close,AIR.PA,123.14266967773438
2023-10-19,Close,BNP.PA,53.13158798217773
2023-10-19,Close,CS.PA,26.260711669921875
2023-10-19,Close,MT.AS,20.69547271728516
2023-10-19,High,AC.PA,29.92862529711395
2023-10-19,High,AI.PA,140.40993908958978
2023-10-19,High,AIR.PA,123.38120056794877
2023-10-19,High,BNP.PA,53.49697834046775
2023-10-19,High,CS.PA,26.33607866292853
2023-10-19,High,MT.AS,20.84561605994828
2023-10-19,Low,AC.PA,29.268720166282705
2023-10-19,Low,AI.PA,139.23062724604748
2023-10-19,Low,AIR.PA,121.65183834406388
2023-10-19,Low,BNP.PA,52.25090343722261
2023-10-19,Low,CS.PA,25.987505197215977
2023-10-19,Low,MT.AS,20.4145615716686
2023-10-19,Open,AC.PA,29.608377436679167
2023-10-19,Open,AI.PA,140.1419198052335
2023-10-19,Open,AIR.PA,122.76498755357127
2023-10-19,Open,BNP.PA,53.40328978797925
2023-10-19,Open,CS.PA,26.32665756419134
2023-10-19,Open,MT.AS,20.579234259642774
2023-10-19,Volume,AC.PA,1076882.0
2023-10-19,Volume,AI.PA,611726.0
2023-10-19,Volume,AIR.PA,959153.0
2023-10-19,Volume,BNP.PA,3220816.0
2023-10-19,Volume,CS.PA,2712189.0
2023-10-19,Volume,MT.AS,2317688.0
2023-10-20,Close,AC.PA,28.647632598876957
2023-10-20,Close,AI.PA,136.3538055419922
2023-10-20,Close,AIR.PA,120.51880645751952
2023-10-20,Close,BNP.PA,52.05415725708008
2023-10-20,Close,CS.PA,25.58711814880371
2023-10-20,Close,MT.AS,19.85273551940918
2023-10-20,High,AC.PA,29.161968983419825
2023-10-20,High,AI.PA,139.12340303913462
2023-10-20,High,AIR.PA,122.0295121973726
2023-10-20,High,BNP.PA,52.700616870724815
2023-10-20,High,CS.PA,26.025189353160208
2023-10-20,High,MT.AS,20.385499068671287
2023-10-20,Low,AC.PA,28.492361027960257
2023-10-20,Low,AI.PA,136.13938112397926
2023-10-20,Low,AIR.PA,120.51880645751952
2023-10-20,Low,BNP.PA,51.96046512713853
2023-10-20,Low,CS.PA,25.55414520197179
2023-10-20,Low,MT.AS,19.707434689995157
2023-10-20,Open,AC.PA,29.113447311627034
2023-10-20,Open,AI.PA,139.0698081814538
2023-10-20,Open,AIR.PA,121.96988137084531
2023-10-20,Open,BNP.PA,52.46639190685492
2023-10-20,Open,CS.PA,25.99221640632829
2023-10-20,Open,MT.AS,20.254729430744742
2023-10-20,Volume,AC.PA,1135459.0
2023-10-20,Volume,AI.PA,1057958.0
2023-10-20,Volume,AIR.PA,851264.0
2023-10-20,Volume,BNP.PA,3689118.0
2023-10-20,Volume,CS.PA,4409845.0
2023-10-20,Volume,MT.AS,3689768.0
2023-10-23,Close,AC.PA,28.89024543762207
2023-10-23,Close,AI.PA,136.62184143066406
2023-10-23,Close,AIR.PA,121.751220703125
2023-10-23,Close,BNP.PA,52.58818817138672
2023-10-23,Close,CS.PA,25.66719627380371
2023-10-23,Close,MT.AS,19.998035430908203
2023-10-23,High,AC.PA,29.05522171753562
2023-10-23,High,AI.PA,136.943470563609
2023-10-23,High,AIR.PA,121.77109511702947
2023-10-23,High,BNP.PA,52.80367470223105
2023-10-23,High,CS.PA,25.723721068123
2023-10-23,High,MT.AS,20.02709412008044
2023-10-23,Low,AC.PA,28.569997582611432
2023-10-23,Low,AI.PA,135.2281051907271
2023-10-23,Low,AIR.PA,119.544789204488
2023-10-23,Low,BNP.PA,51.78245375014927
2023-10-23,Low,CS.PA,25.403410905495672
2023-10-23,Low,MT.AS,19.688063762558446
2023-10-23,Open,AC.PA,28.65733807497644
2023-10-23,Open,AI.PA,136.69331123892664
2023-10-23,Open,AIR.PA,121.01574606449933
2023-10-23,Open,BNP.PA,52.27900951366059
2023-10-23,Open,CS.PA,25.714299969587984
2023-10-23,Open,MT.AS,19.886639478068563
2023-10-23,Volume,AC.PA,922563.0
2023-10-23,Volume,AI.PA,670743.0
2023-10-23,Volume,AIR.PA,669839.0
2023-10-23,Volume,BNP.PA,2807822.0
2023-10-23,Volume,CS.PA,2350982.0
2023-10-23,Volume,MT.AS,2003324.0
2023-10-24,Close,AC.PA,29.32694625854492
2023-10-24,Close,AI.PA,137.42591857910156
2023-10-24,Close,AIR.PA,124.39496612548828
2023-10-24,Close,BNP.PA,52.3820686340332
2023-10-24,Close,CS.PA,25.751983642578125
2023-10-24,Close,MT.AS,20.119117736816406
2023-10-24,High,AC.PA,29.50162724452625
2023-10-24,High,AI.PA,137.81901753265495
2023-10-24,High,AIR.PA,126.50200282309568
2023-10-24,High,BNP.PA,52.6256610139376
2023-10-24,High,CS.PA,25.81793133507809
2023-10-24,High,MT.AS,20.24504303115953
2023-10-24,Low,AC.PA,28.996993696354235
2023-10-24,Low,AI.PA,136.72905043724683
2023-10-24,Low,AIR.PA,121.65183443647408
2023-10-24,Low,BNP.PA,52.01667827718202
2023-10-24,Low,CS.PA,25.56827670569831
2023-10-24,Low,MT.AS,19.654160245673893
2023-10-24,Open,AC.PA,29.0164031061262
2023-10-24,Open,AI.PA,137.14002434130896
2023-10-24,Open,AIR.PA,122.14877819840189
2023-10-24,Open,BNP.PA,52.58818773748328
2023-10-24,Open,CS.PA,25.76140474150669
2023-10-24,Open,MT.AS,20.085214701894152
2023-10-24,Volume,AC.PA,673734.0
2023-10-24,Volume,AI.PA,587002.0
2023-10-24,Volume,AIR.PA,1206138.0
2023-10-24,Volume,BNP.PA,2569012.0
2023-10-24,Volume,CS.PA,2313079.0
2023-10-24,Volume,MT.AS,2358110.0
2023-10-25,Close,AC.PA,29.200788497924805
2023-10-25,Close,AI.PA,140.03469848632812
2023-10-25,Close,AIR.PA,124.27569580078124
2023-10-25,Close,BNP.PA,52.635032653808594
2023-10-25,Close,CS.PA,25.99221611022949
2023-10-25,Close,MT.AS,20.245044708251957
2023-10-25,High,AC.PA,29.491922237589822
2023-10-25,High,AI.PA,140.32059271771388
2023-10-25,High,AIR.PA,124.77263955834223
2023-10-25,High,BNP.PA,52.75683063223696
2023-10-25,High,CS.PA,26.05816200314209
2023-10-25,High,MT.AS,20.32738197672453
2023-10-25,Low,AC.PA,29.10374330104208
2023-10-25,Low,AI.PA,136.335933432658
2023-10-25,Low,AIR.PA,122.80473894198636
2023-10-25,Low,BNP.PA,51.78245395278847
2023-10-25,Low,CS.PA,25.69545779523197
2023-10-25,Low,MT.AS,20.065842673449733
2023-10-25,Open,AC.PA,29.2104932027114
2023-10-25,Open,AI.PA,137.35444569049804
2023-10-25,Open,AIR.PA,123.52033916611576
2023-10-25,Open,BNP.PA,52.21342701616365
2023-10-25,Open,CS.PA,25.775536234405
2023-10-25,Open,MT.AS,20.19176797822446
2023-10-25,Volume,AC.PA,863119.0
2023-10-25,Volume,AI.PA,730952.0
2023-10-25,Volume,AIR.PA,793698.0
2023-10-25,Volume,BNP.PA,2730173.0
2023-10-25,Volume,CS.PA,2998088.0
2023-10-25,Volume,MT.AS,1407197.0
2023-10-26,Close,AC.PA,29.07462882995605
2023-10-26,Close,AI.PA,141.6785888671875
2023-10-26,Close,AIR.PA,125.66714477539062
2023-10-26,Close,BNP.PA,51.26716232299805
2023-10-26,Close,CS.PA,25.926271438598636
2023-10-26,Close,MT.AS,20.34675407409668
2023-10-26,High,AC.PA,29.385173826367247
2023-10-26,High,AI.PA,141.9287481849415
2023-10-26,High,AIR.PA,126.0845757282784
2023-10-26,High,BNP.PA,51.46391043906474
2023-10-26,High,CS.PA,25.982796235630545
2023-10-26,High,MT.AS,20.39034395851708
2023-10-26,Low,AC.PA,28.49236135777005
2023-10-26,Low,AI.PA,138.85538156137346
2023-10-26,Low,AIR.PA,123.40108236513092
2023-10-26,Low,BNP.PA,49.48705113023141
2023-10-26,Low,CS.PA,25.51646171866731
2023-10-26,Low,MT.AS,19.95928946123588
2023-10-26,Open,AC.PA,28.667042339819115
2023-10-26,Open,AI.PA,139.33782524742918
2023-10-26,Open,AIR.PA,123.93777497155222
2023-10-26,Open,BNP.PA,51.44517201267895
2023-10-26,Open,CS.PA,25.794377849669644
2023-10-26,Open,MT.AS,20.012566191924925
2023-10-26,Volume,AC.PA,1130627.0
2023-10-26,Volume,AI.PA,789769.0
2023-10-26,Volume,AIR.PA,868191.0
2023-10-26,Volume,BNP.PA,5750038.0
2023-10-26,Volume,CS.PA,2482794.0
2023-10-26,Volume,MT.AS,1723002.0
2023-10-27,Close,AC.PA,28.948471069335938
2023-10-27,Close,AI.PA,143.1616668701172
2023-10-27,Close,AIR.PA,124.1961898803711
2023-10-27,Close,BNP.PA,51.220314025878906
2023-10-27,Close,CS.PA,25.865034103393555
2023-10-27,Close,MT.AS,20.409717559814453
2023-10-27,High,AC.PA,29.14256145869584
2023-10-27,High,AI.PA,144.6626077499062
2023-10-27,High,AIR.PA,127.0983397659158
2023-10-27,High,BNP.PA,51.93235992640677
2023-10-27,High,CS.PA,26.25600160887098
2023-10-27,High,MT.AS,20.69063055761837
2023-10-27,Low,AC.PA,26.891119975856917
2023-10-27,Low,AI.PA,142.0716848658576
2023-10-27,Low,AIR.PA,123.46071520148875
2023-10-27,Low,BNP.PA,51.08914861630518
2023-10-27,Low,CS.PA,25.850903353953928
2023-10-27,Low,MT.AS,20.317695292039208
2023-10-27,Open,AC.PA,26.90082468042322
2023-10-27,Open,AI.PA,143.51903088992168
2023-10-27,Open,AIR.PA,127.05858335317076
2023-10-27,Open,BNP.PA,51.88551564784321
2023-10-27,Open,CS.PA,26.1146869269114
2023-10-27,Open,MT.AS,20.64219632649166
2023-10-27,Volume,AC.PA,1064576.0
2023-10-27,Volume,AI.PA,776754.0
2023-10-27,Volume,AIR.PA,837215.0
2023-10-27,Volume,BNP.PA,3093023.0
2023-10-27,Volume,CS.PA,2276444.0
2023-10-27,Volume,MT.AS,1658130.0
2023-10-30,Close,AC.PA,29.35606002807617
2023-10-30,Close,AI.PA,142.75070190429688
2023-10-30,Close,AIR.PA,125.42860412597656
2023-10-30,Close,BNP.PA,50.33026123046875
2023-10-30,Close,CS.PA,26.227739334106445
2023-10-30,Close,MT.AS,19.61541557312012
2023-10-30,High,AC.PA,29.6083767991958
2023-10-30,High,AI.PA,144.43033239665286
2023-10-30,High,AIR.PA,125.88579906578788
2023-10-30,High,BNP.PA,51.154730527568326
2023-10-30,High,CS.PA,26.37847332363308
2023-10-30,High,MT.AS,19.75587207866713
2023-10-30,Low,AC.PA,29.03581217453649
2023-10-30,Low,AI.PA,142.58988733556433
2023-10-30,Low,AIR.PA,124.49435499755032
2023-10-30,Low,BNP.PA,50.03982098949705
2023-10-30,Low,CS.PA,25.930981006086125
2023-10-30,Low,MT.AS,19.288008284552586
2023-10-30,Open,AC.PA,29.11344796172844
2023-10-30,Open,AI.PA,143.98362359508874
2023-10-30,Open,AIR.PA,124.63349864609806
2023-10-30,Open,BNP.PA,51.154730527568326
2023-10-30,Open,CS.PA,25.97337505294617
2023-10-30,Open,MT.AS,19.53792264722816
2023-10-30,Volume,AC.PA,653385.0
2023-10-30,Volume,AI.PA,406256.0
2023-10-30,Volume,AIR.PA,644996.0
2023-10-30,Volume,BNP.PA,3759647.0
2023-10-30,Volume,CS.PA,2314200.0
2023-10-30,Volume,MT.AS,5278070.0
2023-10-31,Close,AC.PA,29.181379318237305
2023-10-31,Close,AI.PA,144.44818115234375
2023-10-31,Close,AIR.PA,125.50811767578124
2023-10-31,Close,BNP.PA,50.86429214477539
2023-10-31,Close,CS.PA,26.336078643798828
2023-10-31,Close,MT.AS,20.225669860839844
2023-10-31,High,AC.PA,29.783058062863613
2023-10-31,High,AI.PA,144.7876852136864
2023-10-31,High,AIR.PA,126.20384350531
2023-10-31,High,BNP.PA,51.28589777906407
2023-10-31,High,CS.PA,26.434997485131174
2023-10-31,High,MT.AS,20.370970697189957
2023-10-31,Low,AC.PA,29.064926561847177
2023-10-31,Low,AI.PA,142.75069083715545
2023-10-31,Low,AIR.PA,124.03716835896768
2023-10-31,Low,BNP.PA,50.35836538362897
2023-10-31,Low,CS.PA,26.26071165084692
2023-10-31,Low,MT.AS,19.57182348757188
2023-10-31,Open,AC.PA,29.491922469921903
2023-10-31,Open,AI.PA,142.9829751971465
2023-10-31,Open,AIR.PA,126.20384350531
2023-10-31,Open,BNP.PA,50.35836538362897
2023-10-31,Open,CS.PA,26.37376303872021
2023-10-31,Open,MT.AS,19.57182348757188
2023-10-31,Volume,AC.PA,861813.0
2023-10-31,Volume,AI.PA,579587.0
2023-10-31,Volume,AIR.PA,728586.0
2023-10-31,Volume,BNP.PA,3247176.0
2023-10-31,Volume,CS.PA,2711526.0
2023-10-31,Volume,MT.AS,3521154.0
2023-11-01,Close,AC.PA,29.297832489013672
2023-11-01,Close,AI.PA,145.50244140625
2023-11-01,Close,AIR.PA,127.15797424316406
2023-11-01,Close,BNP.PA,50.96735382080078
2023-11-01,Close,CS.PA,26.6469669342041
2023-11-01,Close,MT.AS,20.075529098510746
2023-11-01,High,AC.PA,29.57926151230949
2023-11-01,High,AI.PA,145.77046069235993
2023-11-01,High,AIR.PA,127.57540518993449
2023-11-01,High,BNP.PA,51.53885973333053
2023-11-01,High,CS.PA,26.70820317571313
2023-11-01,High,MT.AS,20.36128458737419
2023-11-01,Low,AC.PA,29.11344680762345
2023-11-01,Low,AI.PA,143.37610208474584
2023-11-01,Low,AIR.PA,125.19007357833762
2023-11-01,Low,BNP.PA,50.70501942965095
2023-11-01,Low,CS.PA,26.303104926622453
2023-11-01,Low,MT.AS,20.01740987041662
2023-11-01,Open,AC.PA,29.472513466016707
2023-11-01,Open,AI.PA,144.46606917537977
2023-11-01,Open,AIR.PA,125.92554823447026
2023-11-01,Open,BNP.PA,51.01419809900954
2023-11-01,Open,CS.PA,26.40202376505879
2023-11-01,Open,MT.AS,20.264417975499352
2023-11-01,Volume,AC.PA,769227.0
2023-11-01,Volume,AI.PA,446339.0
2023-11-01,Volume,AIR.PA,696140.0
2023-11-01,Volume,BNP.PA,2717312.0
2023-11-01,Volume,CS.PA,2568831.0
2023-11-01,Volume,MT.AS,2112523.0
2023-11-02,Close,AC.PA,29.792762756347656
2023-11-02,Close,AI.PA,147.4143524169922
2023-11-02,Close,AIR.PA,128.2711181640625
2023-11-02,Close,BNP.PA,52.05415725708008
2023-11-02,Close,CS.PA,26.868358612060547
2023-11-02,Close,MT.AS,20.889205932617188
2023-11-02,High,AC.PA,30.142122876367804
2023-11-02,High,AI.PA,148.37923981647938
2023-11-02,High,AIR.PA,129.06623119617802
2023-11-02,High,BNP.PA,52.55071303680766
2023-11-02,High,CS.PA,27.06619629155749
2023-11-02,High,MT.AS,21.04903427368675
2023-11-02,Low,AC.PA,29.656898739300143
2023-11-02,Low,AI.PA,145.7347219471059
2023-11-02,Low,AIR.PA,127.51576912458856
2023-11-02,Low,BNP.PA,51.28589966150599
2023-11-02,Low,CS.PA,26.708203529990765
2023-11-02,Low,MT.AS,20.293478756672503
2023-11-02,Open,AC.PA,29.73453452719164
2023-11-02,Open,AI.PA,145.94914636780197
2023-11-02,Open,AIR.PA,128.01271287397083
2023-11-02,Open,BNP.PA,51.295267087505486
2023-11-02,Open,CS.PA,26.774149423156413
2023-11-02,Open,MT.AS,20.293478756672503
2023-11-02,Volume,AC.PA,766883.0
2023-11-02,Volume,AI.PA,699915.0
2023-11-02,Volume,AIR.PA,759922.0
2023-11-02,Volume,BNP.PA,3304816.0
2023-11-02,Volume,CS.PA,3544088.0
2023-11-02,Volume,MT.AS,3026947.0
2023-11-03,Close,AC.PA,28.82231330871582
2023-11-03,Close,AI.PA,145.788330078125
2023-11-03,Close,AIR.PA,128.2711181640625
2023-11-03,Close,BNP.PA,53.06600570678711
2023-11-03,Close,CS.PA,26.53862762451172
2023-11-03,Close,MT.AS,21.0151309967041
2023-11-03,High,AC.PA,29.55014948468356
2023-11-03,High,AI.PA,148.0397489794153
2023-11-03,High,AIR.PA,129.10598002329996
2023-11-03,High,BNP.PA,53.403290216836986
2023-11-03,High,CS.PA,26.96256808053061
2023-11-03,High,MT.AS,21.213706719755383
2023-11-03,Low,AC.PA,28.531177727738854
2023-11-03,Low,AI.PA,145.32374633806842
2023-11-03,Low,AIR.PA,127.03869978876727
2023-11-03,Low,BNP.PA,52.31648655889251
2023-11-03,Low,CS.PA,25.68603706158076
2023-11-03,Low,MT.AS,20.88436134773224
2023-11-03,Open,AC.PA,29.38517321075821
2023-11-03,Open,AI.PA,148.0397489794153
2023-11-03,Open,AIR.PA,128.07234369741354
2023-11-03,Open,BNP.PA,52.466390388471424
2023-11-03,Open,CS.PA,26.934304784499076
2023-11-03,Open,MT.AS,21.08778141754745
2023-11-03,Volume,AC.PA,1340349.0
2023-11-03,Volume,AI.PA,667969.0
2023-11-03,Volume,AIR.PA,834704.0
2023-11-03,Volume,BNP.PA,3397647.0
2023-11-03,Volume,CS.PA,5804107.0
2023-11-03,Volume,MT.AS,1959518.0
2023-11-06,Close,AC.PA,28.696155548095703
2023-11-06,Close,AI.PA,146.02061462402344
2023-11-06,Close,AIR.PA,127.63504028320312
2023-11-06,Close,BNP.PA,53.22528076171875
2023-11-06,Close,CS.PA,26.21831703186035
2023-11-06,Close,MT.AS,21.03450584411621
2023-11-06,High,AC.PA,29.07462978768025
2023-11-06,High,AI.PA,146.4137135613184
2023-11-06,High,AIR.PA,128.84758433529964
2023-11-06,High,BNP.PA,53.41265786899483
2023-11-06,High,CS.PA,26.63283638247968
2023-11-06,High,MT.AS,21.213707885109965
2023-11-06,Low,AC.PA,28.53117926527981
2023-11-06,Low,AI.PA,145.01997733525343
2023-11-06,Low,AIR.PA,127.47601463182504
2023-11-06,Low,BNP.PA,53.028529080696096
2023-11-06,Low,CS.PA,26.109977094166027
2023-11-06,Low,MT.AS,20.942483573892837
2023-11-06,Open,AC.PA,28.822314861946023
2023-11-06,Open,AI.PA,146.1814291888953
2023-11-06,Open,AIR.PA,128.13198406961905
2023-11-06,Open,BNP.PA,53.35644616640769
2023-11-06,Open,CS.PA,26.595151988382096
2023-11-06,Open,MT.AS,21.04903519005225
2023-11-06,Volume,AC.PA,1278943.0
2023-11-06,Volume,AI.PA,389324.0
2023-11-06,Volume,AIR.PA,723961.0
2023-11-06,Volume,BNP.PA,2526854.0
2023-11-06,Volume,CS.PA,3152279.0
2023-11-06,Volume,MT.AS,1702066.0
2023-11-07,Close,AC.PA,28.81260871887207
2023-11-07,Close,AI.PA,145.2701416015625
2023-11-07,Close,AIR.PA,128.41026306152344
2023-11-07,Close,BNP.PA,52.41954803466797
2023-11-07,Close,CS.PA,25.83677101135254
2023-11-07,Close,MT.AS,20.76327896118164
2023-11-07,High,AC.PA,29.14256126803536
2023-11-07,High,AI.PA,146.77109758580096
2023-11-07,High,AIR.PA,128.58917069911877
2023-11-07,High,BNP.PA,53.384553749605615
2023-11-07,High,CS.PA,26.16179262615347
2023-11-07,High,MT.AS,20.9957577259357
2023-11-07,Low,AC.PA,28.579701363753827
2023-11-07,Low,AI.PA,145.05573217161162
2023-11-07,Low,AIR.PA,126.959188209085
2023-11-07,Low,BNP.PA,52.36333275626787
2023-11-07,Low,CS.PA,25.747273269377803
2023-11-07,Low,MT.AS,20.60345061872816
2023-11-07,Open,AC.PA,28.589404217273525
2023-11-07,Open,AI.PA,145.96700973831216
2023-11-07,Open,AIR.PA,127.51577037010624
2023-11-07,Open,BNP.PA,52.85052111376737
2023-11-07,Open,CS.PA,26.020479739970423
2023-11-07,Open,MT.AS,20.90373545892169
2023-11-07,Volume,AC.PA,576253.0
2023-11-07,Volume,AI.PA,693726.0
2023-11-07,Volume,AIR.PA,681792.0
2023-11-07,Volume,BNP.PA,2976344.0
2023-11-07,Volume,CS.PA,3280959.0
2023-11-07,Volume,MT.AS,1739696.0
2023-11-08,Close,AC.PA,29.07462882995605
2023-11-08,Close,AI.PA,146.00274658203125
2023-11-08,Close,AIR.PA,129.58306884765625
2023-11-08,Close,BNP.PA,52.5600814819336
2023-11-08,Close,CS.PA,26.10997772216797
2023-11-08,Close,MT.AS,20.64703941345215
2023-11-08,High,AC.PA,29.171674025648105
2023-11-08,High,AI.PA,146.30651577214093
2023-11-08,High,AIR.PA,129.88122299226353
2023-11-08,High,BNP.PA,52.88799858210325
2023-11-08,High,CS.PA,26.194765814036053
2023-11-08,High,MT.AS,20.81655459310884
2023-11-08,Low,AC.PA,28.74467812617613
2023-11-08,Low,AI.PA,143.4296984265805
2023-11-08,Low,AIR.PA,127.63504249826929
2023-11-08,Low,BNP.PA,51.85740657669924
2023-11-08,Low,CS.PA,25.474068830048203
2023-11-08,Low,MT.AS,20.559859650321027
2023-11-08,Open,AC.PA,28.870835584887583
2023-11-08,Open,AI.PA,144.73408995703903
2023-11-08,Open,AIR.PA,128.29101194744746
2023-11-08,Open,BNP.PA,51.894883429402526
2023-11-08,Open,CS.PA,25.6059606187804
2023-11-08,Open,MT.AS,20.714845485314825
2023-11-08,Volume,AC.PA,805735.0
2023-11-08,Volume,AI.PA,456836.0
2023-11-08,Volume,AIR.PA,986440.0
2023-11-08,Volume,BNP.PA,2226445.0
2023-11-08,Volume,CS.PA,2652188.0
2023-11-08,Volume,MT.AS,2593193.0
2023-11-09,Close,AC.PA,29.28812789916992
2023-11-09,Close,AI.PA,148.4149932861328
2023-11-09,Close,AIR.PA,127.07846069335938
2023-11-09,Close,BNP.PA,52.55071258544922
2023-11-09,Close,CS.PA,26.07700538635254
2023-11-09,Close,MT.AS,20.303163528442383
2023-11-09,High,AC.PA,29.43369476358072
2023-11-09,High,AI.PA,148.80809223706106
2023-11-09,High,AIR.PA,128.54940999721214
2023-11-09,High,BNP.PA,52.71935484390621
2023-11-09,High,CS.PA,26.152372381236585
2023-11-09,High,MT.AS,20.72937551249689
2023-11-09,Low,AC.PA,28.967880057072925
2023-11-09,Low,AI.PA,145.2880166460411
2023-11-09,Low,AIR.PA,125.28946009920315
2023-11-09,Low,BNP.PA,52.0635242359056
2023-11-09,Low,CS.PA,25.794377807869196
2023-11-09,Low,MT.AS,20.01740988692029
2023-11-09,Open,AC.PA,29.03581113706576
2023-11-09,Open,AI.PA,146.07422954366135
2023-11-09,Open,AIR.PA,128.3307535265086
2023-11-09,Open,BNP.PA,52.50386830787545
2023-11-09,Open,CS.PA,26.119399433280496
2023-11-09,Open,MT.AS,20.33706841306693
2023-11-09,Volume,AC.PA,560027.0
2023-11-09,Volume,AI.PA,709198.0
2023-11-09,Volume,AIR.PA,1292803.0
2023-11-09,Volume,BNP.PA,2075065.0
2023-11-09,Volume,CS.PA,2601076.0
2023-11-09,Volume,MT.AS,3055607.0
2023-11-10,Close,AC.PA,29.07462882995605
2023-11-10,Close,AI.PA,148.8438262939453
2023-11-10,Close,AIR.PA,127.69466400146484
2023-11-10,Close,BNP.PA,52.10100173950195
2023-11-10,Close,CS.PA,26.11939811706543
2023-11-10,Close,MT.AS,19.649316787719727
2023-11-10,High,AC.PA,29.30753804001024
2023-11-10,High,AI.PA,148.8438262939453
2023-11-10,High,AIR.PA,128.03259728320847
2023-11-10,High,BNP.PA,52.45702468669824
2023-11-10,High,CS.PA,26.39260278591861
2023-11-10,High,MT.AS,20.24504394660445
2023-11-10,Low,AC.PA,28.861130880220063
2023-11-10,Low,AI.PA,147.23566560285337
2023-11-10,Low,AIR.PA,125.98518384089112
2023-11-10,Low,BNP.PA,51.651290235985805
2023-11-10,Low,CS.PA,25.96866413489316
2023-11-10,Low,MT.AS,19.49917344943421
2023-11-10,Open,AC.PA,29.27842392600768
2023-11-10,Open,AI.PA,147.450090027485
2023-11-10,Open,AIR.PA,127.47600753437426
2023-11-10,Open,BNP.PA,52.37270355641463
2023-11-10,Open,CS.PA,26.08171372307696
2023-11-10,Open,MT.AS,20.051312573656634
2023-11-10,Volume,AC.PA,446581.0
2023-11-10,Volume,AI.PA,602664.0
2023-11-10,Volume,AIR.PA,969359.0
2023-11-10,Volume,BNP.PA,2489497.0
2023-11-10,Volume,CS.PA,3383021.0
2023-11-10,Volume,MT.AS,3334856.0
2023-11-13,Close,AC.PA,29.48221778869629
2023-11-13,Close,AI.PA,149.7908477783203
2023-11-13,Close,AIR.PA,129.4439239501953
2023-11-13,Close,BNP.PA,52.2696418762207
2023-11-13,Close,CS.PA,26.42557716369629
2023-11-13,Close,MT.AS,20.07530403137207
2023-11-13,High,AC.PA,29.6083771010338
2023-11-13,High,AI.PA,149.84445763127954
2023-11-13,High,AIR.PA,130.08001139512535
2023-11-13,High,BNP.PA,52.61629380930605
2023-11-13,High,CS.PA,26.515076705821727
2023-11-13,High,MT.AS,20.22709358793207
2023-11-13,Low,AC.PA,29.12315296339178
2023-11-13,Low,AI.PA,148.7723505466737
2023-11-13,Low,AIR.PA,128.03260540567928
2023-11-13,Low,BNP.PA,51.98857264469233
2023-11-13,Low,CS.PA,26.147661032094323
2023-11-13,Low,MT.AS,19.84027630587661
2023-11-13,Open,AC.PA,29.161969931891885
2023-11-13,Open,AI.PA,148.9510250635993
2023-11-13,Open,AIR.PA,128.1319850644215
2023-11-13,Open,BNP.PA,52.3071187268216
2023-11-13,Open,CS.PA,26.16650323010925
2023-11-13,Open,MT.AS,19.84027630587661
2023-11-13,Volume,AC.PA,454588.0
2023-11-13,Volume,AI.PA,538718.0
2023-11-13,Volume,AIR.PA,943879.0
2023-11-13,Volume,BNP.PA,1629208.0
2023-11-13,Volume,CS.PA,2954150.0
2023-11-13,Volume,MT.AS,3353417.0
2023-11-14,Close,AC.PA,29.821874618530277
2023-11-14,Close,AI.PA,150.988037109375
2023-11-14,Close,AIR.PA,130.83535766601562
2023-11-14,Close,BNP.PA,52.47575759887695
2023-11-14,Close,CS.PA,26.48681259155273
2023-11-14,Close,MT.AS,20.85383415222168
2023-11-14,High,AC.PA,30.064486683798467
2023-11-14,High,AI.PA,151.82784484272048
2023-11-14,High,AIR.PA,131.5112090922367
2023-11-14,High,BNP.PA,52.56007872604343
2023-11-14,High,CS.PA,26.66109842558596
2023-11-14,High,MT.AS,20.9517628379628
2023-11-14,Low,AC.PA,29.385174011637424
2023-11-14,Low,AI.PA,149.66577068265727
2023-11-14,Low,AIR.PA,128.29100794134465
2023-11-14,Low,BNP.PA,51.24842111610728
2023-11-14,Low,CS.PA,26.32665750714925
2023-11-14,Low,MT.AS,19.98716836533937
2023-11-14,Open,AC.PA,29.47251450321263
2023-11-14,Open,AI.PA,150.09460452638854
2023-11-14,Open,AIR.PA,128.7283208938076
2023-11-14,Open,BNP.PA,52.279009493484914
2023-11-14,Open,CS.PA,26.519785538616027
2023-11-14,Open,MT.AS,20.0606153466038
2023-11-14,Volume,AC.PA,502242.0
2023-11-14,Volume,AI.PA,838299.0
2023-11-14,Volume,AIR.PA,1071612.0
2023-11-14,Volume,BNP.PA,3144007.0
2023-11-14,Volume,CS.PA,3295408.0
2023-11-14,Volume,MT.AS,4276944.0
2023-11-15,Close,AC.PA,30.25857734680176
2023-11-15,Close,AI.PA,150.1124725341797
2023-11-15,Close,AIR.PA,130.39804077148438
2023-11-15,Close,BNP.PA,52.81304168701172
2023-11-15,Close,CS.PA,26.25600242614746
2023-11-15,Close,MT.AS,21.28961563110352
2023-11-15,High,AC.PA,30.44296303632857
2023-11-15,High,AI.PA,150.93442027539643
2023-11-15,High,AIR.PA,131.29254864689503
2023-11-15,High,BNP.PA,53.00042236522176
2023-11-15,High,CS.PA,26.59044335049494
2023-11-15,High,MT.AS,21.50016165950347
2023-11-15,Low,AC.PA,29.821874885023306
2023-11-15,Low,AI.PA,149.68363871028023
2023-11-15,Low,AIR.PA,130.0203738230187
2023-11-15,Low,BNP.PA,52.4476513301962
2023-11-15,Low,CS.PA,26.25600242614746
2023-11-15,Low,MT.AS,20.92238444684793
2023-11-15,Open,AC.PA,29.821874885023306
2023-11-15,Open,AI.PA,150.57705625618647
2023-11-15,Open,AIR.PA,130.69621006328794
2023-11-15,Open,BNP.PA,52.625661008801686
2023-11-15,Open,CS.PA,26.53862820508234
2023-11-15,Open,MT.AS,20.995831430832805
2023-11-15,Volume,AC.PA,591494.0
2023-11-15,Volume,AI.PA,531128.0
2023-11-15,Volume,AIR.PA,850250.0
2023-11-15,Volume,BNP.PA,1773206.0
2023-11-15,Volume,CS.PA,2823127.0
2023-11-15,Volume,MT.AS,4140350.0
2023-11-16,Close,AC.PA,30.11301040649414
2023-11-16,Close,AI.PA,150.89869689941406
2023-11-16,Close,AIR.PA,130.65646362304688
2023-11-16,Close,BNP.PA,52.55071258544922
2023-11-16,Close,CS.PA,26.354921340942383
2023-11-16,Close,MT.AS,21.035001754760746
2023-11-16,High,AC.PA,30.35562247336604
2023-11-16,High,AI.PA,151.1488562306982
2023-11-16,High,AIR.PA,131.49132552293997
2023-11-16,High,BNP.PA,53.06600678673925
2023-11-16,High,CS.PA,26.477392032977185
2023-11-16,High,MT.AS,21.333683416366924
2023-11-16,Low,AC.PA,30.11301040649414
2023-11-16,Low,AI.PA,150.00527928526432
2023-11-16,Low,AIR.PA,130.19926867852232
2023-11-16,Low,BNP.PA,52.485129882048085
2023-11-16,Low,CS.PA,26.27484289866161
2023-11-16,Low,MT.AS,21.035001754760746
2023-11-16,Open,AC.PA,30.24887257162779
2023-11-16,Open,AI.PA,150.09460905006827
2023-11-16,Open,AIR.PA,131.153407396629
2023-11-16,Open,BNP.PA,52.93484137993698
2023-11-16,Open,CS.PA,26.312527294297475
2023-11-16,Open,MT.AS,21.17699826074309
2023-11-16,Volume,AC.PA,829308.0
2023-11-16,Volume,AI.PA,624804.0
2023-11-16,Volume,AIR.PA,762024.0
2023-11-16,Volume,BNP.PA,1746207.0
2023-11-16,Volume,CS.PA,2445344.0
2023-11-16,Volume,MT.AS,2493243.0
2023-11-17,Close,AC.PA,30.44296264648437
2023-11-17,Close,AI.PA,152.11373901367188
2023-11-17,Close,AIR.PA,131.45156860351562
2023-11-17,Close,BNP.PA,53.15032577514648
2023-11-17,Close,CS.PA,26.74117660522461
2023-11-17,Close,MT.AS,21.470781326293945
2023-11-17,High,AC.PA,30.74380108797753
2023-11-17,High,AI.PA,152.25669362537113
2023-11-17,High,AIR.PA,131.49133260023387
2023-11-17,High,BNP.PA,53.347073877425146
2023-11-17,High,CS.PA,26.7977014000827
2023-11-17,High,MT.AS,21.656845639205507
2023-11-17,Low,AC.PA,30.219758140554134
2023-11-17,Low,AI.PA,151.1131167148303
2023-11-17,Low,AIR.PA,130.000501199246
2023-11-17,Low,BNP.PA,52.68187587029874
2023-11-17,Low,CS.PA,26.36434164468595
2023-11-17,Low,MT.AS,21.083965919439617
2023-11-17,Open,AC.PA,30.22946284524529
2023-11-17,Open,AI.PA,151.16671157292464
2023-11-17,Open,AIR.PA,130.99438879990458
2023-11-17,Open,BNP.PA,52.70061429537135
2023-11-17,Open,CS.PA,26.449129735418506
2023-11-17,Open,MT.AS,21.083965919439617
2023-11-17,Volume,AC.PA,708848.0
2023-11-17,Volume,AI.PA,913701.0
2023-11-17,Volume,AIR.PA,1069193.0
2023-11-17,Volume,BNP.PA,2600953.0
2023-11-17,Volume,CS.PA,3709351.0
2023-11-17,Volume,MT.AS,3668591.0
2023-11-20,Close,AC.PA,30.879663467407227
2023-11-20,Close,AI.PA,152.2924346923828
2023-11-20,Close,AIR.PA,132.22679138183594
2023-11-20,Close,BNP.PA,53.215911865234375
2023-11-20,Close,CS.PA,26.69407081604004
2023-11-20,Close,MT.AS,21.55402183532715
2023-11-20,High,AC.PA,30.879663467407227
2023-11-20,High,AI.PA,152.66767369304495
2023-11-20,High,AIR.PA,133.14118126244787
2023-11-20,High,BNP.PA,53.76868293112034
2023-11-20,High,CS.PA,26.8636469956244
2023-11-20,High,MT.AS,21.617675761534173
2023-11-20,Low,AC.PA,30.33621295778823
2023-11-20,Low,AI.PA,151.54195669105854
2023-11-20,Low,AIR.PA,131.65034995545753
2023-11-20,Low,BNP.PA,52.91610419295616
2023-11-20,Low,CS.PA,26.595151976912767
2023-11-20,Low,MT.AS,21.338580219948277
2023-11-20,Open,AC.PA,30.36532707206508
2023-11-20,Open,AI.PA,151.88146078629055
2023-11-20,Open,AIR.PA,131.888873258643
2023-11-20,Open,BNP.PA,53.49698111124653
2023-11-20,Open,CS.PA,26.802412550578453
2023-11-20,Open,MT.AS,21.583401001538316
2023-11-20,Volume,AC.PA,604700.0
2023-11-20,Volume,AI.PA,501199.0
2023-11-20,Volume,AIR.PA,821385.0
2023-11-20,Volume,BNP.PA,1565294.0
2023-11-20,Volume,CS.PA,1623386.0
2023-11-20,Volume,MT.AS,2238451.0
2023-11-21,Close,AC.PA,30.98641395568848
2023-11-21,Close,AI.PA,153.2930450439453
2023-11-21,Close,AIR.PA,132.94239807128906
2023-11-21,Close,BNP.PA,52.89736557006836
2023-11-21,Close,CS.PA,26.56689071655273
2023-11-21,Close,MT.AS,21.431612014770508
2023-11-21,High,AC.PA,31.03493562941911
2023-11-21,High,AI.PA,153.471734552886
2023-11-21,High,AIR.PA,133.12130572287705
2023-11-21,High,BNP.PA,53.06600783184668
2023-11-21,High,CS.PA,26.609284761829105
2023-11-21,High,MT.AS,21.568711058401785
2023-11-21,Low,AC.PA,30.763211294954445
2023-11-21,Low,AI.PA,151.84571400627152
2023-11-21,Low,AIR.PA,131.59071034742846
2023-11-21,Low,BNP.PA,52.53197519421179
2023-11-21,Low,CS.PA,26.43028748211877
2023-11-21,Low,MT.AS,21.338580787711336
2023-11-21,Open,AC.PA,30.772914148914005
2023-11-21,Open,AI.PA,151.95291871417828
2023-11-21,Open,AIR.PA,132.14730013474133
2023-11-21,Open,BNP.PA,52.93484242246117
2023-11-21,Open,CS.PA,26.60457331408127
2023-11-21,Open,MT.AS,21.392439792113358
2023-11-21,Volume,AC.PA,453175.0
2023-11-21,Volume,AI.PA,425603.0
2023-11-21,Volume,AIR.PA,703963.0
2023-11-21,Volume,BNP.PA,1393885.0
2023-11-21,Volume,CS.PA,1952862.0
2023-11-21,Volume,MT.AS,2118267.0
2023-11-22,Close,AC.PA,31.31636619567871
2023-11-22,Close,AI.PA,154.41876220703125
2023-11-22,Close,AIR.PA,133.18092346191406
2023-11-22,Close,BNP.PA,53.009796142578125
2023-11-22,Close,CS.PA,26.60457420349121
2023-11-22,Close,MT.AS,21.833118438720703
2023-11-22,High,AC.PA,31.384297278591777
2023-11-22,High,AI.PA,154.6153116697255
2023-11-22,High,AIR.PA,133.28031827697404
2023-11-22,High,BNP.PA,53.18780583051145
2023-11-22,High,CS.PA,26.840096285813438
2023-11-22,High,MT.AS,21.96042442949168
2023-11-22,Low,AC.PA,31.005823044657166
2023-11-22,Low,AI.PA,153.3109202404896
2023-11-22,Low,AIR.PA,131.8491178670196
2023-11-22,Low,BNP.PA,52.80367702834738
2023-11-22,Low,CS.PA,26.538628307943533
2023-11-22,Low,MT.AS,21.500162010138872
2023-11-22,Open,AC.PA,31.054344717885588
2023-11-22,Open,AI.PA,153.7576290177993
2023-11-22,Open,AIR.PA,133.0616618162577
2023-11-22,Open,BNP.PA,53.05664042108802
2023-11-22,Open,CS.PA,26.63754715126505
2023-11-22,Open,MT.AS,21.509955066018858
2023-11-22,Volume,AC.PA,406256.0
2023-11-22,Volume,AI.PA,546596.0
2023-11-22,Volume,AIR.PA,743890.0
2023-11-22,Volume,BNP.PA,976809.0
2023-11-22,Volume,CS.PA,2072849.0
2023-11-22,Volume,MT.AS,2961274.0
2023-11-23,Close,AC.PA,30.772912979125977
2023-11-23,Close,AI.PA,154.50811767578125
2023-11-23,Close,AIR.PA,133.75738525390625
2023-11-23,Close,BNP.PA,53.309600830078125
2023-11-23,Close,CS.PA,26.60457420349121
2023-11-23,Close,MT.AS,21.867393493652344
2023-11-23,High,AC.PA,31.364887001249308
2023-11-23,High,AI.PA,154.81187186761858
2023-11-23,High,AIR.PA,134.8109036064399
2023-11-23,High,BNP.PA,53.41265680743607
2023-11-23,High,CS.PA,26.70820449471807
2023-11-23,High,MT.AS,22.01918306007618
2023-11-23,Low,AC.PA,30.74380071638754
2023-11-23,Low,AI.PA,153.93632920151398
2023-11-23,Low,AIR.PA,132.82312855169113
2023-11-23,Low,BNP.PA,52.962945325730736
2023-11-23,Low,CS.PA,26.49152461023544
2023-11-23,Low,MT.AS,21.818430081430176
2023-11-23,Open,AC.PA,31.33577473851087
2023-11-23,Open,AI.PA,154.56171253565617
2023-11-23,Open,AIR.PA,133.1411798399006
2023-11-23,Open,BNP.PA,53.01916060118984
2023-11-23,Open,CS.PA,26.68936229687848
2023-11-23,Open,MT.AS,21.916356905874512
2023-11-23,Volume,AC.PA,572227.0
2023-11-23,Volume,AI.PA,319927.0
2023-11-23,Volume,AIR.PA,695308.0
2023-11-23,Volume,BNP.PA,1119936.0
2023-11-23,Volume,CS.PA,1692762.0
2023-11-23,Volume,MT.AS,1720080.0
2023-11-24,Close,AC.PA,30.73409652709961
2023-11-24,Close,AI.PA,155.1513671875
2023-11-24,Close,AIR.PA,133.83689880371094
2023-11-24,Close,BNP.PA,53.431396484375
2023-11-24,Close,CS.PA,26.8071231842041
2023-11-24,Close,MT.AS,21.877185821533203
2023-11-24,High,AC.PA,30.89907280565489
2023-11-24,High,AI.PA,155.29432179586547
2023-11-24,High,AIR.PA,134.7115095200025
2023-11-24,High,BNP.PA,53.65625401749019
2023-11-24,High,CS.PA,27.0002512187244
2023-11-24,High,MT.AS,22.05345708820135
2023-11-24,Low,AC.PA,30.66616544492682
2023-11-24,Low,AI.PA,154.04352520677858
2023-11-24,Low,AIR.PA,133.79713480970847
2023-11-24,Low,BNP.PA,53.25338680223452
2023-11-24,Low,CS.PA,26.609285498696373
2023-11-24,Low,MT.AS,21.700914554865054
2023-11-24,Open,AC.PA,30.68557485439995
2023-11-24,Open,AI.PA,154.04352520677858
2023-11-24,Open,AIR.PA,133.8766476321932
2023-11-24,Open,BNP.PA,53.31896950481202
2023-11-24,Open,CS.PA,26.6139951496838
2023-11-24,Open,MT.AS,21.83311800486617
2023-11-24,Volume,AC.PA,360204.0
2023-11-24,Volume,AI.PA,512656.0
2023-11-24,Volume,AIR.PA,713509.0
2023-11-24,Volume,BNP.PA,1275412.0
2023-11-24,Volume,CS.PA,2276937.0
2023-11-24,Volume,MT.AS,1961917.0
2023-11-27,Close,AC.PA,30.782617568969727
2023-11-27,Close,AI.PA,155.25857543945312
2023-11-27,Close,AIR.PA,132.78338623046875
2023-11-27,Close,BNP.PA,52.8598861694336
2023-11-27,Close,CS.PA,26.71762466430664
2023-11-27,Close,MT.AS,22.024076461791992
2023-11-27,High,AC.PA,30.93788913960645
2023-11-27,High,AI.PA,156.08052321796072
2023-11-27,High,AIR.PA,134.0953099448232
2023-11-27,High,BNP.PA,53.468872482496415
2023-11-27,High,CS.PA,26.844806799963717
2023-11-27,High,MT.AS,22.14159125439549
2023-11-27,Low,AC.PA,30.656460111946057
2023-11-27,Low,AI.PA,154.81186664623334
2023-11-27,Low,AIR.PA,132.78338623046875
2023-11-27,Low,BNP.PA,52.77556861659853
2023-11-27,Low,CS.PA,26.55275813428118
2023-11-27,Low,MT.AS,21.798841799455747
2023-11-27,Open,AC.PA,30.73409589726442
2023-11-27,Open,AI.PA,155.02629106579258
2023-11-27,Open,AIR.PA,133.93628429292545
2023-11-27,Open,BNP.PA,53.45950505684447
2023-11-27,Open,CS.PA,26.7741494589684
2023-11-27,Open,MT.AS,21.84290961320277
2023-11-27,Volume,AC.PA,282289.0
2023-11-27,Volume,AI.PA,513694.0
2023-11-27,Volume,AIR.PA,725870.0
2023-11-27,Volume,BNP.PA,1421699.0
2023-11-27,Volume,CS.PA,1680635.0
2023-11-27,Volume,MT.AS,2009637.0
2023-11-28,Close,AC.PA,30.72439193725586
2023-11-28,Close,AI.PA,155.77676391601562
2023-11-28,Close,AIR.PA,133.7375030517578
2023-11-28,Close,BNP.PA,52.91610336303711
2023-11-28,Close,CS.PA,26.83067512512207
2023-11-28,Close,MT.AS,22.073043823242188
2023-11-28,High,AC.PA,30.821437134001243
2023-11-28,High,AI.PA,156.1162529904152
2023-11-28,High,AIR.PA,134.09530316768425
2023-11-28,High,BNP.PA,52.91610336303711
2023-11-28,High,CS.PA,26.962568712804664
2023-11-28,High,MT.AS,22.16117759123208
2023-11-28,Low,AC.PA,30.472075166111125
2023-11-28,Low,AI.PA,155.2049754798278
2023-11-28,Low,AIR.PA,132.60447187891077
2023-11-28,Low,BNP.PA,52.43828600970932
2023-11-28,Low,CS.PA,26.66109893873794
2023-11-28,Low,MT.AS,21.877186439669355
2023-11-28,Open,AC.PA,30.69527782293729
2023-11-28,Open,AI.PA,155.31218018820198
2023-11-28,Open,AIR.PA,132.84301034470175
2023-11-28,Open,BNP.PA,52.60692826946955
2023-11-28,Open,CS.PA,26.67994113653415
2023-11-28,Open,MT.AS,21.9946993755455
2023-11-28,Volume,AC.PA,435498.0
2023-11-28,Volume,AI.PA,549441.0
2023-11-28,Volume,AIR.PA,895788.0
2023-11-28,Volume,BNP.PA,1237697.0
2023-11-28,Volume,CS.PA,1774190.0
2023-11-28,Volume,MT.AS,2305056.0
2023-11-29,Close,AC.PA,30.69527816772461
2023-11-29,Close,AI.PA,155.24070739746094
2023-11-29,Close,AIR.PA,134.7313995361328
2023-11-29,Close,BNP.PA,53.32833862304688
2023-11-29,Close,CS.PA,26.792991638183597
2023-11-29,Close,MT.AS,22.35703468322754
2023-11-29,High,AC.PA,30.908777973159246
2023-11-29,High,AI.PA,156.34854934574224
2023-11-29,High,AIR.PA,135.94394361153437
2023-11-29,High,BNP.PA,53.52509031101276
2023-11-29,High,CS.PA,26.957856371207654
2023-11-29,High,MT.AS,22.626337181252147
2023-11-29,Low,AC.PA,30.65646119918034
2023-11-29,Low,AI.PA,154.9726731380354
2023-11-29,Low,AIR.PA,133.49898862806776
2023-11-29,Low,BNP.PA,52.47575988849255
2023-11-29,Low,CS.PA,26.581021412230637
2023-11-29,Low,MT.AS,21.95552873319061
2023-11-29,Open,AC.PA,30.685575313825936
2023-11-29,Open,AI.PA,155.56233651216155
2023-11-29,Open,AIR.PA,133.65799911698122
2023-11-29,Open,BNP.PA,52.560081019338114
2023-11-29,Open,CS.PA,26.712913198649886
2023-11-29,Open,MT.AS,21.96532178902498
2023-11-29,Volume,AC.PA,573326.0
2023-11-29,Volume,AI.PA,465606.0
2023-11-29,Volume,AIR.PA,914186.0
2023-11-29,Volume,BNP.PA,1440565.0
2023-11-29,Volume,CS.PA,2388249.0
2023-11-29,Volume,MT.AS,3056829.0
2023-11-30,Close,AC.PA,30.86995887756348
2023-11-30,Close,AI.PA,155.2764434814453
2023-11-30,Close,AIR.PA,135.3674774169922
2023-11-30,Close,BNP.PA,54.12470245361328
2023-11-30,Close,CS.PA,26.939014434814453
2023-11-30,Close,MT.AS,22.611648559570312
2023-11-30,High,AC.PA,31.16109446846623
2023-11-30,High,AI.PA,156.43789528960457
2023-11-30,High,AIR.PA,135.586133884999
2023-11-30,High,BNP.PA,54.31208313041469
2023-11-30,High,CS.PA,27.01438142733944
2023-11-30,High,MT.AS,22.83198764653184
2023-11-30,Low,AC.PA,30.695277893218464
2023-11-30,Low,AI.PA,154.8475946614053
2023-11-30,Low,AIR.PA,134.07542060573013
2023-11-30,Low,BNP.PA,53.60003727336717
2023-11-30,Low,CS.PA,26.727046003700394
2023-11-30,Low,MT.AS,22.303173837824176
2023-11-30,Open,AC.PA,30.695277893218464
2023-11-30,Open,AI.PA,154.9369394152272
2023-11-30,Open,AIR.PA,134.9699284745362
2023-11-30,Open,BNP.PA,53.71246782384149
2023-11-30,Open,CS.PA,26.87306854096645
2023-11-30,Open,MT.AS,22.37662082275616
2023-11-30,Volume,AC.PA,1890261.0
2023-11-30,Volume,AI.PA,1727049.0
2023-11-30,Volume,AIR.PA,1604084.0
2023-11-30,Volume,BNP.PA,3361523.0
2023-11-30,Volume,CS.PA,7814033.0
2023-11-30,Volume,MT.AS,5122140.0
2023-12-01,Close,AC.PA,31.50074958801269
2023-12-01,Close,AI.PA,154.7404022216797
2023-12-01,Close,AIR.PA,137.23599243164062
2023-12-01,Close,BNP.PA,54.152809143066406
2023-12-01,Close,CS.PA,27.221641540527344
2023-12-01,Close,MT.AS,22.988672256469727
2023-12-01,High,AC.PA,31.50074958801269
2023-12-01,High,AI.PA,156.5629873576954
2023-12-01,High,AIR.PA,137.4546489022301
2023-12-01,High,BNP.PA,54.565047353212925
2023-12-01,High,CS.PA,27.47129436209461
2023-12-01,High,MT.AS,23.027842611087912
2023-12-01,Low,AC.PA,30.88936799948209
2023-12-01,Low,AI.PA,154.34730326861472
2023-12-01,Low,AIR.PA,136.08307925317257
2023-12-01,Low,BNP.PA,53.92795518661303
2023-12-01,Low,CS.PA,27.202799343494505
2023-12-01,Low,MT.AS,22.67040448646299
2023-12-01,Open,AC.PA,30.94759437672711
2023-12-01,Open,AI.PA,155.68742969489674
2023-12-01,Open,AIR.PA,136.28185372674838
2023-12-01,Open,BNP.PA,54.3964050988783
2023-12-01,Open,CS.PA,27.231062639043763
2023-12-01,Open,MT.AS,22.758540119146872
2023-12-01,Volume,AC.PA,886018.0
2023-12-01,Volume,AI.PA,720688.0
2023-12-01,Volume,AIR.PA,1030736.0
2023-12-01,Volume,BNP.PA,1337401.0
2023-12-01,Volume,CS.PA,2544369.0
2023-12-01,Volume,MT.AS,2708033.0
2023-12-04,Close,AC.PA,31.88892936706543
2023-12-04,Close,AI.PA,153.91844177246094
2023-12-04,Close,AIR.PA,136.18247985839844
2023-12-04,Close,BNP.PA,54.78053665161133
2023-12-04,Close,CS.PA,27.36295509338379
2023-12-04,Close,MT.AS,23.052326202392575
2023-12-04,High,AC.PA,32.06361034427736
2023-12-04,High,AI.PA,154.7939993633455
2023-12-04,High,AIR.PA,137.77269088008492
2023-12-04,High,BNP.PA,54.84611935672272
2023-12-04,High,CS.PA,27.40063769147981
2023-12-04,High,MT.AS,23.213906950552108
2023-12-04,Low,AC.PA,31.36488643542965
2023-12-04,Low,AI.PA,152.4353608513914
2023-12-04,Low,AIR.PA,136.18247985839844
2023-12-04,Low,BNP.PA,54.28397728921021
2023-12-04,Low,CS.PA,27.11801191664165
2023-12-04,Low,MT.AS,22.836882714400712
2023-12-04,Open,AC.PA,31.42311466182236
2023-12-04,Open,AI.PA,154.59744990295667
2023-12-04,Open,AIR.PA,137.0570906123937
2023-12-04,Open,BNP.PA,54.34019256815827
2023-12-04,Open,CS.PA,27.202800008471268
2023-12-04,Open,MT.AS,22.92501834715477
2023-12-04,Volume,AC.PA,864929.0
2023-12-04,Volume,AI.PA,510456.0
2023-12-04,Volume,AIR.PA,816260.0
2023-12-04,Volume,BNP.PA,1595873.0
2023-12-04,Volume,CS.PA,1894699.0
2023-12-04,Volume,MT.AS,2373161.0
2023-12-05,Close,AC.PA,32.2188835144043
2023-12-05,Close,AI.PA,155.84823608398438
2023-12-05,Close,AIR.PA,135.72528076171875
2023-12-05,Close,BNP.PA,55.98913192749024
2023-12-05,Close,CS.PA,27.57492446899414
2023-12-05,Close,MT.AS,23.00825881958008
2023-12-05,High,AC.PA,32.4129739100627
2023-12-05,High,AI.PA,155.86611103353243
2023-12-05,High,AIR.PA,136.16259370814058
2023-12-05,High,BNP.PA,56.073453054636616
2023-12-05,High,CS.PA,27.603185967468217
2023-12-05,High,MT.AS,23.160046514978937
2023-12-05,Low,AC.PA,31.87922439651049
2023-12-05,Low,AI.PA,153.7397568212292
2023-12-05,Low,AIR.PA,134.4133570879737
2023-12-05,Low,BNP.PA,54.39640508537508
2023-12-05,Low,CS.PA,27.30171800447273
2023-12-05,Low,MT.AS,22.876055367957765
2023-12-05,Open,AC.PA,31.888930952374928
2023-12-05,Open,AI.PA,153.84697652699143
2023-12-05,Open,AIR.PA,135.66564993548312
2023-12-05,Open,BNP.PA,54.60252061640797
2023-12-05,Open,CS.PA,27.41476938904144
2023-12-05,Open,MT.AS,22.8809509619433
2023-12-05,Volume,AC.PA,835224.0
2023-12-05,Volume,AI.PA,553335.0
2023-12-05,Volume,AIR.PA,1169855.0
2023-12-05,Volume,BNP.PA,3181718.0
2023-12-05,Volume,CS.PA,2838949.0
2023-12-05,Volume,MT.AS,2169639.0
2023-12-06,Close,AC.PA,32.74292755126953
2023-12-06,Close,AI.PA,154.97268676757812
2023-12-06,Close,AIR.PA,137.45465087890625
2023-12-06,Close,BNP.PA,56.83234405517578
2023-12-06,Close,CS.PA,27.94705009460449
2023-12-06,Close,MT.AS,23.096391677856445
2023-12-06,High,AC.PA,33.09228583260953
2023-12-06,High,AI.PA,156.20560847953854
2023-12-06,High,AIR.PA,138.42865642929868
2023-12-06,High,BNP.PA,57.11341329190184
2023-12-06,High,CS.PA,28.055390032751102
2023-12-06,High,MT.AS,23.370591626123183
2023-12-06,Low,AC.PA,32.20917802012542
2023-12-06,Low,AI.PA,153.23946138639522
2023-12-06,Low,AIR.PA,135.18858848341014
2023-12-06,Low,BNP.PA,55.79238466269902
2023-12-06,Low,CS.PA,27.61260738471012
2023-12-06,Low,MT.AS,23.096391677856445
2023-12-06,Open,AC.PA,32.296518515952044
2023-12-06,Open,AI.PA,155.88397933655128
2023-12-06,Open,AIR.PA,135.90418873099003
2023-12-06,Open,BNP.PA,56.05471904776736
2023-12-06,Open,CS.PA,27.702106922620096
2023-12-06,Open,MT.AS,23.23349258590698
2023-12-06,Volume,AC.PA,987250.0
2023-12-06,Volume,AI.PA,755626.0
2023-12-06,Volume,AIR.PA,1020974.0
2023-12-06,Volume,BNP.PA,2813151.0
2023-12-06,Volume,CS.PA,4552298.0
2023-12-06,Volume,MT.AS,1825380.0
2023-12-07,Close,AC.PA,33.053470611572266
2023-12-07,Close,AI.PA,155.3657989501953
2023-12-07,Close,AIR.PA,137.5142822265625
2023-12-07,Close,BNP.PA,57.25394821166992
2023-12-07,Close,CS.PA,28.16373062133789
2023-12-07,Close,MT.AS,23.08170318603516
2023-12-07,High,AC.PA,33.17962622584671
2023-12-07,High,AI.PA,156.20560670336127
2023-12-07,High,AIR.PA,137.7726875303546
2023-12-07,High,BNP.PA,57.39448103939187
2023-12-07,High,CS.PA,28.20141321957225
2023-12-07,High,MT.AS,23.19432052238558
2023-12-07,Low,AC.PA,32.49060881754845
2023-12-07,Low,AI.PA,155.2585792399095
2023-12-07,Low,AIR.PA,136.7390511496657
2023-12-07,Low,BNP.PA,56.25146569649889
2023-12-07,Low,CS.PA,27.83870900250088
2023-12-07,Low,MT.AS,22.89074327362207
2023-12-07,Open,AC.PA,32.61676813378939
2023-12-07,Open,AI.PA,155.40153385503604
2023-12-07,Open,AIR.PA,137.15648210141623
2023-12-07,Open,BNP.PA,56.54190235151774
2023-12-07,Open,CS.PA,27.862262647899573
2023-12-07,Open,MT.AS,22.99356755448537
2023-12-07,Volume,AC.PA,713259.0
2023-12-07,Volume,AI.PA,428579.0
2023-12-07,Volume,AIR.PA,745169.0
2023-12-07,Volume,BNP.PA,2523276.0
2023-12-07,Volume,CS.PA,3055036.0
2023-12-07,Volume,MT.AS,1788017.0
2023-12-08,Close,AC.PA,33.78130340576172
2023-12-08,Close,AI.PA,156.6344451904297
2023-12-08,Close,AIR.PA,140.95314025878906
2023-12-08,Close,BNP.PA,57.9472541809082
2023-12-08,Close,CS.PA,28.2579402923584
2023-12-08,Close,MT.AS,23.2432861328125
2023-12-08,High,AC.PA,33.94627782394637
2023-12-08,High,AI.PA,157.02754411343474
2023-12-08,High,AIR.PA,141.15191473658516
2023-12-08,High,BNP.PA,57.99410203250909
2023-12-08,High,CS.PA,28.290913240207743
2023-12-08,High,MT.AS,23.478313864367564
2023-12-08,Low,AC.PA,32.898195685800175
2023-12-08,Low,AI.PA,154.9190798969777
2023-12-08,Low,AIR.PA,138.42865737766488
2023-12-08,Low,BNP.PA,57.06656961024647
2023-12-08,Low,CS.PA,27.984733813731395
2023-12-08,Low,MT.AS,23.04253316203624
2023-12-08,Open,AC.PA,33.03405784241485
2023-12-08,Open,AI.PA,155.15136426095685
2023-12-08,Open,AIR.PA,138.8262063332571
2023-12-08,Open,BNP.PA,57.34763884990538
2023-12-08,Open,CS.PA,28.093073756220797
2023-12-08,Open,MT.AS,23.04253316203624
2023-12-08,Volume,AC.PA,1143914.0
2023-12-08,Volume,AI.PA,581366.0
2023-12-08,Volume,AIR.PA,1014223.0
2023-12-08,Volume,BNP.PA,2699114.0
2023-12-08,Volume,CS.PA,2983232.0
2023-12-08,Volume,MT.AS,1840990.0
2023-12-11,Close,AC.PA,33.94628143310547
2023-12-11,Close,AI.PA,157.79588317871094
2023-12-11,Close,AIR.PA,141.43020629882812
2023-12-11,Close,BNP.PA,57.31953430175781
2023-12-11,Close,CS.PA,28.31917381286621
2023-12-11,Close,MT.AS,23.43914222717285
2023-12-11,High,AC.PA,34.334462237818215
2023-12-11,High,AI.PA,157.93883778544227
2023-12-11,High,AIR.PA,142.10604257679682
2023-12-11,High,BNP.PA,58.0128382037517
2023-12-11,High,CS.PA,28.352146759635897
2023-12-11,High,MT.AS,23.493003100551498
2023-12-11,Low,AC.PA,33.693966501418736
2023-12-11,Low,AI.PA,156.52722665043254
2023-12-11,Low,AIR.PA,141.05252416377445
2023-12-11,Low,BNP.PA,57.31953430175781
2023-12-11,Low,CS.PA,28.14488798038489
2023-12-11,Low,MT.AS,22.934811990689948
2023-12-11,Open,AC.PA,33.76189758694849
2023-12-11,Open,AI.PA,156.52722665043254
2023-12-11,Open,AIR.PA,141.17178582094044
2023-12-11,Open,BNP.PA,57.91914964639772
2023-12-11,Open,CS.PA,28.21554532168612
2023-12-11,Open,MT.AS,23.02294762570329
2023-12-11,Volume,AC.PA,1303706.0
2023-12-11,Volume,AI.PA,755194.0
2023-12-11,Volume,AIR.PA,1087430.0
2023-12-11,Volume,BNP.PA,2198940.0
2023-12-11,Volume,CS.PA,2917995.0
2023-12-11,Volume,MT.AS,2928273.0
2023-12-12,Close,AC.PA,34.1985969543457
2023-12-12,Close,AI.PA,159.29684448242188
2023-12-12,Close,AIR.PA,141.807861328125
2023-12-12,Close,BNP.PA,56.98224639892578
2023-12-12,Close,CS.PA,28.328594207763672
2023-12-12,Close,MT.AS,23.468521118164062
2023-12-12,High,AC.PA,34.421799601053586
2023-12-12,High,AI.PA,159.60059866393502
2023-12-12,High,AIR.PA,141.92713814076888
2023-12-12,High,BNP.PA,57.51627900696195
2023-12-12,High,CS.PA,28.43693414401425
2023-12-12,High,MT.AS,24.202983489395148
2023-12-12,Low,AC.PA,33.839528446976935
2023-12-12,Low,AI.PA,157.688683829793
2023-12-12,Low,AIR.PA,139.3430245726007
2023-12-12,Low,BNP.PA,56.916663697867946
2023-12-12,Low,CS.PA,28.16843912876482
2023-12-12,Low,MT.AS,23.39017853994612
2023-12-12,Open,AC.PA,33.90745952632429
2023-12-12,Open,AI.PA,157.77802858756627
2023-12-12,Open,AIR.PA,141.05251228713908
2023-12-12,Open,BNP.PA,57.49754058180412
2023-12-12,Open,CS.PA,28.37569969975792
2023-12-12,Open,MT.AS,23.723134964330967
2023-12-12,Volume,AC.PA,940987.0
2023-12-12,Volume,AI.PA,705783.0
2023-12-12,Volume,AIR.PA,1127503.0
2023-12-12,Volume,BNP.PA,1848851.0
2023-12-12,Volume,CS.PA,3087520.0
2023-12-12,Volume,MT.AS,2884193.0
2023-12-13,Close,AC.PA,33.587215423583984
2023-12-13,Close,AI.PA,159.95797729492188
2023-12-13,Close,AIR.PA,141.43020629882812
2023-12-13,Close,BNP.PA,56.50442886352539
2023-12-13,Close,CS.PA,28.036548614501957
2023-12-13,Close,MT.AS,23.49300193786621
2023-12-13,High,AC.PA,34.25682340129434
2023-12-13,High,AI.PA,160.4582809448268
2023-12-13,High,AIR.PA,142.56323753846817
2023-12-13,High,BNP.PA,57.08530574537635
2023-12-13,High,CS.PA,28.41338358306565
2023-12-13,High,MT.AS,23.71823660827132
2023-12-13,Low,AC.PA,33.587215423583984
2023-12-13,Low,AI.PA,159.04668476113528
2023-12-13,Low,AIR.PA,141.43020629882812
2023-12-13,Low,BNP.PA,56.448213588253694
2023-12-13,Low,CS.PA,27.994154568232855
2023-12-13,Low,MT.AS,23.31673067656332
2023-12-13,Open,AC.PA,34.150073498623186
2023-12-13,Open,AI.PA,159.4755186033057
2023-12-13,Open,AIR.PA,142.1259245748315
2023-12-13,Open,BNP.PA,56.71054439154332
2023-12-13,Open,CS.PA,28.26264959564017
2023-12-13,Open,MT.AS,23.463622771704287
2023-12-13,Volume,AC.PA,1106435.0
2023-12-13,Volume,AI.PA,868743.0
2023-12-13,Volume,AIR.PA,801877.0
2023-12-13,Volume,BNP.PA,2044571.0
2023-12-13,Volume,CS.PA,3424531.0
2023-12-13,Volume,MT.AS,3826627.0
2023-12-14,Close,AC.PA,33.91716766357422
2023-12-14,Close,AI.PA,156.43789672851562
2023-12-14,Close,AIR.PA,139.20388793945312
2023-12-14,Close,BNP.PA,58.91226196289063
2023-12-14,Close,CS.PA,27.560792922973636
2023-12-14,Close,MT.AS,24.21277618408203
2023-12-14,High,AC.PA,34.30534474909748
2023-12-14,High,AI.PA,161.08367401235907
2023-12-14,High,AIR.PA,143.09992531875153
2023-12-14,High,BNP.PA,59.32449659901781
2023-12-14,High,CS.PA,28.21083436482766
2023-12-14,High,MT.AS,24.496767325449184
2023-12-14,Low,AC.PA,33.64543963154495
2023-12-14,Low,AI.PA,155.02628559497617
2023-12-14,Low,AIR.PA,138.70694416404996
2023-12-14,Low,BNP.PA,57.43195852472577
2023-12-14,Low,CS.PA,27.424191482646822
2023-12-14,Low,MT.AS,23.972850991210592
2023-12-14,Open,AC.PA,33.64543963154495
2023-12-14,Open,AI.PA,160.7441699430182
2023-12-14,Open,AIR.PA,141.92714528824987
2023-12-14,Open,BNP.PA,57.441329524404345
2023-12-14,Open,CS.PA,28.03654852931356
2023-12-14,Open,MT.AS,24.01202321365261
2023-12-14,Volume,AC.PA,1383866.0
2023-12-14,Volume,AI.PA,1121831.0
2023-12-14,Volume,AIR.PA,1920121.0
2023-12-14,Volume,BNP.PA,4771017.0
2023-12-14,Volume,CS.PA,4872415.0
2023-12-14,Volume,MT.AS,4350890.0
2023-12-15,Close,AC.PA,33.626033782958984
2023-12-15,Close,AI.PA,157.22410583496094
2023-12-15,Close,AIR.PA,138.6671905517578
2023-12-15,Close,BNP.PA,59.109012603759766
2023-12-15,Close,CS.PA,27.480716705322266
2023-12-15,Close,MT.AS,24.442907333374023
2023-12-15,High,AC.PA,34.072439095323986
2023-12-15,High,AI.PA,158.77865669060773
2023-12-15,High,AIR.PA,140.77422723382207
2023-12-15,High,BNP.PA,59.94285291146042
2023-12-15,High,CS.PA,27.85755167859334
2023-12-15,High,MT.AS,24.58980130498493
2023-12-15,Low,AC.PA,33.626033782958984
2023-12-15,Low,AI.PA,155.99118412244604
2023-12-15,Low,AIR.PA,137.95159032661903
2023-12-15,Low,BNP.PA,58.79983393291021
2023-12-15,Low,CS.PA,27.480716705322266
2023-12-15,Low,MT.AS,24.23725876165385
2023-12-15,Open,AC.PA,33.96568919411359
2023-12-15,Open,AI.PA,156.72380216551343
2023-12-15,Open,AIR.PA,139.6809448994378
2023-12-15,Open,BNP.PA,59.26828386523546
2023-12-15,Open,CS.PA,27.69268693931565
2023-12-15,Open,MT.AS,24.325394397486622
2023-12-15,Volume,AC.PA,1535759.0
2023-12-15,Volume,AI.PA,1985907.0
2023-12-15,Volume,AIR.PA,2828355.0
2023-12-15,Volume,BNP.PA,9283183.0
2023-12-15,Volume,CS.PA,7115339.0
2023-12-15,Volume,MT.AS,5653213.0
2023-12-18,Close,AC.PA,33.558101654052734
2023-12-18,Close,AI.PA,157.22410583496094
2023-12-18,Close,AIR.PA,138.32925415039062
2023-12-18,Close,BNP.PA,58.45318222045898
2023-12-18,Close,CS.PA,27.424190521240234
2023-12-18,Close,MT.AS,25.73556137084961
2023-12-18,High,AC.PA,33.63573558762396
2023-12-18,High,AI.PA,157.5278750233432
2023-12-18,High,AIR.PA,138.68705425489
2023-12-18,High,BNP.PA,59.30576095778456
2023-12-18,High,CS.PA,27.69268553841913
2023-12-18,High,MT.AS,25.804110891208065
2023-12-18,Low,AC.PA,33.21844255152575
2023-12-18,Low,AI.PA,156.2592184055652
2023-12-18,Low,AIR.PA,137.75281274946573
2023-12-18,Low,BNP.PA,58.19085140097092
2023-12-18,Low,CS.PA,27.372375378119607
2023-12-18,Low,MT.AS,24.24705056253845
2023-12-18,Open,AC.PA,33.315489595947554
2023-12-18,Open,AI.PA,157.06329126339497
2023-12-18,Open,AIR.PA,138.46841295846448
2023-12-18,Open,BNP.PA,58.89352630230484
2023-12-18,Open,CS.PA,27.494846064403166
2023-12-18,Open,MT.AS,24.300911433629903
2023-12-18,Volume,AC.PA,671787.0
2023-12-18,Volume,AI.PA,503303.0
2023-12-18,Volume,AIR.PA,950588.0
2023-12-18,Volume,BNP.PA,1563237.0
2023-12-18,Volume,CS.PA,3051134.0
2023-12-18,Volume,MT.AS,6782126.0
2023-12-19,Close,AC.PA,33.77159881591797
2023-12-19,Close,AI.PA,157.70655822753906
2023-12-19,Close,AIR.PA,139.02499389648438
2023-12-19,Close,BNP.PA,58.359493255615234
2023-12-19,Close,CS.PA,27.63145065307617
2023-12-19,Close,MT.AS,25.63763427734375
2023-12-19,High,AC.PA,33.94627979943551
2023-12-19,High,AI.PA,158.68932056807782
2023-12-19,High,AIR.PA,139.24365036844472
2023-12-19,High,BNP.PA,58.67803935162139
2023-12-19,High,CS.PA,27.692686897669034
2023-12-19,High,MT.AS,25.78452638264521
2023-12-19,Low,AC.PA,33.538693305872144
2023-12-19,Low,AI.PA,156.86673550232646
2023-12-19,Low,AIR.PA,138.1304860115047
2023-12-19,Low,BNP.PA,58.247062698914704
2023-12-19,Low,CS.PA,27.28287718026784
2023-12-19,Low,MT.AS,25.40260653529452
2023-12-19,Open,AC.PA,33.538693305872144
2023-12-19,Open,AI.PA,156.9739402138211
2023-12-19,Open,AIR.PA,138.42865530649792
2023-12-19,Open,BNP.PA,58.41570495997616
2023-12-19,Open,CS.PA,27.44774371618848
2023-12-19,Open,MT.AS,25.480949115977594
2023-12-19,Volume,AC.PA,1024766.0
2023-12-19,Volume,AI.PA,662616.0
2023-12-19,Volume,AIR.PA,908313.0
2023-12-19,Volume,BNP.PA,1836408.0
2023-12-19,Volume,CS.PA,3158585.0
2023-12-19,Volume,MT.AS,2405224.0
2023-12-20,Close,AC.PA,33.655147552490234
2023-12-20,Close,AI.PA,158.54637145996094
2023-12-20,Close,AIR.PA,137.03721618652344
2023-12-20,Close,BNP.PA,58.89352416992188
2023-12-20,Close,CS.PA,27.673843383789062
2023-12-20,Close,MT.AS,25.652320861816406
2023-12-20,High,AC.PA,33.8686473644665
2023-12-20,High,AI.PA,159.1538948377101
2023-12-20,High,AIR.PA,139.30327852013787
2023-12-20,High,BNP.PA,59.23080868218825
2023-12-20,High,CS.PA,27.83870811497872
2023-12-20,High,MT.AS,25.857971286945588
2023-12-20,Low,AC.PA,33.49987597158928
2023-12-20,Low,AI.PA,157.43852941967816
2023-12-20,Low,AIR.PA,136.81855971876064
2023-12-20,Low,BNP.PA,58.49065695515807
2023-12-20,Low,CS.PA,27.622028240589227
2023-12-20,Low,MT.AS,25.55928963844505
2023-12-20,Open,AC.PA,33.820121987587164
2023-12-20,Open,AI.PA,157.5457491306575
2023-12-20,Open,AIR.PA,139.22376569863138
2023-12-20,Open,BNP.PA,58.67803763686041
2023-12-20,Open,CS.PA,27.810446616426663
2023-12-20,Open,MT.AS,25.80411041684427
2023-12-20,Volume,AC.PA,475471.0
2023-12-20,Volume,AI.PA,495379.0
2023-12-20,Volume,AIR.PA,948657.0
2023-12-20,Volume,BNP.PA,2125843.0
2023-12-20,Volume,CS.PA,2198311.0
2023-12-20,Volume,MT.AS,1676202.0
2023-12-21,Close,AC.PA,33.655147552490234
2023-12-21,Close,AI.PA,157.90310668945312
2023-12-21,Close,AIR.PA,137.67330932617188
2023-12-21,Close,BNP.PA,58.91226196289063
2023-12-21,Close,CS.PA,27.815156936645508
2023-12-21,Close,MT.AS,25.412397384643555
2023-12-21,High,AC.PA,33.73278149195747
2023-12-21,High,AI.PA,159.29684290881082
2023-12-21,High,AIR.PA,137.9913454599217
2023-12-21,High,BNP.PA,58.91226196289063
2023-12-21,High,CS.PA,27.90465647592313
2023-12-21,High,MT.AS,25.627838995855274
2023-12-21,Low,AC.PA,33.31549212613391
2023-12-21,Low,AI.PA,157.58147756125723
2023-12-21,Low,AIR.PA,135.9638215063947
2023-12-21,Low,BNP.PA,58.1721102438082
2023-12-21,Low,CS.PA,27.68797479942798
2023-12-21,Low,MT.AS,25.24591918166904
2023-12-21,Open,AC.PA,33.40282891979711
2023-12-21,Open,AI.PA,158.5285049919247
2023-12-21,Open,AIR.PA,136.16259598567842
2023-12-21,Open,BNP.PA,58.6499275817286
2023-12-21,Open,CS.PA,27.758632141290224
2023-12-21,Open,MT.AS,25.539703366760868
2023-12-21,Volume,AC.PA,544461.0
2023-12-21,Volume,AI.PA,508890.0
2023-12-21,Volume,AIR.PA,914681.0
2023-12-21,Volume,BNP.PA,1458810.0
2023-12-21,Volume,CS.PA,2996032.0
2023-12-21,Volume,MT.AS,1813924.0
2023-12-22,Close,AC.PA,33.713375091552734
2023-12-22,Close,AI.PA,158.45701599121094
2023-12-22,Close,AIR.PA,138.58767700195312
2023-12-22,Close,BNP.PA,59.0340576171875
2023-12-22,Close,CS.PA,27.92349624633789
2023-12-22,Close,MT.AS,25.54459953308105
2023-12-22,High,AC.PA,33.80071558538965
2023-12-22,High,AI.PA,159.17175903163866
2023-12-22,High,AIR.PA,139.30327722332967
2023-12-22,High,BNP.PA,59.37134213297607
2023-12-22,High,CS.PA,28.10720317476525
2023-12-22,High,MT.AS,25.61804651491761
2023-12-22,Low,AC.PA,33.52898754791568
2023-12-22,Low,AI.PA,157.90310250638373
2023-12-22,Low,AIR.PA,137.49439467331675
2023-12-22,Low,BNP.PA,58.93100163646479
2023-12-22,Low,CS.PA,27.862261801455976
2023-12-22,Low,MT.AS,25.334055378673888
2023-12-22,Open,AC.PA,33.567806367835736
2023-12-22,Open,AI.PA,158.13538687153542
2023-12-22,Open,AIR.PA,137.87207678057658
2023-12-22,Open,BNP.PA,59.02469019129972
2023-12-22,Open,CS.PA,27.932917344832987
2023-12-22,Open,MT.AS,25.40260489887636
2023-12-22,Volume,AC.PA,395843.0
2023-12-22,Volume,AI.PA,365251.0
2023-12-22,Volume,AIR.PA,550002.0
2023-12-22,Volume,BNP.PA,1279974.0
2023-12-22,Volume,CS.PA,1866086.0
2023-12-22,Volume,MT.AS,1197161.0
2023-12-27,Close,AC.PA,33.66484832763672
2023-12-27,Close,AI.PA,157.97457885742188
2023-12-27,Close,AIR.PA,138.5677947998047
2023-12-27,Close,BNP.PA,59.015323638916016
2023-12-27,Close,CS.PA,27.86697196960449
2023-12-27,Close,MT.AS,25.417295455932617
2023-12-27,High,AC.PA,33.79100763619203
2023-12-27,High,AI.PA,158.92160630224166
2023-12-27,High,AIR.PA,139.16413337190707
2023-12-27,High,BNP.PA,59.530617846113685
2023-12-27,High,CS.PA,27.980023356753623
2023-12-27,High,MT.AS,25.62784149397771
2023-12-27,Low,AC.PA,33.57750783740094
2023-12-27,Low,AI.PA,157.7244195326949
2023-12-27,Low,AIR.PA,138.17024586208302
2023-12-27,Low,BNP.PA,58.80920452644122
2023-12-27,Low,CS.PA,27.777474227575777
2023-12-27,Low,MT.AS,25.37322763708982
2023-12-27,Open,AC.PA,33.63573606488021
2023-12-27,Open,AI.PA,158.38555274865
2023-12-27,Open,AIR.PA,138.9057129134201
2023-12-27,Open,BNP.PA,59.11837962116409
2023-12-27,Open,CS.PA,27.932917863403635
2023-12-27,Open,MT.AS,25.500535499451004
2023-12-27,Volume,AC.PA,330692.0
2023-12-27,Volume,AI.PA,340940.0
2023-12-27,Volume,AIR.PA,489581.0
2023-12-27,Volume,BNP.PA,1184940.0
2023-12-27,Volume,CS.PA,1582566.0
2023-12-27,Volume,MT.AS,1464957.0
2023-12-28,Close,AC.PA,33.538692474365234
2023-12-28,Close,AI.PA,157.42066955566406
2023-12-28,Close,AIR.PA,138.82620239257812
2023-12-28,Close,BNP.PA,58.509395599365234
2023-12-28,Close,CS.PA,27.725658416748047
2023-12-28,Close,MT.AS,25.358537673950195
2023-12-28,High,AC.PA,33.82011965019614
2023-12-28,High,AI.PA,158.56424650167716
2023-12-28,High,AIR.PA,139.32314615572255
2023-12-28,High,BNP.PA,59.24954732916122
2023-12-28,High,CS.PA,28.03654747782012
2023-12-28,High,MT.AS,25.583772350671065
2023-12-28,Low,AC.PA,33.49987365633123
2023-12-28,Low,AI.PA,157.27771493953054
2023-12-28,Low,AIR.PA,138.60756108907307
2023-12-28,Low,BNP.PA,58.40633604534437
2023-12-28,Low,CS.PA,27.702106569084712
2023-12-28,Low,MT.AS,25.294883746064947
2023-12-28,Open,AC.PA,33.664848080026374
2023-12-28,Open,AI.PA,158.20686745922524
2023-12-28,Open,AIR.PA,138.98522803650917
2023-12-28,Open,BNP.PA,59.13711677532614
2023-12-28,Open,CS.PA,27.984732334826308
2023-12-28,Open,MT.AS,25.500534179296373
2023-12-28,Volume,AC.PA,304280.0
2023-12-28,Volume,AI.PA,304956.0
2023-12-28,Volume,AIR.PA,502781.0
2023-12-28,Volume,BNP.PA,856379.0
2023-12-28,Volume,CS.PA,1516227.0
2023-12-28,Volume,MT.AS,1124710.0
2023-12-29,Close,AC.PA,33.57750701904297
2023-12-29,Close,AI.PA,157.34918212890625
2023-12-29,Close,AIR.PA,138.92559814453125
2023-12-29,Close,BNP.PA,58.64056015014648
2023-12-29,Close,CS.PA,27.78218460083008
2023-12-29,Close,MT.AS,25.14309501647949
2023-12-29,High,AC.PA,33.71337287984994
2023-12-29,High,AI.PA,158.2068648241305
2023-12-29,High,AIR.PA,139.56168555900769
2023-12-29,High,BNP.PA,58.88415253192689
2023-12-29,High,CS.PA,27.89052454301574
2023-12-29,High,MT.AS,25.461362798595715
2023-12-29,Low,AC.PA,33.50957593962257
2023-12-29,Low,AI.PA,157.25985236554493
2023-12-29,Low,AIR.PA,138.60756202005314
2023-12-29,Low,BNP.PA,58.48128532152956
2023-12-29,Low,CS.PA,27.735080903146187
2023-12-29,Low,MT.AS,25.08923601030955
2023-12-29,Open,AC.PA,33.558101312322435
2023-12-29,Open,AI.PA,157.70656116540567
2023-12-29,Open,AIR.PA,138.60756202005314
2023-12-29,Open,BNP.PA,58.48128532152956
2023-12-29,Open,CS.PA,27.79631535075707
2023-12-29,Open,MT.AS,25.338952400525542
2023-12-29,Volume,AC.PA,178636.0
2023-12-29,Volume,AI.PA,327980.0
2023-12-29,Volume,AIR.PA,437768.0
2023-12-29,Volume,BNP.PA,764511.0
2023-12-29,Volume,CS.PA,1522097.0
2023-12-29,Volume,MT.AS,1357493.0
2024-01-02,Close,AC.PA,33.61632537841797
2024-01-02,Close,AI.PA,156.25921630859375
2024-01-02,Close,AIR.PA,140.4164276123047
2024-01-02,Close,BNP.PA,59.36197280883789
2024-01-02,Close,CS.PA,27.998863220214844
2024-01-02,Close,MT.AS,25.285091400146484
2024-01-02,High,AC.PA,34.0142089961592
2024-01-02,High,AI.PA,158.86799931966658
2024-01-02,High,AIR.PA,141.52957678173786
2024-01-02,High,BNP.PA,59.79294586567992
2024-01-02,High,CS.PA,28.234385291775205
2024-01-02,High,MT.AS,25.56908441881042
2024-01-02,Low,AC.PA,33.55810085511729
2024-01-02,Low,AI.PA,154.25795667036874
2024-01-02,Low,AIR.PA,139.26351444938032
2024-01-02,Low,BNP.PA,58.83730762616771
2024-01-02,Low,CS.PA,27.904655829103344
2024-01-02,Low,MT.AS,25.050063661166558
2024-01-02,Open,AC.PA,33.655144195262515
2024-01-02,Open,AI.PA,158.1175363276845
2024-01-02,Open,AIR.PA,139.52193491051304
2024-01-02,Open,BNP.PA,58.95910560274972
2024-01-02,Open,CS.PA,27.942338426169783
2024-01-02,Open,MT.AS,25.32426362389369
2024-01-02,Volume,AC.PA,384129.0
2024-01-02,Volume,AI.PA,562469.0
2024-01-02,Volume,AIR.PA,832401.0
2024-01-02,Volume,BNP.PA,1453297.0
2024-01-02,Volume,CS.PA,1974674.0
2024-01-02,Volume,MT.AS,1252935.0
2024-01-03,Close,AC.PA,33.354305267333984
2024-01-03,Close,AI.PA,153.63255310058594
2024-01-03,Close,AIR.PA,136.32162475585938
2024-01-03,Close,BNP.PA,57.77861022949219
2024-01-03,Close,CS.PA,27.97060203552246
2024-01-03,Close,MT.AS,24.863998413085938
2024-01-03,High,AC.PA,33.81041712879839
2024-01-03,High,AI.PA,156.11625636221424
2024-01-03,High,AIR.PA,140.0586366147077
2024-01-03,High,BNP.PA,59.72736357214522
2024-01-03,High,CS.PA,28.356858093464734
2024-01-03,High,MT.AS,25.250815703007117
2024-01-03,Low,AC.PA,33.16021487722362
2024-01-03,Low,AI.PA,152.84634023490636
2024-01-03,Low,AIR.PA,135.78491696743478
2024-01-03,Low,BNP.PA,57.5443852743073
2024-01-03,Low,CS.PA,27.83870845208281
2024-01-03,Low,MT.AS,24.52614640103512
2024-01-03,Open,AC.PA,33.587214475859675
2024-01-03,Open,AI.PA,156.04478655508785
2024-01-03,Open,AIR.PA,139.62132365096056
2024-01-03,Open,BNP.PA,59.63367501966695
2024-01-03,Open,CS.PA,28.24380670721515
2024-01-03,Open,MT.AS,25.187161775692832
2024-01-03,Volume,AC.PA,656587.0
2024-01-03,Volume,AI.PA,683417.0
2024-01-03,Volume,AIR.PA,873134.0
2024-01-03,Volume,BNP.PA,2161179.0
2024-01-03,Volume,CS.PA,2614796.0
2024-01-03,Volume,MT.AS,2284205.0
2024-01-04,Close,AC.PA,33.499874114990234
2024-01-04,Close,AI.PA,153.72189331054688
2024-01-04,Close,AIR.PA,138.52804565429688
2024-01-04,Close,BNP.PA,58.94036865234375
2024-01-04,Close,CS.PA,28.182573318481445
2024-01-04,Close,MT.AS,24.98151397705078
2024-01-04,High,AC.PA,33.54839578721394
2024-01-04,High,AI.PA,153.9541776747186
2024-01-04,High,AIR.PA,138.86596376713672
2024-01-04,High,BNP.PA,58.94036865234375
2024-01-04,High,CS.PA,28.26264996420573
2024-01-04,High,MT.AS,25.172473897006277
2024-01-04,Low,AC.PA,33.15051215183346
2024-01-04,Low,AI.PA,152.91782051475036
2024-01-04,Low,AIR.PA,136.65953228714986
2024-01-04,Low,BNP.PA,57.71302857820409
2024-01-04,Low,CS.PA,27.96589163645212
2024-01-04,Low,MT.AS,24.834621874610743
2024-01-04,Open,AC.PA,33.169921561116205
2024-01-04,Open,AI.PA,153.40026419222826
2024-01-04,Open,AIR.PA,136.73904510761568
2024-01-04,Open,BNP.PA,57.94725353765133
2024-01-04,Open,CS.PA,27.96589163645212
2024-01-04,Open,MT.AS,24.859103580378346
2024-01-04,Volume,AC.PA,480262.0
2024-01-04,Volume,AI.PA,565257.0
2024-01-04,Volume,AIR.PA,815848.0
2024-01-04,Volume,BNP.PA,2020844.0
2024-01-04,Volume,CS.PA,2269789.0
2024-01-04,Volume,MT.AS,2447980.0
2024-01-05,Close,AC.PA,33.25726318359375
2024-01-05,Close,AI.PA,152.48898315429688
2024-01-05,Close,AIR.PA,138.84608459472656
2024-01-05,Close,BNP.PA,59.024688720703125
2024-01-05,Close,CS.PA,28.144887924194336
2024-01-05,Close,MT.AS,24.87869071960449
2024-01-05,High,AC.PA,33.39312535122981
2024-01-05,High,AI.PA,153.31093096100585
2024-01-05,High,AIR.PA,139.30327953032423
2024-01-05,High,BNP.PA,59.31512895183793
2024-01-05,High,CS.PA,28.18728196951227
2024-01-05,High,MT.AS,25.030478422333044
2024-01-05,Low,AC.PA,32.69440140113987
2024-01-05,Low,AI.PA,151.30967129990344
2024-01-05,Low,AIR.PA,137.29562247790687
2024-01-05,Low,BNP.PA,58.08778889973958
2024-01-05,Low,CS.PA,27.76334151633293
2024-01-05,Low,MT.AS,24.48697593980752
2024-01-05,Open,AC.PA,33.247556627638936
2024-01-05,Open,AI.PA,152.77487739159722
2024-01-05,Open,AIR.PA,137.41488412827144
2024-01-05,Open,BNP.PA,58.40633498182675
2024-01-05,Open,CS.PA,28.08365168164825
2024-01-05,Open,MT.AS,24.898274964326745
2024-01-05,Volume,AC.PA,580694.0
2024-01-05,Volume,AI.PA,519433.0
2024-01-05,Volume,AIR.PA,585324.0
2024-01-05,Volume,BNP.PA,1708603.0
2024-01-05,Volume,CS.PA,2332092.0
2024-01-05,Volume,MT.AS,1465700.0
2024-01-08,Close,AC.PA,33.59691619873047
2024-01-08,Close,AI.PA,152.98928833007812
2024-01-08,Close,AIR.PA,142.32469177246094
2024-01-08,Close,BNP.PA,59.15585708618164
2024-01-08,Close,CS.PA,28.17786026000977
2024-01-08,Close,MT.AS,24.88358497619629
2024-01-08,High,AC.PA,33.59691619873047
2024-01-08,High,AI.PA,153.13222793824397
2024-01-08,High,AIR.PA,142.7023738881796
2024-01-08,High,BNP.PA,59.25891664348687
2024-01-08,High,CS.PA,28.22967540281844
2024-01-08,High,MT.AS,24.95213449862549
2024-01-08,Low,AC.PA,32.90789885389647
2024-01-08,Low,AI.PA,151.70275687777286
2024-01-08,Low,AIR.PA,139.80022411005146
2024-01-08,Low,BNP.PA,58.51876489010326
2024-01-08,Low,CS.PA,27.94233819043637
2024-01-08,Low,MT.AS,24.580007719223644
2024-01-08,Open,AC.PA,33.14080805458328
2024-01-08,Open,AI.PA,152.09587079175398
2024-01-08,Open,AIR.PA,140.63508599851568
2024-01-08,Open,BNP.PA,59.02469167651657
2024-01-08,Open,CS.PA,28.144887314020757
2024-01-08,Open,MT.AS,24.75138152529665
2024-01-08,Volume,AC.PA,430547.0
2024-01-08,Volume,AI.PA,419873.0
2024-01-08,Volume,AIR.PA,747456.0
2024-01-08,Volume,BNP.PA,1121894.0
2024-01-08,Volume,CS.PA,1290406.0
2024-01-08,Volume,MT.AS,1121725.0
2024-01-09,Close,AC.PA,33.61632537841797
2024-01-09,Close,AI.PA,152.75698852539062
2024-01-09,Close,AIR.PA,142.24517822265625
2024-01-09,Close,BNP.PA,58.67803955078125
2024-01-09,Close,CS.PA,27.91878700256348
2024-01-09,Close,MT.AS,24.271533966064453
2024-01-09,High,AC.PA,33.81041576067455
2024-01-09,High,AI.PA,153.09649258743312
2024-01-09,High,AIR.PA,143.89503515965285
2024-01-09,High,BNP.PA,59.12775105714173
2024-01-09,High,CS.PA,28.173151274967022
2024-01-09,High,MT.AS,24.8639998538694
2024-01-09,Low,AC.PA,33.50957548307855
2024-01-09,Low,AI.PA,152.0958703459177
2024-01-09,Low,AIR.PA,141.56934198274158
2024-01-09,Low,BNP.PA,58.33138402742871
2024-01-09,Low,CS.PA,27.78689521549089
2024-01-09,Low,MT.AS,24.271533966064453
2024-01-09,Open,AC.PA,33.771596943830005
2024-01-09,Open,AI.PA,153.04288273664682
2024-01-09,Open,AIR.PA,143.87515316273766
2024-01-09,Open,BNP.PA,59.12775105714173
2024-01-09,Open,CS.PA,28.173151274967022
2024-01-09,Open,MT.AS,24.81993203514968
2024-01-09,Volume,AC.PA,525219.0
2024-01-09,Volume,AI.PA,430997.0
2024-01-09,Volume,AIR.PA,673117.0
2024-01-09,Volume,BNP.PA,1334945.0
2024-01-09,Volume,CS.PA,2210701.0
2024-01-09,Volume,MT.AS,2488927.0
2024-01-10,Close,AC.PA,33.83953094482422
2024-01-10,Close,AI.PA,153.18585205078125
2024-01-10,Close,AIR.PA,143.15956115722656
2024-01-10,Close,BNP.PA,58.49065780639648
2024-01-10,Close,CS.PA,27.82457733154297
2024-01-10,Close,MT.AS,24.20787811279297
2024-01-10,High,AC.PA,33.97539311354751
2024-01-10,High,AI.PA,153.7755154787693
2024-01-10,High,AIR.PA,143.75589977479595
2024-01-10,High,BNP.PA,58.865419175255234
2024-01-10,High,CS.PA,27.975311313271543
2024-01-10,High,MT.AS,24.51635281933602
2024-01-10,Low,AC.PA,33.50957837708203
2024-01-10,Low,AI.PA,152.25669952391158
2024-01-10,Low,AIR.PA,141.96689908760885
2024-01-10,Low,BNP.PA,58.190850140905205
2024-01-10,Low,CS.PA,27.74450068988939
2024-01-10,Low,MT.AS,24.070779073366868
2024-01-10,Open,AC.PA,33.567806607377634
2024-01-10,Open,AI.PA,153.13224219484673
2024-01-10,Open,AIR.PA,142.10604274297222
2024-01-10,Open,BNP.PA,58.312648121882695
2024-01-10,Open,CS.PA,27.83870808080165
2024-01-10,Open,MT.AS,24.10505383322339
2024-01-10,Volume,AC.PA,533807.0
2024-01-10,Volume,AI.PA,409006.0
2024-01-10,Volume,AIR.PA,468643.0
2024-01-10,Volume,BNP.PA,1448019.0
2024-01-10,Volume,CS.PA,1829152.0
2024-01-10,Volume,MT.AS,2137549.0
2024-01-11,Close,AC.PA,33.86864471435547
2024-01-11,Close,AI.PA,154.3472900390625
2024-01-11,Close,AIR.PA,143.00054931640625
2024-01-11,Close,BNP.PA,56.96350860595703
2024-01-11,Close,CS.PA,27.537240982055664
2024-01-11,Close,MT.AS,23.81126976013184
2024-01-11,High,AC.PA,34.40239050056575
2024-01-11,High,AI.PA,155.79462105691715
2024-01-11,High,AIR.PA,144.33235502878722
2024-01-11,High,BNP.PA,58.94036780718334
2024-01-11,High,CS.PA,28.03183698743929
2024-01-11,High,MT.AS,24.501664290073304
2024-01-11,Low,AC.PA,33.82982589667605
2024-01-11,Low,AI.PA,154.11499068146804
2024-01-11,Low,AIR.PA,142.7818928364009
2024-01-11,Low,BNP.PA,56.588750820608745
2024-01-11,Low,CS.PA,27.485425837292368
2024-01-11,Low,MT.AS,23.767201944695813
2024-01-11,Open,AC.PA,34.01420972770398
2024-01-11,Open,AI.PA,154.5081045966019
2024-01-11,Open,AIR.PA,143.835411240688
2024-01-11,Open,BNP.PA,58.83730825466607
2024-01-11,Open,CS.PA,28.02241768556493
2024-01-11,Open,MT.AS,24.4673895300491
2024-01-11,Volume,AC.PA,711966.0
2024-01-11,Volume,AI.PA,626245.0
2024-01-11,Volume,AIR.PA,651259.0
2024-01-11,Volume,BNP.PA,2383953.0
2024-01-11,Volume,CS.PA,2679652.0
2024-01-11,Volume,MT.AS,2455695.0
2024-01-12,Close,AC.PA,34.00450897216797
2024-01-12,Close,AI.PA,156.92034912109375
2024-01-12,Close,AIR.PA,148.28802490234375
2024-01-12,Close,BNP.PA,56.99161911010742
2024-01-12,Close,CS.PA,27.716238021850582
2024-01-12,Close,MT.AS,23.870027542114254
2024-01-12,High,AC.PA,34.3635738029395
2024-01-12,High,AI.PA,157.50999754210704
2024-01-12,High,AIR.PA,148.28802490234375
2024-01-12,High,BNP.PA,57.74113826898496
2024-01-12,High,CS.PA,27.899944953934902
2024-01-12,High,MT.AS,24.114848337418
2024-01-12,Low,AC.PA,33.88805251194496
2024-01-12,Low,AI.PA,155.401533195113
2024-01-12,Low,AIR.PA,144.7299055220998
2024-01-12,Low,BNP.PA,56.66370202098088
2024-01-12,Low,CS.PA,27.65029212796297
2024-01-12,Low,MT.AS,23.713342382546625
2024-01-12,Open,AC.PA,34.00450897216797
2024-01-12,Open,AI.PA,155.52661285940616
2024-01-12,Open,AIR.PA,144.90881317377654
2024-01-12,Open,BNP.PA,57.12278451616233
2024-01-12,Open,CS.PA,27.763341718372928
2024-01-12,Open,MT.AS,23.972851827861565
2024-01-12,Volume,AC.PA,353195.0
2024-01-12,Volume,AI.PA,657419.0
2024-01-12,Volume,AIR.PA,1485150.0
2024-01-12,Volume,BNP.PA,1827811.0
2024-01-12,Volume,CS.PA,1857604.0
2024-01-12,Volume,MT.AS,2151558.0
2024-01-15,Close,AC.PA,34.2956428527832
2024-01-15,Close,AI.PA,156.7773895263672
2024-01-15,Close,AIR.PA,147.115234375
2024-01-15,Close,BNP.PA,57.2633171081543
2024-01-15,Close,CS.PA,27.716238021850582
2024-01-15,Close,MT.AS,23.918991088867188
2024-01-15,High,AC.PA,34.538254926246026
2024-01-15,High,AI.PA,157.00968889311162
2024-01-15,High,AIR.PA,147.93021425210688
2024-01-15,High,BNP.PA,57.50691306751214
2024-01-15,High,CS.PA,27.768053166159667
2024-01-15,High,MT.AS,24.13443458536292
2024-01-15,Low,AC.PA,34.2956428527832
2024-01-15,Low,AI.PA,156.2770858808508
2024-01-15,Low,AIR.PA,147.07547038166604
2024-01-15,Low,BNP.PA,57.12278427682254
2024-01-15,Low,CS.PA,27.58905588497125
2024-01-15,Low,MT.AS,23.899406844686663
2024-01-15,Open,AC.PA,34.39268620138175
2024-01-15,Open,AI.PA,156.95607903989935
2024-01-15,Open,AIR.PA,147.6718089575159
2024-01-15,Open,BNP.PA,57.17899597975954
2024-01-15,Open,CS.PA,27.59376733275799
2024-01-15,Open,MT.AS,24.026712837115053
2024-01-15,Volume,AC.PA,581549.0
2024-01-15,Volume,AI.PA,311543.0
2024-01-15,Volume,AIR.PA,642180.0
2024-01-15,Volume,BNP.PA,1328875.0
2024-01-15,Volume,CS.PA,1671589.0
2024-01-15,Volume,MT.AS,1674942.0
2024-01-16,Close,AC.PA,34.2568244934082
2024-01-16,Close,AI.PA,156.86672973632812
2024-01-16,Close,AIR.PA,146.75743103027344
2024-01-16,Close,BNP.PA,56.91666412353516
2024-01-16,Close,CS.PA,27.895235061645508
2024-01-16,Close,MT.AS,23.68396377563477
2024-01-16,High,AC.PA,34.49943657013484
2024-01-16,High,AI.PA,157.0096843421629
2024-01-16,High,AIR.PA,147.67180570505624
2024-01-16,High,BNP.PA,57.1040448025257
2024-01-16,High,CS.PA,27.895235061645508
2024-01-16,High,MT.AS,23.923888982562108
2024-01-16,Low,AC.PA,34.00450956247776
2024-01-16,Low,AI.PA,155.1692393900272
2024-01-16,Low,AIR.PA,145.80329236303243
2024-01-16,Low,BNP.PA,56.43884678739899
2024-01-16,Low,CS.PA,27.43361201153604
2024-01-16,Low,MT.AS,23.522383018181237
2024-01-16,Open,AC.PA,34.13066517695973
2024-01-16,Open,AI.PA,155.88396743191305
2024-01-16,Open,AIR.PA,146.6978002071058
2024-01-16,Open,BNP.PA,56.635594892043926
2024-01-16,Open,CS.PA,27.579634547626192
2024-01-16,Open,MT.AS,23.65948206909144
2024-01-16,Volume,AC.PA,601104.0
2024-01-16,Volume,AI.PA,489096.0
2024-01-16,Volume,AIR.PA,701781.0
2024-01-16,Volume,BNP.PA,1726074.0
2024-01-16,Volume,CS.PA,2651318.0
2024-01-16,Volume,MT.AS,2103929.0
2024-01-17,Close,AC.PA,33.82012176513672
2024-01-17,Close,AI.PA,155.25857543945312
2024-01-17,Close,AIR.PA,146.14122009277344
2024-01-17,Close,BNP.PA,56.438846588134766
2024-01-17,Close,CS.PA,27.815156936645508
2024-01-17,Close,MT.AS,23.586034774780277
2024-01-17,High,AC.PA,34.0627338400716
2024-01-17,High,AI.PA,155.88397374826616
2024-01-17,High,AIR.PA,146.47915338883777
2024-01-17,High,BNP.PA,56.48569086421972
2024-01-17,High,CS.PA,27.833999134060885
2024-01-17,High,MT.AS,23.62520699900756
2024-01-17,Low,AC.PA,33.5969191004326
2024-01-17,Low,AI.PA,154.3830328028782
2024-01-17,Low,AIR.PA,145.04795287651072
2024-01-17,Low,BNP.PA,55.65185059834441
2024-01-17,Low,CS.PA,27.466585268915264
2024-01-17,Low,MT.AS,23.20901238968214
2024-01-17,Open,AC.PA,34.02391872157654
2024-01-17,Open,AI.PA,155.86611379416482
2024-01-17,Open,AIR.PA,145.50513266124148
2024-01-17,Open,BNP.PA,56.21398905934216
2024-01-17,Open,CS.PA,27.650292201488075
2024-01-17,Open,MT.AS,23.355904494865555
2024-01-17,Volume,AC.PA,576993.0
2024-01-17,Volume,AI.PA,607104.0
2024-01-17,Volume,AIR.PA,737603.0
2024-01-17,Volume,BNP.PA,1829354.0
2024-01-17,Volume,CS.PA,2720352.0
2024-01-17,Volume,MT.AS,2280785.0
2024-01-18,Close,AC.PA,34.3150520324707
2024-01-18,Close,AI.PA,156.4736328125
2024-01-18,Close,AIR.PA,149.1228790283203
2024-01-18,Close,BNP.PA,56.83234405517578
2024-01-18,Close,CS.PA,28.22967529296875
2024-01-18,Close,MT.AS,23.874923706054688
2024-01-18,High,AC.PA,34.44121134637482
2024-01-18,High,AI.PA,157.2419707158631
2024-01-18,High,AIR.PA,149.3216686676695
2024-01-18,High,BNP.PA,57.22584384578367
2024-01-18,High,CS.PA,28.314463381436504
2024-01-18,High,MT.AS,24.060988037920424
2024-01-18,Low,AC.PA,33.75219024887267
2024-01-18,Low,AI.PA,154.79400239811213
2024-01-18,Low,AIR.PA,146.10146759576736
2024-01-18,Low,BNP.PA,56.31704985884646
2024-01-18,Low,CS.PA,27.636158673694496
2024-01-18,Low,MT.AS,23.49300385397166
2024-01-18,Open,AC.PA,33.96569005671557
2024-01-18,Open,AI.PA,155.18710132659663
2024-01-18,Open,AIR.PA,146.35987289519298
2024-01-18,Open,BNP.PA,56.438847838557145
2024-01-18,Open,CS.PA,27.735079308167396
2024-01-18,Open,MT.AS,23.546864729077623
2024-01-18,Volume,AC.PA,606660.0
2024-01-18,Volume,AI.PA,598198.0
2024-01-18,Volume,AIR.PA,829239.0
2024-01-18,Volume,BNP.PA,1662660.0
2024-01-18,Volume,CS.PA,3047513.0
2024-01-18,Volume,MT.AS,2303481.0
2024-01-19,Close,AC.PA,34.91672897338867
2024-01-19,Close,AI.PA,154.57957458496094
2024-01-19,Close,AIR.PA,147.9302215576172
2024-01-19,Close,BNP.PA,56.78549957275391
2024-01-19,Close,CS.PA,28.79492950439453
2024-01-19,Close,MT.AS,23.68396377563477
2024-01-19,High,AC.PA,35.198159865504614
2024-01-19,High,AI.PA,157.90310043767045
2024-01-19,High,AIR.PA,149.56019655784695
2024-01-19,High,BNP.PA,57.33827061837872
2024-01-19,High,CS.PA,28.86558504903428
2024-01-19,High,MT.AS,24.20788014056675
2024-01-19,Low,AC.PA,34.51884532321202
2024-01-19,Low,AI.PA,154.13286581395704
2024-01-19,Low,AIR.PA,147.25438529276323
2024-01-19,Low,BNP.PA,56.71991687022124
2024-01-19,Low,CS.PA,28.356858299442926
2024-01-19,Low,MT.AS,23.68396377563477
2024-01-19,Open,AC.PA,34.57707355322559
2024-01-19,Open,AI.PA,157.17049745339355
2024-01-19,Open,AIR.PA,149.0831347729194
2024-01-19,Open,BNP.PA,57.11341308541725
2024-01-19,Open,CS.PA,28.356858299442926
2024-01-19,Open,MT.AS,24.012024620385667
2024-01-19,Volume,AC.PA,1087398.0
2024-01-19,Volume,AI.PA,649468.0
2024-01-19,Volume,AIR.PA,763117.0
2024-01-19,Volume,BNP.PA,1550707.0
2024-01-19,Volume,CS.PA,4361481.0
2024-01-19,Volume,MT.AS,1551678.0
2024-01-22,Close,AC.PA,34.97495651245117
2024-01-22,Close,AI.PA,154.3472900390625
2024-01-22,Close,AIR.PA,149.1228790283203
2024-01-22,Close,BNP.PA,57.64744567871094
2024-01-22,Close,CS.PA,28.936243057250977
2024-01-22,Close,MT.AS,24.09526252746582
2024-01-22,High,AC.PA,35.295202516283084
2024-01-22,High,AI.PA,155.6874163504784
2024-01-22,High,AIR.PA,149.69933561828847
2024-01-22,High,BNP.PA,58.22832614942964
2024-01-22,High,CS.PA,29.091686696552483
2024-01-22,High,MT.AS,24.320497213687545
2024-01-22,Low,AC.PA,34.945840547036376
2024-01-22,Low,AI.PA,152.43536030601894
2024-01-22,Low,AIR.PA,148.42716078715878
2024-01-22,Low,BNP.PA,57.56312455063818
2024-01-22,Low,CS.PA,28.785509068944297
2024-01-22,Low,MT.AS,23.933681771814395
2024-01-22,Open,AC.PA,34.945840547036376
2024-01-22,Open,AI.PA,155.33005233325335
2024-01-22,Open,AIR.PA,149.06324820272363
2024-01-22,Open,BNP.PA,57.67555510406135
2024-01-22,Open,CS.PA,29.01631970239914
2024-01-22,Open,MT.AS,23.977749590234687
2024-01-22,Volume,AC.PA,526528.0
2024-01-22,Volume,AI.PA,631433.0
2024-01-22,Volume,AIR.PA,671727.0
2024-01-22,Volume,BNP.PA,1657658.0
2024-01-22,Volume,CS.PA,2418491.0
2024-01-22,Volume,MT.AS,2194202.0
2024-01-23,Close,AC.PA,34.72263717651367
2024-01-23,Close,AI.PA,151.66702270507812
2024-01-23,Close,AIR.PA,147.09535217285156
2024-01-23,Close,BNP.PA,57.31016159057617
2024-01-23,Close,CS.PA,28.84203338623047
2024-01-23,Close,MT.AS,24.315601348876957
2024-01-23,High,AC.PA,35.10111140143903
2024-01-23,High,AI.PA,154.47236998433
2024-01-23,High,AIR.PA,149.91798907482203
2024-01-23,High,BNP.PA,57.9659921944416
2024-01-23,High,CS.PA,28.99747881984069
2024-01-23,High,MT.AS,24.58000825645522
2024-01-23,Low,AC.PA,34.567365604699006
2024-01-23,Low,AI.PA,151.38112849160908
2024-01-23,Low,AIR.PA,146.30023912800243
2024-01-23,Low,BNP.PA,57.03846335276573
2024-01-23,Low,CS.PA,28.67245720297963
2024-01-23,Low,MT.AS,24.10015972112861
2024-01-23,Open,AC.PA,35.07199913858824
2024-01-23,Open,AI.PA,154.3651502819275
2024-01-23,Open,AIR.PA,149.58007095955514
2024-01-23,Open,BNP.PA,57.81608836275716
2024-01-23,Open,CS.PA,28.97863662239263
2024-01-23,Open,MT.AS,24.33518746080892
2024-01-23,Volume,AC.PA,454141.0
2024-01-23,Volume,AI.PA,613308.0
2024-01-23,Volume,AIR.PA,1031495.0
2024-01-23,Volume,BNP.PA,1379736.0
2024-01-23,Volume,CS.PA,2604322.0
2024-01-23,Volume,MT.AS,1926363.0
2024-01-24,Close,AC.PA,35.130226135253906
2024-01-24,Close,AI.PA,154.0792694091797
2024-01-24,Close,AIR.PA,145.8430633544922
2024-01-24,Close,BNP.PA,58.07842254638672
2024-01-24,Close,CS.PA,29.148212432861328
2024-01-24,Close,MT.AS,24.898273468017575
2024-01-24,High,AC.PA,35.421359859458974
2024-01-24,High,AI.PA,154.41877350324543
2024-01-24,High,AIR.PA,147.37364349615248
2024-01-24,High,BNP.PA,58.24706122920368
2024-01-24,High,CS.PA,29.19060647813185
2024-01-24,High,MT.AS,24.94234128470467
2024-01-24,Low,AC.PA,34.81968300250635
2024-01-24,Low,AI.PA,151.6849107874754
2024-01-24,Low,AIR.PA,143.83540627355669
2024-01-24,Low,BNP.PA,57.797349735716864
2024-01-24,Low,CS.PA,28.67245683628202
2024-01-24,Low,MT.AS,24.48697446821616
2024-01-24,Open,AC.PA,34.916726343252655
2024-01-24,Open,AI.PA,151.7385056475545
2024-01-24,Open,AIR.PA,147.13510502651488
2024-01-24,Open,BNP.PA,57.797349735716864
2024-01-24,Open,CS.PA,28.747823828219527
2024-01-24,Open,MT.AS,24.84441446347503
2024-01-24,Volume,AC.PA,712595.0
2024-01-24,Volume,AI.PA,652291.0
2024-01-24,Volume,AIR.PA,1061225.0
2024-01-24,Volume,BNP.PA,2228528.0
2024-01-24,Volume,CS.PA,3827707.0
2024-01-24,Volume,MT.AS,2194471.0
2024-01-25,Close,AC.PA,35.68338394165039
2024-01-25,Close,AI.PA,153.5253448486328
2024-01-25,Close,AIR.PA,147.57241821289062
2024-01-25,Close,BNP.PA,57.79734802246094
2024-01-25,Close,CS.PA,28.969215393066406
2024-01-25,Close,MT.AS,24.795448303222656
2024-01-25,High,AC.PA,35.85806492939146
2024-01-25,High,AI.PA,155.02628574248126
2024-01-25,High,AIR.PA,148.10912597907333
2024-01-25,High,BNP.PA,58.01283454999482
2024-01-25,High,CS.PA,29.1435012264481
2024-01-25,High,MT.AS,24.991305674385423
2024-01-25,Low,AC.PA,35.03318166462166
2024-01-25,Low,AI.PA,152.14946861648914
2024-01-25,Low,AIR.PA,146.22073054710654
2024-01-25,Low,BNP.PA,57.44132866774712
2024-01-25,Low,CS.PA,28.88442730182324
2024-01-25,Low,MT.AS,24.702417079229217
2024-01-25,Open,AC.PA,35.110819304491656
2024-01-25,Open,AI.PA,154.04352343199128
2024-01-25,Open,AIR.PA,147.1351052672663
2024-01-25,Open,BNP.PA,57.769242171822775
2024-01-25,Open,CS.PA,29.11994937818963
2024-01-25,Open,MT.AS,24.74158743276118
2024-01-25,Volume,AC.PA,699289.0
2024-01-25,Volume,AI.PA,587440.0
2024-01-25,Volume,AIR.PA,605445.0
2024-01-25,Volume,BNP.PA,1315686.0
2024-01-25,Volume,CS.PA,2595619.0
2024-01-25,Volume,MT.AS,1571801.0
2024-01-26,Close,AC.PA,35.925994873046875
2024-01-26,Close,AI.PA,153.20372009277344
2024-01-26,Close,AIR.PA,148.36753845214844
2024-01-26,Close,BNP.PA,58.60308456420898
2024-01-26,Close,CS.PA,29.129369735717773
2024-01-26,Close,MT.AS,24.85420608520508
2024-01-26,High,AC.PA,36.226835165045166
2024-01-26,High,AI.PA,154.36515695004567
2024-01-26,High,AIR.PA,148.4868001101667
2024-01-26,High,BNP.PA,58.75298839638357
2024-01-26,High,CS.PA,29.355470707649808
2024-01-26,High,MT.AS,25.074545172486964
2024-01-26,Low,AC.PA,35.46018015451057
2024-01-26,Low,AI.PA,152.88207596743442
2024-01-26,Low,AIR.PA,147.33390202977404
2024-01-26,Low,BNP.PA,57.70366157116151
2024-01-26,Low,CS.PA,29.03045089741453
2024-01-26,Low,MT.AS,24.805242673735517
2024-01-26,Open,AC.PA,35.5572234993016
2024-01-26,Open,AI.PA,153.3287997538044
2024-01-26,Open,AIR.PA,147.6519381729965
2024-01-26,Open,BNP.PA,58.0877903644832
2024-01-26,Open,CS.PA,29.03045089741453
2024-01-26,Open,MT.AS,24.893378308648263
2024-01-26,Volume,AC.PA,826841.0
2024-01-26,Volume,AI.PA,692019.0
2024-01-26,Volume,AIR.PA,796083.0
2024-01-26,Volume,BNP.PA,2078747.0
2024-01-26,Volume,CS.PA,2924888.0
2024-01-26,Volume,MT.AS,1511776.0
2024-01-29,Close,AC.PA,35.91628646850586
2024-01-29,Close,AI.PA,153.91844177246094
2024-01-29,Close,AIR.PA,148.16876220703125
2024-01-29,Close,BNP.PA,58.125267028808594
2024-01-29,Close,CS.PA,29.23300170898437
2024-01-29,Close,MT.AS,24.80524253845215
2024-01-29,High,AC.PA,36.13949281357447
2024-01-29,High,AI.PA,154.09713127959404
2024-01-29,High,AIR.PA,149.22228061506897
2024-01-29,High,BNP.PA,58.902892038837926
2024-01-29,High,CS.PA,29.317789802964118
2024-01-29,High,MT.AS,25.103924203157035
2024-01-29,Low,AC.PA,35.644562155505625
2024-01-29,Low,AI.PA,152.82847476793174
2024-01-29,Low,AIR.PA,147.93022372830688
2024-01-29,Low,BNP.PA,57.947253771557016
2024-01-29,Low,CS.PA,29.05400442203927
2024-01-29,Low,MT.AS,24.736693015634845
2024-01-29,Open,AC.PA,35.906583615312755
2024-01-29,Open,AI.PA,153.1322289351429
2024-01-29,Open,AIR.PA,148.68558799484026
2024-01-29,Open,BNP.PA,58.69677650400505
2024-01-29,Open,CS.PA,29.157634713990262
2024-01-29,Open,MT.AS,24.87379206126945
2024-01-29,Volume,AC.PA,690265.0
2024-01-29,Volume,AI.PA,491491.0
2024-01-29,Volume,AIR.PA,621659.0
2024-01-29,Volume,BNP.PA,1483122.0
2024-01-29,Volume,CS.PA,1808014.0
2024-01-29,Volume,MT.AS,1585117.0
2024-01-30,Close,AC.PA,35.858062744140625
2024-01-30,Close,AI.PA,154.63319396972656
2024-01-30,Close,AIR.PA,148.94398498535156
2024-01-30,Close,BNP.PA,58.275169372558594
2024-01-30,Close,CS.PA,29.331918716430664
2024-01-30,Close,MT.AS,24.87379264831543
2024-01-30,High,AC.PA,36.13949361856885
2024-01-30,High,AI.PA,154.95482310501777
2024-01-30,High,AIR.PA,150.4745650998125
2024-01-30,High,BNP.PA,58.50939432697082
2024-01-30,High,CS.PA,29.430837554249763
2024-01-30,High,MT.AS,24.917860466571515
2024-01-30,Low,AC.PA,35.75131284680811
2024-01-30,Low,AI.PA,153.31092752840632
2024-01-30,Low,AIR.PA,148.50667204821414
2024-01-30,Low,BNP.PA,57.92851744074548
2024-01-30,Low,CS.PA,29.11994849475346
2024-01-30,Low,MT.AS,24.609385738778933
2024-01-30,Open,AC.PA,35.95510608609771
2024-01-30,Open,AI.PA,154.204345125496
2024-01-30,Open,AIR.PA,149.08312863212075
2024-01-30,Open,BNP.PA,58.22832509647399
2024-01-30,Open,CS.PA,29.20473658342434
2024-01-30,Open,MT.AS,24.883585704353944
2024-01-30,Volume,AC.PA,452879.0
2024-01-30,Volume,AI.PA,402931.0
2024-01-30,Volume,AIR.PA,504504.0
2024-01-30,Volume,BNP.PA,1746594.0
2024-01-30,Volume,CS.PA,2159277.0
2024-01-30,Volume,MT.AS,1734653.0
2024-01-31,Close,AC.PA,35.61545181274414
2024-01-31,Close,AI.PA,155.16925048828125
2024-01-31,Close,AIR.PA,146.89657592773438
2024-01-31,Close,BNP.PA,58.60308456420898
2024-01-31,Close,CS.PA,29.355470657348636
2024-01-31,Close,MT.AS,25.10881996154785
2024-01-31,High,AC.PA,35.91628840349738
2024-01-31,High,AI.PA,155.9197134863609
2024-01-31,High,AIR.PA,149.2222690442575
2024-01-31,High,BNP.PA,59.18396146713682
2024-01-31,High,CS.PA,29.68991156545269
2024-01-31,High,MT.AS,25.495637263217567
2024-01-31,Low,AC.PA,35.53781417515213
2024-01-31,Low,AI.PA,154.70466673079287
2024-01-31,Low,AIR.PA,146.53877582015238
2024-01-31,Low,BNP.PA,58.23769419665778
2024-01-31,Low,CS.PA,29.261261469982347
2024-01-31,Low,MT.AS,25.08433825578629
2024-01-31,Open,AC.PA,35.90658554978154
2024-01-31,Open,AI.PA,154.75827658628563
2024-01-31,Open,AIR.PA,149.08312540050449
2024-01-31,Open,BNP.PA,58.50939600934585
2024-01-31,Open,CS.PA,29.57686197812578
2024-01-31,Open,MT.AS,25.15288777905243
2024-01-31,Volume,AC.PA,669706.0
2024-01-31,Volume,AI.PA,740833.0
2024-01-31,Volume,AIR.PA,966380.0
2024-01-31,Volume,BNP.PA,2628768.0
2024-01-31,Volume,CS.PA,3899040.0
2024-01-31,Volume,MT.AS,2961065.0
2024-02-01,Close,AC.PA,35.178749084472656
2024-02-01,Close,AI.PA,154.7404022216797
2024-02-01,Close,AIR.PA,146.4990234375
2024-02-01,Close,BNP.PA,53.20654296875
2024-02-01,Close,CS.PA,28.73369407653809
2024-02-01,Close,MT.AS,25.03047752380371
2024-02-01,High,AC.PA,35.55722330989445
2024-02-01,High,AI.PA,155.27645579134526
2024-02-01,High,AIR.PA,147.03573122416734
2024-02-01,High,BNP.PA,55.26772333919469
2024-02-01,High,CS.PA,29.36960298078708
2024-02-01,High,MT.AS,25.34874530400513
2024-02-01,Low,AC.PA,35.07199918459138
2024-02-01,Low,AI.PA,153.97206427027243
2024-02-01,Low,AIR.PA,146.00207964678185
2024-02-01,Low,BNP.PA,52.84115260163271
2024-02-01,Low,CS.PA,28.63006378519139
2024-02-01,Low,MT.AS,24.952134944223516
2024-02-01,Open,AC.PA,35.285498984353936
2024-02-01,Open,AI.PA,154.97268660342138
2024-02-01,Open,AIR.PA,146.32013095229152
2024-02-01,Open,BNP.PA,53.4032910781225
2024-02-01,Open,CS.PA,29.21415934065792
2024-02-01,Open,MT.AS,24.991307167930827
2024-02-01,Volume,AC.PA,547838.0
2024-02-01,Volume,AI.PA,425709.0
2024-02-01,Volume,AIR.PA,620148.0
2024-02-01,Volume,BNP.PA,9865002.0
2024-02-01,Volume,CS.PA,4195790.0
2024-02-01,Volume,MT.AS,1851580.0
2024-02-02,Close,AC.PA,35.51840591430664
2024-02-02,Close,AI.PA,153.0428924560547
2024-02-02,Close,AIR.PA,148.38742065429688
2024-02-02,Close,BNP.PA,52.522605895996094
2024-02-02,Close,CS.PA,28.76666641235352
2024-02-02,Close,MT.AS,25.128406524658203
2024-02-02,High,AC.PA,35.82894907078402
2024-02-02,High,AI.PA,155.61595551653227
2024-02-02,High,AIR.PA,148.74522079436466
2024-02-02,High,BNP.PA,54.29334600756293
2024-02-02,High,CS.PA,28.898558200795463
2024-02-02,High,MT.AS,25.34874561613893
2024-02-02,Low,AC.PA,35.37284089206399
2024-02-02,Low,AI.PA,152.73913827242063
2024-02-02,Low,AIR.PA,147.095363750412
2024-02-02,Low,BNP.PA,52.33522521470035
2024-02-02,Low,CS.PA,28.55940763096034
2024-02-02,Low,MT.AS,25.01089358775812
2024-02-02,Open,AC.PA,35.46988424022576
2024-02-02,Open,AI.PA,155.4015310955319
2024-02-02,Open,AIR.PA,147.5127947195709
2024-02-02,Open,BNP.PA,53.7312039636757
2024-02-02,Open,CS.PA,28.87500635241524
2024-02-02,Open,MT.AS,25.133303986599135
2024-02-02,Volume,AC.PA,677486.0
2024-02-02,Volume,AI.PA,525545.0
2024-02-02,Volume,AIR.PA,690848.0
2024-02-02,Volume,BNP.PA,5384986.0
2024-02-02,Volume,CS.PA,2428875.0
2024-02-02,Volume,MT.AS,1991283.0
2024-02-05,Close,AC.PA,35.53781509399414
2024-02-05,Close,AI.PA,149.96954345703125
2024-02-05,Close,AIR.PA,148.1488800048828
2024-02-05,Close,BNP.PA,52.5600814819336
2024-02-05,Close,CS.PA,28.64890480041504
2024-02-05,Close,MT.AS,24.467390060424805
2024-02-05,High,AC.PA,35.74161204695924
2024-02-05,High,AI.PA,153.5253539370866
2024-02-05,High,AIR.PA,149.00362392889917
2024-02-05,High,BNP.PA,53.61877933987037
2024-02-05,High,CS.PA,28.82319063121099
2024-02-05,High,MT.AS,25.167577660955946
2024-02-05,Low,AC.PA,35.48929342022775
2024-02-05,Low,AI.PA,148.02187867424072
2024-02-05,Low,AIR.PA,147.53267455926203
2024-02-05,Low,BNP.PA,52.32585651352214
2024-02-05,Low,CS.PA,28.42280382608469
2024-02-05,Low,MT.AS,24.32049609389764
2024-02-05,Open,AC.PA,35.61545273359349
2024-02-05,Open,AI.PA,152.7748759478539
2024-02-05,Open,AIR.PA,148.22839283101467
2024-02-05,Open,BNP.PA,53.35644851892615
2024-02-05,Open,CS.PA,28.72427179185849
2024-02-05,Open,MT.AS,24.97172028414265
2024-02-05,Volume,AC.PA,475630.0
2024-02-05,Volume,AI.PA,1099764.0
2024-02-05,Volume,AIR.PA,590174.0
2024-02-05,Volume,BNP.PA,3623657.0
2024-02-05,Volume,CS.PA,2351259.0
2024-02-05,Volume,MT.AS,2088888.0
2024-02-06,Close,AC.PA,35.848358154296875
2024-02-06,Close,AI.PA,153.5610809326172
2024-02-06,Close,AIR.PA,150.8125
2024-02-06,Close,BNP.PA,51.60444641113281
2024-02-06,Close,CS.PA,28.86558532714844
2024-02-06,Close,MT.AS,24.94234085083008
2024-02-06,High,AC.PA,36.023039140970184
2024-02-06,High,AI.PA,153.596815835631
2024-02-06,High,AIR.PA,151.26967977334655
2024-02-06,High,BNP.PA,52.69125011434093
2024-02-06,High,CS.PA,28.983346366240124
2024-02-06,High,MT.AS,25.035373944348063
2024-02-06,Low,AC.PA,35.6833837235312
2024-02-06,Low,AI.PA,150.023130589333
2024-02-06,Low,AIR.PA,148.9241045844444
2024-02-06,Low,BNP.PA,51.59507541102491
2024-02-06,Low,CS.PA,28.653616894296093
2024-02-06,Low,MT.AS,24.63876360106329
2024-02-06,Open,AC.PA,35.6833837235312
2024-02-06,Open,AI.PA,150.80934344292535
2024-02-06,Open,AIR.PA,148.9241045844444
2024-02-06,Open,BNP.PA,52.57881955698228
2024-02-06,Open,CS.PA,28.653616894296093
2024-02-06,Open,MT.AS,24.74158788226641
2024-02-06,Volume,AC.PA,819161.0
2024-02-06,Volume,AI.PA,882609.0
2024-02-06,Volume,AIR.PA,595116.0
2024-02-06,Volume,BNP.PA,3989882.0
2024-02-06,Volume,CS.PA,2935953.0
2024-02-06,Volume,MT.AS,1897783.0
2024-02-07,Close,AC.PA,35.964813232421875
2024-02-07,Close,AI.PA,152.34603881835938
2024-02-07,Close,AIR.PA,149.75897216796875
2024-02-07,Close,BNP.PA,51.34210968017578
2024-02-07,Close,CS.PA,28.67716789245605
2024-02-07,Close,MT.AS,24.66324615478516
2024-02-07,High,AC.PA,36.20742529326722
2024-02-07,High,AI.PA,153.66829025259688
2024-02-07,High,AIR.PA,151.8859061323471
2024-02-07,High,BNP.PA,52.23216522846313
2024-02-07,High,CS.PA,28.86087482048962
2024-02-07,High,MT.AS,24.99620258256985
2024-02-07,Low,AC.PA,35.72220117157653
2024-02-07,Low,AI.PA,152.34603881835938
2024-02-07,Low,AIR.PA,149.75897216796875
2024-02-07,Low,BNP.PA,51.23905012761767
2024-02-07,Low,CS.PA,28.6536160447142
2024-02-07,Low,MT.AS,24.55552627603205
2024-02-07,Open,AC.PA,35.848356777800404
2024-02-07,Open,AI.PA,153.13223669977933
2024-02-07,Open,AIR.PA,151.36908034822147
2024-02-07,Open,BNP.PA,51.60444406141166
2024-02-07,Open,CS.PA,28.827901874272865
2024-02-07,Open,MT.AS,24.96192782098917
2024-02-07,Volume,AC.PA,773887.0
2024-02-07,Volume,AI.PA,499570.0
2024-02-07,Volume,AIR.PA,539351.0
2024-02-07,Volume,BNP.PA,3496049.0
2024-02-07,Volume,CS.PA,1912016.0
2024-02-07,Volume,MT.AS,1659264.0
2024-02-08,Close,AC.PA,36.02303695678711
2024-02-08,Close,AI.PA,149.63003540039062
2024-02-08,Close,AIR.PA,150.41493225097656
2024-02-08,Close,BNP.PA,51.09851837158203
2024-02-08,Close,CS.PA,28.33330726623535
2024-02-08,Close,MT.AS,25.867765426635746
2024-02-08,High,AC.PA,36.35298950027887
2024-02-08,High,AI.PA,152.9356864630648
2024-02-08,High,AIR.PA,151.05101965129413
2024-02-08,High,BNP.PA,51.69813370016266
2024-02-08,High,CS.PA,28.66303674448715
2024-02-08,High,MT.AS,25.94610800429436
2024-02-08,Low,AC.PA,35.945403024065264
2024-02-08,Low,AI.PA,149.63003540039062
2024-02-08,Low,AIR.PA,149.0831266261742
2024-02-08,Low,BNP.PA,50.80807813318048
2024-02-08,Low,CS.PA,28.328595818322675
2024-02-08,Low,MT.AS,25.010892666317144
2024-02-08,Open,AC.PA,36.11037744482805
2024-02-08,Open,AI.PA,152.91782650899296
2024-02-08,Open,AIR.PA,150.53420906483103
2024-02-08,Open,BNP.PA,51.62317999709545
2024-02-08,Open,CS.PA,28.592381197815005
2024-02-08,Open,MT.AS,25.34874468225096
2024-02-08,Volume,AC.PA,436315.0
2024-02-08,Volume,AI.PA,713231.0
2024-02-08,Volume,AIR.PA,599243.0
2024-02-08,Volume,BNP.PA,2920886.0
2024-02-08,Volume,CS.PA,3259398.0
2024-02-08,Volume,MT.AS,4705800.0
2024-02-09,Close,AC.PA,36.16860580444336
2024-02-09,Close,AI.PA,149.63003540039062
2024-02-09,Close,AIR.PA,149.59996032714844
2024-02-09,Close,BNP.PA,50.06792449951172
2024-02-09,Close,CS.PA,28.25322723388672
2024-02-09,Close,MT.AS,25.98527717590332
2024-02-09,High,AC.PA,36.22683403067446
2024-02-09,High,AI.PA,150.7021425006534
2024-02-09,High,AIR.PA,151.24980215701396
2024-02-09,High,BNP.PA,51.079778008608834
2024-02-09,High,CS.PA,28.4086726622219
2024-02-09,High,MT.AS,26.01955193532853
2024-02-09,Low,AC.PA,35.92599374809638
2024-02-09,Low,AI.PA,149.2905313196293
2024-02-09,Low,AIR.PA,146.00207703417644
2024-02-09,Low,BNP.PA,49.73064357046849
2024-02-09,Low,CS.PA,28.11662400236019
2024-02-09,Low,MT.AS,25.57887565650401
2024-02-09,Open,AC.PA,36.0230370898487
2024-02-09,Open,AI.PA,149.63003540039062
2024-02-09,Open,AIR.PA,150.75285837518828
2024-02-09,Open,BNP.PA,50.75186093110997
2024-02-09,Open,CS.PA,28.333305671878087
2024-02-09,Open,MT.AS,25.95100241647811
2024-02-09,Volume,AC.PA,354892.0
2024-02-09,Volume,AI.PA,559306.0
2024-02-09,Volume,AIR.PA,1188882.0
2024-02-09,Volume,BNP.PA,4901434.0
2024-02-09,Volume,CS.PA,2483677.0
2024-02-09,Volume,MT.AS,2117037.0
2024-02-12,Close,AC.PA,36.29476547241211
2024-02-12,Close,AI.PA,150.27330017089844
2024-02-12,Close,AIR.PA,149.0433807373047
2024-02-12,Close,BNP.PA,50.751861572265625
2024-02-12,Close,CS.PA,28.856164932250977
2024-02-12,Close,MT.AS,25.926523208618164
2024-02-12,High,AC.PA,36.47914930436761
2024-02-12,High,AI.PA,150.7914787936381
2024-02-12,High,AIR.PA,149.87824262314774
2024-02-12,High,BNP.PA,50.90176897460861
2024-02-12,High,CS.PA,28.88913967714055
2024-02-12,High,MT.AS,26.39168310424925
2024-02-12,Low,AC.PA,36.11037793849039
2024-02-12,Low,AI.PA,149.4870872636023
2024-02-12,Low,AIR.PA,147.5922982700364
2024-02-12,Low,BNP.PA,50.3958422136686
2024-02-12,Low,CS.PA,28.328595967381265
2024-02-12,Low,MT.AS,25.926523208618164
2024-02-12,Open,AC.PA,36.33358058832059
2024-02-12,Open,AI.PA,150.54133445545492
2024-02-12,Open,AIR.PA,149.5800733309123
2024-02-12,Open,BNP.PA,50.59259031825999
2024-02-12,Open,CS.PA,28.35685926433337
2024-02-12,Open,MT.AS,26.1027944842539
2024-02-12,Volume,AC.PA,374443.0
2024-02-12,Volume,AI.PA,408273.0
2024-02-12,Volume,AIR.PA,603914.0
2024-02-12,Volume,BNP.PA,3202069.0
2024-02-12,Volume,CS.PA,3599411.0
2024-02-12,Volume,MT.AS,2075552.0
2024-02-13,Close,AC.PA,35.955108642578125
2024-02-13,Close,AI.PA,150.4519805908203
2024-02-13,Close,AIR.PA,147.98985290527344
2024-02-13,Close,BNP.PA,50.43331909179688
2024-02-13,Close,CS.PA,28.860876083374023
2024-02-13,Close,MT.AS,24.83951759338379
2024-02-13,High,AC.PA,36.30447062160989
2024-02-13,High,AI.PA,150.98803413173533
2024-02-13,High,AIR.PA,148.50667868731549
2024-02-13,High,BNP.PA,51.23904993589531
2024-02-13,High,CS.PA,29.105819263767188
2024-02-13,High,MT.AS,25.951004224891932
2024-02-13,Low,AC.PA,35.66397489404047
2024-02-13,Low,AI.PA,149.32626365616986
2024-02-13,Low,AIR.PA,146.30024707167834
2024-02-13,Low,BNP.PA,50.30215011467513
2024-02-13,Low,CS.PA,28.705430647072436
2024-02-13,Low,MT.AS,24.63876461654612
2024-02-13,Open,AC.PA,36.10067736783018
2024-02-13,Open,AI.PA,150.98803413173533
2024-02-13,Open,AIR.PA,148.2482733790549
2024-02-13,Open,BNP.PA,50.77060002528522
2024-02-13,Open,CS.PA,28.842033885599733
2024-02-13,Open,MT.AS,25.93141811304572
2024-02-13,Volume,AC.PA,839317.0
2024-02-13,Volume,AI.PA,461209.0
2024-02-13,Volume,AIR.PA,762626.0
2024-02-13,Volume,BNP.PA,2452307.0
2024-02-13,Volume,CS.PA,2696279.0
2024-02-13,Volume,MT.AS,2901236.0
2024-02-14,Close,AC.PA,36.139495849609375
2024-02-14,Close,AI.PA,151.75637817382812
2024-02-14,Close,AIR.PA,149.34153747558594
2024-02-14,Close,BNP.PA,50.51763916015625
2024-02-14,Close,CS.PA,28.860876083374023
2024-02-14,Close,MT.AS,24.64366149902344
2024-02-14,High,AC.PA,36.285060871531336
2024-02-14,High,AI.PA,151.75637817382812
2024-02-14,High,AIR.PA,151.21005091845083
2024-02-14,High,BNP.PA,50.91113896313706
2024-02-14,High,CS.PA,28.964506374241758
2024-02-14,High,MT.AS,24.90317093746397
2024-02-14,Low,AC.PA,35.97451771573811
2024-02-14,Low,AI.PA,150.48772157474573
2024-02-14,Low,AIR.PA,147.7910753274727
2024-02-14,Low,BNP.PA,50.04918922622013
2024-02-14,Low,CS.PA,28.72898429273574
2024-02-14,Low,MT.AS,24.5163536428506
2024-02-14,Open,AC.PA,35.97451771573811
2024-02-14,Open,AI.PA,150.5413314297323
2024-02-14,Open,AIR.PA,148.00973180123435
2024-02-14,Open,BNP.PA,50.124142931164805
2024-02-14,Open,CS.PA,28.738403594732
2024-02-14,Open,MT.AS,24.65835014864554
2024-02-14,Volume,AC.PA,712670.0
2024-02-14,Volume,AI.PA,449945.0
2024-02-14,Volume,AIR.PA,737958.0
2024-02-14,Volume,BNP.PA,2374115.0
2024-02-14,Volume,CS.PA,2778309.0
2024-02-14,Volume,MT.AS,1814930.0
2024-02-15,Close,AC.PA,35.887176513671875
2024-02-15,Close,AI.PA,151.18458557128906
2024-02-15,Close,AIR.PA,147.98985290527344
2024-02-15,Close,BNP.PA,50.601959228515625
2024-02-15,Close,CS.PA,28.997478485107425
2024-02-15,Close,MT.AS,24.6975212097168
2024-02-15,High,AC.PA,36.56649104180272
2024-02-15,High,AI.PA,152.25669266711438
2024-02-15,High,AIR.PA,150.13665369327512
2024-02-15,High,BNP.PA,50.826816764637975
2024-02-15,High,CS.PA,29.063424378523536
2024-02-15,High,MT.AS,24.86889688749018
2024-02-15,Low,AC.PA,35.79983602145553
2024-02-15,Low,AI.PA,150.29116799002236
2024-02-15,Low,AIR.PA,145.52501598137565
2024-02-15,Low,BNP.PA,50.15224773026022
2024-02-15,Low,CS.PA,28.77608715987548
2024-02-15,Low,MT.AS,24.535940455750712
2024-02-15,Open,AC.PA,36.294766711336926
2024-02-15,Open,AI.PA,151.9707984412785
2024-02-15,Open,AIR.PA,146.0020777679802
2024-02-15,Open,BNP.PA,50.68628035781285
2024-02-15,Open,CS.PA,28.95979409064632
2024-02-15,Open,MT.AS,24.70241867162045
2024-02-15,Volume,AC.PA,643359.0
2024-02-15,Volume,AI.PA,692310.0
2024-02-15,Volume,AIR.PA,1571189.0
2024-02-15,Volume,BNP.PA,2517763.0
2024-02-15,Volume,CS.PA,2743874.0
2024-02-15,Volume,MT.AS,2162881.0
2024-02-16,Close,AC.PA,35.887176513671875
2024-02-16,Close,AI.PA,152.8642120361328
2024-02-16,Close,AIR.PA,145.44549560546875
2024-02-16,Close,BNP.PA,50.94861602783203
2024-02-16,Close,CS.PA,29.185895919799805
2024-02-16,Close,MT.AS,25.099027633666992
2024-02-16,High,AC.PA,36.09096976152122
2024-02-16,High,AI.PA,152.8642120361328
2024-02-16,High,AIR.PA,148.20850168962798
2024-02-16,High,BNP.PA,51.39832753740522
2024-02-16,High,CS.PA,29.26597436192482
2024-02-16,High,MT.AS,25.422191015462374
2024-02-16,Low,AC.PA,35.71249552923919
2024-02-16,Low,AI.PA,150.89868741029798
2024-02-16,Low,AIR.PA,144.09380797565905
2024-02-16,Low,BNP.PA,50.79871219130763
2024-02-16,Low,CS.PA,28.99747933265962
2024-02-16,Low,MT.AS,24.805243420338268
2024-02-16,Open,AC.PA,36.08126690770445
2024-02-16,Open,AI.PA,151.88144972321538
2024-02-16,Open,AIR.PA,147.7711887556425
2024-02-16,Open,BNP.PA,51.089148864204624
2024-02-16,Open,CS.PA,29.054004129112588
2024-02-16,Open,MT.AS,24.81993207065436
2024-02-16,Volume,AC.PA,878759.0
2024-02-16,Volume,AI.PA,796697.0
2024-02-16,Volume,AIR.PA,1571303.0
2024-02-16,Volume,BNP.PA,2901560.0
2024-02-16,Volume,CS.PA,3807121.0
2024-02-16,Volume,MT.AS,2590585.0
2024-02-19,Close,AC.PA,36.14919662475586
2024-02-19,Close,AI.PA,153.3824005126953
2024-02-19,Close,AIR.PA,143.41796875
2024-02-19,Close,BNP.PA,51.314002990722656
2024-02-19,Close,CS.PA,29.21415901184082
2024-02-19,Close,MT.AS,24.3400821685791
2024-02-19,High,AC.PA,36.14919662475586
2024-02-19,High,AI.PA,153.84698427093625
2024-02-19,High,AIR.PA,145.32623092304436
2024-02-19,High,BNP.PA,51.53885694354914
2024-02-19,High,CS.PA,29.322498952988006
2024-02-19,High,MT.AS,24.90806631908313
2024-02-19,Low,AC.PA,35.74161014445407
2024-02-19,Low,AI.PA,152.11374389957953
2024-02-19,Low,AIR.PA,143.000537821414
2024-02-19,Low,BNP.PA,50.90176836121466
2024-02-19,Low,CS.PA,29.00218878051333
2024-02-19,Low,MT.AS,24.271532647147744
2024-02-19,Open,AC.PA,35.82894693140484
2024-02-19,Open,AI.PA,152.8820818493226
2024-02-19,Open,AIR.PA,144.6305127087344
2024-02-19,Open,BNP.PA,51.061039613301
2024-02-19,Open,CS.PA,29.185895715366865
2024-02-19,Open,MT.AS,24.873791558367447
2024-02-19,Volume,AC.PA,525247.0
2024-02-19,Volume,AI.PA,466417.0
2024-02-19,Volume,AIR.PA,745823.0
2024-02-19,Volume,BNP.PA,2292612.0
2024-02-19,Volume,CS.PA,1348817.0
2024-02-19,Volume,MT.AS,2542950.0
2024-02-20,Close,AC.PA,36.73146438598633
2024-02-20,Close,AI.PA,166.0511016845703
2024-02-20,Close,AIR.PA,144.07394409179688
2024-02-20,Close,BNP.PA,51.99794006347656
2024-02-20,Close,CS.PA,29.360183715820312
2024-02-20,Close,MT.AS,23.91409492492676
2024-02-20,High,AC.PA,37.08082634453707
2024-02-20,High,AI.PA,166.19404130078945
2024-02-20,High,AIR.PA,144.6106366891545
2024-02-20,High,BNP.PA,52.06352276502487
2024-02-20,High,CS.PA,29.379024116814595
2024-02-20,High,MT.AS,24.30580781671964
2024-02-20,Low,AC.PA,36.12008466048877
2024-02-20,Low,AI.PA,159.6720839061162
2024-02-20,Low,AIR.PA,142.8017540916686
2024-02-20,Low,BNP.PA,51.12662294406133
2024-02-20,Low,CS.PA,29.13408093498004
2024-02-20,Low,MT.AS,23.786788935531973
2024-02-20,Open,AC.PA,36.14919692304591
2024-02-20,Open,AI.PA,159.70781881017098
2024-02-20,Open,AIR.PA,143.00054373156132
2024-02-20,Open,BNP.PA,51.14536136935931
2024-02-20,Open,CS.PA,29.167053882833645
2024-02-20,Open,MT.AS,24.266637461457552
2024-02-20,Volume,AC.PA,953882.0
2024-02-20,Volume,AI.PA,1827547.0
2024-02-20,Volume,AIR.PA,958711.0
2024-02-20,Volume,BNP.PA,3168091.0
2024-02-20,Volume,CS.PA,2351697.0
2024-02-20,Volume,MT.AS,2826287.0
2024-02-21,Close,AC.PA,36.83821487426758
2024-02-21,Close,AI.PA,165.64012145996094
2024-02-21,Close,AIR.PA,144.96844482421875
2024-02-21,Close,BNP.PA,52.372703552246094
2024-02-21,Close,CS.PA,29.36960220336914
2024-02-21,Close,MT.AS,23.84554481506348
2024-02-21,High,AC.PA,36.9061459559657
2024-02-21,High,AI.PA,165.7652011172511
2024-02-21,High,AIR.PA,144.9883268224113
2024-02-21,High,BNP.PA,52.578819090931255
2024-02-21,High,CS.PA,29.652229773135968
2024-02-21,High,MT.AS,24.01202302345465
2024-02-21,Low,AC.PA,36.4888529101251
2024-02-21,Low,AI.PA,162.56675487538303
2024-02-21,Low,AIR.PA,143.85529557377328
2024-02-21,Low,BNP.PA,51.988574752982295
2024-02-21,Low,CS.PA,29.298946658595565
2024-02-21,Low,MT.AS,23.786788349700224
2024-02-21,Open,AC.PA,36.712059266523255
2024-02-21,Open,AI.PA,164.33573003090822
2024-02-21,Open,AIR.PA,144.9883268224113
2024-02-21,Open,BNP.PA,51.997942179017805
2024-02-21,Open,CS.PA,29.355471453792592
2024-02-21,Open,MT.AS,23.870026519978637
2024-02-21,Volume,AC.PA,613373.0
2024-02-21,Volume,AI.PA,826950.0
2024-02-21,Volume,AIR.PA,773132.0
2024-02-21,Volume,BNP.PA,2638341.0
2024-02-21,Volume,CS.PA,3000300.0
2024-02-21,Volume,MT.AS,1959551.0
2024-02-22,Close,AC.PA,39.25463104248047
2024-02-22,Close,AI.PA,165.65798950195312
2024-02-22,Close,AIR.PA,146.3797607421875
2024-02-22,Close,BNP.PA,52.67251205444336
2024-02-22,Close,CS.PA,30.203351974487305
2024-02-22,Close,MT.AS,23.850440979003903
2024-02-22,High,AC.PA,39.44872142590009
2024-02-22,High,AI.PA,166.71223666366365
2024-02-22,High,AIR.PA,146.97609935302688
2024-02-22,High,BNP.PA,53.24402154936184
2024-02-22,High,CS.PA,30.53308143960266
2024-02-22,High,MT.AS,24.168708754011508
2024-02-22,Low,AC.PA,37.70191167708966
2024-02-22,Low,AI.PA,164.26425325024695
2024-02-22,Low,AIR.PA,144.928693376277
2024-02-22,Low,BNP.PA,52.39143923308127
2024-02-22,Low,CS.PA,29.864199613922
2024-02-22,Low,MT.AS,23.796580106202523
2024-02-22,Open,AC.PA,37.711618232342026
2024-02-22,Open,AI.PA,166.14044820120796
2024-02-22,Open,AIR.PA,145.7237913033684
2024-02-22,Open,BNP.PA,52.86926017020531
2024-02-22,Open,CS.PA,29.864199613922
2024-02-22,Open,MT.AS,24.01691919137437
2024-02-22,Volume,AC.PA,1995939.0
2024-02-22,Volume,AI.PA,659208.0
2024-02-22,Volume,AIR.PA,1003076.0
2024-02-22,Volume,BNP.PA,2618808.0
2024-02-22,Volume,CS.PA,4691033.0
2024-02-22,Volume,MT.AS,2345649.0
2024-02-23,Close,AC.PA,39.81748962402344
2024-02-23,Close,AI.PA,169.3031463623047
2024-02-23,Close,AIR.PA,147.05560302734375
2024-02-23,Close,BNP.PA,52.83178329467773
2024-02-23,Close,CS.PA,30.42945098876953
2024-02-23,Close,MT.AS,23.81126976013184
2024-02-23,High,AC.PA,39.81748962402344
2024-02-23,High,AI.PA,169.91068473092545
2024-02-23,High,AIR.PA,147.3935211418805
2024-02-23,High,BNP.PA,53.17843524715473
2024-02-23,High,CS.PA,30.561342774106688
2024-02-23,High,MT.AS,23.889612335592066
2024-02-23,Low,AC.PA,39.28374383883152
2024-02-23,Low,AI.PA,166.17618473817703
2024-02-23,Low,AIR.PA,145.6045205862155
2024-02-23,Low,BNP.PA,52.5507140474264
2024-02-23,Low,CS.PA,29.99137979102447
2024-02-23,Low,MT.AS,23.571344572128083
2024-02-23,Open,AC.PA,39.40990314506583
2024-02-23,Open,AI.PA,166.17618473817703
2024-02-23,Open,AIR.PA,146.5586592710768
2024-02-23,Open,BNP.PA,52.99105813164677
2024-02-23,Open,CS.PA,30.29755920343237
2024-02-23,Open,MT.AS,23.69865242464741
2024-02-23,Volume,AC.PA,879755.0
2024-02-23,Volume,AI.PA,753355.0
2024-02-23,Volume,AIR.PA,770288.0
2024-02-23,Volume,BNP.PA,2247149.0
2024-02-23,Volume,CS.PA,3300491.0
2024-02-23,Volume,MT.AS,1990303.0
2024-02-26,Close,AC.PA,39.34197235107422
2024-02-26,Close,AI.PA,169.51756286621094
2024-02-26,Close,AIR.PA,146.43939208984375
2024-02-26,Close,BNP.PA,51.84803771972656
2024-02-26,Close,CS.PA,30.50010871887207
2024-02-26,Close,MT.AS,23.53706932067871
2024-02-26,High,AC.PA,40.23478295068677
2024-02-26,High,AI.PA,169.92853674567124
2024-02-26,High,AIR.PA,147.294136013469
2024-02-26,High,BNP.PA,52.88799712261312
2024-02-26,High,CS.PA,30.62258120415652
2024-02-26,High,MT.AS,23.83085350556212
2024-02-26,Low,AC.PA,39.34197235107422
2024-02-26,Low,AI.PA,168.92791447117852
2024-02-26,Low,AIR.PA,146.24061760736552
2024-02-26,Low,BNP.PA,51.78245501630032
2024-02-26,Low,CS.PA,30.25987519606301
2024-02-26,Low,MT.AS,23.341211952200243
2024-02-26,Open,AC.PA,39.7883776508805
2024-02-26,Open,AI.PA,169.30313845176144
2024-02-26,Open,AIR.PA,146.51890491593923
2024-02-26,Open,BNP.PA,52.79430499344042
2024-02-26,Open,CS.PA,30.25987519606301
2024-02-26,Open,MT.AS,23.82595791187559
2024-02-26,Volume,AC.PA,1239406.0
2024-02-26,Volume,AI.PA,600490.0
2024-02-26,Volume,AIR.PA,637444.0
2024-02-26,Volume,BNP.PA,2763767.0
2024-02-26,Volume,CS.PA,3367574.0
2024-02-26,Volume,MT.AS,1949067.0
2024-02-27,Close,AC.PA,39.293453216552734
2024-02-27,Close,AI.PA,169.1602020263672
2024-02-27,Close,AIR.PA,147.09535217285156
2024-02-27,Close,BNP.PA,52.09162902832031
2024-02-27,Close,CS.PA,30.50952911376953
2024-02-27,Close,MT.AS,23.84554481506348
2024-02-27,High,AC.PA,39.80778962988529
2024-02-27,High,AI.PA,170.2144341732753
2024-02-27,High,AIR.PA,147.95009604209838
2024-02-27,High,BNP.PA,52.10100002803807
2024-02-27,High,CS.PA,30.76389339519037
2024-02-27,High,MT.AS,23.972850801322917
2024-02-27,Low,AC.PA,39.293453216552734
2024-02-27,Low,AI.PA,168.856432850527
2024-02-27,Low,AIR.PA,146.41951594231776
2024-02-27,Low,BNP.PA,51.613811688401874
2024-02-27,Low,CS.PA,30.415321717887053
2024-02-27,Low,MT.AS,23.42934836016836
2024-02-27,Open,AC.PA,39.6039963757686
2024-02-27,Open,AI.PA,169.60691081735814
2024-02-27,Open,AIR.PA,146.87669570638005
2024-02-27,Open,BNP.PA,51.62317911413042
2024-02-27,Open,CS.PA,30.43887536374857
2024-02-27,Open,MT.AS,23.512588398281128
2024-02-27,Volume,AC.PA,1235760.0
2024-02-27,Volume,AI.PA,489727.0
2024-02-27,Volume,AIR.PA,694053.0
2024-02-27,Volume,BNP.PA,2130501.0
2024-02-27,Volume,CS.PA,2649345.0
2024-02-27,Volume,MT.AS,1779438.0
2024-02-28,Close,AC.PA,39.17699432373047
2024-02-28,Close,AI.PA,168.6062774658203
2024-02-28,Close,AIR.PA,152.7803955078125
2024-02-28,Close,BNP.PA,51.95109558105469
2024-02-28,Close,CS.PA,30.81570816040039
2024-02-28,Close,MT.AS,23.620311737060547
2024-02-28,High,AC.PA,39.264334813211775
2024-02-28,High,AI.PA,169.12447107225157
2024-02-28,High,AIR.PA,152.82014433701173
2024-02-28,High,BNP.PA,52.48512819096543
2024-02-28,High,CS.PA,30.933469200689707
2024-02-28,High,MT.AS,23.811271663267835
2024-02-28,Low,AC.PA,38.82763236580524
2024-02-28,Low,AI.PA,167.56992024448496
2024-02-28,Low,AIR.PA,147.2543831523688
2024-02-28,Low,BNP.PA,51.6512879254553
2024-02-28,Low,CS.PA,30.514240184762283
2024-02-28,Low,MT.AS,23.541969155338723
2024-02-28,Open,AC.PA,39.13817920771252
2024-02-28,Open,AI.PA,168.78496698469502
2024-02-28,Open,AIR.PA,147.59230127988403
2024-02-28,Open,BNP.PA,51.9698340062783
2024-02-28,Open,CS.PA,30.627289777181137
2024-02-28,Open,MT.AS,23.77699690050419
2024-02-28,Volume,AC.PA,1025277.0
2024-02-28,Volume,AI.PA,423106.0
2024-02-28,Volume,AIR.PA,1324901.0
2024-02-28,Volume,BNP.PA,2386211.0
2024-02-28,Volume,CS.PA,3033632.0
2024-02-28,Volume,MT.AS,1674315.0
2024-02-29,Close,AC.PA,38.905269622802734
2024-02-29,Close,AI.PA,167.87367248535156
2024-02-29,Close,AIR.PA,152.00515747070312
2024-02-29,Close,BNP.PA,51.88551330566406
2024-02-29,Close,CS.PA,30.97586441040039
2024-02-29,Close,MT.AS,23.620311737060547
2024-02-29,High,AC.PA,39.206109906300405
2024-02-29,High,AI.PA,169.05299930303005
2024-02-29,High,AIR.PA,153.13818862000238
2024-02-29,High,BNP.PA,52.279009516622295
2024-02-29,High,CS.PA,31.19725573662119
2024-02-29,High,MT.AS,23.698654318782367
2024-02-29,Low,AC.PA,38.48797658845309
2024-02-29,Low,AI.PA,167.69499796431197
2024-02-29,Low,AIR.PA,151.21004443344475
2024-02-29,Low,BNP.PA,51.75434790201131
2024-02-29,Low,CS.PA,30.82041897789025
2024-02-29,Low,MT.AS,23.248183073006025
2024-02-29,Open,AC.PA,39.206109906300405
2024-02-29,Open,AI.PA,168.85643483624136
2024-02-29,Open,AIR.PA,152.46233723040083
2024-02-29,Open,BNP.PA,52.08226141114318
2024-02-29,Open,CS.PA,30.92876071400444
2024-02-29,Open,MT.AS,23.620311737060547
2024-02-29,Volume,AC.PA,1838296.0
2024-02-29,Volume,AI.PA,1115438.0
2024-02-29,Volume,AIR.PA,1661200.0
2024-02-29,Volume,BNP.PA,3837416.0
2024-02-29,Volume,CS.PA,7391965.0
2024-02-29,Volume,MT.AS,4119289.0
2024-03-01,Close,AC.PA,38.565616607666016
2024-03-01,Close,AI.PA,167.0159912109375
2024-03-01,Close,AIR.PA,151.70700073242188
2024-03-01,Close,BNP.PA,52.60692596435547
2024-03-01,Close,CS.PA,30.485979080200195
2024-03-01,Close,MT.AS,23.581138610839844
2024-03-01,High,AC.PA,39.23522459391564
2024-03-01,High,AI.PA,168.10597327944166
2024-03-01,High,AIR.PA,153.17795011541156
2024-03-01,High,BNP.PA,52.878624194073495
2024-03-01,High,CS.PA,31.08891503929044
2024-03-01,High,MT.AS,23.708444600833317
2024-03-01,Low,AC.PA,38.25506974958674
2024-03-01,Low,AI.PA,166.3727329382226
2024-03-01,Low,AIR.PA,151.30945176367473
2024-03-01,Low,BNP.PA,51.88551267898941
2024-03-01,Low,CS.PA,30.45300613224313
2024-03-01,Low,MT.AS,23.47831432647961
2024-03-01,Open,AC.PA,38.98290596584493
2024-03-01,Open,AI.PA,167.69499938392636
2024-03-01,Open,AIR.PA,153.05868845789163
2024-03-01,Open,BNP.PA,52.02604550663891
2024-03-01,Open,CS.PA,31.08891503929044
2024-03-01,Open,MT.AS,23.664378651394134
2024-03-01,Volume,AC.PA,832531.0
2024-03-01,Volume,AI.PA,400757.0
2024-03-01,Volume,AIR.PA,726414.0
2024-03-01,Volume,BNP.PA,2517235.0
2024-03-01,Volume,CS.PA,3005763.0
2024-03-01,Volume,MT.AS,2031477.0
2024-03-04,Close,AC.PA,38.187137603759766
2024-03-04,Close,AI.PA,169.8213348388672
2024-03-04,Close,AIR.PA,154.41036987304688
2024-03-04,Close,BNP.PA,53.65625381469727
2024-03-04,Close,CS.PA,30.730918884277344
2024-03-04,Close,MT.AS,23.25797462463379
2024-03-04,High,AC.PA,38.55590897962743
2024-03-04,High,AI.PA,169.9464144997133
2024-03-04,High,AIR.PA,154.90731364643264
2024-03-04,High,BNP.PA,53.79678664512253
2024-03-04,High,CS.PA,30.768603278226426
2024-03-04,High,MT.AS,23.551758820127
2024-03-04,Low,AC.PA,38.11920652162181
2024-03-04,Low,AI.PA,167.5699159394
2024-03-04,Low,AIR.PA,151.36907640640925
2024-03-04,Low,BNP.PA,52.62566185496585
2024-03-04,Low,CS.PA,30.3964779739879
2024-03-04,Low,MT.AS,23.091496415765143
2024-03-04,Open,AC.PA,38.52679671641583
2024-03-04,Open,AI.PA,167.6413857468083
2024-03-04,Open,AIR.PA,151.5877328799406
2024-03-04,Open,BNP.PA,52.63503285472107
2024-03-04,Open,CS.PA,30.424739472558905
2024-03-04,Open,MT.AS,23.434245889063455
2024-03-04,Volume,AC.PA,859836.0
2024-03-04,Volume,AI.PA,410224.0
2024-03-04,Volume,AIR.PA,762008.0
2024-03-04,Volume,BNP.PA,3111764.0
2024-03-04,Volume,CS.PA,2263805.0
2024-03-04,Volume,MT.AS,2375112.0
2024-03-05,Close,AC.PA,38.20654678344727
2024-03-05,Close,AI.PA,169.32101440429688
2024-03-05,Close,AIR.PA,156.61680603027344
2024-03-05,Close,BNP.PA,53.62814712524414
2024-03-05,Close,CS.PA,30.829837799072266
2024-03-05,Close,MT.AS,22.861364364624023
2024-03-05,High,AC.PA,38.22595619279371
2024-03-05,High,AI.PA,171.03637973852915
2024-03-05,High,AIR.PA,156.97460616421847
2024-03-05,High,BNP.PA,53.84363365438638
2024-03-05,High,CS.PA,30.85339144379392
2024-03-05,High,MT.AS,23.12087566836959
2024-03-05,Low,AC.PA,37.769844328068
2024-03-05,Low,AI.PA,168.85643066953116
2024-03-05,Low,AIR.PA,155.0265798426242
2024-03-05,Low,BNP.PA,53.08474351558958
2024-03-05,Low,CS.PA,30.575477123742857
2024-03-05,Low,MT.AS,22.768333138200138
2024-03-05,Open,AC.PA,37.88630078414668
2024-03-05,Open,AI.PA,169.9642726556932
2024-03-05,Open,AIR.PA,155.04646184048804
2024-03-05,Open,BNP.PA,53.403289596493146
2024-03-05,Open,CS.PA,30.72149965842856
2024-03-05,Open,MT.AS,23.0131539246324
2024-03-05,Volume,AC.PA,723109.0
2024-03-05,Volume,AI.PA,496325.0
2024-03-05,Volume,AIR.PA,783685.0
2024-03-05,Volume,BNP.PA,1968996.0
2024-03-05,Volume,CS.PA,1748053.0
2024-03-05,Volume,MT.AS,2709916.0
2024-03-06,Close,AC.PA,38.303592681884766
2024-03-06,Close,AI.PA,170.44671630859375
2024-03-06,Close,AIR.PA,157.27276611328125
2024-03-06,Close,BNP.PA,53.65625381469727
2024-03-06,Close,CS.PA,30.834548950195312
2024-03-06,Close,MT.AS,22.949499130249023
2024-03-06,High,AC.PA,38.54620473849267
2024-03-06,High,AI.PA,170.60754586717226
2024-03-06,High,AIR.PA,158.3461664512553
2024-03-06,High,BNP.PA,54.18091900732358
2024-03-06,High,CS.PA,31.013544429500712
2024-03-06,High,MT.AS,23.155149554357543
2024-03-06,Low,AC.PA,38.13861455836897
2024-03-06,Low,AI.PA,169.07085504989195
2024-03-06,Low,AIR.PA,155.70242201692216
2024-03-06,Low,BNP.PA,53.60940953788885
2024-03-06,Low,CS.PA,30.78744525498669
2024-03-06,Low,MT.AS,22.822193147960352
2024-03-06,Open,AC.PA,38.21625219342727
2024-03-06,Open,AI.PA,169.6247835407387
2024-03-06,Open,AIR.PA,157.9287203485543
2024-03-06,Open,BNP.PA,53.63751538917605
2024-03-06,Open,CS.PA,30.829837502539977
2024-03-06,Open,MT.AS,22.831986203187835
2024-03-06,Volume,AC.PA,772516.0
2024-03-06,Volume,AI.PA,518001.0
2024-03-06,Volume,AIR.PA,721324.0
2024-03-06,Volume,BNP.PA,2614268.0
2024-03-06,Volume,CS.PA,2148270.0
2024-03-06,Volume,MT.AS,1524820.0
2024-03-07,Close,AC.PA,38.27447891235352
2024-03-07,Close,AI.PA,172.75173950195312
2024-03-07,Close,AIR.PA,157.3721466064453
2024-03-07,Close,BNP.PA,54.70558166503906
2024-03-07,Close,CS.PA,31.183120727539062
2024-03-07,Close,MT.AS,23.31183624267578
2024-03-07,High,AC.PA,38.58502206646039
2024-03-07,High,AI.PA,173.44860758374796
2024-03-07,High,AIR.PA,157.69019789296058
2024-03-07,High,BNP.PA,54.883594923877176
2024-03-07,High,CS.PA,31.24906661984178
2024-03-07,High,MT.AS,23.532175330267453
2024-03-07,Low,AC.PA,38.15802615505504
2024-03-07,Low,AI.PA,169.48182350178422
2024-03-07,Low,AIR.PA,155.7819356704291
2024-03-07,Low,BNP.PA,53.49698000088376
2024-03-07,Low,CS.PA,30.67439578602976
2024-03-07,Low,MT.AS,22.82219465595404
2024-03-07,Open,AC.PA,38.23566379456496
2024-03-07,Open,AI.PA,169.5890282083055
2024-03-07,Open,AIR.PA,156.7161772021476
2024-03-07,Open,BNP.PA,53.52508942669411
2024-03-07,Open,CS.PA,30.68381508759517
2024-03-07,Open,MT.AS,22.84667636172324
2024-03-07,Volume,AC.PA,480328.0
2024-03-07,Volume,AI.PA,687933.0
2024-03-07,Volume,AIR.PA,866530.0
2024-03-07,Volume,BNP.PA,3758442.0
2024-03-07,Volume,CS.PA,3051206.0
2024-03-07,Volume,MT.AS,3325153.0
2024-03-08,Close,AC.PA,38.633544921875
2024-03-08,Close,AI.PA,173.019775390625
2024-03-08,Close,AIR.PA,157.09385681152344
2024-03-08,Close,BNP.PA,55.21150970458984
2024-03-08,Close,CS.PA,31.578800201416016
2024-03-08,Close,MT.AS,23.38038444519043
2024-03-08,High,AC.PA,38.7208854096428
2024-03-08,High,AI.PA,173.32352955984268
2024-03-08,High,AIR.PA,157.29263127966965
2024-03-08,High,BNP.PA,55.455102098585584
2024-03-08,High,CS.PA,31.64474609481776
2024-03-08,High,MT.AS,23.55665570530609
2024-03-08,Low,AC.PA,38.2259547449699
2024-03-08,Low,AI.PA,172.3765021581541
2024-03-08,Low,AIR.PA,155.4439999114223
2024-03-08,Low,BNP.PA,54.733688768767166
2024-03-08,Low,CS.PA,31.10775605209976
2024-03-08,Low,MT.AS,23.228594889460982
2024-03-08,Open,AC.PA,38.37152345857161
2024-03-08,Open,AI.PA,173.23418480568594
2024-03-08,Open,AIR.PA,156.97459516373968
2024-03-08,Open,BNP.PA,54.79927504783191
2024-03-08,Open,CS.PA,31.10775605209976
2024-03-08,Open,MT.AS,23.39507309425529
2024-03-08,Volume,AC.PA,551552.0
2024-03-08,Volume,AI.PA,584359.0
2024-03-08,Volume,AIR.PA,642004.0
2024-03-08,Volume,BNP.PA,2857525.0
2024-03-08,Volume,CS.PA,3097165.0
2024-03-08,Volume,MT.AS,1657041.0
2024-03-11,Close,AC.PA,39.23522186279297
2024-03-11,Close,AI.PA,172.2871856689453
2024-03-11,Close,AIR.PA,155.84156799316406
2024-03-11,Close,BNP.PA,55.32393646240234
2024-03-11,Close,CS.PA,31.352697372436523
2024-03-11,Close,MT.AS,23.39017677307129
2024-03-11,High,AC.PA,39.23522186279297
2024-03-11,High,AI.PA,172.5552049562951
2024-03-11,High,AIR.PA,157.37214811905005
2024-03-11,High,BNP.PA,55.56753242939222
2024-03-11,High,CS.PA,31.395093214565662
2024-03-11,High,MT.AS,23.41955593812164
2024-03-11,Low,AC.PA,38.28418305065238
2024-03-11,Low,AI.PA,170.91130933964246
2024-03-11,Low,AIR.PA,155.56328069754844
2024-03-11,Low,BNP.PA,54.92106923344854
2024-03-11,Low,CS.PA,30.985283511631664
2024-03-11,Low,MT.AS,22.983773395128956
2024-03-11,Open,AC.PA,38.43945461790052
2024-03-11,Open,AI.PA,172.07276124160717
2024-03-11,Open,AIR.PA,156.8155735278188
2024-03-11,Open,BNP.PA,54.95854608590689
2024-03-11,Open,CS.PA,31.15485969258493
2024-03-11,Open,MT.AS,23.013152560179304
2024-03-11,Volume,AC.PA,766923.0
2024-03-11,Volume,AI.PA,466626.0
2024-03-11,Volume,AIR.PA,590487.0
2024-03-11,Volume,BNP.PA,2759877.0
2024-03-11,Volume,CS.PA,4019719.0
2024-03-11,Volume,MT.AS,1954059.0
2024-03-12,Close,AC.PA,39.98246765136719
2024-03-12,Close,AI.PA,173.25205993652344
2024-03-12,Close,AIR.PA,157.0342254638672
2024-03-12,Close,BNP.PA,55.94228744506836
2024-03-12,Close,CS.PA,31.993318557739254
2024-03-12,Close,MT.AS,24.15402030944824
2024-03-12,High,AC.PA,39.98246765136719
2024-03-12,High,AI.PA,173.87745822051383
2024-03-12,High,AIR.PA,157.15348711125316
2024-03-12,High,BNP.PA,56.32641622865641
2024-03-12,High,CS.PA,32.01687220330573
2024-03-12,High,MT.AS,24.2960149496901
2024-03-12,Low,AC.PA,39.2546314818713
2024-03-12,Low,AI.PA,172.28717258044918
2024-03-12,Low,AIR.PA,154.43024505914153
2024-03-12,Low,BNP.PA,55.3707779825129
2024-03-12,Low,CS.PA,31.27262156629885
2024-03-12,Low,MT.AS,23.532175271718664
2024-03-12,Open,AC.PA,39.40990304995178
2024-03-12,Open,AI.PA,173.23418498736828
2024-03-12,Open,AIR.PA,156.27887642122303
2024-03-12,Open,BNP.PA,55.67058563926508
2024-03-12,Open,CS.PA,31.286752316126037
2024-03-12,Open,MT.AS,23.532175271718664
2024-03-12,Volume,AC.PA,890217.0
2024-03-12,Volume,AI.PA,579843.0
2024-03-12,Volume,AIR.PA,741099.0
2024-03-12,Volume,BNP.PA,4012391.0
2024-03-12,Volume,CS.PA,4219267.0
2024-03-12,Volume,MT.AS,3661861.0
2024-03-13,Close,AC.PA,41.00143814086914
2024-03-13,Close,AI.PA,174.0382843017578
2024-03-13,Close,AIR.PA,158.30641174316406
2024-03-13,Close,BNP.PA,57.10404586791992
2024-03-13,Close,CS.PA,31.861425399780277
2024-03-13,Close,MT.AS,24.227466583251957
2024-03-13,High,AC.PA,41.0111409944042
2024-03-13,High,AI.PA,174.5207280117343
2024-03-13,High,AIR.PA,158.9027503544116
2024-03-13,High,BNP.PA,57.88167087535349
2024-03-13,High,CS.PA,32.20528920386671
2024-03-13,High,MT.AS,24.227466583251957
2024-03-13,Low,AC.PA,40.31242077892644
2024-03-13,Low,AI.PA,173.3950110260255
2024-03-13,Low,AIR.PA,156.7956983827189
2024-03-13,Low,BNP.PA,56.8042382055372
2024-03-13,Low,CS.PA,31.85200609822712
2024-03-13,Low,MT.AS,23.63010322271107
2024-03-13,Open,AC.PA,40.758826080864
2024-03-13,Open,AI.PA,173.59157549669476
2024-03-13,Open,AIR.PA,157.4119189918136
2024-03-13,Open,BNP.PA,57.03846316514803
2024-03-13,Open,CS.PA,31.95092493655241
2024-03-13,Open,MT.AS,24.08547006839641
2024-03-13,Volume,AC.PA,1265051.0
2024-03-13,Volume,AI.PA,557329.0
2024-03-13,Volume,AIR.PA,794822.0
2024-03-13,Volume,BNP.PA,4745114.0
2024-03-13,Volume,CS.PA,3546406.0
2024-03-13,Volume,MT.AS,2899819.0
2024-03-14,Close,AC.PA,41.01114273071289
2024-03-14,Close,AI.PA,174.4849853515625
2024-03-14,Close,AIR.PA,159.3798065185547
2024-03-14,Close,BNP.PA,56.44821548461914
2024-03-14,Close,CS.PA,32.03571319580078
2024-03-14,Close,MT.AS,23.93857765197754
2024-03-14,High,AC.PA,41.14700859971964
2024-03-14,High,AI.PA,175.1818534558097
2024-03-14,High,AIR.PA,160.91038665730207
2024-03-14,High,BNP.PA,57.413221178273
2024-03-14,High,CS.PA,32.059263246699544
2024-03-14,High,MT.AS,24.266638496989597
2024-03-14,Low,AC.PA,40.76853066043616
2024-03-14,Low,AI.PA,173.9131969068347
2024-03-14,Low,AIR.PA,159.0220063975394
2024-03-14,Low,BNP.PA,56.354526930008014
2024-03-14,Low,CS.PA,31.724822336171616
2024-03-14,Low,MT.AS,23.89940729504393
2024-03-14,Open,AC.PA,40.81705603606464
2024-03-14,Open,AI.PA,174.6100650110819
2024-03-14,Open,AIR.PA,159.0220063975394
2024-03-14,Open,BNP.PA,56.93540383137341
2024-03-14,Open,CS.PA,31.74837598085199
2024-03-14,Open,MT.AS,24.22257067804273
2024-03-14,Volume,AC.PA,777747.0
2024-03-14,Volume,AI.PA,674920.0
2024-03-14,Volume,AIR.PA,785867.0
2024-03-14,Volume,BNP.PA,3209386.0
2024-03-14,Volume,CS.PA,4075229.0
2024-03-14,Volume,MT.AS,2539540.0
2024-03-15,Close,AC.PA,40.46769332885742
2024-03-15,Close,AI.PA,174.34202575683594
2024-03-15,Close,AIR.PA,161.76513671875
2024-03-15,Close,BNP.PA,57.34763717651367
2024-03-15,Close,CS.PA,32.337181091308594
2024-03-15,Close,MT.AS,23.713340759277344
2024-03-15,High,AC.PA,40.972326870119794
2024-03-15,High,AI.PA,176.3790351542189
2024-03-15,High,AIR.PA,162.46087015569387
2024-03-15,High,BNP.PA,57.72239853444962
2024-03-15,High,CS.PA,32.53501876858938
2024-03-15,High,MT.AS,24.144225852509823
2024-03-15,Low,AC.PA,40.46769332885742
2024-03-15,Low,AI.PA,174.34202575683594
2024-03-15,Low,AIR.PA,159.4593254241024
2024-03-15,Low,BNP.PA,56.532535333090536
2024-03-15,Low,CS.PA,32.040420981605806
2024-03-15,Low,MT.AS,23.688859054989724
2024-03-15,Open,AC.PA,40.81705529603647
2024-03-15,Open,AI.PA,174.6279199710241
2024-03-15,Open,AIR.PA,159.7773615629582
2024-03-15,Open,BNP.PA,56.63559488522238
2024-03-15,Open,CS.PA,32.040420981605806
2024-03-15,Open,MT.AS,23.93857542725834
2024-03-15,Volume,AC.PA,3711222.0
2024-03-15,Volume,AI.PA,1436496.0
2024-03-15,Volume,AIR.PA,1954259.0
2024-03-15,Volume,BNP.PA,8949165.0
2024-03-15,Volume,CS.PA,8796493.0
2024-03-15,Volume,MT.AS,4880479.0
2024-03-18,Close,AC.PA,40.31241989135742
2024-03-18,Close,AI.PA,173.3771514892578
2024-03-18,Close,AIR.PA,162.22232055664062
2024-03-18,Close,BNP.PA,57.48817443847656
2024-03-18,Close,CS.PA,32.25239562988281
2024-03-18,Close,MT.AS,23.865131378173828
2024-03-18,High,AC.PA,40.91409675037235
2024-03-18,High,AI.PA,174.25270914691902
2024-03-18,High,AIR.PA,163.15657724230036
2024-03-18,High,BNP.PA,57.91914750475196
2024-03-18,High,CS.PA,32.52089066915009
2024-03-18,High,MT.AS,24.18339728376807
2024-03-18,Low,AC.PA,40.22507940359992
2024-03-18,Low,AI.PA,172.5373287365961
2024-03-18,Low,AIR.PA,161.2681818744401
2024-03-18,Low,BNP.PA,57.35700903343529
2024-03-18,Low,CS.PA,32.11108093814976
2024-03-18,Low,MT.AS,23.74761657738705
2024-03-18,Open,AC.PA,40.54532539073332
2024-03-18,Open,AI.PA,174.02040977077655
2024-03-18,Open,AIR.PA,161.3079458675217
2024-03-18,Open,BNP.PA,57.413220736173415
2024-03-18,Open,CS.PA,32.19115758636694
2024-03-18,Open,MT.AS,23.74761657738705
2024-03-18,Volume,AC.PA,552528.0
2024-03-18,Volume,AI.PA,382664.0
2024-03-18,Volume,AIR.PA,717220.0
2024-03-18,Volume,BNP.PA,2282031.0
2024-03-18,Volume,CS.PA,2264422.0
2024-03-18,Volume,MT.AS,2110742.0
2024-03-19,Close,AC.PA,40.33182907104492
2024-03-19,Close,AI.PA,174.43138122558594
2024-03-19,Close,AIR.PA,165.1642303466797
2024-03-19,Close,BNP.PA,58.08779144287109
2024-03-19,Close,CS.PA,32.61509704589844
2024-03-19,Close,MT.AS,23.87981986999512
2024-03-19,High,AC.PA,40.61325623936292
2024-03-19,High,AI.PA,174.6100707438412
2024-03-19,High,AIR.PA,166.37677440445066
2024-03-19,High,BNP.PA,58.40633753890448
2024-03-19,High,CS.PA,32.77054248317805
2024-03-19,High,MT.AS,23.904301575212184
2024-03-19,Low,AC.PA,40.07951046252599
2024-03-19,Low,AI.PA,172.28718198534037
2024-03-19,Low,AIR.PA,163.9119374586386
2024-03-19,Low,BNP.PA,57.67555679023527
2024-03-19,Low,CS.PA,32.247683171442475
2024-03-19,Low,MT.AS,23.50769122649198
2024-03-19,Open,AC.PA,40.07951046252599
2024-03-19,Open,AI.PA,172.75175073958243
2024-03-19,Open,AIR.PA,163.99145028469977
2024-03-19,Open,BNP.PA,57.67555679023527
2024-03-19,Open,CS.PA,32.247683171442475
2024-03-19,Open,MT.AS,23.88471546390478
2024-03-19,Volume,AC.PA,589235.0
2024-03-19,Volume,AI.PA,380707.0
2024-03-19,Volume,AIR.PA,1160132.0
2024-03-19,Volume,BNP.PA,2947725.0
2024-03-19,Volume,CS.PA,3164889.0
2024-03-19,Volume,MT.AS,1544643.0
2024-03-20,Close,AC.PA,40.46769332885742
2024-03-20,Close,AI.PA,174.21694946289062
2024-03-20,Close,AIR.PA,167.03274536132812
2024-03-20,Close,BNP.PA,58.02220916748047
2024-03-20,Close,CS.PA,32.59154510498047
2024-03-20,Close,MT.AS,24.05609130859375
2024-03-20,High,AC.PA,40.54532726491591
2024-03-20,High,AI.PA,174.8244878010569
2024-03-20,High,AIR.PA,167.52968915457998
2024-03-20,High,BNP.PA,58.247063134584685
2024-03-20,High,CS.PA,32.66219885075656
2024-03-20,High,MT.AS,24.05609130859375
2024-03-20,Low,AC.PA,40.05040027938981
2024-03-20,Low,AI.PA,173.7345057788435
2024-03-20,Low,AIR.PA,164.80644687349331
2024-03-20,Low,BNP.PA,57.57249765928266
2024-03-20,Low,CS.PA,32.42667678141872
2024-03-20,Low,MT.AS,23.68396266242216
2024-03-20,Open,AC.PA,40.2930123452679
2024-03-20,Open,AI.PA,174.52071863197375
2024-03-20,Open,AIR.PA,165.12448301510355
2024-03-20,Open,BNP.PA,57.975364888832864
2024-03-20,Open,CS.PA,32.506757016267585
2024-03-20,Open,MT.AS,23.87982004123188
2024-03-20,Volume,AC.PA,856118.0
2024-03-20,Volume,AI.PA,439370.0
2024-03-20,Volume,AIR.PA,778673.0
2024-03-20,Volume,BNP.PA,2885055.0
2024-03-20,Volume,CS.PA,2352650.0
2024-03-20,Volume,MT.AS,1451508.0
2024-03-21,Close,AC.PA,41.04996109008789
2024-03-21,Close,AI.PA,173.05551147460938
2024-03-21,Close,AIR.PA,168.26516723632812
2024-03-21,Close,BNP.PA,58.68740463256836
2024-03-21,Close,CS.PA,32.64336013793945
2024-03-21,Close,MT.AS,24.36456298828125
2024-03-21,High,AC.PA,41.14700813829012
2024-03-21,High,AI.PA,174.9138163924006
2024-03-21,High,AIR.PA,169.27893679565256
2024-03-21,High,BNP.PA,59.04342756779483
2024-03-21,High,CS.PA,32.98722034549842
2024-03-21,High,MT.AS,24.53104119192235
2024-03-21,Low,AC.PA,40.76853020325096
2024-03-21,Low,AI.PA,171.96552945967602
2024-03-21,Low,AIR.PA,167.0725051953397
2024-03-21,Low,BNP.PA,58.172110442155095
2024-03-21,Low,CS.PA,32.50675690692919
2024-03-21,Low,MT.AS,24.090364912520126
2024-03-21,Open,AC.PA,40.85587069564979
2024-03-21,Open,AI.PA,174.75300183212565
2024-03-21,Open,AIR.PA,168.96088549644463
2024-03-21,Open,BNP.PA,58.45317967565422
2024-03-21,Open,CS.PA,32.83177491775072
2024-03-21,Open,MT.AS,24.482077783489093
2024-03-21,Volume,AC.PA,1026522.0
2024-03-21,Volume,AI.PA,607690.0
2024-03-21,Volume,AIR.PA,860478.0
2024-03-21,Volume,BNP.PA,3666581.0
2024-03-21,Volume,CS.PA,3075668.0
2024-03-21,Volume,MT.AS,2177389.0
2024-03-22,Close,AC.PA,41.409027099609375
2024-03-22,Close,AI.PA,170.17869567871094
2024-03-22,Close,AIR.PA,168.86148071289062
2024-03-22,Close,BNP.PA,58.837310791015625
2024-03-22,Close,CS.PA,32.48320388793945
2024-03-22,Close,MT.AS,24.477184295654297
2024-03-22,High,AC.PA,41.58370808941046
2024-03-22,High,AI.PA,171.73324643737206
2024-03-22,High,AIR.PA,169.83550138511674
2024-03-22,High,BNP.PA,59.60556839418512
2024-03-22,High,CS.PA,32.87417139175984
2024-03-22,High,MT.AS,24.60449028923401
2024-03-22,Low,AC.PA,40.95291891687673
2024-03-22,Low,AI.PA,168.60626997065154
2024-03-22,Low,AIR.PA,168.30490613762984
2024-03-22,Low,BNP.PA,58.79046651257638
2024-03-22,Low,CS.PA,32.48320388793945
2024-03-22,Low,MT.AS,24.1785026221454
2024-03-22,Open,AC.PA,40.95291891687673
2024-03-22,Open,AI.PA,171.32227255884035
2024-03-22,Open,AIR.PA,168.82173188559474
2024-03-22,Open,BNP.PA,59.16522788806902
2024-03-22,Open,CS.PA,32.60567637219991
2024-03-22,Open,MT.AS,24.207879922599087
2024-03-22,Volume,AC.PA,1280188.0
2024-03-22,Volume,AI.PA,972524.0
2024-03-22,Volume,AIR.PA,820072.0
2024-03-22,Volume,BNP.PA,2715480.0
2024-03-22,Volume,CS.PA,2707944.0
2024-03-22,Volume,MT.AS,1735382.0
2024-03-25,Close,AC.PA,42.04952621459961
2024-03-25,Close,AI.PA,170.83982849121094
2024-03-25,Close,AIR.PA,169.08013916015625
2024-03-25,Close,BNP.PA,58.546871185302734
2024-03-25,Close,CS.PA,32.57270431518555
2024-03-25,Close,MT.AS,24.67793655395508
2024-03-25,High,AC.PA,42.068931922683895
2024-03-25,High,AI.PA,171.46522678230545
2024-03-25,High,AIR.PA,169.57708291754258
2024-03-25,High,BNP.PA,59.20269819855376
2024-03-25,High,CS.PA,32.69046535494125
2024-03-25,High,MT.AS,24.71710690935868
2024-03-25,Low,AC.PA,41.35080226063935
2024-03-25,Low,AI.PA,169.9642708836786
2024-03-25,Low,AIR.PA,168.44405175732257
2024-03-25,Low,BNP.PA,58.546871185302734
2024-03-25,Low,CS.PA,32.29478639259557
2024-03-25,Low,MT.AS,24.41352965060173
2024-03-25,Open,AC.PA,41.35080226063935
2024-03-25,Open,AI.PA,170.7683586853038
2024-03-25,Open,AIR.PA,168.90124668694676
2024-03-25,Open,BNP.PA,58.76235771451224
2024-03-25,Open,CS.PA,32.29478639259557
2024-03-25,Open,MT.AS,24.477183579446297
2024-03-25,Volume,AC.PA,1078909.0
2024-03-25,Volume,AI.PA,532086.0
2024-03-25,Volume,AIR.PA,794259.0
2024-03-25,Volume,BNP.PA,2176630.0
2024-03-25,Volume,CS.PA,2823619.0
2024-03-25,Volume,MT.AS,1986918.0
2024-03-26,Close,AC.PA,42.13685989379883
2024-03-26,Close,AI.PA,171.9476776123047
2024-03-26,Close,AIR.PA,169.5969696044922
2024-03-26,Close,BNP.PA,60.25202560424805
2024-03-26,Close,CS.PA,32.59625244140625
2024-03-26,Close,MT.AS,24.62407684326172
2024-03-26,High,AC.PA,42.31154086938343
2024-03-26,High,AI.PA,172.16210203470084
2024-03-26,High,AIR.PA,170.05416454676038
2024-03-26,High,BNP.PA,60.33635030565094
2024-03-26,High,CS.PA,32.79409370778347
2024-03-26,High,MT.AS,24.66814466256743
2024-03-26,Low,AC.PA,41.797204497921086
2024-03-26,Low,AI.PA,170.3037820335401
2024-03-26,Low,AIR.PA,168.5832000650421
2024-03-26,Low,BNP.PA,59.25891407469712
2024-03-26,Low,CS.PA,31.83316324888526
2024-03-26,Low,MT.AS,24.35966992742745
2024-03-26,Open,AC.PA,41.82631675986313
2024-03-26,Open,AI.PA,170.8398355916487
2024-03-26,Open,AIR.PA,169.0801438361717
2024-03-26,Open,BNP.PA,59.25891407469712
2024-03-26,Open,CS.PA,32.59625244140625
2024-03-26,Open,MT.AS,24.51635509210676
2024-03-26,Volume,AC.PA,1000393.0
2024-03-26,Volume,AI.PA,494905.0
2024-03-26,Volume,AIR.PA,742568.0
2024-03-26,Volume,BNP.PA,3717066.0
2024-03-26,Volume,CS.PA,5009514.0
2024-03-26,Volume,MT.AS,1546812.0
2024-03-27,Close,AC.PA,41.91365814208984
2024-03-27,Close,AI.PA,172.7160186767578
2024-03-27,Close,AIR.PA,170.5511016845703
2024-03-27,Close,BNP.PA,60.58930969238281
2024-03-27,Close,CS.PA,32.6810417175293
2024-03-27,Close,MT.AS,24.96682548522949
2024-03-27,High,AC.PA,42.32124832780725
2024-03-27,High,AI.PA,173.30568210009102
2024-03-27,High,AIR.PA,171.72388165937298
2024-03-27,High,BNP.PA,61.22640185641189
2024-03-27,High,CS.PA,32.921275239437605
2024-03-27,High,MT.AS,25.05985671486916
2024-03-27,Low,AC.PA,41.8651364704956
2024-03-27,Low,AI.PA,171.32228239957365
2024-03-27,Low,AIR.PA,169.75598864858355
2024-03-27,Low,BNP.PA,59.99906537858257
2024-03-27,Low,CS.PA,32.53973062929862
2024-03-27,Low,MT.AS,24.51635425134896
2024-03-27,Open,AC.PA,42.16597675752591
2024-03-27,Open,AI.PA,172.07276039367704
2024-03-27,Open,AIR.PA,170.05415793276856
2024-03-27,Open,BNP.PA,60.252025185074565
2024-03-27,Open,CS.PA,32.62922657371022
2024-03-27,Open,MT.AS,24.56531766319417
2024-03-27,Volume,AC.PA,995044.0
2024-03-27,Volume,AI.PA,419535.0
2024-03-27,Volume,AIR.PA,842082.0
2024-03-27,Volume,BNP.PA,2891033.0
2024-03-27,Volume,CS.PA,2723386.0
2024-03-27,Volume,MT.AS,1752427.0
2024-03-28,Close,AC.PA,42.02040863037109
2024-03-28,Close,AI.PA,172.2871856689453
2024-03-28,Close,AIR.PA,169.67648315429688
2024-03-28,Close,BNP.PA,61.7042236328125
2024-03-28,Close,CS.PA,32.79880142211914
2024-03-28,Close,MT.AS,24.92765235900879
2024-03-28,High,AC.PA,42.447408231110735
2024-03-28,High,AI.PA,173.48435748040856
2024-03-28,High,AIR.PA,171.3064581239608
2024-03-28,High,BNP.PA,61.7698063352667
2024-03-28,High,CS.PA,32.86474731270398
2024-03-28,High,MT.AS,25.241022666275548
2024-03-28,Low,AC.PA,41.75838715772621
2024-03-28,Low,AI.PA,172.00129143108242
2024-03-28,Low,AIR.PA,169.39819585451428
2024-03-28,Low,BNP.PA,60.80480065002125
2024-03-28,Low,CS.PA,32.671621088500224
2024-03-28,Low,MT.AS,24.785655854830303
2024-03-28,Open,AC.PA,41.79720597633278
2024-03-28,Open,AI.PA,172.8768340994204
2024-03-28,Open,AIR.PA,170.17342692755443
2024-03-28,Open,BNP.PA,60.82353550158882
2024-03-28,Open,CS.PA,32.690463284921826
2024-03-28,Open,MT.AS,25.167577551166733
2024-03-28,Volume,AC.PA,1016775.0
2024-03-28,Volume,AI.PA,670662.0
2024-03-28,Volume,AIR.PA,969451.0
2024-03-28,Volume,BNP.PA,3467964.0
2024-03-28,Volume,CS.PA,3490177.0
2024-03-28,Volume,MT.AS,1738641.0
2024-04-02,Close,AC.PA,41.32168960571289
2024-04-02,Close,AI.PA,171.01852416992188
2024-04-02,Close,AIR.PA,166.13824462890625
2024-04-02,Close,BNP.PA,61.29198455810547
2024-04-02,Close,CS.PA,32.74698638916016
2024-04-02,Close,MT.AS,25.010892868041992
2024-04-02,High,AC.PA,42.16597857411836
2024-04-02,High,AI.PA,173.62730714148958
2024-04-02,High,AIR.PA,170.054163958341
2024-04-02,High,BNP.PA,62.3975266325124
2024-04-02,High,CS.PA,33.02961574264128
2024-04-02,High,MT.AS,25.549497860309756
2024-04-02,Low,AC.PA,41.32168960571289
2024-04-02,Low,AI.PA,170.50033056899818
2024-04-02,Low,AIR.PA,165.4226443877141
2024-04-02,Low,BNP.PA,61.06713060255884
2024-04-02,Low,CS.PA,32.56799091323276
2024-04-02,Low,MT.AS,24.99130675651077
2024-04-02,Open,AC.PA,41.87484483004403
2024-04-02,Open,AI.PA,172.51946512692078
2024-04-02,Open,AIR.PA,169.47770736596289
2024-04-02,Open,BNP.PA,61.64801106469753
2024-04-02,Open,CS.PA,32.690463393489146
2024-04-02,Open,MT.AS,25.25571365867905
2024-04-02,Volume,AC.PA,1033337.0
2024-04-02,Volume,AI.PA,667956.0
2024-04-02,Volume,AIR.PA,1383719.0
2024-04-02,Volume,BNP.PA,2995647.0
2024-04-02,Volume,CS.PA,4764847.0
2024-04-02,Volume,MT.AS,3113958.0
2024-04-03,Close,AC.PA,41.476959228515625
2024-04-03,Close,AI.PA,171.37588500976562
2024-04-03,Close,AIR.PA,167.03274536132812
2024-04-03,Close,BNP.PA,62.33194351196289
2024-04-03,Close,CS.PA,32.850616455078125
2024-04-03,Close,MT.AS,25.05006217956543
2024-04-03,High,AC.PA,41.51577434445475
2024-04-03,High,AI.PA,171.37588500976562
2024-04-03,High,AIR.PA,167.03274536132812
2024-04-03,High,BNP.PA,62.66922801700467
2024-04-03,High,CS.PA,33.11440361032572
2024-04-03,High,MT.AS,25.2361264956909
2024-04-03,Low,AC.PA,41.117890715840446
2024-04-03,Low,AI.PA,169.62478475998668
2024-04-03,Low,AIR.PA,165.0847341844727
2024-04-03,Low,BNP.PA,61.17018974347358
2024-04-03,Low,CS.PA,32.74698617199316
2024-04-03,Low,MT.AS,24.628970138360884
2024-04-03,Open,AC.PA,41.28286884095508
2024-04-03,Open,AI.PA,171.05425588182288
2024-04-03,Open,AIR.PA,165.54191398157258
2024-04-03,Open,BNP.PA,61.27324929490181
2024-04-03,Open,CS.PA,32.81293565614118
2024-04-03,Open,MT.AS,25.05006217956543
2024-04-03,Volume,AC.PA,1054150.0
2024-04-03,Volume,AI.PA,719121.0
2024-04-03,Volume,AIR.PA,879615.0
2024-04-03,Volume,BNP.PA,3081188.0
2024-04-03,Volume,CS.PA,3586455.0
2024-04-03,Volume,MT.AS,2318032.0
2024-04-04,Close,AC.PA,41.58370590209961
2024-04-04,Close,AI.PA,169.35675048828125
2024-04-04,Close,AIR.PA,166.93336486816406
2024-04-04,Close,BNP.PA,62.92219543457031
2024-04-04,Close,CS.PA,32.8317756652832
2024-04-04,Close,MT.AS,25.15778350830078
2024-04-04,High,AC.PA,41.97188668167619
2024-04-04,High,AI.PA,171.4294798659877
2024-04-04,High,AIR.PA,168.02663210854467
2024-04-04,High,BNP.PA,63.33442649534999
2024-04-04,High,CS.PA,33.15208582954955
2024-04-04,High,MT.AS,25.31446865578525
2024-04-04,Low,AC.PA,41.50607196736406
2024-04-04,Low,AI.PA,169.23167082788632
2024-04-04,Low,AIR.PA,166.49605190580343
2024-04-04,Low,BNP.PA,62.584910927037065
2024-04-04,Low,CS.PA,32.8317756652832
2024-04-04,Low,MT.AS,25.04026871377028
2024-04-04,Open,AC.PA,41.574003048495015
2024-04-04,Open,AI.PA,171.3580100588372
2024-04-04,Open,AIR.PA,166.97311369859642
2024-04-04,Open,BNP.PA,62.584910927037065
2024-04-04,Open,CS.PA,32.973090347140754
2024-04-04,Open,MT.AS,25.14799045310372
2024-04-04,Volume,AC.PA,921287.0
2024-04-04,Volume,AI.PA,524327.0
2024-04-04,Volume,AIR.PA,556088.0
2024-04-04,Volume,BNP.PA,2583051.0
2024-04-04,Volume,CS.PA,3092491.0
2024-04-04,Volume,MT.AS,1748814.0
2024-04-05,Close,AC.PA,40.846168518066406
2024-04-05,Close,AI.PA,167.5163116455078
2024-04-05,Close,AIR.PA,166.9929962158203
2024-04-05,Close,BNP.PA,62.35068893432617
2024-04-05,Close,CS.PA,32.16289520263672
2024-04-05,Close,MT.AS,24.76607322692871
2024-04-05,High,AC.PA,40.943211865908935
2024-04-05,High,AI.PA,167.6413913105051
2024-04-05,High,AIR.PA,167.01286304833778
2024-04-05,High,BNP.PA,62.47248334361984
2024-04-05,High,CS.PA,32.47378607840248
2024-04-05,High,MT.AS,24.93254957916793
2024-04-05,Low,AC.PA,40.46769427872755
2024-04-05,Low,AI.PA,166.46207946607618
2024-04-05,Low,AIR.PA,164.22998994379154
2024-04-05,Low,BNP.PA,61.751073591993375
2024-04-05,Low,CS.PA,31.95563461879288
2024-04-05,Low,MT.AS,24.63876536390115
2024-04-05,Open,AC.PA,40.758828024221565
2024-04-05,Open,AI.PA,167.5163116455078
2024-04-05,Open,AIR.PA,165.5021648388758
2024-04-05,Open,BNP.PA,62.05088126315977
2024-04-05,Open,CS.PA,32.36073289060667
2024-04-05,Open,MT.AS,24.805243583974853
2024-04-05,Volume,AC.PA,1383106.0
2024-04-05,Volume,AI.PA,853017.0
2024-04-05,Volume,AIR.PA,992965.0
2024-04-05,Volume,BNP.PA,2913205.0
2024-04-05,Volume,CS.PA,4962347.0
2024-04-05,Volume,MT.AS,1886462.0
2024-04-08,Close,AC.PA,40.46769332885742
2024-04-08,Close,AI.PA,168.19529724121094
2024-04-08,Close,AIR.PA,169.49757385253906
2024-04-08,Close,BNP.PA,62.762916564941406
2024-04-08,Close,CS.PA,32.34189224243164
2024-04-08,Close,MT.AS,25.10881996154785
2024-04-08,High,AC.PA,41.079076771420766
2024-04-08,High,AI.PA,169.2316694193197
2024-04-08,High,AIR.PA,170.1734252636316
2024-04-08,High,BNP.PA,63.06272421962893
2024-04-08,High,CS.PA,32.502045524348055
2024-04-08,High,MT.AS,25.21654170830003
2024-04-08,Low,AC.PA,40.4094651003388
2024-04-08,Low,AI.PA,167.3912244280525
2024-04-08,Low,AIR.PA,167.35078829885285
2024-04-08,Low,BNP.PA,62.27573180656605
2024-04-08,Low,CS.PA,32.08752797663948
2024-04-08,Low,MT.AS,24.756279289345628
2024-04-08,Open,AC.PA,40.73941765801165
2024-04-08,Open,AI.PA,167.60564884348244
2024-04-08,Open,AIR.PA,167.35078829885285
2024-04-08,Open,BNP.PA,62.32257250849885
2024-04-08,Open,CS.PA,32.144050973183354
2024-04-08,Open,MT.AS,24.756279289345628
2024-04-08,Volume,AC.PA,935901.0
2024-04-08,Volume,AI.PA,419611.0
2024-04-08,Volume,AIR.PA,704242.0
2024-04-08,Volume,BNP.PA,1847356.0
2024-04-08,Volume,CS.PA,3051717.0
2024-04-08,Volume,MT.AS,2299259.0
2024-04-09,Close,AC.PA,40.25419235229492
2024-04-09,Close,AI.PA,167.3733673095703
2024-04-09,Close,AIR.PA,163.67340087890625
2024-04-09,Close,BNP.PA,62.43500518798828
2024-04-09,Close,CS.PA,31.899110794067383
2024-04-09,Close,MT.AS,25.11861228942871
2024-04-09,High,AC.PA,40.46769214867042
2024-04-09,High,AI.PA,168.5705390748276
2024-04-09,High,AIR.PA,169.06028495700525
2024-04-09,High,BNP.PA,63.137680072740224
2024-04-09,High,CS.PA,32.33247055473664
2024-04-09,High,MT.AS,25.4221895413095
2024-04-09,Low,AC.PA,39.8854209863644
2024-04-09,Low,AI.PA,167.19467779439125
2024-04-09,Low,AIR.PA,163.35536473649364
2024-04-09,Low,BNP.PA,62.32257463315568
2024-04-09,Low,CS.PA,31.833164899782137
2024-04-09,Low,MT.AS,25.05006276814928
2024-04-09,Open,AC.PA,40.41917047730314
2024-04-09,Open,AI.PA,167.9451557632274
2024-04-09,Open,AIR.PA,168.9608901318957
2024-04-09,Open,BNP.PA,62.68797214936698
2024-04-09,Open,CS.PA,32.22884026549362
2024-04-09,Open,MT.AS,25.06964887932465
2024-04-09,Volume,AC.PA,881686.0
2024-04-09,Volume,AI.PA,615620.0
2024-04-09,Volume,AIR.PA,968152.0
2024-04-09,Volume,BNP.PA,2233616.0
2024-04-09,Volume,CS.PA,3492467.0
2024-04-09,Volume,MT.AS,2589434.0
2024-04-10,Close,AC.PA,40.47739410400391
2024-04-10,Close,AI.PA,167.31976318359375
2024-04-10,Close,AIR.PA,163.21621704101562
2024-04-10,Close,BNP.PA,62.51932907104492
2024-04-10,Close,CS.PA,31.88968849182129
2024-04-10,Close,MT.AS,25.138198852539062
2024-04-10,High,AC.PA,40.62296281684194
2024-04-10,High,AI.PA,168.4276052249487
2024-04-10,High,AIR.PA,164.13059178041237
2024-04-10,High,BNP.PA,63.26884464949517
2024-04-10,High,CS.PA,32.115791271993395
2024-04-10,High,MT.AS,25.70618301199549
2024-04-10,Low,AC.PA,40.06010107596542
2024-04-10,Low,AI.PA,165.94388686029478
2024-04-10,Low,AIR.PA,161.70550369676326
2024-04-10,Low,BNP.PA,61.94781960043817
2024-04-10,Low,CS.PA,31.484590222941684
2024-04-10,Low,MT.AS,24.97172064022419
2024-04-10,Open,AC.PA,40.44828184222276
2024-04-10,Open,AI.PA,167.96302146703732
2024-04-10,Open,AIR.PA,163.6932788255877
2024-04-10,Open,BNP.PA,62.83787158359112
2024-04-10,Open,CS.PA,32.03100317865158
2024-04-10,Open,MT.AS,25.353640475838255
2024-04-10,Volume,AC.PA,819197.0
2024-04-10,Volume,AI.PA,578911.0
2024-04-10,Volume,AIR.PA,860292.0
2024-04-10,Volume,BNP.PA,2452350.0
2024-04-10,Volume,CS.PA,3580133.0
2024-04-10,Volume,MT.AS,3010981.0
2024-04-11,Close,AC.PA,39.7398567199707
2024-04-11,Close,AI.PA,168.6062774658203
2024-04-11,Close,AIR.PA,161.2681884765625
2024-04-11,Close,BNP.PA,61.376312255859375
2024-04-11,Close,CS.PA,31.512853622436523
2024-04-11,Close,MT.AS,25.010892868041992
2024-04-11,High,AC.PA,40.37064586354612
2024-04-11,High,AI.PA,168.78496698469502
2024-04-11,High,AIR.PA,164.62753325005284
2024-04-11,High,BNP.PA,62.912827465081335
2024-04-11,High,CS.PA,31.99331706302246
2024-04-11,High,MT.AS,25.647426550131453
2024-04-11,Low,AC.PA,39.25463259323594
2024-04-11,Low,AI.PA,166.62289278682337
2024-04-11,Low,AIR.PA,160.4929574004525
2024-04-11,Low,BNP.PA,60.71111420840171
2024-04-11,Low,CS.PA,31.192543464118703
2024-04-11,Low,MT.AS,24.95213453344833
2024-04-11,Open,AC.PA,40.33183074690173
2024-04-11,Open,AI.PA,167.1232114430617
2024-04-11,Open,AIR.PA,163.4149892252612
2024-04-11,Open,BNP.PA,62.32257597447986
2024-04-11,Open,CS.PA,31.80489868863876
2024-04-11,Open,MT.AS,25.196955324085383
2024-04-11,Volume,AC.PA,1018049.0
2024-04-11,Volume,AI.PA,644620.0
2024-04-11,Volume,AIR.PA,1329030.0
2024-04-11,Volume,BNP.PA,3214765.0
2024-04-11,Volume,CS.PA,3681333.0
2024-04-11,Volume,MT.AS,2727207.0
2024-04-12,Close,AC.PA,38.934383392333984
2024-04-12,Close,AI.PA,167.4091033935547
2024-04-12,Close,AIR.PA,161.90428161621094
2024-04-12,Close,BNP.PA,61.23577499389648
2024-04-12,Close,CS.PA,31.710691452026367
2024-04-12,Close,MT.AS,25.187162399291992
2024-04-12,High,AC.PA,40.176559690054255
2024-04-12,High,AI.PA,170.1608259738249
2024-04-12,High,AIR.PA,164.26973892273296
2024-04-12,High,BNP.PA,62.247628551146704
2024-04-12,High,CS.PA,31.92737132579423
2024-04-12,High,MT.AS,25.79431878507621
2024-04-12,Low,AC.PA,38.934383392333984
2024-04-12,Low,AI.PA,166.64075046947903
2024-04-12,Low,AIR.PA,161.4471018195601
2024-04-12,Low,BNP.PA,60.992179030563214
2024-04-12,Low,CS.PA,31.52227307672948
2024-04-12,Low,MT.AS,25.10881982059413
2024-04-12,Open,AC.PA,40.05040037893351
2024-04-12,Open,AI.PA,169.7498520826266
2024-04-12,Open,AIR.PA,162.6993947177371
2024-04-12,Open,BNP.PA,61.82601932830314
2024-04-12,Open,CS.PA,31.663587756647544
2024-04-12,Open,MT.AS,25.32426331288905
2024-04-12,Volume,AC.PA,999826.0
2024-04-12,Volume,AI.PA,566068.0
2024-04-12,Volume,AIR.PA,869468.0
2024-04-12,Volume,BNP.PA,2351756.0
2024-04-12,Volume,CS.PA,3446386.0
2024-04-12,Volume,MT.AS,3755965.0
2024-04-15,Close,AC.PA,38.982906341552734
2024-04-15,Close,AI.PA,168.23104858398438
2024-04-15,Close,AIR.PA,162.60000610351562
2024-04-15,Close,BNP.PA,61.61989974975586
2024-04-15,Close,CS.PA,31.861425399780277
2024-04-15,Close,MT.AS,24.99130630493164
2024-04-15,High,AC.PA,39.44872478217789
2024-04-15,High,AI.PA,169.14232611479667
2024-04-15,High,AIR.PA,164.4287555204451
2024-04-15,High,BNP.PA,62.38815733784904
2024-04-15,High,CS.PA,32.16289336242353
2024-04-15,High,MT.AS,25.304676612431138
2024-04-15,Low,AC.PA,38.90527240275952
2024-04-15,Low,AI.PA,166.53354319126072
2024-04-15,Low,AIR.PA,161.88440586810495
2024-04-15,Low,BNP.PA,61.20766867798443
2024-04-15,Low,CS.PA,31.84258320289237
2024-04-15,Low,MT.AS,24.8835845612908
2024-04-15,Open,AC.PA,39.099362802692255
2024-04-15,Open,AI.PA,167.06959673655436
2024-04-15,Open,AIR.PA,163.1764475257163
2024-04-15,Open,BNP.PA,61.23577452969855
2024-04-15,Open,CS.PA,31.87084829511502
2024-04-15,Open,MT.AS,25.118612291915426
2024-04-15,Volume,AC.PA,921300.0
2024-04-15,Volume,AI.PA,513416.0
2024-04-15,Volume,AIR.PA,747423.0
2024-04-15,Volume,BNP.PA,2592068.0
2024-04-15,Volume,CS.PA,3168663.0
2024-04-15,Volume,MT.AS,2055736.0
2024-04-16,Close,AC.PA,38.06098175048828
2024-04-16,Close,AI.PA,165.926025390625
2024-04-16,Close,AIR.PA,159.0
2024-04-16,Close,BNP.PA,59.80231857299805
2024-04-16,Close,CS.PA,31.29617500305176
2024-04-16,Close,MT.AS,23.26776885986328
2024-04-16,High,AC.PA,38.61413695975014
2024-04-16,High,AI.PA,167.39123146543002
2024-04-16,High,AIR.PA,159.60000610351562
2024-04-16,High,BNP.PA,60.636158859739744
2024-04-16,High,CS.PA,31.531697082018056
2024-04-16,High,MT.AS,23.86513220453121
2024-04-16,Low,AC.PA,37.818369686707946
2024-04-16,Low,AI.PA,165.21128230773073
2024-04-16,Low,AIR.PA,156.8800048828125
2024-04-16,Low,BNP.PA,59.61493788997998
2024-04-16,Low,CS.PA,31.192544713301512
2024-04-16,Low,MT.AS,23.062118418324133
2024-04-16,Open,AC.PA,38.45886538700938
2024-04-16,Open,AI.PA,165.9081504403531
2024-04-16,Open,AIR.PA,159.17999267578125
2024-04-16,Open,BNP.PA,60.39256289961947
2024-04-16,Open,CS.PA,31.4092245946967
2024-04-16,Open,MT.AS,23.71823823150277
2024-04-16,Volume,AC.PA,1149685.0
2024-04-16,Volume,AI.PA,575469.0
2024-04-16,Volume,AIR.PA,962480.0
2024-04-16,Volume,BNP.PA,3485230.0
2024-04-16,Volume,CS.PA,3909139.0
2024-04-16,Volume,MT.AS,8435640.0
2024-04-17,Close,AC.PA,38.08039093017578
2024-04-17,Close,AI.PA,166.62289428710938
2024-04-17,Close,AIR.PA,159.89999389648438
2024-04-17,Close,BNP.PA,60.10212707519531
2024-04-17,Close,CS.PA,31.522274017333984
2024-04-17,Close,MT.AS,23.022947311401367
2024-04-17,High,AC.PA,38.50738682714623
2024-04-17,High,AI.PA,167.76647122837184
2024-04-17,High,AIR.PA,161.55999755859375
2024-04-17,High,BNP.PA,60.87975566967897
2024-04-17,High,CS.PA,31.85200708238796
2024-04-17,High,MT.AS,23.718237458309822
2024-04-17,Low,AC.PA,38.012456146917984
2024-04-17,Low,AI.PA,165.7652115811625
2024-04-17,Low,AIR.PA,158.5
2024-04-17,Low,BNP.PA,59.81168683376359
2024-04-17,Low,CS.PA,31.29617483525634
2024-04-17,Low,MT.AS,23.013154255663085
2024-04-17,Open,AC.PA,38.07068437458197
2024-04-17,Open,AI.PA,165.81880644069665
2024-04-17,Open,AIR.PA,158.86000061035156
2024-04-17,Open,BNP.PA,59.88663696362349
2024-04-17,Open,CS.PA,31.33385563641481
2024-04-17,Open,MT.AS,23.30693845647396
2024-04-17,Volume,AC.PA,991725.0
2024-04-17,Volume,AI.PA,431115.0
2024-04-17,Volume,AIR.PA,686238.0
2024-04-17,Volume,BNP.PA,2277500.0
2024-04-17,Volume,CS.PA,4741990.0
2024-04-17,Volume,MT.AS,3430788.0
2024-04-18,Close,AC.PA,38.70147705078125
2024-04-18,Close,AI.PA,166.81944274902344
2024-04-18,Close,AIR.PA,160.66000366210938
2024-04-18,Close,BNP.PA,61.32946395874024
2024-04-18,Close,CS.PA,31.861425399780277
2024-04-18,Close,MT.AS,23.30693817138672
2024-04-18,High,AC.PA,38.80822695005587
2024-04-18,High,AI.PA,167.48057597588118
2024-04-18,High,AIR.PA,161.60000610351562
2024-04-18,High,BNP.PA,61.41378866306288
2024-04-18,High,CS.PA,32.04984377487771
2024-04-18,High,MT.AS,23.463623325613888
2024-04-18,Low,AC.PA,38.3327056810961
2024-04-18,Low,AI.PA,165.85455533410476
2024-04-18,Low,AIR.PA,158.89999389648438
2024-04-18,Low,BNP.PA,60.57057735972978
2024-04-18,Low,CS.PA,31.59764183091282
2024-04-18,Low,MT.AS,23.071910440045965
2024-04-18,Open,AC.PA,38.48797725223202
2024-04-18,Open,AI.PA,167.1946817423019
2024-04-18,Open,AIR.PA,161.22000122070312
2024-04-18,Open,BNP.PA,60.87975602894836
2024-04-18,Open,CS.PA,31.635326224688622
2024-04-18,Open,MT.AS,23.111082662519944
2024-04-18,Volume,AC.PA,879560.0
2024-04-18,Volume,AI.PA,674593.0
2024-04-18,Volume,AIR.PA,779681.0
2024-04-18,Volume,BNP.PA,2716710.0
2024-04-18,Volume,CS.PA,4035473.0
2024-04-18,Volume,MT.AS,2676573.0
2024-04-19,Close,AC.PA,38.60443115234375
2024-04-19,Close,AI.PA,167.74859619140625
2024-04-19,Close,AIR.PA,160.0399932861328
2024-04-19,Close,BNP.PA,61.30135726928711
2024-04-19,Close,CS.PA,31.93679428100586
2024-04-19,Close,MT.AS,23.33631706237793
2024-04-19,High,AC.PA,38.67236223536161
2024-04-19,High,AI.PA,167.89155080687212
2024-04-19,High,AIR.PA,160.89999389648438
2024-04-19,High,BNP.PA,61.58243008255175
2024-04-19,High,CS.PA,32.05926317046406
2024-04-19,High,MT.AS,23.38528047205722
2024-04-19,Low,AC.PA,37.66309884396787
2024-04-19,Low,AI.PA,165.28276778543452
2024-04-19,Low,AIR.PA,157.5800018310547
2024-04-19,Low,BNP.PA,60.34572257054875
2024-04-19,Low,CS.PA,31.465750138771448
2024-04-19,Low,MT.AS,22.95439723694327
2024-04-19,Open,AC.PA,38.19684465423661
2024-04-19,Open,AI.PA,166.01537082581729
2024-04-19,Open,AIR.PA,158.24000549316406
2024-04-19,Open,BNP.PA,60.69237093919944
2024-04-19,Open,CS.PA,31.6730071175831
2024-04-19,Open,MT.AS,23.07191016730731
2024-04-19,Volume,AC.PA,998897.0
2024-04-19,Volume,AI.PA,727126.0
2024-04-19,Volume,AIR.PA,1027924.0
2024-04-19,Volume,BNP.PA,2722009.0
2024-04-19,Volume,CS.PA,4710545.0
2024-04-19,Volume,MT.AS,2845773.0
2024-04-22,Close,AC.PA,38.67236328125
2024-04-22,Close,AI.PA,167.85580444335938
2024-04-22,Close,AIR.PA,161.44000244140625
2024-04-22,Close,BNP.PA,62.4162712097168
2024-04-22,Close,CS.PA,32.34189224243164
2024-04-22,Close,MT.AS,23.610515594482425
2024-04-22,High,AC.PA,39.07995349234673
2024-04-22,High,AI.PA,168.98150635684132
2024-04-22,High,AIR.PA,161.55999755859375
2024-04-22,High,BNP.PA,62.56617147027961
2024-04-22,High,CS.PA,32.59625291444224
2024-04-22,High,MT.AS,23.78678684727284
2024-04-22,Low,AC.PA,38.66266042711348
2024-04-22,Low,AI.PA,167.3554858170284
2024-04-22,Low,AIR.PA,159.47999572753906
2024-04-22,Low,BNP.PA,61.60116575872447
2024-04-22,Low,CS.PA,32.26652345533105
2024-04-22,Low,MT.AS,23.277559198730355
2024-04-22,Open,AC.PA,38.91497535629414
2024-04-22,Open,AI.PA,168.2310434131076
2024-04-22,Open,AIR.PA,160.0800018310547
2024-04-22,Open,BNP.PA,61.92907927993564
2024-04-22,Open,CS.PA,32.398415238975524
2024-04-22,Open,MT.AS,23.50279385825845
2024-04-22,Volume,AC.PA,554096.0
2024-04-22,Volume,AI.PA,535548.0
2024-04-22,Volume,AIR.PA,663910.0
2024-04-22,Volume,BNP.PA,2691459.0
2024-04-22,Volume,CS.PA,3049537.0
2024-04-22,Volume,MT.AS,2204739.0
2024-04-23,Close,AC.PA,39.7398567199707
2024-04-23,Close,AI.PA,170.2501678466797
2024-04-23,Close,AIR.PA,162.72000122070312
2024-04-23,Close,BNP.PA,63.75603866577149
2024-04-23,Close,CS.PA,32.89772033691406
2024-04-23,Close,MT.AS,22.983774185180664
2024-04-23,High,AC.PA,39.7398567199707
2024-04-23,High,AI.PA,170.8755661478526
2024-04-23,High,AIR.PA,163.02000427246094
2024-04-23,High,BNP.PA,63.95278677964345
2024-04-23,High,CS.PA,32.95424692631446
2024-04-23,High,MT.AS,23.60072359760541
2024-04-23,Low,AC.PA,38.934382892647164
2024-04-23,Low,AI.PA,167.83793439445628
2024-04-23,Low,AIR.PA,160.63999938964844
2024-04-23,Low,BNP.PA,62.584913834644006
2024-04-23,Low,CS.PA,32.47378349464637
2024-04-23,Low,MT.AS,22.915224665541096
2024-04-23,Open,AC.PA,38.934382892647164
2024-04-23,Open,AI.PA,168.44545774598294
2024-04-23,Open,AIR.PA,161.39999389648438
2024-04-23,Open,BNP.PA,62.584913834644006
2024-04-23,Open,CS.PA,32.47378349464637
2024-04-23,Open,MT.AS,23.52238102261243
2024-04-23,Volume,AC.PA,767515.0
2024-04-23,Volume,AI.PA,624988.0
2024-04-23,Volume,AIR.PA,777110.0
2024-04-23,Volume,BNP.PA,3112172.0
2024-04-23,Volume,CS.PA,4815277.0
2024-04-23,Volume,MT.AS,3800729.0
2024-04-24,Close,AC.PA,40.904396057128906
2024-04-24,Close,AI.PA,166.30125427246094
2024-04-24,Close,AIR.PA,162.22000122070312
2024-04-24,Close,BNP.PA,63.45623016357422
2024-04-24,Close,CS.PA,32.26652526855469
2024-04-24,Close,MT.AS,23.15025329589844
2024-04-24,High,AC.PA,40.904396057128906
2024-04-24,High,AI.PA,170.75048208139137
2024-04-24,High,AIR.PA,164.74000549316406
2024-04-24,High,BNP.PA,64.15890505304488
2024-04-24,High,CS.PA,32.8977227239754
2024-04-24,High,MT.AS,23.453832420223875
2024-04-24,Low,AC.PA,39.83690073905759
2024-04-24,Low,AI.PA,165.99748510665484
2024-04-24,Low,AIR.PA,162.1999969482422
2024-04-24,Low,BNP.PA,63.11894564479001
2024-04-24,Low,CS.PA,31.97447659280049
2024-04-24,Low,MT.AS,23.06211766210517
2024-04-24,Open,AC.PA,39.84660729485777
2024-04-24,Open,AI.PA,168.8564272728657
2024-04-24,Open,AIR.PA,162.47999572753906
2024-04-24,Open,BNP.PA,63.49369986745814
2024-04-24,Open,CS.PA,32.76583093291924
2024-04-24,Open,MT.AS,23.31673150774857
2024-04-24,Volume,AC.PA,1840780.0
2024-04-24,Volume,AI.PA,960493.0
2024-04-24,Volume,AIR.PA,882510.0
2024-04-24,Volume,BNP.PA,3367663.0
2024-04-24,Volume,CS.PA,5263019.0
2024-04-24,Volume,MT.AS,2185626.0
2024-04-25,Close,AC.PA,40.46769332885742
2024-04-25,Close,AI.PA,164.04983520507812
2024-04-25,Close,AIR.PA,158.52000427246094
2024-04-25,Close,BNP.PA,64.04647064208984
2024-04-25,Close,CS.PA,31.84258460998535
2024-04-25,Close,MT.AS,23.052326202392575
2024-04-25,High,AC.PA,41.001439133395934
2024-04-25,High,AI.PA,166.2297692313126
2024-04-25,High,AIR.PA,162.05999755859375
2024-04-25,High,BNP.PA,65.16138368695601
2024-04-25,High,CS.PA,32.332470969373645
2024-04-25,High,MT.AS,23.199218301037888
2024-04-25,Low,AC.PA,40.0115814603774
2024-04-25,Low,AI.PA,160.9049838310272
2024-04-25,Low,AIR.PA,156.97999572753906
2024-04-25,Low,BNP.PA,63.31568994470731
2024-04-25,Low,CS.PA,31.71069281972345
2024-04-25,Low,MT.AS,22.6899906157554
2024-04-25,Open,AC.PA,40.81705529603647
2024-04-25,Open,AI.PA,166.17617437536043
2024-04-25,Open,AIR.PA,162.0
2024-04-25,Open,BNP.PA,64.34627829096416
2024-04-25,Open,CS.PA,32.27594437621208
2024-04-25,Open,MT.AS,23.140459967312268
2024-04-25,Volume,AC.PA,926723.0
2024-04-25,Volume,AI.PA,1014644.0
2024-04-25,Volume,AIR.PA,1103569.0
2024-04-25,Volume,BNP.PA,3638561.0
2024-04-25,Volume,CS.PA,4264207.0
2024-04-25,Volume,MT.AS,2802569.0
2024-04-26,Close,AC.PA,41.03055191040039
2024-04-26,Close,AI.PA,165.44357299804688
2024-04-26,Close,AIR.PA,157.05999755859375
2024-04-26,Close,BNP.PA,62.78166198730469
2024-04-26,Close,CS.PA,31.88968849182129
2024-04-26,Close,MT.AS,23.25797462463379
2024-04-26,High,AC.PA,41.43814211120135
2024-04-26,High,AI.PA,165.49716785452202
2024-04-26,High,AIR.PA,158.3800048828125
2024-04-26,High,BNP.PA,64.72104442293087
2024-04-26,High,CS.PA,32.228840865188566
2024-04-26,High,MT.AS,23.581137986810063
2024-04-26,Low,AC.PA,40.05040078084602
2024-04-26,Low,AI.PA,163.08493444449186
2024-04-26,Low,AIR.PA,153.72000122070312
2024-04-26,Low,BNP.PA,62.50996016855781
2024-04-26,Low,CS.PA,31.87084988777357
2024-04-26,Low,MT.AS,23.209011214663043
2024-04-26,Open,AC.PA,41.01114250065117
2024-04-26,Open,AI.PA,165.05045907457293
2024-04-26,Open,AIR.PA,158.0
2024-04-26,Open,BNP.PA,64.60861386580083
2024-04-26,Open,CS.PA,32.144052771846745
2024-04-26,Open,MT.AS,23.31673109016556
2024-04-26,Volume,AC.PA,998818.0
2024-04-26,Volume,AI.PA,537292.0
2024-04-26,Volume,AIR.PA,1451375.0
2024-04-26,Volume,BNP.PA,3211049.0
2024-04-26,Volume,CS.PA,3333045.0
2024-04-26,Volume,MT.AS,2295626.0
2024-04-29,Close,AC.PA,40.54532623291016
2024-04-29,Close,AI.PA,164.7467041015625
2024-04-29,Close,AIR.PA,155.89999389648438
2024-04-29,Close,BNP.PA,63.44685745239258
2024-04-29,Close,CS.PA,32.209999084472656
2024-04-29,Close,MT.AS,23.551759719848636
2024-04-29,High,AC.PA,41.30227837652008
2024-04-29,High,AI.PA,167.82007068979857
2024-04-29,High,AIR.PA,157.89999389648438
2024-04-29,High,BNP.PA,63.96214806865269
2024-04-29,High,CS.PA,32.351313773132944
2024-04-29,High,MT.AS,23.63010229949528
2024-04-29,Low,AC.PA,40.49680456136284
2024-04-29,Low,AI.PA,164.7288291523157
2024-04-29,Low,AIR.PA,154.10000610351562
2024-04-29,Low,BNP.PA,63.156420793264544
2024-04-29,Low,CS.PA,32.05926509366653
2024-04-29,Low,MT.AS,23.238389401262044
2024-04-29,Open,AC.PA,41.263459558495725
2024-04-29,Open,AI.PA,166.40845955523818
2024-04-29,Open,AIR.PA,157.5
2024-04-29,Open,BNP.PA,63.33442689983733
2024-04-29,Open,CS.PA,32.08753018766768
2024-04-29,Open,MT.AS,23.277561625002583
2024-04-29,Volume,AC.PA,478523.0
2024-04-29,Volume,AI.PA,516956.0
2024-04-29,Volume,AIR.PA,931973.0
2024-04-29,Volume,BNP.PA,2454535.0
2024-04-29,Volume,CS.PA,4057494.0
2024-04-29,Volume,MT.AS,2081041.0
2024-04-30,Close,AC.PA,40.08921813964844
2024-04-30,Close,AI.PA,164.28211975097656
2024-04-30,Close,AIR.PA,154.67999267578125
2024-04-30,Close,BNP.PA,63.34379959106445
2024-04-30,Close,CS.PA,32.439998626708984
2024-04-30,Close,MT.AS,23.101289749145508
2024-04-30,High,AC.PA,40.74912323921217
2024-04-30,High,AI.PA,165.64012102840488
2024-04-30,High,AIR.PA,157.02000427246094
2024-04-30,High,BNP.PA,64.16826888788414
2024-04-30,High,CS.PA,32.779998779296875
2024-04-30,High,MT.AS,23.463623470088983
2024-04-30,Low,AC.PA,40.08921813964844
2024-04-30,Low,AI.PA,164.031960437048
2024-04-30,Low,AIR.PA,154.66000366210938
2024-04-30,Low,BNP.PA,63.09083262805457
2024-04-30,Low,CS.PA,32.29999923706055
2024-04-30,Low,MT.AS,23.05232633858592
2024-04-30,Open,AC.PA,40.68118845658197
2024-04-30,Open,AI.PA,165.28275700669093
2024-04-30,Open,AIR.PA,156.0800018310547
2024-04-30,Open,BNP.PA,63.99026277655791
2024-04-30,Open,CS.PA,32.5
2024-04-30,Open,MT.AS,23.453832282244573
2024-04-30,Volume,AC.PA,794591.0
2024-04-30,Volume,AI.PA,689868.0
2024-04-30,Volume,AIR.PA,980418.0
2024-04-30,Volume,BNP.PA,2349914.0
2024-04-30,Volume,CS.PA,7064669.0
2024-04-30,Volume,MT.AS,2340129.0
2024-05-02,Close,AC.PA,39.63310623168945
2024-05-02,Close,AI.PA,161.76268005371094
2024-05-02,Close,AIR.PA,153.5800018310547
2024-05-02,Close,BNP.PA,63.19388961791992
2024-05-02,Close,CS.PA,31.8700008392334
2024-05-02,Close,MT.AS,23.825958251953125
2024-05-02,High,AC.PA,40.23478310336218
2024-05-02,High,AI.PA,164.2821181257254
2024-05-02,High,AIR.PA,154.55999755859375
2024-05-02,High,BNP.PA,63.68108152424364
2024-05-02,High,CS.PA,32.56999969482422
2024-05-02,High,MT.AS,24.129535496376967
2024-05-02,Low,AC.PA,39.448722398974034
2024-05-02,Low,AI.PA,161.76268005371094
2024-05-02,Low,AIR.PA,153.13999938964844
2024-05-02,Low,BNP.PA,62.80976441098999
2024-05-02,Low,CS.PA,31.84000015258789
2024-05-02,Low,MT.AS,22.94460381688868
2024-05-02,Open,AC.PA,40.03098986162942
2024-05-02,Open,AI.PA,164.0498337632737
2024-05-02,Open,AIR.PA,154.52000427246094
2024-05-02,Open,BNP.PA,63.34379701924362
2024-05-02,Open,CS.PA,32.40999984741211
2024-05-02,Open,MT.AS,23.571344416430627
2024-05-02,Volume,AC.PA,654023.0
2024-05-02,Volume,AI.PA,854784.0
2024-05-02,Volume,AIR.PA,1064174.0
2024-05-02,Volume,BNP.PA,1771056.0
2024-05-02,Volume,CS.PA,5025128.0
2024-05-02,Volume,MT.AS,3748681.0
2024-05-03,Close,AC.PA,39.83689880371094
2024-05-03,Close,AI.PA,161.36956787109375
2024-05-03,Close,AIR.PA,154.33999633789062
2024-05-03,Close,BNP.PA,63.37190628051758
2024-05-03,Close,CS.PA,31.43000030517578
2024-05-03,Close,MT.AS,23.796581268310547
2024-05-03,High,AC.PA,40.21537301827091
2024-05-03,High,AI.PA,163.2636226805839
2024-05-03,High,AIR.PA,155.52000427246094
2024-05-03,High,BNP.PA,63.99962747439179
2024-05-03,High,CS.PA,32.0
2024-05-03,High,MT.AS,24.168709934292465
2024-05-03,Low,AC.PA,39.44872173578854
2024-05-03,Low,AI.PA,161.33383296846827
2024-05-03,Low,AIR.PA,153.4600067138672
2024-05-03,Low,BNP.PA,63.07209860971358
2024-05-03,Low,CS.PA,30.5
2024-05-03,Low,MT.AS,23.65948221654589
2024-05-03,Open,AC.PA,39.885420474455465
2024-05-03,Open,AI.PA,162.17365566533687
2024-05-03,Open,AIR.PA,154.1199951171875
2024-05-03,Open,BNP.PA,63.70919080366942
2024-05-03,Open,CS.PA,32.0
2024-05-03,Open,MT.AS,23.992438657546764
2024-05-03,Volume,AC.PA,464795.0
2024-05-03,Volume,AI.PA,464219.0
2024-05-03,Volume,AIR.PA,698663.0
2024-05-03,Volume,BNP.PA,1775234.0
2024-05-03,Volume,CS.PA,5611738.0
2024-05-03,Volume,MT.AS,1804974.0
2024-05-06,Close,AC.PA,40.48710250854492
2024-05-06,Close,AI.PA,162.51315307617188
2024-05-06,Close,AIR.PA,156.66000366210938
2024-05-06,Close,BNP.PA,63.92467880249024
2024-05-06,Close,CS.PA,32.209999084472656
2024-05-06,Close,MT.AS,23.84554481506348
2024-05-06,High,AC.PA,40.48710250854492
2024-05-06,High,AI.PA,163.4959154339647
2024-05-06,High,AIR.PA,156.9199981689453
2024-05-06,High,BNP.PA,64.04647320760665
2024-05-06,High,CS.PA,32.31999969482422
2024-05-06,High,MT.AS,24.217671586143204
2024-05-06,Low,AC.PA,39.90483133256289
2024-05-06,Low,AI.PA,161.7090802364372
2024-05-06,Low,AIR.PA,154.39999389648438
2024-05-06,Low,BNP.PA,63.14705022495539
2024-05-06,Low,CS.PA,31.46999931335449
2024-05-06,Low,MT.AS,23.84554481506348
2024-05-06,Open,AC.PA,39.98246897014703
2024-05-06,Open,AI.PA,162.24513379484816
2024-05-06,Open,AIR.PA,154.6199951171875
2024-05-06,Open,BNP.PA,63.400010034959806
2024-05-06,Open,CS.PA,31.57999992370605
2024-05-06,Open,MT.AS,23.90430128042673
2024-05-06,Volume,AC.PA,309474.0
2024-05-06,Volume,AI.PA,321494.0
2024-05-06,Volume,AIR.PA,644331.0
2024-05-06,Volume,BNP.PA,1067014.0
2024-05-06,Volume,CS.PA,4111913.0
2024-05-06,Volume,MT.AS,2104470.0
2024-05-07,Close,AC.PA,40.38035202026367
2024-05-07,Close,AI.PA,164.37147521972656
2024-05-07,Close,AIR.PA,158.86000061035156
2024-05-07,Close,BNP.PA,65.2082290649414
2024-05-07,Close,CS.PA,32.63999938964844
2024-05-07,Close,MT.AS,23.47341728210449
2024-05-07,High,AC.PA,40.8267573239777
2024-05-07,High,AI.PA,164.37147521972656
2024-05-07,High,AIR.PA,159.0
2024-05-07,High,BNP.PA,65.33939447398292
2024-05-07,High,CS.PA,32.72999954223633
2024-05-07,High,MT.AS,23.796580658579817
2024-05-07,Low,AC.PA,40.273602121122
2024-05-07,Low,AI.PA,162.08432133845116
2024-05-07,Low,AIR.PA,157.0800018310547
2024-05-07,Low,BNP.PA,64.35565390617153
2024-05-07,Low,CS.PA,32.34000015258789
2024-05-07,Low,MT.AS,23.19921918560085
2024-05-07,Open,AC.PA,40.65207634392156
2024-05-07,Open,AI.PA,163.22789827908886
2024-05-07,Open,AIR.PA,157.9199981689453
2024-05-07,Open,BNP.PA,64.35565390617153
2024-05-07,Open,CS.PA,32.36000061035156
2024-05-07,Open,MT.AS,23.796580658579817
2024-05-07,Volume,AC.PA,554609.0
2024-05-07,Volume,AI.PA,566199.0
2024-05-07,Volume,AIR.PA,1009859.0
2024-05-07,Volume,BNP.PA,2449417.0
2024-05-07,Volume,CS.PA,3325078.0
2024-05-07,Volume,MT.AS,3131701.0
2024-05-08,Close,AC.PA,40.24449157714844
2024-05-08,Close,AI.PA,166.65863037109375
2024-05-08,Close,AIR.PA,161.52000427246094
2024-05-08,Close,BNP.PA,65.52677917480469
2024-05-08,Close,CS.PA,33.279998779296875
2024-05-08,Close,MT.AS,23.12087631225586
2024-05-08,High,AC.PA,40.98203064513189
2024-05-08,High,AI.PA,166.99813446410906
2024-05-08,High,AIR.PA,162.82000732421875
2024-05-08,High,BNP.PA,65.69542143727146
2024-05-08,High,CS.PA,33.47999954223633
2024-05-08,High,MT.AS,23.444039684632745
2024-05-08,Low,AC.PA,40.24449157714844
2024-05-08,Low,AI.PA,165.03260970793843
2024-05-08,Low,AIR.PA,159.5399932861328
2024-05-08,Low,BNP.PA,64.75852156756241
2024-05-08,Low,CS.PA,32.79999923706055
2024-05-08,Low,MT.AS,23.071911032905167
2024-05-08,Open,AC.PA,40.48710364848024
2024-05-08,Open,AI.PA,165.10407951833204
2024-05-08,Open,AIR.PA,159.75999450683594
2024-05-08,Open,BNP.PA,65.23633535456933
2024-05-08,Open,CS.PA,32.79999923706055
2024-05-08,Open,MT.AS,23.444039684632745
2024-05-08,Volume,AC.PA,547887.0
2024-05-08,Volume,AI.PA,465351.0
2024-05-08,Volume,AIR.PA,996224.0
2024-05-08,Volume,BNP.PA,2043377.0
2024-05-08,Volume,CS.PA,4263235.0
2024-05-08,Volume,MT.AS,2558342.0
2024-05-09,Close,AC.PA,39.27404022216797
2024-05-09,Close,AI.PA,167.0338592529297
2024-05-09,Close,AIR.PA,162.44000244140625
2024-05-09,Close,BNP.PA,66.15449523925781
2024-05-09,Close,CS.PA,33.45000076293945
2024-05-09,Close,MT.AS,23.18942642211914
2024-05-09,High,AC.PA,40.25419128487476
2024-05-09,High,AI.PA,167.6949924484386
2024-05-09,High,AIR.PA,162.44000244140625
2024-05-09,High,BNP.PA,66.2950316384061
2024-05-09,High,CS.PA,33.54999923706055
2024-05-09,High,MT.AS,23.306939359864604
2024-05-09,Low,AC.PA,39.04113102302836
2024-05-09,Low,AI.PA,165.6758579588794
2024-05-09,Low,AIR.PA,160.5399932861328
2024-05-09,Low,BNP.PA,65.50803209196259
2024-05-09,Low,CS.PA,33.15999984741211
2024-05-09,Low,MT.AS,23.022948203784345
2024-05-09,Open,AC.PA,40.18626020636865
2024-05-09,Open,AI.PA,166.47993076651835
2024-05-09,Open,AIR.PA,161.3000030517578
2024-05-09,Open,BNP.PA,65.5736147918347
2024-05-09,Open,CS.PA,33.279998779296875
2024-05-09,Open,MT.AS,23.120876897128543
2024-05-09,Volume,AC.PA,666547.0
2024-05-09,Volume,AI.PA,298724.0
2024-05-09,Volume,AIR.PA,534533.0
2024-05-09,Volume,BNP.PA,1688075.0
2024-05-09,Volume,CS.PA,2683065.0
2024-05-09,Volume,MT.AS,1871161.0
2024-05-10,Close,AC.PA,40.22508239746094
2024-05-10,Close,AI.PA,166.7479705810547
2024-05-10,Close,AIR.PA,159.83999633789062
2024-05-10,Close,BNP.PA,66.70726776123047
2024-05-10,Close,CS.PA,33.720001220703125
2024-05-10,Close,MT.AS,23.38528060913086
2024-05-10,High,AC.PA,40.38035397592344
2024-05-10,High,AI.PA,168.03448711608286
2024-05-10,High,AIR.PA,163.36000061035156
2024-05-10,High,BNP.PA,67.20383069571271
2024-05-10,High,CS.PA,33.93000030517578
2024-05-10,High,MT.AS,23.81616571460481
2024-05-10,Low,AC.PA,39.5457678534501
2024-05-10,Low,AI.PA,166.39060654307613
2024-05-10,Low,AIR.PA,159.77999877929688
2024-05-10,Low,BNP.PA,66.33251353230771
2024-05-10,Low,CS.PA,33.61000061035156
2024-05-10,Low,MT.AS,23.37548942140509
2024-05-10,Open,AC.PA,39.64281120175175
2024-05-10,Open,AI.PA,167.53418346121825
2024-05-10,Open,AIR.PA,162.8800048828125
2024-05-10,Open,BNP.PA,66.33251353230771
2024-05-10,Open,CS.PA,33.61000061035156
2024-05-10,Open,MT.AS,23.40486672025112
2024-05-10,Volume,AC.PA,687532.0
2024-05-10,Volume,AI.PA,594240.0
2024-05-10,Volume,AIR.PA,1091006.0
2024-05-10,Volume,BNP.PA,2520057.0
2024-05-10,Volume,CS.PA,3726774.0
2024-05-10,Volume,MT.AS,2942344.0
2024-05-13,Close,AC.PA,40.47739410400391
2024-05-13,Close,AI.PA,166.1940460205078
2024-05-13,Close,AIR.PA,157.9600067138672
2024-05-13,Close,BNP.PA,67.1101303100586
2024-05-13,Close,CS.PA,33.689998626708984
2024-05-13,Close,MT.AS,23.453832626342773
2024-05-13,High,AC.PA,40.62296281684194
2024-05-13,High,AI.PA,167.5877822970416
2024-05-13,High,AIR.PA,159.89999389648438
2024-05-13,High,BNP.PA,67.61605706139407
2024-05-13,High,CS.PA,33.86000061035156
2024-05-13,High,MT.AS,23.493002981798245
2024-05-13,Low,AC.PA,40.13773871000335
2024-05-13,Low,AI.PA,165.92602673460382
2024-05-13,Low,AIR.PA,156.72000122070312
2024-05-13,Low,BNP.PA,66.67915725847169
2024-05-13,Low,CS.PA,33.58000183105469
2024-05-13,Low,MT.AS,23.257975245562168
2024-05-13,Open,AC.PA,40.31241968462253
2024-05-13,Open,AI.PA,167.44484267676313
2024-05-13,Open,AIR.PA,159.5399932861328
2024-05-13,Open,BNP.PA,66.98833590895084
2024-05-13,Open,CS.PA,33.720001220703125
2024-05-13,Open,MT.AS,23.336317824307528
2024-05-13,Volume,AC.PA,405694.0
2024-05-13,Volume,AI.PA,314366.0
2024-05-13,Volume,AIR.PA,800257.0
2024-05-13,Volume,BNP.PA,1870517.0
2024-05-13,Volume,CS.PA,2162319.0
2024-05-13,Volume,MT.AS,1896278.0
2024-05-14,Close,AC.PA,40.10862731933594
2024-05-14,Close,AI.PA,166.65863037109375
2024-05-14,Close,AIR.PA,158.6999969482422
2024-05-14,Close,BNP.PA,67.00707244873047
2024-05-14,Close,CS.PA,33.41999816894531
2024-05-14,Close,MT.AS,23.620311737060547
2024-05-14,High,AC.PA,40.58414488126442
2024-05-14,High,AI.PA,167.37337346232118
2024-05-14,High,AIR.PA,158.6999969482422
2024-05-14,High,BNP.PA,67.36309895752026
2024-05-14,High,CS.PA,33.56999969482422
2024-05-14,High,MT.AS,23.835753369836937
2024-05-14,Low,AC.PA,40.10862731933594
2024-05-14,Low,AI.PA,164.96112490178103
2024-05-14,Low,AIR.PA,157.0399932861328
2024-05-14,Low,BNP.PA,66.52925868374166
2024-05-14,Low,CS.PA,33.02000045776367
2024-05-14,Low,MT.AS,23.493003874366032
2024-05-14,Open,AC.PA,40.56473547233339
2024-05-14,Open,AI.PA,166.17618665729125
2024-05-14,Open,AIR.PA,157.72000122070312
2024-05-14,Open,BNP.PA,66.86654319313283
2024-05-14,Open,CS.PA,33.560001373291016
2024-05-14,Open,MT.AS,23.493003874366032
2024-05-14,Volume,AC.PA,447884.0
2024-05-14,Volume,AI.PA,398690.0
2024-05-14,Volume,AIR.PA,660035.0
2024-05-14,Volume,BNP.PA,1763827.0
2024-05-14,Volume,CS.PA,2908782.0
2024-05-14,Volume,MT.AS,2279793.0
2024-05-15,Close,AC.PA,40.58414459228516
2024-05-15,Close,AI.PA,166.96238708496094
2024-05-15,Close,AIR.PA,160.0
2024-05-15,Close,BNP.PA,67.22256469726562
2024-05-15,Close,CS.PA,33.369998931884766
2024-05-15,Close,MT.AS,23.38528060913086
2024-05-15,High,AC.PA,40.63266626328412
2024-05-15,High,AI.PA,168.49906287243553
2024-05-15,High,AIR.PA,160.27999877929688
2024-05-15,High,BNP.PA,67.49426651338135
2024-05-15,High,CS.PA,33.81999969482422
2024-05-15,High,MT.AS,23.75740924907839
2024-05-15,Low,AC.PA,39.963058318779495
2024-05-15,Low,AI.PA,166.47992841143966
2024-05-15,Low,AIR.PA,158.9199981689453
2024-05-15,Low,BNP.PA,66.9696048811461
2024-05-15,Low,CS.PA,33.349998474121094
2024-05-15,Low,MT.AS,23.316731088044303
2024-05-15,Open,AC.PA,40.14744214936205
2024-05-15,Open,AI.PA,166.85516738161724
2024-05-15,Open,AIR.PA,159.52000427246094
2024-05-15,Open,BNP.PA,67.14761099323812
2024-05-15,Open,CS.PA,33.7400016784668
2024-05-15,Open,MT.AS,23.698652783551964
2024-05-15,Volume,AC.PA,510467.0
2024-05-15,Volume,AI.PA,577168.0
2024-05-15,Volume,AIR.PA,596561.0
2024-05-15,Volume,BNP.PA,1803259.0
2024-05-15,Volume,CS.PA,3194335.0
2024-05-15,Volume,MT.AS,2345565.0
2024-05-16,Close,AC.PA,40.10862731933594
2024-05-16,Close,AI.PA,165.35423278808594
2024-05-16,Close,AIR.PA,158.9600067138672
2024-05-16,Close,BNP.PA,67.09140014648438
2024-05-16,Close,CS.PA,33.54999923706055
2024-05-16,Close,MT.AS,24.087928771972656
2024-05-16,High,AC.PA,40.9043945756771
2024-05-16,High,AI.PA,167.48057203756602
2024-05-16,High,AIR.PA,159.8800048828125
2024-05-16,High,BNP.PA,67.353730965954
2024-05-16,High,CS.PA,33.72999954223633
2024-05-16,High,MT.AS,24.16710019563388
2024-05-16,Low,AC.PA,40.05039909254284
2024-05-16,Low,AI.PA,165.35423278808594
2024-05-16,Low,AIR.PA,158.0
2024-05-16,Low,BNP.PA,66.74474462191166
2024-05-16,Low,CS.PA,33.349998474121094
2024-05-16,Low,MT.AS,23.37538595902168
2024-05-16,Open,AC.PA,40.77823526860851
2024-05-16,Open,AI.PA,167.48057203756602
2024-05-16,Open,AIR.PA,159.6999969482422
2024-05-16,Open,BNP.PA,67.15698285135178
2024-05-16,Open,CS.PA,33.349998474121094
2024-05-16,Open,MT.AS,23.5040388146228
2024-05-16,Volume,AC.PA,428101.0
2024-05-16,Volume,AI.PA,357020.0
2024-05-16,Volume,AIR.PA,486353.0
2024-05-16,Volume,BNP.PA,1340519.0
2024-05-16,Volume,CS.PA,3005835.0
2024-05-16,Volume,MT.AS,3937932.0
2024-05-17,Close,AC.PA,40.14744186401367
2024-05-17,Close,AI.PA,165.85455322265625
2024-05-17,Close,AIR.PA,158.9600067138672
2024-05-17,Close,BNP.PA,67.74722290039062
2024-05-17,Close,CS.PA,33.689998626708984
2024-05-17,Close,MT.AS,24.018653869628903
2024-05-17,High,AC.PA,40.31241998659701
2024-05-17,High,AI.PA,165.90814808118256
2024-05-17,High,AIR.PA,159.36000061035156
2024-05-17,High,BNP.PA,67.74722290039062
2024-05-17,High,CS.PA,33.779998779296875
2024-05-17,High,MT.AS,24.176996716011324
2024-05-17,Low,AC.PA,39.914536364087525
2024-05-17,Low,AI.PA,164.80030606569605
2024-05-17,Low,AIR.PA,157.83999633789062
2024-05-17,Low,BNP.PA,67.1663495935257
2024-05-17,Low,CS.PA,33.4900016784668
2024-05-17,Low,MT.AS,23.87020768709484
2024-05-17,Open,AC.PA,39.9824674433965
2024-05-17,Open,AI.PA,165.318499667049
2024-05-17,Open,AIR.PA,158.1199951171875
2024-05-17,Open,BNP.PA,67.2600381448286
2024-05-17,Open,CS.PA,33.5
2024-05-17,Open,MT.AS,24.018653869628903
2024-05-17,Volume,AC.PA,461355.0
2024-05-17,Volume,AI.PA,741117.0
2024-05-17,Volume,AIR.PA,650935.0
2024-05-17,Volume,BNP.PA,2796769.0
2024-05-17,Volume,CS.PA,5497929.0
2024-05-17,Volume,MT.AS,2399653.0
2024-05-20,Close,AC.PA,40.37064743041992
2024-05-20,Close,AI.PA,168.61817932128906
2024-05-20,Close,AIR.PA,160.94000244140625
2024-05-20,Close,BNP.PA,68.30000305175781
2024-05-20,Close,CS.PA,33.75
2024-05-20,Close,MT.AS,23.9196891784668
2024-05-20,High,AC.PA,40.72000940754307
2024-05-20,High,AI.PA,170.0
2024-05-20,High,AIR.PA,161.4199981689453
2024-05-20,High,BNP.PA,68.46864531699094
2024-05-20,High,CS.PA,33.93000030517578
2024-05-20,High,MT.AS,24.41451104654629
2024-05-20,Low,AC.PA,40.089220239485336
2024-05-20,Low,AI.PA,166.94544982910156
2024-05-20,Low,AIR.PA,158.94000244140625
2024-05-20,Low,BNP.PA,67.72849355002212
2024-05-20,Low,CS.PA,33.720001220703125
2024-05-20,Low,MT.AS,23.899895850720668
2024-05-20,Open,AC.PA,40.15715132370745
2024-05-20,Open,AI.PA,167.2181854248047
2024-05-20,Open,AIR.PA,159.32000732421875
2024-05-20,Open,BNP.PA,67.78470525577356
2024-05-20,Open,CS.PA,33.72999954223633
2024-05-20,Open,MT.AS,24.15720344863348
2024-05-20,Volume,AC.PA,571948.0
2024-05-20,Volume,AI.PA,374013.0
2024-05-20,Volume,AIR.PA,423939.0
2024-05-20,Volume,BNP.PA,2085075.0
2024-05-20,Volume,CS.PA,1772812.0
2024-05-20,Volume,MT.AS,1919360.0
2024-05-21,Close,AC.PA,39.67192459106445
2024-05-21,Close,AI.PA,167.8727264404297
2024-05-21,Close,AIR.PA,161.33999633789062
2024-05-21,Close,BNP.PA,68.33999633789062
2024-05-21,Close,CS.PA,33.90999984741211
2024-05-21,Close,MT.AS,23.83062171936035
2024-05-21,High,AC.PA,40.47739469515765
2024-05-21,High,AI.PA,168.69090270996094
2024-05-21,High,AIR.PA,161.8800048828125
2024-05-21,High,BNP.PA,68.5
2024-05-21,High,CS.PA,33.90999984741211
2024-05-21,High,MT.AS,23.919689808970077
2024-05-21,Low,AC.PA,39.642808626891934
2024-05-21,Low,AI.PA,166.74545288085938
2024-05-21,Low,AIR.PA,159.17999267578125
2024-05-21,Low,BNP.PA,67.05999755859375
2024-05-21,Low,CS.PA,33.459999084472656
2024-05-21,Low,MT.AS,23.721760301482764
2024-05-21,Open,AC.PA,40.22507978478174
2024-05-21,Open,AI.PA,168.5454559326172
2024-05-21,Open,AIR.PA,161.24000549316406
2024-05-21,Open,BNP.PA,68.30000305175781
2024-05-21,Open,CS.PA,33.68000030517578
2024-05-21,Open,MT.AS,23.810828391092485
2024-05-21,Volume,AC.PA,520257.0
2024-05-21,Volume,AI.PA,405611.0
2024-05-21,Volume,AIR.PA,586277.0
2024-05-21,Volume,BNP.PA,4197847.0
2024-05-21,Volume,CS.PA,2446288.0
2024-05-21,Volume,MT.AS,2229090.0
2024-05-22,Close,AC.PA,39.69133377075195
2024-05-22,Close,AI.PA,166.18182373046875
2024-05-22,Close,AIR.PA,160.39999389648438
2024-05-22,Close,BNP.PA,67.5199966430664
2024-05-22,Close,CS.PA,33.560001373291016
2024-05-22,Close,MT.AS,23.67227935791016
2024-05-22,High,AC.PA,39.97276094170974
2024-05-22,High,AI.PA,168.1272735595703
2024-05-22,High,AIR.PA,162.4600067138672
2024-05-22,High,BNP.PA,68.2699966430664
2024-05-22,High,CS.PA,34.11000061035156
2024-05-22,High,MT.AS,23.86031220515172
2024-05-22,Low,AC.PA,39.46812742190455
2024-05-22,Low,AI.PA,165.4363555908203
2024-05-22,Low,AIR.PA,160.3800048828125
2024-05-22,Low,BNP.PA,67.44999694824219
2024-05-22,Low,CS.PA,33.560001373291016
2024-05-22,Low,MT.AS,23.414971747894253
2024-05-22,Open,AC.PA,39.63310554470922
2024-05-22,Open,AI.PA,167.96363830566406
2024-05-22,Open,AIR.PA,162.0
2024-05-22,Open,BNP.PA,68.12999725341797
2024-05-22,Open,CS.PA,33.900001525878906
2024-05-22,Open,MT.AS,23.75145078502307
2024-05-22,Volume,AC.PA,616623.0
2024-05-22,Volume,AI.PA,405465.0
2024-05-22,Volume,AIR.PA,484633.0
2024-05-22,Volume,BNP.PA,1611847.0
2024-05-22,Volume,CS.PA,3911332.0
2024-05-22,Volume,MT.AS,2253844.0
2024-05-23,Close,AC.PA,39.69133377075195
2024-05-23,Close,AI.PA,165.1999969482422
2024-05-23,Close,AIR.PA,161.27999877929688
2024-05-23,Close,BNP.PA,67.08999633789062
2024-05-23,Close,CS.PA,33.380001068115234
2024-05-23,Close,MT.AS,23.494142532348636
2024-05-23,High,AC.PA,40.118329655833485
2024-05-23,High,AI.PA,166.90908813476562
2024-05-23,High,AIR.PA,161.86000061035156
2024-05-23,High,BNP.PA,67.83000183105469
2024-05-23,High,CS.PA,33.689998626708984
2024-05-23,High,MT.AS,23.68217537444675
2024-05-23,Low,AC.PA,39.6136961360283
2024-05-23,Low,AI.PA,164.74545288085938
2024-05-23,Low,AIR.PA,159.94000244140625
2024-05-23,Low,BNP.PA,66.86000061035156
2024-05-23,Low,CS.PA,33.33000183105469
2024-05-23,Low,MT.AS,23.444661099604968
2024-05-23,Open,AC.PA,39.73985544147114
2024-05-23,Open,AI.PA,166.16363525390625
2024-05-23,Open,AIR.PA,160.5
2024-05-23,Open,BNP.PA,67.61000061035156
2024-05-23,Open,CS.PA,33.540000915527344
2024-05-23,Open,MT.AS,23.593107285431625
2024-05-23,Volume,AC.PA,337430.0
2024-05-23,Volume,AI.PA,449757.0
2024-05-23,Volume,AIR.PA,659453.0
2024-05-23,Volume,BNP.PA,1593552.0
2024-05-23,Volume,CS.PA,2470604.0
2024-05-23,Volume,MT.AS,2171312.0
2024-05-24,Close,AC.PA,39.44872283935547
2024-05-24,Close,AI.PA,165.6727294921875
2024-05-24,Close,AIR.PA,159.1199951171875
2024-05-24,Close,BNP.PA,67.20999908447266
2024-05-24,Close,CS.PA,33.599998474121094
2024-05-24,Close,MT.AS,23.58320999145508
2024-05-24,High,AC.PA,39.73015001833305
2024-05-24,High,AI.PA,166.23635864257812
2024-05-24,High,AIR.PA,160.4199981689453
2024-05-24,High,BNP.PA,67.30000305175781
2024-05-24,High,CS.PA,33.68000030517578
2024-05-24,High,MT.AS,23.652484750484145
2024-05-24,Low,AC.PA,39.19640422127949
2024-05-24,Low,AI.PA,164.58181762695312
2024-05-24,Low,AIR.PA,158.4199981689453
2024-05-24,Low,BNP.PA,66.2300033569336
2024-05-24,Low,CS.PA,32.959999084472656
2024-05-24,Low,MT.AS,23.24673097251768
2024-05-24,Open,AC.PA,39.468128546623205
2024-05-24,Open,AI.PA,164.70909118652344
2024-05-24,Open,AIR.PA,160.3000030517578
2024-05-24,Open,BNP.PA,66.54000091552734
2024-05-24,Open,CS.PA,33.099998474121094
2024-05-24,Open,MT.AS,23.434763809593427
2024-05-24,Volume,AC.PA,483652.0
2024-05-24,Volume,AI.PA,359243.0
2024-05-24,Volume,AIR.PA,880872.0
2024-05-24,Volume,BNP.PA,1333372.0
2024-05-24,Volume,CS.PA,2627576.0
2024-05-24,Volume,MT.AS,1348366.0
2024-05-27,Close,AC.PA,39.63310623168945
2024-05-27,Close,AI.PA,166.9818115234375
2024-05-27,Close,AIR.PA,159.4600067138672
2024-05-27,Close,BNP.PA,67.05999755859375
2024-05-27,Close,CS.PA,33.689998626708984
2024-05-27,Close,MT.AS,23.73165702819824
2024-05-27,High,AC.PA,39.730149574809936
2024-05-27,High,AI.PA,166.9818115234375
2024-05-27,High,AIR.PA,159.4600067138672
2024-05-27,High,BNP.PA,67.30000305175781
2024-05-27,High,CS.PA,33.709999084472656
2024-05-27,High,MT.AS,23.761347020678336
2024-05-27,Low,AC.PA,39.390494171922
2024-05-27,Low,AI.PA,165.4727325439453
2024-05-27,Low,AIR.PA,158.24000549316406
2024-05-27,Low,BNP.PA,66.80999755859375
2024-05-27,Low,CS.PA,33.5099983215332
2024-05-27,Low,MT.AS,23.533729407784666
2024-05-27,Open,AC.PA,39.54576574209452
2024-05-27,Open,AI.PA,165.90908813476562
2024-05-27,Open,AIR.PA,159.0
2024-05-27,Open,BNP.PA,67.26000213623047
2024-05-27,Open,CS.PA,33.63999938964844
2024-05-27,Open,MT.AS,23.553520848509045
2024-05-27,Volume,AC.PA,247420.0
2024-05-27,Volume,AI.PA,227131.0
2024-05-27,Volume,AIR.PA,449470.0
2024-05-27,Volume,BNP.PA,962501.0
2024-05-27,Volume,CS.PA,1712511.0
2024-05-27,Volume,MT.AS,987332.0
2024-05-28,Close,AC.PA,39.43901824951172
2024-05-28,Close,AI.PA,165.03636169433594
2024-05-28,Close,AIR.PA,158.4600067138672
2024-05-28,Close,BNP.PA,67.79000091552734
2024-05-28,Close,CS.PA,33.369998931884766
2024-05-28,Close,MT.AS,23.69207191467285
2024-05-28,High,AC.PA,39.90483298844692
2024-05-28,High,AI.PA,168.1272735595703
2024-05-28,High,AIR.PA,160.5
2024-05-28,High,BNP.PA,67.79000091552734
2024-05-28,High,CS.PA,34.029998779296875
2024-05-28,High,MT.AS,23.850414763739693
2024-05-28,Low,AC.PA,39.28374666986665
2024-05-28,Low,AI.PA,164.41818237304688
2024-05-28,Low,AIR.PA,157.74000549316406
2024-05-28,Low,BNP.PA,67.11000061035156
2024-05-28,Low,CS.PA,33.279998779296875
2024-05-28,Low,MT.AS,23.6030038261233
2024-05-28,Open,AC.PA,39.77867737508725
2024-05-28,Open,AI.PA,167.4545440673828
2024-05-28,Open,AIR.PA,159.6999969482422
2024-05-28,Open,BNP.PA,67.1500015258789
2024-05-28,Open,CS.PA,33.83000183105469
2024-05-28,Open,MT.AS,23.781140003222408
2024-05-28,Volume,AC.PA,403242.0
2024-05-28,Volume,AI.PA,441765.0
2024-05-28,Volume,AIR.PA,541144.0
2024-05-28,Volume,BNP.PA,1390311.0
2024-05-28,Volume,CS.PA,2796438.0
2024-05-28,Volume,MT.AS,1614856.0
2024-05-29,Close,AC.PA,38.58502197265625
2024-05-29,Close,AI.PA,162.8727264404297
2024-05-29,Close,AIR.PA,156.74000549316406
2024-05-29,Close,BNP.PA,66.93000030517578
2024-05-29,Close,CS.PA,33.040000915527344
2024-05-29,Close,MT.AS,22.939943313598636
2024-05-29,High,AC.PA,39.27404306474931
2024-05-29,High,AI.PA,164.5454559326172
2024-05-29,High,AIR.PA,158.1199951171875
2024-05-29,High,BNP.PA,68.06999969482422
2024-05-29,High,CS.PA,33.34000015258789
2024-05-29,High,MT.AS,23.48424664209661
2024-05-29,Low,AC.PA,38.58502197265625
2024-05-29,Low,AI.PA,162.345458984375
2024-05-29,Low,AIR.PA,156.3000030517578
2024-05-29,Low,BNP.PA,66.55999755859375
2024-05-29,Low,CS.PA,32.95000076293945
2024-05-29,Low,MT.AS,22.742013800910787
2024-05-29,Open,AC.PA,39.19640542542813
2024-05-29,Open,AI.PA,164.27272033691406
2024-05-29,Open,AIR.PA,157.83999633789062
2024-05-29,Open,BNP.PA,67.93000030517578
2024-05-29,Open,CS.PA,33.220001220703125
2024-05-29,Open,MT.AS,23.414971878934587
2024-05-29,Volume,AC.PA,459843.0
2024-05-29,Volume,AI.PA,561697.0
2024-05-29,Volume,AIR.PA,699281.0
2024-05-29,Volume,BNP.PA,1873775.0
2024-05-29,Volume,CS.PA,3334056.0
2024-05-29,Volume,MT.AS,3733728.0
2024-05-30,Close,AC.PA,39.07995223999024
2024-05-30,Close,AI.PA,164.0181884765625
2024-05-30,Close,AIR.PA,159.10000610351562
2024-05-30,Close,BNP.PA,67.79000091552734
2024-05-30,Close,CS.PA,33.08000183105469
2024-05-30,Close,MT.AS,23.66238212585449
2024-05-30,High,AC.PA,39.27404263419902
2024-05-30,High,AI.PA,164.27272033691406
2024-05-30,High,AIR.PA,160.05999755859375
2024-05-30,High,BNP.PA,67.79000091552734
2024-05-30,High,CS.PA,33.2400016784668
2024-05-30,High,MT.AS,23.721760222865623
2024-05-30,Low,AC.PA,38.39093485741708
2024-05-30,Low,AI.PA,162.8727264404297
2024-05-30,Low,AIR.PA,156.0
2024-05-30,Low,BNP.PA,66.37999725341797
2024-05-30,Low,CS.PA,32.880001068115234
2024-05-30,Low,MT.AS,22.81128788911365
2024-05-30,Open,AC.PA,38.42974997468575
2024-05-30,Open,AI.PA,163.09091186523438
2024-05-30,Open,AIR.PA,156.13999938964844
2024-05-30,Open,BNP.PA,66.43000030517578
2024-05-30,Open,CS.PA,32.88999938964844
2024-05-30,Open,MT.AS,22.81128788911365
2024-05-30,Volume,AC.PA,472878.0
2024-05-30,Volume,AI.PA,487531.0
2024-05-30,Volume,AIR.PA,720517.0
2024-05-30,Volume,BNP.PA,1654206.0
2024-05-30,Volume,CS.PA,2869972.0
2024-05-30,Volume,MT.AS,4317263.0
2024-05-31,Close,AC.PA,38.711181640625
2024-05-31,Close,AI.PA,164.05455017089844
2024-05-31,Close,AIR.PA,155.89999389648438
2024-05-31,Close,BNP.PA,67.69999694824219
2024-05-31,Close,CS.PA,33.04999923706055
2024-05-31,Close,MT.AS,23.90979385375977
2024-05-31,High,AC.PA,39.09936243685845
2024-05-31,High,AI.PA,164.70909118652344
2024-05-31,High,AIR.PA,159.74000549316406
2024-05-31,High,BNP.PA,68.2300033569336
2024-05-31,High,CS.PA,33.459999084472656
2024-05-31,High,MT.AS,23.9295871826145
2024-05-31,Low,AC.PA,38.61413829254985
2024-05-31,Low,AI.PA,163.5272674560547
2024-05-31,Low,AIR.PA,154.4199981689453
2024-05-31,Low,BNP.PA,67.37000274658203
2024-05-31,Low,CS.PA,33.04999923706055
2024-05-31,Low,MT.AS,23.513936714643688
2024-05-31,Open,AC.PA,39.04113420683351
2024-05-31,Open,AI.PA,164.4545440673828
2024-05-31,Open,AIR.PA,159.33999633789062
2024-05-31,Open,BNP.PA,68.01000213623047
2024-05-31,Open,CS.PA,33.279998779296875
2024-05-31,Open,MT.AS,23.67227957029012
2024-05-31,Volume,AC.PA,1240032.0
2024-05-31,Volume,AI.PA,1838766.0
2024-05-31,Volume,AIR.PA,1980687.0
2024-05-31,Volume,BNP.PA,3289110.0
2024-05-31,Volume,CS.PA,8922704.0
2024-05-31,Volume,MT.AS,6882105.0
2024-06-03,Close,AC.PA,38.95379257202149
2024-06-03,Close,AI.PA,166.09091186523438
2024-06-03,Close,AIR.PA,155.3000030517578
2024-06-03,Close,BNP.PA,68.05999755859375
2024-06-03,Close,CS.PA,33.13999938964844
2024-06-03,Close,MT.AS,24.09782600402832
2024-06-03,High,AC.PA,39.35167621062389
2024-06-03,High,AI.PA,167.16363525390625
2024-06-03,High,AIR.PA,157.74000549316406
2024-06-03,High,BNP.PA,68.66000366210938
2024-06-03,High,CS.PA,33.54999923706055
2024-06-03,High,MT.AS,24.35513360889267
2024-06-03,Low,AC.PA,38.89556804566807
2024-06-03,Low,AI.PA,164.4363555908203
2024-06-03,Low,AIR.PA,154.6999969482422
2024-06-03,Low,BNP.PA,67.91000366210938
2024-06-03,Low,CS.PA,33.13999938964844
2024-06-03,Low,MT.AS,23.94937981711311
2024-06-03,Open,AC.PA,39.21581404651083
2024-06-03,Open,AI.PA,166.39999389648438
2024-06-03,Open,AIR.PA,157.17999267578125
2024-06-03,Open,BNP.PA,68.5
2024-06-03,Open,CS.PA,33.369998931884766
2024-06-03,Open,MT.AS,24.1176193323092
2024-06-03,Volume,AC.PA,569549.0
2024-06-03,Volume,AI.PA,521259.0
2024-06-03,Volume,AIR.PA,824743.0
2024-06-03,Volume,BNP.PA,1415332.0
2024-06-03,Volume,CS.PA,3467483.0
2024-06-03,Volume,MT.AS,3362128.0
2024-06-04,Close,AC.PA,38.75
2024-06-04,Close,AI.PA,165.69090270996094
2024-06-04,Close,AIR.PA,152.60000610351562
2024-06-04,Close,BNP.PA,66.83000183105469
2024-06-04,Close,CS.PA,32.7599983215332
2024-06-04,Close,MT.AS,23.573314666748047
2024-06-04,High,AC.PA,39.0702460064142
2024-06-04,High,AI.PA,167.05455017089844
2024-06-04,High,AIR.PA,155.8000030517578
2024-06-04,High,BNP.PA,67.79000091552734
2024-06-04,High,CS.PA,33.099998474121094
2024-06-04,High,MT.AS,24.12751465805783
2024-06-04,Low,AC.PA,38.13861654888841
2024-06-04,Low,AI.PA,165.56362915039062
2024-06-04,Low,AIR.PA,152.27999877929688
2024-06-04,Low,BNP.PA,66.31999969482422
2024-06-04,Low,CS.PA,32.52000045776367
2024-06-04,Low,MT.AS,23.56341800238233
2024-06-04,Open,AC.PA,38.80822822933276
2024-06-04,Open,AI.PA,166.03636169433594
2024-06-04,Open,AIR.PA,154.63999938964844
2024-06-04,Open,BNP.PA,67.75
2024-06-04,Open,CS.PA,33.0
2024-06-04,Open,MT.AS,24.10772321692213
2024-06-04,Volume,AC.PA,686819.0
2024-06-04,Volume,AI.PA,521481.0
2024-06-04,Volume,AIR.PA,1307181.0
2024-06-04,Volume,BNP.PA,2450741.0
2024-06-04,Volume,CS.PA,3550350.0
2024-06-04,Volume,MT.AS,3024340.0
2024-06-05,Close,AC.PA,39.2599983215332
2024-06-05,Close,AI.PA,167.8909149169922
2024-06-05,Close,AIR.PA,153.17999267578125
2024-06-05,Close,BNP.PA,66.2300033569336
2024-06-05,Close,CS.PA,33.11000061035156
2024-06-05,Close,MT.AS,23.118078231811523
2024-06-05,High,AC.PA,39.5099983215332
2024-06-05,High,AI.PA,168.16363525390625
2024-06-05,High,AIR.PA,154.32000732421875
2024-06-05,High,BNP.PA,67.08999633789062
2024-06-05,High,CS.PA,33.290000915527344
2024-06-05,High,MT.AS,23.543625339475188
2024-06-05,Low,AC.PA,38.88999938964844
2024-06-05,Low,AI.PA,166.49090576171875
2024-06-05,Low,AIR.PA,152.67999267578125
2024-06-05,Low,BNP.PA,66.04000091552734
2024-06-05,Low,CS.PA,32.88999938964844
2024-06-05,Low,MT.AS,23.019113480885803
2024-06-05,Open,AC.PA,39.0
2024-06-05,Open,AI.PA,166.6727294921875
2024-06-05,Open,AIR.PA,153.47999572753906
2024-06-05,Open,BNP.PA,66.94000244140625
2024-06-05,Open,CS.PA,32.959999084472656
2024-06-05,Open,MT.AS,23.50403868406665
2024-06-05,Volume,AC.PA,743671.0
2024-06-05,Volume,AI.PA,457552.0
2024-06-05,Volume,AIR.PA,1013855.0
2024-06-05,Volume,BNP.PA,1613978.0
2024-06-05,Volume,CS.PA,2996962.0
2024-06-05,Volume,MT.AS,4384655.0
2024-06-06,Close,AC.PA,39.119998931884766
2024-06-06,Close,AI.PA,168.63636779785156
2024-06-06,Close,AIR.PA,153.52000427246094
2024-06-06,Close,BNP.PA,66.8499984741211
2024-06-06,Close,CS.PA,33.40999984741211
2024-06-06,Close,MT.AS,23.30611038208008
2024-06-06,High,AC.PA,39.68000030517578
2024-06-06,High,AI.PA,170.4727325439453
2024-06-06,High,AIR.PA,154.3800048828125
2024-06-06,High,BNP.PA,67.16000366210938
2024-06-06,High,CS.PA,33.470001220703125
2024-06-06,High,MT.AS,23.30611038208008
2024-06-06,Low,AC.PA,38.91999816894531
2024-06-06,Low,AI.PA,168.3272705078125
2024-06-06,Low,AIR.PA,152.6199951171875
2024-06-06,Low,BNP.PA,65.68000030517578
2024-06-06,Low,CS.PA,33.0
2024-06-06,Low,MT.AS,22.88056514010376
2024-06-06,Open,AC.PA,39.65999984741211
2024-06-06,Open,AI.PA,169.09091186523438
2024-06-06,Open,AIR.PA,153.77999877929688
2024-06-06,Open,BNP.PA,66.58999633789062
2024-06-06,Open,CS.PA,33.09000015258789
2024-06-06,Open,MT.AS,23.16756085620852
2024-06-06,Volume,AC.PA,710285.0
2024-06-06,Volume,AI.PA,574928.0
2024-06-06,Volume,AIR.PA,759232.0
2024-06-06,Volume,BNP.PA,2181388.0
2024-06-06,Volume,CS.PA,2819770.0
2024-06-06,Volume,MT.AS,2337107.0
2024-06-07,Close,AC.PA,38.959999084472656
2024-06-07,Close,AI.PA,170.25454711914062
2024-06-07,Close,AIR.PA,150.0
2024-06-07,Close,BNP.PA,66.37000274658203
2024-06-07,Close,CS.PA,33.18000030517578
2024-06-07,Close,MT.AS,23.157663345336918
2024-06-07,High,AC.PA,39.18000030517578
2024-06-07,High,AI.PA,170.6727294921875
2024-06-07,High,AIR.PA,153.13999938964844
2024-06-07,High,BNP.PA,67.11000061035156
2024-06-07,High,CS.PA,33.45000076293945
2024-06-07,High,MT.AS,23.39517761854704
2024-06-07,Low,AC.PA,38.709999084472656
2024-06-07,Low,AI.PA,167.63636779785156
2024-06-07,Low,AIR.PA,148.74000549316406
2024-06-07,Low,BNP.PA,66.05999755859375
2024-06-07,Low,CS.PA,32.849998474121094
2024-06-07,Low,MT.AS,22.90035574412704
2024-06-07,Open,AC.PA,39.18000030517578
2024-06-07,Open,AI.PA,169.5454559326172
2024-06-07,Open,AIR.PA,153.0
2024-06-07,Open,BNP.PA,66.8499984741211
2024-06-07,Open,CS.PA,33.31999969482422
2024-06-07,Open,MT.AS,23.35559285014317
2024-06-07,Volume,AC.PA,630552.0
2024-06-07,Volume,AI.PA,679646.0
2024-06-07,Volume,AIR.PA,1351369.0
2024-06-07,Volume,BNP.PA,2120025.0
2024-06-07,Volume,CS.PA,3119191.0
2024-06-07,Volume,MT.AS,3200862.0
2024-06-10,Close,AC.PA,38.83000183105469
2024-06-10,Close,AI.PA,168.1199951171875
2024-06-10,Close,AIR.PA,149.4600067138672
2024-06-10,Close,BNP.PA,63.209999084472656
2024-06-10,Close,CS.PA,32.33000183105469
2024-06-10,Close,MT.AS,23.048803329467773
2024-06-10,High,AC.PA,38.83000183105469
2024-06-10,High,AI.PA,171.0
2024-06-10,High,AIR.PA,149.4600067138672
2024-06-10,High,BNP.PA,63.68000030517578
2024-06-10,High,CS.PA,32.709999084472656
2024-06-10,High,MT.AS,23.207146174928457
2024-06-10,Low,AC.PA,38.06999969482422
2024-06-10,Low,AI.PA,165.8000030517578
2024-06-10,Low,AIR.PA,146.60000610351562
2024-06-10,Low,BNP.PA,60.5
2024-06-10,Low,CS.PA,32.040000915527344
2024-06-10,Low,MT.AS,22.781599069904512
2024-06-10,Open,AC.PA,38.29999923706055
2024-06-10,Open,AI.PA,171.0
2024-06-10,Open,AIR.PA,147.8800048828125
2024-06-10,Open,BNP.PA,61.0
2024-06-10,Open,CS.PA,32.380001068115234
2024-06-10,Open,MT.AS,22.840977165053367
2024-06-10,Volume,AC.PA,917046.0
2024-06-10,Volume,AI.PA,1103632.0
2024-06-10,Volume,AIR.PA,1097412.0
2024-06-10,Volume,BNP.PA,7509856.0
2024-06-10,Volume,CS.PA,7436765.0
2024-06-10,Volume,MT.AS,2239679.0
2024-06-11,Close,AC.PA,38.59000015258789
2024-06-11,Close,AI.PA,165.89999389648438
2024-06-11,Close,AIR.PA,148.5
2024-06-11,Close,BNP.PA,60.75
2024-06-11,Close,CS.PA,31.799999237060547
2024-06-11,Close,MT.AS,22.43522453308105
2024-06-11,High,AC.PA,39.0
2024-06-11,High,AI.PA,170.0
2024-06-11,High,AIR.PA,150.6199951171875
2024-06-11,High,BNP.PA,63.75
2024-06-11,High,CS.PA,32.630001068115234
2024-06-11,High,MT.AS,23.02901117767326
2024-06-11,Low,AC.PA,38.380001068115234
2024-06-11,Low,AI.PA,164.77999877929688
2024-06-11,Low,AIR.PA,147.1199951171875
2024-06-11,Low,BNP.PA,60.369998931884766
2024-06-11,Low,CS.PA,31.6299991607666
2024-06-11,Low,MT.AS,22.385743099196585
2024-06-11,Open,AC.PA,38.93999862670898
2024-06-11,Open,AI.PA,168.63999938964844
2024-06-11,Open,AIR.PA,150.0
2024-06-11,Open,BNP.PA,63.650001525878906
2024-06-11,Open,CS.PA,32.369998931884766
2024-06-11,Open,MT.AS,22.97952785619308
2024-06-11,Volume,AC.PA,714994.0
2024-06-11,Volume,AI.PA,751000.0
2024-06-11,Volume,AIR.PA,975649.0
2024-06-11,Volume,BNP.PA,6746748.0
2024-06-11,Volume,CS.PA,6868881.0
2024-06-11,Volume,MT.AS,3921081.0
2024-06-12,Close,AC.PA,39.209999084472656
2024-06-12,Close,AI.PA,169.22000122070312
2024-06-12,Close,AIR.PA,149.36000061035156
2024-06-12,Close,BNP.PA,61.81999969482422
2024-06-12,Close,CS.PA,32.25
2024-06-12,Close,MT.AS,22.28677749633789
2024-06-12,High,AC.PA,39.33000183105469
2024-06-12,High,AI.PA,169.5
2024-06-12,High,AIR.PA,149.9199981689453
2024-06-12,High,BNP.PA,62.09000015258789
2024-06-12,High,CS.PA,32.29999923706055
2024-06-12,High,MT.AS,22.742012711070178
2024-06-12,Low,AC.PA,38.5099983215332
2024-06-12,Low,AI.PA,166.72000122070312
2024-06-12,Low,AIR.PA,148.13999938964844
2024-06-12,Low,BNP.PA,60.79999923706055
2024-06-12,Low,CS.PA,31.81999969482422
2024-06-12,Low,MT.AS,22.2570875045788
2024-06-12,Open,AC.PA,38.619998931884766
2024-06-12,Open,AI.PA,166.75999450683594
2024-06-12,Open,AIR.PA,149.3000030517578
2024-06-12,Open,BNP.PA,60.79999923706055
2024-06-12,Open,CS.PA,31.81999969482422
2024-06-12,Open,MT.AS,22.573773199626583
2024-06-12,Volume,AC.PA,513029.0
2024-06-12,Volume,AI.PA,520967.0
2024-06-12,Volume,AIR.PA,768246.0
2024-06-12,Volume,BNP.PA,4627597.0
2024-06-12,Volume,CS.PA,4479567.0
2024-06-12,Volume,MT.AS,2681483.0
2024-06-13,Close,AC.PA,38.36000061035156
2024-06-13,Close,AI.PA,163.27999877929688
2024-06-13,Close,AIR.PA,145.8000030517578
2024-06-13,Close,BNP.PA,60.0
2024-06-13,Close,CS.PA,30.950000762939453
2024-06-13,Close,MT.AS,21.9700927734375
2024-06-13,High,AC.PA,39.11000061035156
2024-06-13,High,AI.PA,169.36000061035156
2024-06-13,High,AIR.PA,149.3000030517578
2024-06-13,High,BNP.PA,61.7599983215332
2024-06-13,High,CS.PA,32.349998474121094
2024-06-13,High,MT.AS,22.296675146855826
2024-06-13,Low,AC.PA,38.34999847412109
2024-06-13,Low,AI.PA,163.24000549316406
2024-06-13,Low,AIR.PA,145.8000030517578
2024-06-13,Low,BNP.PA,58.97999954223633
2024-06-13,Low,CS.PA,30.700000762939453
2024-06-13,Low,MT.AS,21.881024681814708
2024-06-13,Open,AC.PA,39.09999847412109
2024-06-13,Open,AI.PA,169.0800018310547
2024-06-13,Open,AIR.PA,149.0
2024-06-13,Open,BNP.PA,61.619998931884766
2024-06-13,Open,CS.PA,32.25
2024-06-13,Open,MT.AS,22.168020397802582
2024-06-13,Volume,AC.PA,642014.0
2024-06-13,Volume,AI.PA,850723.0
2024-06-13,Volume,AIR.PA,1381745.0
2024-06-13,Volume,BNP.PA,5973973.0
2024-06-13,Volume,CS.PA,9250383.0
2024-06-13,Volume,MT.AS,2243870.0
2024-06-14,Close,AC.PA,37.02999877929688
2024-06-14,Close,AI.PA,159.27999877929688
2024-06-14,Close,AIR.PA,143.82000732421875
2024-06-14,Close,BNP.PA,58.40999984741211
2024-06-14,Close,CS.PA,29.43000030517578
2024-06-14,Close,MT.AS,21.59402656555176
2024-06-14,High,AC.PA,38.380001068115234
2024-06-14,High,AI.PA,162.75999450683594
2024-06-14,High,AIR.PA,145.82000732421875
2024-06-14,High,BNP.PA,59.869998931884766
2024-06-14,High,CS.PA,30.790000915527344
2024-06-14,High,MT.AS,22.128435102600715
2024-06-14,Low,AC.PA,36.7400016784668
2024-06-14,Low,AI.PA,158.5399932861328
2024-06-14,Low,AIR.PA,141.74000549316406
2024-06-14,Low,BNP.PA,57.36000061035156
2024-06-14,Low,CS.PA,29.040000915527344
2024-06-14,Low,MT.AS,21.514855140166247
2024-06-14,Open,AC.PA,38.2599983215332
2024-06-14,Open,AI.PA,162.6199951171875
2024-06-14,Open,AIR.PA,145.60000610351562
2024-06-14,Open,BNP.PA,59.77000045776367
2024-06-14,Open,CS.PA,30.709999084472656
2024-06-14,Open,MT.AS,21.979987028356668
2024-06-14,Volume,AC.PA,1301400.0
2024-06-14,Volume,AI.PA,1335425.0
2024-06-14,Volume,AIR.PA,1550146.0
2024-06-14,Volume,BNP.PA,8617206.0
2024-06-14,Volume,CS.PA,15401026.0
2024-06-14,Volume,MT.AS,4153452.0
2024-06-17,Close,AC.PA,37.290000915527344
2024-06-17,Close,AI.PA,160.3800048828125
2024-06-17,Close,AIR.PA,145.8000030517578
2024-06-17,Close,BNP.PA,59.13999938964844
2024-06-17,Close,CS.PA,29.979999542236328
2024-06-17,Close,MT.AS,21.603923797607425
2024-06-17,High,AC.PA,37.66999816894531
2024-06-17,High,AI.PA,160.9600067138672
2024-06-17,High,AIR.PA,145.8000030517578
2024-06-17,High,BNP.PA,59.59000015258789
2024-06-17,High,CS.PA,30.25
2024-06-17,High,MT.AS,21.683095225074226
2024-06-17,Low,AC.PA,36.84000015258789
2024-06-17,Low,AI.PA,159.0399932861328
2024-06-17,Low,AIR.PA,142.83999633789062
2024-06-17,Low,BNP.PA,58.09999847412109
2024-06-17,Low,CS.PA,29.46999931335449
2024-06-17,Low,MT.AS,21.25754809459176
2024-06-17,Open,AC.PA,37.310001373291016
2024-06-17,Open,AI.PA,159.36000061035156
2024-06-17,Open,AIR.PA,144.82000732421875
2024-06-17,Open,BNP.PA,58.75
2024-06-17,Open,CS.PA,29.46999931335449
2024-06-17,Open,MT.AS,21.58413046884179
2024-06-17,Volume,AC.PA,946007.0
2024-06-17,Volume,AI.PA,631890.0
2024-06-17,Volume,AIR.PA,1150087.0
2024-06-17,Volume,BNP.PA,4341390.0
2024-06-17,Volume,CS.PA,6132543.0
2024-06-17,Volume,MT.AS,3372325.0
2024-06-18,Close,AC.PA,37.88999938964844
2024-06-18,Close,AI.PA,162.25999450683594
2024-06-18,Close,AIR.PA,148.1199951171875
2024-06-18,Close,BNP.PA,59.459999084472656
2024-06-18,Close,CS.PA,30.530000686645508
2024-06-18,Close,MT.AS,21.861230850219727
2024-06-18,High,AC.PA,37.9900016784668
2024-06-18,High,AI.PA,162.74000549316406
2024-06-18,High,AIR.PA,148.39999389648438
2024-06-18,High,BNP.PA,60.119998931884766
2024-06-18,High,CS.PA,30.649999618530277
2024-06-18,High,MT.AS,21.960195603923616
2024-06-18,Low,AC.PA,37.52999877929688
2024-06-18,Low,AI.PA,160.02000427246094
2024-06-18,Low,AIR.PA,146.25999450683594
2024-06-18,Low,BNP.PA,58.709999084472656
2024-06-18,Low,CS.PA,30.059999465942383
2024-06-18,Low,MT.AS,21.465373722999846
2024-06-18,Open,AC.PA,37.65999984741211
2024-06-18,Open,AI.PA,161.32000732421875
2024-06-18,Open,AIR.PA,147.67999267578125
2024-06-18,Open,BNP.PA,59.79999923706055
2024-06-18,Open,CS.PA,30.450000762939453
2024-06-18,Open,MT.AS,21.8216441936999
2024-06-18,Volume,AC.PA,823661.0
2024-06-18,Volume,AI.PA,641396.0
2024-06-18,Volume,AIR.PA,1115394.0
2024-06-18,Volume,BNP.PA,2718136.0
2024-06-18,Volume,CS.PA,5678921.0
2024-06-18,Volume,MT.AS,2682459.0
2024-06-19,Close,AC.PA,38.43999862670898
2024-06-19,Close,AI.PA,161.3800048828125
2024-06-19,Close,AIR.PA,147.94000244140625
2024-06-19,Close,BNP.PA,58.709999084472656
2024-06-19,Close,CS.PA,30.46999931335449
2024-06-19,Close,MT.AS,21.762266159057617
2024-06-19,High,AC.PA,38.97999954223633
2024-06-19,High,AI.PA,162.52000427246094
2024-06-19,High,AIR.PA,148.77999877929688
2024-06-19,High,BNP.PA,59.900001525878906
2024-06-19,High,CS.PA,30.739999771118164
2024-06-19,High,MT.AS,22.098745190060427
2024-06-19,Low,AC.PA,38.369998931884766
2024-06-19,Low,AI.PA,161.0800018310547
2024-06-19,Low,AIR.PA,147.6199951171875
2024-06-19,Low,BNP.PA,58.58000183105469
2024-06-19,Low,CS.PA,30.38999938964844
2024-06-19,Low,MT.AS,21.762266159057617
2024-06-19,Open,AC.PA,38.79999923706055
2024-06-19,Open,AI.PA,162.0
2024-06-19,Open,AIR.PA,148.5
2024-06-19,Open,BNP.PA,59.900001525878906
2024-06-19,Open,CS.PA,30.690000534057617
2024-06-19,Open,MT.AS,21.97009233119261
2024-06-19,Volume,AC.PA,767334.0
2024-06-19,Volume,AI.PA,478536.0
2024-06-19,Volume,AIR.PA,563567.0
2024-06-19,Volume,BNP.PA,2947548.0
2024-06-19,Volume,CS.PA,3127957.0
2024-06-19,Volume,MT.AS,2437147.0
2024-06-20,Close,AC.PA,38.970001220703125
2024-06-20,Close,AI.PA,164.3000030517578
2024-06-20,Close,AIR.PA,148.75999450683594
2024-06-20,Close,BNP.PA,60.11000061035156
2024-06-20,Close,CS.PA,30.940000534057617
2024-06-20,Close,MT.AS,22.158123016357425
2024-06-20,High,AC.PA,39.02000045776367
2024-06-20,High,AI.PA,164.72000122070312
2024-06-20,High,AIR.PA,148.9600067138672
2024-06-20,High,BNP.PA,60.34000015258789
2024-06-20,High,CS.PA,30.979999542236328
2024-06-20,High,MT.AS,22.187813008469423
2024-06-20,Low,AC.PA,38.43999862670898
2024-06-20,Low,AI.PA,161.4600067138672
2024-06-20,Low,AIR.PA,147.74000549316406
2024-06-20,Low,BNP.PA,58.83000183105469
2024-06-20,Low,CS.PA,30.600000381469727
2024-06-20,Low,MT.AS,21.73257590073037
2024-06-20,Open,AC.PA,38.45000076293945
2024-06-20,Open,AI.PA,161.83999633789062
2024-06-20,Open,AIR.PA,148.32000732421875
2024-06-20,Open,BNP.PA,58.97999954223633
2024-06-20,Open,CS.PA,30.6299991607666
2024-06-20,Open,MT.AS,21.77216255687971
2024-06-20,Volume,AC.PA,846359.0
2024-06-20,Volume,AI.PA,721491.0
2024-06-20,Volume,AIR.PA,825723.0
2024-06-20,Volume,BNP.PA,2735541.0
2024-06-20,Volume,CS.PA,4121951.0
2024-06-20,Volume,MT.AS,2971467.0
2024-06-21,Close,AC.PA,38.47999954223633
2024-06-21,Close,AI.PA,162.8800048828125
2024-06-21,Close,AIR.PA,148.5800018310547
2024-06-21,Close,BNP.PA,59.33000183105469
2024-06-21,Close,CS.PA,30.559999465942383
2024-06-21,Close,MT.AS,21.74247169494629
2024-06-21,High,AC.PA,39.22999954223633
2024-06-21,High,AI.PA,164.5
2024-06-21,High,AIR.PA,149.10000610351562
2024-06-21,High,BNP.PA,60.47999954223633
2024-06-21,High,CS.PA,31.15999984741211
2024-06-21,High,MT.AS,22.177915457190466
2024-06-21,Low,AC.PA,38.220001220703125
2024-06-21,Low,AI.PA,162.17999267578125
2024-06-21,Low,AIR.PA,147.5399932861328
2024-06-21,Low,BNP.PA,58.720001220703125
2024-06-21,Low,CS.PA,30.38999938964844
2024-06-21,Low,MT.AS,21.56433741218764
2024-06-21,Open,AC.PA,39.0099983215332
2024-06-21,Open,AI.PA,164.02000427246094
2024-06-21,Open,AIR.PA,148.8800048828125
2024-06-21,Open,BNP.PA,60.0
2024-06-21,Open,CS.PA,30.940000534057617
2024-06-21,Open,MT.AS,22.138330690220403
2024-06-21,Volume,AC.PA,1603420.0
2024-06-21,Volume,AI.PA,1571907.0
2024-06-21,Volume,AIR.PA,1930361.0
2024-06-21,Volume,BNP.PA,6377244.0
2024-06-21,Volume,CS.PA,9616490.0
2024-06-21,Volume,MT.AS,5181900.0
2024-06-24,Close,AC.PA,39.18000030517578
2024-06-24,Close,AI.PA,164.75999450683594
2024-06-24,Close,AIR.PA,148.77999877929688
2024-06-24,Close,BNP.PA,61.27000045776367
2024-06-24,Close,CS.PA,30.899999618530277
2024-06-24,Close,MT.AS,21.91071128845215
2024-06-24,High,AC.PA,39.18000030517578
2024-06-24,High,AI.PA,165.16000366210938
2024-06-24,High,AIR.PA,149.39999389648438
2024-06-24,High,BNP.PA,61.41999816894531
2024-06-24,High,CS.PA,30.940000534057617
2024-06-24,High,MT.AS,22.168018881361338
2024-06-24,Low,AC.PA,38.29999923706055
2024-06-24,Low,AI.PA,162.5
2024-06-24,Low,AIR.PA,148.0
2024-06-24,Low,BNP.PA,59.400001525878906
2024-06-24,Low,CS.PA,30.420000076293945
2024-06-24,Low,MT.AS,21.722680341307253
2024-06-24,Open,AC.PA,38.52999877929688
2024-06-24,Open,AI.PA,162.77999877929688
2024-06-24,Open,AIR.PA,148.55999755859375
2024-06-24,Open,BNP.PA,59.400001525878906
2024-06-24,Open,CS.PA,30.549999237060547
2024-06-24,Open,MT.AS,21.82164320292221
2024-06-24,Volume,AC.PA,795522.0
2024-06-24,Volume,AI.PA,610195.0
2024-06-24,Volume,AIR.PA,901064.0
2024-06-24,Volume,BNP.PA,3799351.0
2024-06-24,Volume,CS.PA,3613473.0
2024-06-24,Volume,MT.AS,3018956.0
2024-06-25,Close,AC.PA,39.369998931884766
2024-06-25,Close,AI.PA,166.52000427246094
2024-06-25,Close,AIR.PA,134.77999877929688
2024-06-25,Close,BNP.PA,60.560001373291016
2024-06-25,Close,CS.PA,30.76000022888184
2024-06-25,Close,MT.AS,21.663301467895508
2024-06-25,High,AC.PA,39.41999816894531
2024-06-25,High,AI.PA,168.24000549316406
2024-06-25,High,AIR.PA,136.83999633789062
2024-06-25,High,BNP.PA,61.5099983215332
2024-06-25,High,CS.PA,31.040000915527344
2024-06-25,High,MT.AS,21.970092394908537
2024-06-25,Low,AC.PA,38.66999816894531
2024-06-25,Low,AI.PA,164.02000427246094
2024-06-25,Low,AIR.PA,129.9600067138672
2024-06-25,Low,BNP.PA,60.220001220703125
2024-06-25,Low,CS.PA,30.59000015258789
2024-06-25,Low,MT.AS,21.52475194446749
2024-06-25,Open,AC.PA,38.84999847412109
2024-06-25,Open,AI.PA,164.5
2024-06-25,Open,AIR.PA,135.0
2024-06-25,Open,BNP.PA,61.41999816894531
2024-06-25,Open,CS.PA,30.8799991607666
2024-06-25,Open,MT.AS,21.77216288635792
2024-06-25,Volume,AC.PA,748549.0
2024-06-25,Volume,AI.PA,915260.0
2024-06-25,Volume,AIR.PA,8026551.0
2024-06-25,Volume,BNP.PA,3411239.0
2024-06-25,Volume,CS.PA,3363255.0
2024-06-25,Volume,MT.AS,2378282.0
2024-06-26,Close,AC.PA,38.7599983215332
2024-06-26,Close,AI.PA,164.82000732421875
2024-06-26,Close,AIR.PA,130.97999572753906
2024-06-26,Close,BNP.PA,60.25
2024-06-26,Close,CS.PA,30.65999984741211
2024-06-26,Close,MT.AS,21.1486873626709
2024-06-26,High,AC.PA,39.4900016784668
2024-06-26,High,AI.PA,167.66000366210938
2024-06-26,High,AIR.PA,137.3800048828125
2024-06-26,High,BNP.PA,61.27999877929688
2024-06-26,High,CS.PA,30.940000534057617
2024-06-26,High,MT.AS,21.8018520741436
2024-06-26,Low,AC.PA,38.459999084472656
2024-06-26,Low,AI.PA,164.0800018310547
2024-06-26,Low,AIR.PA,129.10000610351562
2024-06-26,Low,BNP.PA,59.959999084472656
2024-06-26,Low,CS.PA,30.31999969482422
2024-06-26,Low,MT.AS,21.020032620583343
2024-06-26,Open,AC.PA,39.41999816894531
2024-06-26,Open,AI.PA,167.1999969482422
2024-06-26,Open,AIR.PA,135.13999938964844
2024-06-26,Open,BNP.PA,60.7599983215332
2024-06-26,Open,CS.PA,30.850000381469727
2024-06-26,Open,MT.AS,21.71278398734317
2024-06-26,Volume,AC.PA,799345.0
2024-06-26,Volume,AI.PA,714299.0
2024-06-26,Volume,AIR.PA,3087889.0
2024-06-26,Volume,BNP.PA,3252961.0
2024-06-26,Volume,CS.PA,3059712.0
2024-06-26,Volume,MT.AS,4364036.0
2024-06-27,Close,AC.PA,38.5099983215332
2024-06-27,Close,AI.PA,163.47999572753906
2024-06-27,Close,AIR.PA,130.63999938964844
2024-06-27,Close,BNP.PA,60.02000045776367
2024-06-27,Close,CS.PA,30.3700008392334
2024-06-27,Close,MT.AS,21.02003288269043
2024-06-27,High,AC.PA,38.91999816894531
2024-06-27,High,AI.PA,166.32000732421875
2024-06-27,High,AIR.PA,132.47999572753906
2024-06-27,High,BNP.PA,60.68000030517578
2024-06-27,High,CS.PA,30.61000061035156
2024-06-27,High,MT.AS,21.376305234334627
2024-06-27,Low,AC.PA,38.459999084472656
2024-06-27,Low,AI.PA,162.94000244140625
2024-06-27,Low,AIR.PA,129.8800048828125
2024-06-27,Low,BNP.PA,59.58000183105469
2024-06-27,Low,CS.PA,30.0
2024-06-27,Low,MT.AS,20.990342890854865
2024-06-27,Open,AC.PA,38.65999984741211
2024-06-27,Open,AI.PA,165.8000030517578
2024-06-27,Open,AIR.PA,132.0
2024-06-27,Open,BNP.PA,60.45000076293945
2024-06-27,Open,CS.PA,30.59000015258789
2024-06-27,Open,MT.AS,21.25754715458801
2024-06-27,Volume,AC.PA,567512.0
2024-06-27,Volume,AI.PA,453781.0
2024-06-27,Volume,AIR.PA,1535124.0
2024-06-27,Volume,BNP.PA,3437993.0
2024-06-27,Volume,CS.PA,5676440.0
2024-06-27,Volume,MT.AS,2517245.0
2024-06-28,Close,AC.PA,38.29999923706055
2024-06-28,Close,AI.PA,161.27999877929688
2024-06-28,Close,AIR.PA,128.25999450683594
2024-06-28,Close,BNP.PA,59.52999877929688
2024-06-28,Close,CS.PA,30.56999969482422
2024-06-28,Close,MT.AS,21.1486873626709
2024-06-28,High,AC.PA,38.619998931884766
2024-06-28,High,AI.PA,163.9600067138672
2024-06-28,High,AIR.PA,130.6199951171875
2024-06-28,High,BNP.PA,60.36000061035156
2024-06-28,High,CS.PA,30.709999084472656
2024-06-28,High,MT.AS,21.4455797269419
2024-06-28,Low,AC.PA,38.0099983215332
2024-06-28,Low,AI.PA,160.6199951171875
2024-06-28,Low,AIR.PA,127.54000091552734
2024-06-28,Low,BNP.PA,59.18000030517578
2024-06-28,Low,CS.PA,30.38999938964844
2024-06-28,Low,MT.AS,21.04972261204869
2024-06-28,Open,AC.PA,38.619998931884766
2024-06-28,Open,AI.PA,163.8000030517578
2024-06-28,Open,AIR.PA,130.6199951171875
2024-06-28,Open,BNP.PA,60.33000183105469
2024-06-28,Open,CS.PA,30.6299991607666
2024-06-28,Open,MT.AS,21.109100707383767
2024-06-28,Volume,AC.PA,765186.0
2024-06-28,Volume,AI.PA,713670.0
2024-06-28,Volume,AIR.PA,2179598.0
2024-06-28,Volume,BNP.PA,4476230.0
2024-06-28,Volume,CS.PA,5325632.0
2024-06-28,Volume,MT.AS,2702505.0
2024-07-01,Close,AC.PA,38.18999862670898
2024-07-01,Close,AI.PA,162.6199951171875
2024-07-01,Close,AIR.PA,131.63999938964844
2024-07-01,Close,BNP.PA,61.66999816894531
2024-07-01,Close,CS.PA,31.26000022888184
2024-07-01,Close,MT.AS,21.06951713562012
2024-07-01,High,AC.PA,39.29999923706055
2024-07-01,High,AI.PA,165.97999572753906
2024-07-01,High,AIR.PA,132.6999969482422
2024-07-01,High,BNP.PA,62.959999084472656
2024-07-01,High,CS.PA,31.90999984741211
2024-07-01,High,MT.AS,21.574233806009943
2024-07-01,Low,AC.PA,38.18999862670898
2024-07-01,Low,AI.PA,162.6199951171875
2024-07-01,Low,AIR.PA,130.39999389648438
2024-07-01,Low,BNP.PA,60.959999084472656
2024-07-01,Low,CS.PA,31.229999542236328
2024-07-01,Low,MT.AS,21.02003381370248
2024-07-01,Open,AC.PA,39.02999877929688
2024-07-01,Open,AI.PA,165.1999969482422
2024-07-01,Open,AIR.PA,131.33999633789062
2024-07-01,Open,BNP.PA,62.900001525878906
2024-07-01,Open,CS.PA,31.790000915527344
2024-07-01,Open,MT.AS,21.465374272982597
2024-07-01,Volume,AC.PA,662902.0
2024-07-01,Volume,AI.PA,495586.0
2024-07-01,Volume,AIR.PA,1469971.0
2024-07-01,Volume,BNP.PA,4655869.0
2024-07-01,Volume,CS.PA,5822740.0
2024-07-01,Volume,MT.AS,2525781.0
2024-07-02,Close,AC.PA,38.220001220703125
2024-07-02,Close,AI.PA,162.8800048828125
2024-07-02,Close,AIR.PA,131.8800048828125
2024-07-02,Close,BNP.PA,61.22999954223633
2024-07-02,Close,CS.PA,31.13999938964844
2024-07-02,Close,MT.AS,20.92106819152832
2024-07-02,High,AC.PA,38.2599983215332
2024-07-02,High,AI.PA,162.8800048828125
2024-07-02,High,AIR.PA,132.10000610351562
2024-07-02,High,BNP.PA,61.470001220703125
2024-07-02,High,CS.PA,31.25
2024-07-02,High,MT.AS,21.10910103184111
2024-07-02,Low,AC.PA,37.58000183105469
2024-07-02,Low,AI.PA,160.67999267578125
2024-07-02,Low,AIR.PA,129.83999633789062
2024-07-02,Low,BNP.PA,60.43000030517578
2024-07-02,Low,CS.PA,30.670000076293945
2024-07-02,Low,MT.AS,20.841896767332774
2024-07-02,Open,AC.PA,38.06999969482422
2024-07-02,Open,AI.PA,162.02000427246094
2024-07-02,Open,AIR.PA,130.0
2024-07-02,Open,BNP.PA,61.209999084472656
2024-07-02,Open,CS.PA,31.049999237060547
2024-07-02,Open,MT.AS,20.950758183450017
2024-07-02,Volume,AC.PA,684970.0
2024-07-02,Volume,AI.PA,620145.0
2024-07-02,Volume,AIR.PA,1263918.0
2024-07-02,Volume,BNP.PA,2578874.0
2024-07-02,Volume,CS.PA,3534410.0
2024-07-02,Volume,MT.AS,2014647.0
2024-07-03,Close,AC.PA,39.22999954223633
2024-07-03,Close,AI.PA,164.1999969482422
2024-07-03,Close,AIR.PA,135.83999633789062
2024-07-03,Close,BNP.PA,62.72999954223633
2024-07-03,Close,CS.PA,31.670000076293945
2024-07-03,Close,MT.AS,21.27733993530273
2024-07-03,High,AC.PA,39.2400016784668
2024-07-03,High,AI.PA,164.3000030517578
2024-07-03,High,AIR.PA,136.10000610351562
2024-07-03,High,BNP.PA,63.18000030517578
2024-07-03,High,CS.PA,31.90999984741211
2024-07-03,High,MT.AS,21.48021682197273
2024-07-03,Low,AC.PA,38.27999877929688
2024-07-03,Low,AI.PA,162.3000030517578
2024-07-03,Low,AIR.PA,132.13999938964844
2024-07-03,Low,BNP.PA,61.54999923706055
2024-07-03,Low,CS.PA,31.229999542236328
2024-07-03,Low,MT.AS,21.158581858610148
2024-07-03,Open,AC.PA,38.59999847412109
2024-07-03,Open,AI.PA,163.67999267578125
2024-07-03,Open,AIR.PA,132.55999755859375
2024-07-03,Open,BNP.PA,61.75
2024-07-03,Open,CS.PA,31.26000022888184
2024-07-03,Open,MT.AS,21.24764994423069
2024-07-03,Volume,AC.PA,490457.0
2024-07-03,Volume,AI.PA,608007.0
2024-07-03,Volume,AIR.PA,1542202.0
2024-07-03,Volume,BNP.PA,3555561.0
2024-07-03,Volume,CS.PA,4140685.0
2024-07-03,Volume,MT.AS,3093932.0
2024-07-04,Close,AC.PA,39.56999969482422
2024-07-04,Close,AI.PA,165.39999389648438
2024-07-04,Close,AIR.PA,136.10000610351562
2024-07-04,Close,BNP.PA,63.91999816894531
2024-07-04,Close,CS.PA,32.08000183105469
2024-07-04,Close,MT.AS,21.43568420410156
2024-07-04,High,AC.PA,39.56999969482422
2024-07-04,High,AI.PA,165.4199981689453
2024-07-04,High,AIR.PA,137.27999877929688
2024-07-04,High,BNP.PA,64.5
2024-07-04,High,CS.PA,32.40999984741211
2024-07-04,High,MT.AS,21.50495896694579
2024-07-04,Low,AC.PA,39.209999084472656
2024-07-04,Low,AI.PA,164.1999969482422
2024-07-04,Low,AIR.PA,135.33999633789062
2024-07-04,Low,BNP.PA,63.33000183105469
2024-07-04,Low,CS.PA,31.899999618530277
2024-07-04,Low,MT.AS,21.307031342761675
2024-07-04,Open,AC.PA,39.43000030517578
2024-07-04,Open,AI.PA,164.9600067138672
2024-07-04,Open,AIR.PA,136.89999389648438
2024-07-04,Open,BNP.PA,63.5
2024-07-04,Open,CS.PA,31.989999771118164
2024-07-04,Open,MT.AS,21.3763061056059
2024-07-04,Volume,AC.PA,427809.0
2024-07-04,Volume,AI.PA,513047.0
2024-07-04,Volume,AIR.PA,747860.0
2024-07-04,Volume,BNP.PA,2798016.0
2024-07-04,Volume,CS.PA,3706902.0
2024-07-04,Volume,MT.AS,1173681.0
2024-07-05,Close,AC.PA,38.650001525878906
2024-07-05,Close,AI.PA,163.4600067138672
2024-07-05,Close,AIR.PA,136.27999877929688
2024-07-05,Close,BNP.PA,63.65999984741211
2024-07-05,Close,CS.PA,31.959999084472656
2024-07-05,Close,MT.AS,21.267444610595703
2024-07-05,High,AC.PA,39.68000030517578
2024-07-05,High,AI.PA,165.32000732421875
2024-07-05,High,AIR.PA,138.13999938964844
2024-07-05,High,BNP.PA,64.0999984741211
2024-07-05,High,CS.PA,32.349998474121094
2024-07-05,High,MT.AS,21.554442212907865
2024-07-05,Low,AC.PA,38.58000183105469
2024-07-05,Low,AI.PA,162.75999450683594
2024-07-05,Low,AIR.PA,136.16000366210938
2024-07-05,Low,BNP.PA,63.16999816894531
2024-07-05,Low,CS.PA,31.780000686645508
2024-07-05,Low,MT.AS,21.15858319073996
2024-07-05,Open,AC.PA,39.630001068115234
2024-07-05,Open,AI.PA,165.32000732421875
2024-07-05,Open,AIR.PA,137.0
2024-07-05,Open,BNP.PA,64.08000183105469
2024-07-05,Open,CS.PA,32.22999954223633
2024-07-05,Open,MT.AS,21.42578746442458
2024-07-05,Volume,AC.PA,514388.0
2024-07-05,Volume,AI.PA,480935.0
2024-07-05,Volume,AIR.PA,932154.0
2024-07-05,Volume,BNP.PA,2358461.0
2024-07-05,Volume,CS.PA,2969546.0
2024-07-05,Volume,MT.AS,1468110.0
2024-07-08,Close,AC.PA,38.970001220703125
2024-07-08,Close,AI.PA,163.75999450683594
2024-07-08,Close,AIR.PA,135.67999267578125
2024-07-08,Close,BNP.PA,62.540000915527344
2024-07-08,Close,CS.PA,32.0099983215332
2024-07-08,Close,MT.AS,20.99034309387207
2024-07-08,High,AC.PA,39.13999938964844
2024-07-08,High,AI.PA,165.72000122070312
2024-07-08,High,AIR.PA,137.25999450683594
2024-07-08,High,BNP.PA,64.18000030517578
2024-07-08,High,CS.PA,32.459999084472656
2024-07-08,High,MT.AS,21.36640877704393
2024-07-08,Low,AC.PA,38.34000015258789
2024-07-08,Low,AI.PA,162.5399932861328
2024-07-08,Low,AIR.PA,135.0
2024-07-08,Low,BNP.PA,62.540000915527344
2024-07-08,Low,CS.PA,31.690000534057617
2024-07-08,Low,MT.AS,20.980448317426823
2024-07-08,Open,AC.PA,38.5
2024-07-08,Open,AI.PA,162.60000610351562
2024-07-08,Open,AIR.PA,135.47999572753906
2024-07-08,Open,BNP.PA,63.0
2024-07-08,Open,CS.PA,31.780000686645508
2024-07-08,Open,MT.AS,21.109101174767304
2024-07-08,Volume,AC.PA,589029.0
2024-07-08,Volume,AI.PA,647977.0
2024-07-08,Volume,AIR.PA,780603.0
2024-07-08,Volume,BNP.PA,3007412.0
2024-07-08,Volume,CS.PA,2475601.0
2024-07-08,Volume,MT.AS,1991171.0
2024-07-09,Close,AC.PA,38.84000015258789
2024-07-09,Close,AI.PA,160.8000030517578
2024-07-09,Close,AIR.PA,131.83999633789062
2024-07-09,Close,BNP.PA,61.06999969482422
2024-07-09,Close,CS.PA,31.6299991607666
2024-07-09,Close,MT.AS,20.52521133422852
2024-07-09,High,AC.PA,38.97999954223633
2024-07-09,High,AI.PA,163.89999389648438
2024-07-09,High,AIR.PA,135.60000610351562
2024-07-09,High,BNP.PA,62.33000183105469
2024-07-09,High,CS.PA,31.979999542236328
2024-07-09,High,MT.AS,21.15858273592951
2024-07-09,Low,AC.PA,38.380001068115234
2024-07-09,Low,AI.PA,160.36000061035156
2024-07-09,Low,AIR.PA,131.83999633789062
2024-07-09,Low,BNP.PA,60.540000915527344
2024-07-09,Low,CS.PA,31.479999542236328
2024-07-09,Low,MT.AS,20.475729901319003
2024-07-09,Open,AC.PA,38.790000915527344
2024-07-09,Open,AI.PA,163.3000030517578
2024-07-09,Open,AIR.PA,135.5399932861328
2024-07-09,Open,BNP.PA,62.119998931884766
2024-07-09,Open,CS.PA,31.84000015258789
2024-07-09,Open,MT.AS,21.039826541908408
2024-07-09,Volume,AC.PA,481374.0
2024-07-09,Volume,AI.PA,667060.0
2024-07-09,Volume,AIR.PA,1305788.0
2024-07-09,Volume,BNP.PA,3863035.0
2024-07-09,Volume,CS.PA,3535401.0
2024-07-09,Volume,MT.AS,3083773.0
2024-07-10,Close,AC.PA,39.08000183105469
2024-07-10,Close,AI.PA,162.10000610351562
2024-07-10,Close,AIR.PA,133.3000030517578
2024-07-10,Close,BNP.PA,61.619998931884766
2024-07-10,Close,CS.PA,31.96999931335449
2024-07-10,Close,MT.AS,20.57469367980957
2024-07-10,High,AC.PA,39.27999877929688
2024-07-10,High,AI.PA,162.1999969482422
2024-07-10,High,AIR.PA,134.25999450683594
2024-07-10,High,BNP.PA,61.93999862670898
2024-07-10,High,CS.PA,32.099998474121094
2024-07-10,High,MT.AS,20.69344986820345
2024-07-10,Low,AC.PA,38.560001373291016
2024-07-10,Low,AI.PA,160.25999450683594
2024-07-10,Low,AIR.PA,131.02000427246094
2024-07-10,Low,BNP.PA,60.79999923706055
2024-07-10,Low,CS.PA,31.600000381469727
2024-07-10,Low,MT.AS,20.33717752783064
2024-07-10,Open,AC.PA,38.86000061035156
2024-07-10,Open,AI.PA,161.0
2024-07-10,Open,AIR.PA,131.8800048828125
2024-07-10,Open,BNP.PA,61.36000061035156
2024-07-10,Open,CS.PA,31.670000076293945
2024-07-10,Open,MT.AS,20.455935603820105
2024-07-10,Volume,AC.PA,616562.0
2024-07-10,Volume,AI.PA,430811.0
2024-07-10,Volume,AIR.PA,781693.0
2024-07-10,Volume,BNP.PA,1924593.0
2024-07-10,Volume,CS.PA,2497364.0
2024-07-10,Volume,MT.AS,1968312.0
2024-07-11,Close,AC.PA,39.310001373291016
2024-07-11,Close,AI.PA,163.44000244140625
2024-07-11,Close,AIR.PA,131.9600067138672
2024-07-11,Close,BNP.PA,62.02000045776367
2024-07-11,Close,CS.PA,32.06999969482422
2024-07-11,Close,MT.AS,20.80231285095215
2024-07-11,High,AC.PA,39.43000030517578
2024-07-11,High,AI.PA,163.97999572753906
2024-07-11,High,AIR.PA,133.63999938964844
2024-07-11,High,BNP.PA,62.459999084472656
2024-07-11,High,CS.PA,32.15999984741211
2024-07-11,High,MT.AS,20.822106179710545
2024-07-11,Low,AC.PA,38.84999847412109
2024-07-11,Low,AI.PA,161.86000061035156
2024-07-11,Low,AIR.PA,131.9600067138672
2024-07-11,Low,BNP.PA,61.619998931884766
2024-07-11,Low,CS.PA,31.8799991607666
2024-07-11,Low,MT.AS,20.52521191112177
2024-07-11,Open,AC.PA,39.09999847412109
2024-07-11,Open,AI.PA,162.72000122070312
2024-07-11,Open,AIR.PA,133.44000244140625
2024-07-11,Open,BNP.PA,62.0
2024-07-11,Open,CS.PA,32.04999923706055
2024-07-11,Open,MT.AS,20.69345143037669
2024-07-11,Volume,AC.PA,645094.0
2024-07-11,Volume,AI.PA,516616.0
2024-07-11,Volume,AIR.PA,1040015.0
2024-07-11,Volume,BNP.PA,1692308.0
2024-07-11,Volume,CS.PA,2537783.0
2024-07-11,Volume,MT.AS,2262993.0
2024-07-12,Close,AC.PA,39.5099983215332
2024-07-12,Close,AI.PA,166.10000610351562
2024-07-12,Close,AIR.PA,133.36000061035156
2024-07-12,Close,BNP.PA,62.43999862670898
2024-07-12,Close,CS.PA,32.25
2024-07-12,Close,MT.AS,21.346614837646484
2024-07-12,High,AC.PA,39.63999938964844
2024-07-12,High,AI.PA,166.5
2024-07-12,High,AIR.PA,133.55999755859375
2024-07-12,High,BNP.PA,62.72999954223633
2024-07-12,High,CS.PA,32.63999938964844
2024-07-12,High,MT.AS,21.44557958762579
2024-07-12,Low,AC.PA,38.72999954223633
2024-07-12,Low,AI.PA,164.02000427246094
2024-07-12,Low,AIR.PA,131.77999877929688
2024-07-12,Low,BNP.PA,62.06999969482422
2024-07-12,Low,CS.PA,32.06999969482422
2024-07-12,Low,MT.AS,21.099203906496022
2024-07-12,Open,AC.PA,39.380001068115234
2024-07-12,Open,AI.PA,164.3800048828125
2024-07-12,Open,AIR.PA,132.86000061035156
2024-07-12,Open,BNP.PA,62.22999954223633
2024-07-12,Open,CS.PA,32.18000030517578
2024-07-12,Open,MT.AS,21.18827199271784
2024-07-12,Volume,AC.PA,663982.0
2024-07-12,Volume,AI.PA,599047.0
2024-07-12,Volume,AIR.PA,1256030.0
2024-07-12,Volume,BNP.PA,1800462.0
2024-07-12,Volume,CS.PA,3551094.0
2024-07-12,Volume,MT.AS,3168803.0
2024-07-15,Close,AC.PA,39.58000183105469
2024-07-15,Close,AI.PA,163.16000366210938
2024-07-15,Close,AIR.PA,133.0
2024-07-15,Close,BNP.PA,62.7400016784668
2024-07-15,Close,CS.PA,32.18000030517578
2024-07-15,Close,MT.AS,21.43568420410156
2024-07-15,High,AC.PA,39.88999938964844
2024-07-15,High,AI.PA,165.9600067138672
2024-07-15,High,AIR.PA,134.17999267578125
2024-07-15,High,BNP.PA,62.86000061035156
2024-07-15,High,CS.PA,32.36000061035156
2024-07-15,High,MT.AS,21.692991814377056
2024-07-15,Low,AC.PA,39.13999938964844
2024-07-15,Low,AI.PA,163.13999938964844
2024-07-15,Low,AIR.PA,132.44000244140625
2024-07-15,Low,BNP.PA,61.650001525878906
2024-07-15,Low,CS.PA,31.979999542236328
2024-07-15,Low,MT.AS,21.297134678413112
2024-07-15,Open,AC.PA,39.36000061035156
2024-07-15,Open,AI.PA,165.66000366210938
2024-07-15,Open,AIR.PA,133.0
2024-07-15,Open,BNP.PA,62.04999923706055
2024-07-15,Open,CS.PA,32.029998779296875
2024-07-15,Open,MT.AS,21.34661611256021
2024-07-15,Volume,AC.PA,499382.0
2024-07-15,Volume,AI.PA,455798.0
2024-07-15,Volume,AIR.PA,816752.0
2024-07-15,Volume,BNP.PA,1580214.0
2024-07-15,Volume,CS.PA,1852939.0
2024-07-15,Volume,MT.AS,2731333.0
2024-07-16,Close,AC.PA,39.130001068115234
2024-07-16,Close,AI.PA,162.6999969482422
2024-07-16,Close,AIR.PA,133.0
2024-07-16,Close,BNP.PA,62.56999969482422
2024-07-16,Close,CS.PA,32.0
2024-07-16,Close,MT.AS,20.901277542114254
2024-07-16,High,AC.PA,39.41999816894531
2024-07-16,High,AI.PA,163.32000732421875
2024-07-16,High,AIR.PA,133.32000732421875
2024-07-16,High,BNP.PA,62.7400016784668
2024-07-16,High,CS.PA,32.040000915527344
2024-07-16,High,MT.AS,21.287238013723456
2024-07-16,Low,AC.PA,38.95000076293945
2024-07-16,Low,AI.PA,161.83999633789062
2024-07-16,Low,AIR.PA,131.9600067138672
2024-07-16,Low,BNP.PA,61.959999084472656
2024-07-16,Low,CS.PA,31.68000030517578
2024-07-16,Low,MT.AS,20.347075664177897
2024-07-16,Open,AC.PA,39.31999969482422
2024-07-16,Open,AI.PA,162.5
2024-07-16,Open,AIR.PA,132.86000061035156
2024-07-16,Open,BNP.PA,62.36000061035156
2024-07-16,Open,CS.PA,31.959999084472656
2024-07-16,Open,MT.AS,21.27734134937505
2024-07-16,Volume,AC.PA,539012.0
2024-07-16,Volume,AI.PA,389153.0
2024-07-16,Volume,AIR.PA,724663.0
2024-07-16,Volume,BNP.PA,1353639.0
2024-07-16,Volume,CS.PA,1805580.0
2024-07-16,Volume,MT.AS,3931352.0
2024-07-17,Close,AC.PA,38.630001068115234
2024-07-17,Close,AI.PA,164.72000122070312
2024-07-17,Close,AIR.PA,132.0800018310547
2024-07-17,Close,BNP.PA,63.02999877929688
2024-07-17,Close,CS.PA,31.979999542236328
2024-07-17,Close,MT.AS,21.06951713562012
2024-07-17,High,AC.PA,39.11000061035156
2024-07-17,High,AI.PA,165.89999389648438
2024-07-17,High,AIR.PA,133.44000244140625
2024-07-17,High,BNP.PA,63.369998931884766
2024-07-17,High,CS.PA,32.13999938964844
2024-07-17,High,MT.AS,21.208066661798053
2024-07-17,Low,AC.PA,38.4900016784668
2024-07-17,Low,AI.PA,162.3000030517578
2024-07-17,Low,AIR.PA,131.32000732421875
2024-07-17,Low,BNP.PA,62.220001220703125
2024-07-17,Low,CS.PA,31.709999084472656
2024-07-17,Low,MT.AS,20.851794294373963
2024-07-17,Open,AC.PA,39.0099983215332
2024-07-17,Open,AI.PA,162.32000732421875
2024-07-17,Open,AIR.PA,133.10000610351562
2024-07-17,Open,BNP.PA,62.369998931884766
2024-07-17,Open,CS.PA,31.84000015258789
2024-07-17,Open,MT.AS,20.911172393079404
2024-07-17,Volume,AC.PA,374318.0
2024-07-17,Volume,AI.PA,524452.0
2024-07-17,Volume,AIR.PA,1252265.0
2024-07-17,Volume,BNP.PA,1890688.0
2024-07-17,Volume,CS.PA,2134086.0
2024-07-17,Volume,MT.AS,2247041.0
2024-07-18,Close,AC.PA,38.119998931884766
2024-07-18,Close,AI.PA,165.13999938964844
2024-07-18,Close,AIR.PA,130.8800048828125
2024-07-18,Close,BNP.PA,63.650001525878906
2024-07-18,Close,CS.PA,32.25
2024-07-18,Close,MT.AS,20.95075798034668
2024-07-18,High,AC.PA,38.61000061035156
2024-07-18,High,AI.PA,166.60000610351562
2024-07-18,High,AIR.PA,133.39999389648438
2024-07-18,High,BNP.PA,63.72999954223633
2024-07-18,High,CS.PA,32.38999938964844
2024-07-18,High,MT.AS,21.158582258996905
2024-07-18,Low,AC.PA,38.04999923706055
2024-07-18,Low,AI.PA,164.16000366210938
2024-07-18,Low,AIR.PA,130.8800048828125
2024-07-18,Low,BNP.PA,63.040000915527344
2024-07-18,Low,CS.PA,31.959999084472656
2024-07-18,Low,MT.AS,20.95075798034668
2024-07-18,Open,AC.PA,38.59000015258789
2024-07-18,Open,AI.PA,165.6199951171875
2024-07-18,Open,AIR.PA,133.0
2024-07-18,Open,BNP.PA,63.38999938964844
2024-07-18,Open,CS.PA,32.209999084472656
2024-07-18,Open,MT.AS,21.069516059286546
2024-07-18,Volume,AC.PA,501242.0
2024-07-18,Volume,AI.PA,534736.0
2024-07-18,Volume,AIR.PA,1113222.0
2024-07-18,Volume,BNP.PA,2131235.0
2024-07-18,Volume,CS.PA,2237160.0
2024-07-18,Volume,MT.AS,2033891.0
2024-07-19,Close,AC.PA,38.119998931884766
2024-07-19,Close,AI.PA,163.0399932861328
2024-07-19,Close,AIR.PA,131.8000030517578
2024-07-19,Close,BNP.PA,63.04999923706055
2024-07-19,Close,CS.PA,31.940000534057617
2024-07-19,Close,MT.AS,20.54500389099121
2024-07-19,High,AC.PA,38.29999923706055
2024-07-19,High,AI.PA,164.6199951171875
2024-07-19,High,AIR.PA,132.75999450683594
2024-07-19,High,BNP.PA,63.2400016784668
2024-07-19,High,CS.PA,32.220001220703125
2024-07-19,High,MT.AS,20.871586243679985
2024-07-19,Low,AC.PA,37.43999862670898
2024-07-19,Low,AI.PA,162.24000549316406
2024-07-19,Low,AIR.PA,130.8000030517578
2024-07-19,Low,BNP.PA,62.65999984741211
2024-07-19,Low,CS.PA,31.850000381469727
2024-07-19,Low,MT.AS,20.515313899802923
2024-07-19,Open,AC.PA,37.900001525878906
2024-07-19,Open,AI.PA,164.47999572753906
2024-07-19,Open,AIR.PA,131.4199981689453
2024-07-19,Open,BNP.PA,63.04999923706055
2024-07-19,Open,CS.PA,32.119998931884766
2024-07-19,Open,MT.AS,20.723140062929744
2024-07-19,Volume,AC.PA,414825.0
2024-07-19,Volume,AI.PA,827767.0
2024-07-19,Volume,AIR.PA,1217957.0
2024-07-19,Volume,BNP.PA,2758555.0
2024-07-19,Volume,CS.PA,4071318.0
2024-07-19,Volume,MT.AS,3134449.0
2024-07-22,Close,AC.PA,37.34999847412109
2024-07-22,Close,AI.PA,165.1999969482422
2024-07-22,Close,AIR.PA,132.55999755859375
2024-07-22,Close,BNP.PA,64.52999877929688
2024-07-22,Close,CS.PA,32.209999084472656
2024-07-22,Close,MT.AS,20.653865814208984
2024-07-22,High,AC.PA,38.15999984741211
2024-07-22,High,AI.PA,165.94000244140625
2024-07-22,High,AIR.PA,133.36000061035156
2024-07-22,High,BNP.PA,64.58999633789062
2024-07-22,High,CS.PA,32.43000030517578
2024-07-22,High,MT.AS,20.930964855090117
2024-07-22,Low,AC.PA,37.29999923706055
2024-07-22,Low,AI.PA,163.24000549316406
2024-07-22,Low,AIR.PA,131.5800018310547
2024-07-22,Low,BNP.PA,63.18000030517578
2024-07-22,Low,CS.PA,31.850000381469727
2024-07-22,Low,MT.AS,20.634072486261577
2024-07-22,Open,AC.PA,38.15999984741211
2024-07-22,Open,AI.PA,164.02000427246094
2024-07-22,Open,AIR.PA,132.36000061035156
2024-07-22,Open,BNP.PA,63.400001525878906
2024-07-22,Open,CS.PA,32.040000915527344
2024-07-22,Open,MT.AS,20.634072486261577
2024-07-22,Volume,AC.PA,701813.0
2024-07-22,Volume,AI.PA,555722.0
2024-07-22,Volume,AIR.PA,668506.0
2024-07-22,Volume,BNP.PA,2579090.0
2024-07-22,Volume,CS.PA,2001739.0
2024-07-22,Volume,MT.AS,1931663.0
2024-07-23,Close,AC.PA,37.77000045776367
2024-07-23,Close,AI.PA,166.27999877929688
2024-07-23,Close,AIR.PA,132.1999969482422
2024-07-23,Close,BNP.PA,64.69000244140625
2024-07-23,Close,CS.PA,32.43000030517578
2024-07-23,Close,MT.AS,20.36686897277832
2024-07-23,High,AC.PA,37.84999847412109
2024-07-23,High,AI.PA,167.3000030517578
2024-07-23,High,AIR.PA,132.97999572753906
2024-07-23,High,BNP.PA,65.04000091552734
2024-07-23,High,CS.PA,32.529998779296875
2024-07-23,High,MT.AS,20.861690864136
2024-07-23,Low,AC.PA,37.2599983215332
2024-07-23,Low,AI.PA,164.6199951171875
2024-07-23,Low,AIR.PA,130.5800018310547
2024-07-23,Low,BNP.PA,64.18000030517578
2024-07-23,Low,CS.PA,32.189998626708984
2024-07-23,Low,MT.AS,20.27780088132628
2024-07-23,Open,AC.PA,37.5
2024-07-23,Open,AI.PA,164.97999572753906
2024-07-23,Open,AIR.PA,132.32000732421875
2024-07-23,Open,BNP.PA,64.52999877929688
2024-07-23,Open,CS.PA,32.43000030517578
2024-07-23,Open,MT.AS,20.7033480099092
2024-07-23,Volume,AC.PA,542123.0
2024-07-23,Volume,AI.PA,468759.0
2024-07-23,Volume,AIR.PA,866254.0
2024-07-23,Volume,BNP.PA,2555763.0
2024-07-23,Volume,CS.PA,1930672.0
2024-07-23,Volume,MT.AS,2727683.0
2024-07-24,Close,AC.PA,37.2400016784668
2024-07-24,Close,AI.PA,165.60000610351562
2024-07-24,Close,AIR.PA,130.60000610351562
2024-07-24,Close,BNP.PA,64.08000183105469
2024-07-24,Close,CS.PA,32.11000061035156
2024-07-24,Close,MT.AS,20.61427879333496
2024-07-24,High,AC.PA,37.720001220703125
2024-07-24,High,AI.PA,166.33999633789062
2024-07-24,High,AIR.PA,132.22000122070312
2024-07-24,High,BNP.PA,64.8499984741211
2024-07-24,High,CS.PA,32.2599983215332
2024-07-24,High,MT.AS,20.86168972551017
2024-07-24,Low,AC.PA,37.02000045776367
2024-07-24,Low,AI.PA,163.89999389648438
2024-07-24,Low,AIR.PA,130.33999633789062
2024-07-24,Low,BNP.PA,62.900001525878906
2024-07-24,Low,CS.PA,31.770000457763672
2024-07-24,Low,MT.AS,20.258006446972058
2024-07-24,Open,AC.PA,37.41999816894531
2024-07-24,Open,AI.PA,165.05999755859375
2024-07-24,Open,AIR.PA,131.44000244140625
2024-07-24,Open,BNP.PA,64.80000305175781
2024-07-24,Open,CS.PA,32.20000076293945
2024-07-24,Open,MT.AS,20.366867861159747
2024-07-24,Volume,AC.PA,1074327.0
2024-07-24,Volume,AI.PA,436389.0
2024-07-24,Volume,AIR.PA,1169633.0
2024-07-24,Volume,BNP.PA,2674629.0
2024-07-24,Volume,CS.PA,2482990.0
2024-07-24,Volume,MT.AS,2545894.0
2024-07-25,Close,AC.PA,36.959999084472656
2024-07-25,Close,AI.PA,164.82000732421875
2024-07-25,Close,AIR.PA,128.9600067138672
2024-07-25,Close,BNP.PA,64.55999755859375
2024-07-25,Close,CS.PA,32.2400016784668
2024-07-25,Close,MT.AS,20.554901123046875
2024-07-25,High,AC.PA,38.27999877929688
2024-07-25,High,AI.PA,164.86000061035156
2024-07-25,High,AIR.PA,129.55999755859375
2024-07-25,High,BNP.PA,64.6500015258789
2024-07-25,High,CS.PA,32.2400016784668
2024-07-25,High,MT.AS,20.574694451053
2024-07-25,Low,AC.PA,35.709999084472656
2024-07-25,Low,AI.PA,163.25999450683594
2024-07-25,Low,AIR.PA,126.66000366210938
2024-07-25,Low,BNP.PA,62.709999084472656
2024-07-25,Low,CS.PA,31.6299991607666
2024-07-25,Low,MT.AS,20.020492592455323
2024-07-25,Open,AC.PA,38.20000076293945
2024-07-25,Open,AI.PA,164.47999572753906
2024-07-25,Open,AIR.PA,129.55999755859375
2024-07-25,Open,BNP.PA,63.54999923706055
2024-07-25,Open,CS.PA,31.76000022888184
2024-07-25,Open,MT.AS,20.307490185757228
2024-07-25,Volume,AC.PA,874678.0
2024-07-25,Volume,AI.PA,549129.0
2024-07-25,Volume,AIR.PA,1769178.0
2024-07-25,Volume,BNP.PA,2229646.0
2024-07-25,Volume,CS.PA,2792420.0
2024-07-25,Volume,MT.AS,2447232.0
2024-07-26,Close,AC.PA,36.18000030517578
2024-07-26,Close,AI.PA,167.32000732421875
2024-07-26,Close,AIR.PA,130.89999389648438
2024-07-26,Close,BNP.PA,64.45999908447266
2024-07-26,Close,CS.PA,32.47999954223633
2024-07-26,Close,MT.AS,20.52521133422852
2024-07-26,High,AC.PA,36.56999969482422
2024-07-26,High,AI.PA,167.9199981689453
2024-07-26,High,AIR.PA,130.9600067138672
2024-07-26,High,BNP.PA,65.02999877929688
2024-07-26,High,CS.PA,32.47999954223633
2024-07-26,High,MT.AS,20.673657520552727
2024-07-26,Low,AC.PA,35.56999969482422
2024-07-26,Low,AI.PA,163.36000061035156
2024-07-26,Low,AIR.PA,128.33999633789062
2024-07-26,Low,BNP.PA,64.31999969482422
2024-07-26,Low,CS.PA,31.989999771118164
2024-07-26,Low,MT.AS,20.356971819702228
2024-07-26,Open,AC.PA,35.790000915527344
2024-07-26,Open,AI.PA,163.74000549316406
2024-07-26,Open,AIR.PA,128.8000030517578
2024-07-26,Open,BNP.PA,64.55999755859375
2024-07-26,Open,CS.PA,32.0
2024-07-26,Open,MT.AS,20.495521341925404
2024-07-26,Volume,AC.PA,1030886.0
2024-07-26,Volume,AI.PA,595181.0
2024-07-26,Volume,AIR.PA,1307519.0
2024-07-26,Volume,BNP.PA,1721058.0
2024-07-26,Volume,CS.PA,2341214.0
2024-07-26,Volume,MT.AS,1088429.0
2024-07-29,Close,AC.PA,35.310001373291016
2024-07-29,Close,AI.PA,165.5
2024-07-29,Close,AIR.PA,130.22000122070312
2024-07-29,Close,BNP.PA,63.90999984741211
2024-07-29,Close,CS.PA,32.22999954223633
2024-07-29,Close,MT.AS,20.53510856628418
2024-07-29,High,AC.PA,36.150001525878906
2024-07-29,High,AI.PA,168.3000030517578
2024-07-29,High,AIR.PA,132.5399932861328
2024-07-29,High,BNP.PA,65.12000274658203
2024-07-29,High,CS.PA,32.720001220703125
2024-07-29,High,MT.AS,20.83200094714397
2024-07-29,Low,AC.PA,35.310001373291016
2024-07-29,Low,AI.PA,164.63999938964844
2024-07-29,Low,AIR.PA,129.6199951171875
2024-07-29,Low,BNP.PA,63.31999969482422
2024-07-29,Low,CS.PA,32.040000915527344
2024-07-29,Low,MT.AS,20.495521908785157
2024-07-29,Open,AC.PA,36.08000183105469
2024-07-29,Open,AI.PA,168.0
2024-07-29,Open,AIR.PA,131.77999877929688
2024-07-29,Open,BNP.PA,65.05000305175781
2024-07-29,Open,CS.PA,32.689998626708984
2024-07-29,Open,MT.AS,20.75282951974165
2024-07-29,Volume,AC.PA,596848.0
2024-07-29,Volume,AI.PA,425921.0
2024-07-29,Volume,AIR.PA,980772.0
2024-07-29,Volume,BNP.PA,1857337.0
2024-07-29,Volume,CS.PA,1856948.0
2024-07-29,Volume,MT.AS,1577788.0
2024-07-30,Close,AC.PA,36.040000915527344
2024-07-30,Close,AI.PA,167.60000610351562
2024-07-30,Close,AIR.PA,133.5800018310547
2024-07-30,Close,BNP.PA,64.23999786376953
2024-07-30,Close,CS.PA,32.689998626708984
2024-07-30,Close,MT.AS,20.40645408630371
2024-07-30,High,AC.PA,36.040000915527344
2024-07-30,High,AI.PA,168.0
2024-07-30,High,AIR.PA,133.5800018310547
2024-07-30,High,BNP.PA,64.73999786376953
2024-07-30,High,CS.PA,32.7599983215332
2024-07-30,High,MT.AS,20.62417502249518
2024-07-30,Low,AC.PA,35.31999969482422
2024-07-30,Low,AI.PA,165.5
2024-07-30,Low,AIR.PA,130.1199951171875
2024-07-30,Low,BNP.PA,63.72999954223633
2024-07-30,Low,CS.PA,32.20000076293945
2024-07-30,Low,MT.AS,20.277799347230356
2024-07-30,Open,AC.PA,35.43000030517578
2024-07-30,Open,AI.PA,165.9600067138672
2024-07-30,Open,AIR.PA,130.75999450683594
2024-07-30,Open,BNP.PA,63.81999969482422
2024-07-30,Open,CS.PA,32.2400016784668
2024-07-30,Open,MT.AS,20.505416947011746
2024-07-30,Volume,AC.PA,686094.0
2024-07-30,Volume,AI.PA,456328.0
2024-07-30,Volume,AIR.PA,1000725.0
2024-07-30,Volume,BNP.PA,1455532.0
2024-07-30,Volume,CS.PA,2325624.0
2024-07-30,Volume,MT.AS,1674344.0
2024-07-31,Close,AC.PA,35.56999969482422
2024-07-31,Close,AI.PA,168.77999877929688
2024-07-31,Close,AIR.PA,139.9600067138672
2024-07-31,Close,BNP.PA,63.459999084472656
2024-07-31,Close,CS.PA,32.4900016784668
2024-07-31,Close,MT.AS,20.72314071655273
2024-07-31,High,AC.PA,36.43999862670898
2024-07-31,High,AI.PA,169.63999938964844
2024-07-31,High,AIR.PA,143.22000122070312
2024-07-31,High,BNP.PA,64.37999725341797
2024-07-31,High,CS.PA,32.95000076293945
2024-07-31,High,MT.AS,20.93096499863888
2024-07-31,Low,AC.PA,35.52000045776367
2024-07-31,Low,AI.PA,167.5
2024-07-31,Low,AIR.PA,137.9199981689453
2024-07-31,Low,BNP.PA,63.060001373291016
2024-07-31,Low,CS.PA,32.400001525878906
2024-07-31,Low,MT.AS,20.594485971607885
2024-07-31,Open,AC.PA,36.400001525878906
2024-07-31,Open,AI.PA,168.0
2024-07-31,Open,AIR.PA,140.0
2024-07-31,Open,BNP.PA,64.27999877929688
2024-07-31,Open,CS.PA,32.70000076293945
2024-07-31,Open,MT.AS,20.594485971607885
2024-07-31,Volume,AC.PA,835253.0
2024-07-31,Volume,AI.PA,891772.0
2024-07-31,Volume,AIR.PA,2747098.0
2024-07-31,Volume,BNP.PA,2630196.0
2024-07-31,Volume,CS.PA,3600344.0
2024-07-31,Volume,MT.AS,2858380.0
2024-08-01,Close,AC.PA,34.68000030517578
2024-08-01,Close,AI.PA,165.89999389648438
2024-08-01,Close,AIR.PA,133.9199981689453
2024-08-01,Close,BNP.PA,61.459999084472656
2024-08-01,Close,CS.PA,31.809999465942383
2024-08-01,Close,MT.AS,19.782978057861328
2024-08-01,High,AC.PA,35.540000915527344
2024-08-01,High,AI.PA,167.9199981689453
2024-08-01,High,AIR.PA,139.3800048828125
2024-08-01,High,BNP.PA,63.0099983215332
2024-08-01,High,CS.PA,32.2400016784668
2024-08-01,High,MT.AS,20.990342736352652
2024-08-01,Low,AC.PA,34.5
2024-08-01,Low,AI.PA,165.52000427246094
2024-08-01,Low,AIR.PA,133.9199981689453
2024-08-01,Low,BNP.PA,61.18000030517578
2024-08-01,Low,CS.PA,31.559999465942383
2024-08-01,Low,MT.AS,19.619687822956752
2024-08-01,Open,AC.PA,35.52000045776367
2024-08-01,Open,AI.PA,167.47999572753906
2024-08-01,Open,AIR.PA,138.8800048828125
2024-08-01,Open,BNP.PA,62.9900016784668
2024-08-01,Open,CS.PA,32.20000076293945
2024-08-01,Open,MT.AS,20.76272513007567
2024-08-01,Volume,AC.PA,991909.0
2024-08-01,Volume,AI.PA,628156.0
2024-08-01,Volume,AIR.PA,1328651.0
2024-08-01,Volume,BNP.PA,3792758.0
2024-08-01,Volume,CS.PA,3827267.0
2024-08-01,Volume,MT.AS,4269269.0
2024-08-02,Close,AC.PA,33.04999923706055
2024-08-02,Close,AI.PA,163.47999572753906
2024-08-02,Close,AIR.PA,131.89999389648438
2024-08-02,Close,BNP.PA,59.65999984741211
2024-08-02,Close,CS.PA,32.2599983215332
2024-08-02,Close,MT.AS,19.218881607055664
2024-08-02,High,AC.PA,34.279998779296875
2024-08-02,High,AI.PA,166.05999755859375
2024-08-02,High,AIR.PA,135.27999877929688
2024-08-02,High,BNP.PA,61.15999984741211
2024-08-02,High,CS.PA,32.81999969482422
2024-08-02,High,MT.AS,19.698859427502477
2024-08-02,Low,AC.PA,32.65999984741211
2024-08-02,Low,AI.PA,162.9199981689453
2024-08-02,Low,AIR.PA,131.82000732421875
2024-08-02,Low,BNP.PA,59.150001525878906
2024-08-02,Low,CS.PA,31.8799991607666
2024-08-02,Low,MT.AS,19.12486613079723
2024-08-02,Open,AC.PA,34.25
2024-08-02,Open,AI.PA,165.3800048828125
2024-08-02,Open,AIR.PA,132.72000122070312
2024-08-02,Open,BNP.PA,61.150001525878906
2024-08-02,Open,CS.PA,32.400001525878906
2024-08-02,Open,MT.AS,19.61473872761175
2024-08-02,Volume,AC.PA,1187643.0
2024-08-02,Volume,AI.PA,825897.0
2024-08-02,Volume,AIR.PA,1337471.0
2024-08-02,Volume,BNP.PA,4648756.0
2024-08-02,Volume,CS.PA,5822309.0
2024-08-02,Volume,MT.AS,3004909.0
2024-08-05,Close,AC.PA,32.470001220703125
2024-08-05,Close,AI.PA,163.0
2024-08-05,Close,AIR.PA,130.5
2024-08-05,Close,BNP.PA,58.59999847412109
2024-08-05,Close,CS.PA,31.399999618530277
2024-08-05,Close,MT.AS,18.8675594329834
2024-08-05,High,AC.PA,32.4900016784668
2024-08-05,High,AI.PA,163.44000244140625
2024-08-05,High,AIR.PA,131.25999450683594
2024-08-05,High,BNP.PA,58.7599983215332
2024-08-05,High,CS.PA,31.75
2024-08-05,High,MT.AS,18.887350874261102
2024-08-05,Low,AC.PA,31.729999542236328
2024-08-05,Low,AI.PA,159.17999267578125
2024-08-05,Low,AIR.PA,128.39999389648438
2024-08-05,Low,BNP.PA,55.84000015258789
2024-08-05,Low,CS.PA,30.959999084472656
2024-08-05,Low,MT.AS,18.24408278664011
2024-08-05,Open,AC.PA,32.11000061035156
2024-08-05,Open,AI.PA,160.77999877929688
2024-08-05,Open,AIR.PA,129.0399932861328
2024-08-05,Open,BNP.PA,56.7599983215332
2024-08-05,Open,CS.PA,31.26000022888184
2024-08-05,Open,MT.AS,18.506339675223884
2024-08-05,Volume,AC.PA,1046281.0
2024-08-05,Volume,AI.PA,1146073.0
2024-08-05,Volume,AIR.PA,1661849.0
2024-08-05,Volume,BNP.PA,4847967.0
2024-08-05,Volume,CS.PA,5541188.0
2024-08-05,Volume,MT.AS,3990443.0
2024-08-06,Close,AC.PA,32.88999938964844
2024-08-06,Close,AI.PA,161.3000030517578
2024-08-06,Close,AIR.PA,133.0399932861328
2024-08-06,Close,BNP.PA,57.83000183105469
2024-08-06,Close,CS.PA,31.309999465942383
2024-08-06,Close,MT.AS,19.342586517333984
2024-08-06,High,AC.PA,33.09000015258789
2024-08-06,High,AI.PA,163.77999877929688
2024-08-06,High,AIR.PA,134.05999755859375
2024-08-06,High,BNP.PA,59.650001525878906
2024-08-06,High,CS.PA,31.739999771118164
2024-08-06,High,MT.AS,19.505876749030733
2024-08-06,Low,AC.PA,32.45000076293945
2024-08-06,Low,AI.PA,160.13999938964844
2024-08-06,Low,AIR.PA,131.25999450683594
2024-08-06,Low,BNP.PA,57.45000076293945
2024-08-06,Low,CS.PA,31.07999992370605
2024-08-06,Low,MT.AS,19.179294398041645
2024-08-06,Open,AC.PA,32.84000015258789
2024-08-06,Open,AI.PA,162.82000732421875
2024-08-06,Open,AIR.PA,132.24000549316406
2024-08-06,Open,BNP.PA,59.619998931884766
2024-08-06,Open,CS.PA,31.459999084472656
2024-08-06,Open,MT.AS,19.34753390537515
2024-08-06,Volume,AC.PA,672525.0
2024-08-06,Volume,AI.PA,808582.0
2024-08-06,Volume,AIR.PA,1599840.0
2024-08-06,Volume,BNP.PA,3470163.0
2024-08-06,Volume,CS.PA,4063674.0
2024-08-06,Volume,MT.AS,3423772.0
2024-08-07,Close,AC.PA,33.11000061035156
2024-08-07,Close,AI.PA,163.5800018310547
2024-08-07,Close,AIR.PA,135.97999572753906
2024-08-07,Close,BNP.PA,59.459999084472656
2024-08-07,Close,CS.PA,32.029998779296875
2024-08-07,Close,MT.AS,19.832462310791016
2024-08-07,High,AC.PA,33.33000183105469
2024-08-07,High,AI.PA,164.5399932861328
2024-08-07,High,AIR.PA,136.16000366210938
2024-08-07,High,BNP.PA,60.060001373291016
2024-08-07,High,CS.PA,32.25
2024-08-07,High,MT.AS,19.951218507658044
2024-08-07,Low,AC.PA,32.75
2024-08-07,Low,AI.PA,161.0
2024-08-07,Low,AIR.PA,132.74000549316406
2024-08-07,Low,BNP.PA,58.400001525878906
2024-08-07,Low,CS.PA,31.51000022888184
2024-08-07,Low,MT.AS,19.491033997707948
2024-08-07,Open,AC.PA,33.33000183105469
2024-08-07,Open,AI.PA,161.36000061035156
2024-08-07,Open,AIR.PA,132.9199981689453
2024-08-07,Open,BNP.PA,58.86000061035156
2024-08-07,Open,CS.PA,31.549999237060547
2024-08-07,Open,MT.AS,19.58505136512304
2024-08-07,Volume,AC.PA,610769.0
2024-08-07,Volume,AI.PA,674059.0
2024-08-07,Volume,AIR.PA,1331096.0
2024-08-07,Volume,BNP.PA,3846128.0
2024-08-07,Volume,CS.PA,3436313.0
2024-08-07,Volume,MT.AS,2824241.0
2024-08-08,Close,AC.PA,33.29999923706055
2024-08-08,Close,AI.PA,162.74000549316406
2024-08-08,Close,AIR.PA,134.4600067138672
2024-08-08,Close,BNP.PA,59.41999816894531
2024-08-08,Close,CS.PA,32.13999938964844
2024-08-08,Close,MT.AS,19.792875289916992
2024-08-08,High,AC.PA,33.380001068115234
2024-08-08,High,AI.PA,163.05999755859375
2024-08-08,High,AIR.PA,135.0399932861328
2024-08-08,High,BNP.PA,59.59999847412109
2024-08-08,High,CS.PA,32.2400016784668
2024-08-08,High,MT.AS,19.862150051416396
2024-08-08,Low,AC.PA,32.75
2024-08-08,Low,AI.PA,161.27999877929688
2024-08-08,Low,AIR.PA,133.13999938964844
2024-08-08,Low,BNP.PA,58.45000076293945
2024-08-08,Low,CS.PA,31.61000061035156
2024-08-08,Low,MT.AS,19.327743400138388
2024-08-08,Open,AC.PA,32.849998474121094
2024-08-08,Open,AI.PA,163.0
2024-08-08,Open,AIR.PA,134.05999755859375
2024-08-08,Open,BNP.PA,59.16999816894531
2024-08-08,Open,CS.PA,32.0
2024-08-08,Open,MT.AS,19.61473911029243
2024-08-08,Volume,AC.PA,679709.0
2024-08-08,Volume,AI.PA,493363.0
2024-08-08,Volume,AIR.PA,897446.0
2024-08-08,Volume,BNP.PA,1704485.0
2024-08-08,Volume,CS.PA,2035467.0
2024-08-08,Volume,MT.AS,2473225.0
2024-08-09,Close,AC.PA,33.81999969482422
2024-08-09,Close,AI.PA,163.60000610351562
2024-08-09,Close,AIR.PA,134.36000061035156
2024-08-09,Close,BNP.PA,59.25
2024-08-09,Close,CS.PA,32.599998474121094
2024-08-09,Close,MT.AS,19.88194274902344
2024-08-09,High,AC.PA,33.849998474121094
2024-08-09,High,AI.PA,164.05999755859375
2024-08-09,High,AIR.PA,135.89999389648438
2024-08-09,High,BNP.PA,60.2599983215332
2024-08-09,High,CS.PA,32.7599983215332
2024-08-09,High,MT.AS,20.17883511391574
2024-08-09,Low,AC.PA,33.31999969482422
2024-08-09,Low,AI.PA,162.1199951171875
2024-08-09,Low,AIR.PA,133.86000061035156
2024-08-09,Low,BNP.PA,58.97999954223633
2024-08-09,Low,CS.PA,32.060001373291016
2024-08-09,Low,MT.AS,19.75823728238571
2024-08-09,Open,AC.PA,33.439998626708984
2024-08-09,Open,AI.PA,163.67999267578125
2024-08-09,Open,AIR.PA,134.63999938964844
2024-08-09,Open,BNP.PA,59.77000045776367
2024-08-09,Open,CS.PA,32.06999969482422
2024-08-09,Open,MT.AS,19.980907499852744
2024-08-09,Volume,AC.PA,657769.0
2024-08-09,Volume,AI.PA,411082.0
2024-08-09,Volume,AIR.PA,568947.0
2024-08-09,Volume,BNP.PA,1725418.0
2024-08-09,Volume,CS.PA,3767555.0
2024-08-09,Volume,MT.AS,2466796.0
2024-08-12,Close,AC.PA,33.56999969482422
2024-08-12,Close,AI.PA,162.3000030517578
2024-08-12,Close,AIR.PA,133.75999450683594
2024-08-12,Close,BNP.PA,59.25
2024-08-12,Close,CS.PA,32.349998474121094
2024-08-12,Close,MT.AS,19.90173721313477
2024-08-12,High,AC.PA,34.06999969482422
2024-08-12,High,AI.PA,164.5800018310547
2024-08-12,High,AIR.PA,135.25999450683594
2024-08-12,High,BNP.PA,59.790000915527344
2024-08-12,High,CS.PA,32.81999969482422
2024-08-12,High,MT.AS,20.089768174092185
2024-08-12,Low,AC.PA,33.529998779296875
2024-08-12,Low,AI.PA,162.02000427246094
2024-08-12,Low,AIR.PA,133.36000061035156
2024-08-12,Low,BNP.PA,59.11000061035156
2024-08-12,Low,CS.PA,32.16999816894531
2024-08-12,Low,MT.AS,19.8423572266891
2024-08-12,Open,AC.PA,33.970001220703125
2024-08-12,Open,AI.PA,164.32000732421875
2024-08-12,Open,AIR.PA,134.74000549316406
2024-08-12,Open,BNP.PA,59.65999984741211
2024-08-12,Open,CS.PA,32.79999923706055
2024-08-12,Open,MT.AS,20.04028673964986
2024-08-12,Volume,AC.PA,585453.0
2024-08-12,Volume,AI.PA,491442.0
2024-08-12,Volume,AIR.PA,521011.0
2024-08-12,Volume,BNP.PA,1361369.0
2024-08-12,Volume,CS.PA,1992016.0
2024-08-12,Volume,MT.AS,2096410.0
2024-08-13,Close,AC.PA,33.540000915527344
2024-08-13,Close,AI.PA,162.72000122070312
2024-08-13,Close,AIR.PA,134.33999633789062
2024-08-13,Close,BNP.PA,59.27000045776367
2024-08-13,Close,CS.PA,32.38999938964844
2024-08-13,Close,MT.AS,19.5603084564209
2024-08-13,High,AC.PA,33.66999816894531
2024-08-13,High,AI.PA,163.77999877929688
2024-08-13,High,AIR.PA,134.89999389648438
2024-08-13,High,BNP.PA,59.709999084472656
2024-08-13,High,CS.PA,32.599998474121094
2024-08-13,High,MT.AS,19.951218197522707
2024-08-13,Low,AC.PA,33.33000183105469
2024-08-13,Low,AI.PA,161.83999633789062
2024-08-13,Low,AIR.PA,133.60000610351562
2024-08-13,Low,BNP.PA,58.95000076293945
2024-08-13,Low,CS.PA,32.15999984741211
2024-08-13,Low,MT.AS,19.416811544736827
2024-08-13,Open,AC.PA,33.61000061035156
2024-08-13,Open,AI.PA,162.86000061035156
2024-08-13,Open,AIR.PA,134.77999877929688
2024-08-13,Open,BNP.PA,59.709999084472656
2024-08-13,Open,CS.PA,32.439998626708984
2024-08-13,Open,MT.AS,19.88194343582784
2024-08-13,Volume,AC.PA,316161.0
2024-08-13,Volume,AI.PA,416464.0
2024-08-13,Volume,AIR.PA,451388.0
2024-08-13,Volume,BNP.PA,1408935.0
2024-08-13,Volume,CS.PA,2461176.0
2024-08-13,Volume,MT.AS,2319365.0
2024-08-14,Close,AC.PA,33.7599983215332
2024-08-14,Close,AI.PA,163.55999755859375
2024-08-14,Close,AIR.PA,134.66000366210938
2024-08-14,Close,BNP.PA,59.75
2024-08-14,Close,CS.PA,32.720001220703125
2024-08-14,Close,MT.AS,19.510826110839844
2024-08-14,High,AC.PA,34.20000076293945
2024-08-14,High,AI.PA,163.83999633789062
2024-08-14,High,AIR.PA,135.3000030517578
2024-08-14,High,BNP.PA,59.790000915527344
2024-08-14,High,CS.PA,32.720001220703125
2024-08-14,High,MT.AS,19.718650386207337
2024-08-14,Low,AC.PA,33.689998626708984
2024-08-14,Low,AI.PA,162.44000244140625
2024-08-14,Low,AIR.PA,134.16000366210938
2024-08-14,Low,BNP.PA,59.38999938964844
2024-08-14,Low,CS.PA,32.400001525878906
2024-08-14,Low,MT.AS,19.218881137636277
2024-08-14,Open,AC.PA,34.130001068115234
2024-08-14,Open,AI.PA,163.5800018310547
2024-08-14,Open,AIR.PA,135.3000030517578
2024-08-14,Open,BNP.PA,59.75
2024-08-14,Open,CS.PA,32.619998931884766
2024-08-14,Open,MT.AS,19.649375627751507
2024-08-14,Volume,AC.PA,569250.0
2024-08-14,Volume,AI.PA,376579.0
2024-08-14,Volume,AIR.PA,545779.0
2024-08-14,Volume,BNP.PA,1798601.0
2024-08-14,Volume,CS.PA,2180855.0
2024-08-14,Volume,MT.AS,2839662.0
2024-08-15,Close,AC.PA,34.88999938964844
2024-08-15,Close,AI.PA,165.1199951171875
2024-08-15,Close,AIR.PA,136.9199981689453
2024-08-15,Close,BNP.PA,60.470001220703125
2024-08-15,Close,CS.PA,33.06999969482422
2024-08-15,Close,MT.AS,19.90173721313477
2024-08-15,High,AC.PA,34.959999084472656
2024-08-15,High,AI.PA,165.1999969482422
2024-08-15,High,AIR.PA,136.9199981689453
2024-08-15,High,BNP.PA,60.900001525878906
2024-08-15,High,CS.PA,33.220001220703125
2024-08-15,High,MT.AS,19.980908640799925
2024-08-15,Low,AC.PA,33.75
2024-08-15,Low,AI.PA,162.83999633789062
2024-08-15,Low,AIR.PA,133.86000061035156
2024-08-15,Low,BNP.PA,59.61000061035156
2024-08-15,Low,CS.PA,32.66999816894531
2024-08-15,Low,MT.AS,19.555361509251306
2024-08-15,Open,AC.PA,33.77000045776367
2024-08-15,Open,AI.PA,164.05999755859375
2024-08-15,Open,AIR.PA,134.97999572753906
2024-08-15,Open,BNP.PA,59.93000030517578
2024-08-15,Open,CS.PA,32.880001068115234
2024-08-15,Open,MT.AS,19.63453293691646
2024-08-15,Volume,AC.PA,1060714.0
2024-08-15,Volume,AI.PA,436005.0
2024-08-15,Volume,AIR.PA,679925.0
2024-08-15,Volume,BNP.PA,1901263.0
2024-08-15,Volume,CS.PA,2350211.0
2024-08-15,Volume,MT.AS,3644892.0
2024-08-16,Close,AC.PA,35.470001220703125
2024-08-16,Close,AI.PA,165.8800048828125
2024-08-16,Close,AIR.PA,137.6199951171875
2024-08-16,Close,BNP.PA,61.119998931884766
2024-08-16,Close,CS.PA,33.36000061035156
2024-08-16,Close,MT.AS,20.00069999694824
2024-08-16,High,AC.PA,35.560001373291016
2024-08-16,High,AI.PA,165.8800048828125
2024-08-16,High,AIR.PA,137.6199951171875
2024-08-16,High,BNP.PA,61.290000915527344
2024-08-16,High,CS.PA,33.400001525878906
2024-08-16,High,MT.AS,20.069976647506856
2024-08-16,Low,AC.PA,34.95000076293945
2024-08-16,Low,AI.PA,164.6999969482422
2024-08-16,Low,AIR.PA,136.3000030517578
2024-08-16,Low,BNP.PA,60.54999923706055
2024-08-16,Low,CS.PA,33.09000015258789
2024-08-16,Low,MT.AS,19.88194379975349
2024-08-16,Open,AC.PA,34.95000076293945
2024-08-16,Open,AI.PA,165.3000030517578
2024-08-16,Open,AIR.PA,137.4199981689453
2024-08-16,Open,BNP.PA,60.630001068115234
2024-08-16,Open,CS.PA,33.099998474121094
2024-08-16,Open,MT.AS,19.941321898350864
2024-08-16,Volume,AC.PA,1091396.0
2024-08-16,Volume,AI.PA,538636.0
2024-08-16,Volume,AIR.PA,787722.0
2024-08-16,Volume,BNP.PA,1845643.0
2024-08-16,Volume,CS.PA,2622400.0
2024-08-16,Volume,MT.AS,2097445.0
2024-08-19,Close,AC.PA,35.540000915527344
2024-08-19,Close,AI.PA,165.39999389648438
2024-08-19,Close,AIR.PA,138.52000427246094
2024-08-19,Close,BNP.PA,61.36000061035156
2024-08-19,Close,CS.PA,33.439998626708984
2024-08-19,Close,MT.AS,20.46583366394043
2024-08-19,High,AC.PA,35.66999816894531
2024-08-19,High,AI.PA,166.52000427246094
2024-08-19,High,AIR.PA,138.55999755859375
2024-08-19,High,BNP.PA,61.86000061035156
2024-08-19,High,CS.PA,33.56999969482422
2024-08-19,High,MT.AS,20.584589860437653
2024-08-19,Low,AC.PA,35.2599983215332
2024-08-19,Low,AI.PA,165.39999389648438
2024-08-19,Low,AIR.PA,136.0399932861328
2024-08-19,Low,BNP.PA,61.18000030517578
2024-08-19,Low,CS.PA,33.22999954223633
2024-08-19,Low,MT.AS,20.18873272612072
2024-08-19,Open,AC.PA,35.40999984741211
2024-08-19,Open,AI.PA,166.05999755859375
2024-08-19,Open,AIR.PA,136.89999389648438
2024-08-19,Open,BNP.PA,61.27999877929688
2024-08-19,Open,CS.PA,33.34000015258789
2024-08-19,Open,MT.AS,20.386662237077044
2024-08-19,Volume,AC.PA,599703.0
2024-08-19,Volume,AI.PA,445438.0
2024-08-19,Volume,AIR.PA,521201.0
2024-08-19,Volume,BNP.PA,1402256.0
2024-08-19,Volume,CS.PA,1623669.0
2024-08-19,Volume,MT.AS,2757309.0
2024-08-20,Close,AC.PA,35.599998474121094
2024-08-20,Close,AI.PA,165.22000122070312
2024-08-20,Close,AIR.PA,138.47999572753906
2024-08-20,Close,BNP.PA,60.90999984741211
2024-08-20,Close,CS.PA,33.47999954223633
2024-08-20,Close,MT.AS,20.356971740722656
2024-08-20,High,AC.PA,36.5
2024-08-20,High,AI.PA,166.32000732421875
2024-08-20,High,AIR.PA,139.4600067138672
2024-08-20,High,BNP.PA,61.650001525878906
2024-08-20,High,CS.PA,33.5
2024-08-20,High,MT.AS,20.653865999814883
2024-08-20,Low,AC.PA,35.599998474121094
2024-08-20,Low,AI.PA,164.6999969482422
2024-08-20,Low,AIR.PA,138.47999572753906
2024-08-20,Low,BNP.PA,60.630001068115234
2024-08-20,Low,CS.PA,33.31999969482422
2024-08-20,Low,MT.AS,20.2778003158172
2024-08-20,Open,AC.PA,35.720001220703125
2024-08-20,Open,AI.PA,165.9199981689453
2024-08-20,Open,AIR.PA,139.0
2024-08-20,Open,BNP.PA,61.52000045776367
2024-08-20,Open,CS.PA,33.470001220703125
2024-08-20,Open,MT.AS,20.5450045827215
2024-08-20,Volume,AC.PA,976698.0
2024-08-20,Volume,AI.PA,256451.0
2024-08-20,Volume,AIR.PA,838481.0
2024-08-20,Volume,BNP.PA,1388031.0
2024-08-20,Volume,CS.PA,1897709.0
2024-08-20,Volume,MT.AS,1994731.0
2024-08-21,Close,AC.PA,35.79999923706055
2024-08-21,Close,AI.PA,165.55999755859375
2024-08-21,Close,AIR.PA,139.10000610351562
2024-08-21,Close,BNP.PA,61.18000030517578
2024-08-21,Close,CS.PA,33.470001220703125
2024-08-21,Close,MT.AS,20.64396858215332
2024-08-21,High,AC.PA,35.84000015258789
2024-08-21,High,AI.PA,166.52000427246094
2024-08-21,High,AIR.PA,139.10000610351562
2024-08-21,High,BNP.PA,61.40999984741211
2024-08-21,High,CS.PA,33.54999923706055
2024-08-21,High,MT.AS,20.75282810767717
2024-08-21,Low,AC.PA,35.540000915527344
2024-08-21,Low,AI.PA,165.02000427246094
2024-08-21,Low,AIR.PA,138.0399932861328
2024-08-21,Low,BNP.PA,60.66999816894531
2024-08-21,Low,CS.PA,33.34000015258789
2024-08-21,Low,MT.AS,20.37676432500319
2024-08-21,Open,AC.PA,35.59000015258789
2024-08-21,Open,AI.PA,165.3800048828125
2024-08-21,Open,AIR.PA,138.32000732421875
2024-08-21,Open,BNP.PA,60.810001373291016
2024-08-21,Open,CS.PA,33.400001525878906
2024-08-21,Open,MT.AS,20.38666098870456
2024-08-21,Volume,AC.PA,405590.0
2024-08-21,Volume,AI.PA,367583.0
2024-08-21,Volume,AIR.PA,582196.0
2024-08-21,Volume,BNP.PA,1415680.0
2024-08-21,Volume,CS.PA,2352025.0
2024-08-21,Volume,MT.AS,2484427.0
2024-08-22,Close,AC.PA,36.04999923706055
2024-08-22,Close,AI.PA,165.0
2024-08-22,Close,AIR.PA,138.8800048828125
2024-08-22,Close,BNP.PA,61.08000183105469
2024-08-22,Close,CS.PA,33.59000015258789
2024-08-22,Close,MT.AS,20.416349411010746
2024-08-22,High,AC.PA,36.15999984741211
2024-08-22,High,AI.PA,166.3800048828125
2024-08-22,High,AIR.PA,139.9600067138672
2024-08-22,High,BNP.PA,61.540000915527344
2024-08-22,High,CS.PA,33.77000045776367
2024-08-22,High,MT.AS,20.723140327756827
2024-08-22,Low,AC.PA,35.79999923706055
2024-08-22,Low,AI.PA,164.6199951171875
2024-08-22,Low,AIR.PA,138.6199951171875
2024-08-22,Low,BNP.PA,60.88999938964844
2024-08-22,Low,CS.PA,33.43000030517578
2024-08-22,Low,MT.AS,20.416349411010746
2024-08-22,Open,AC.PA,35.79999923706055
2024-08-22,Open,AI.PA,165.55999755859375
2024-08-22,Open,AIR.PA,139.3000030517578
2024-08-22,Open,BNP.PA,61.15999984741211
2024-08-22,Open,CS.PA,33.43000030517578
2024-08-22,Open,MT.AS,20.584588921369825
2024-08-22,Volume,AC.PA,420851.0
2024-08-22,Volume,AI.PA,340593.0
2024-08-22,Volume,AIR.PA,479863.0
2024-08-22,Volume,BNP.PA,1219696.0
2024-08-22,Volume,CS.PA,1882359.0
2024-08-22,Volume,MT.AS,1846993.0
2024-08-23,Close,AC.PA,37.09999847412109
2024-08-23,Close,AI.PA,165.9199981689453
2024-08-23,Close,AIR.PA,140.8000030517578
2024-08-23,Close,BNP.PA,61.41999816894531
2024-08-23,Close,CS.PA,33.95000076293945
2024-08-23,Close,MT.AS,20.63407325744629
2024-08-23,High,AC.PA,37.09999847412109
2024-08-23,High,AI.PA,166.39999389648438
2024-08-23,High,AIR.PA,141.10000610351562
2024-08-23,High,BNP.PA,61.61000061035156
2024-08-23,High,CS.PA,33.959999084472656
2024-08-23,High,MT.AS,20.673658027224917
2024-08-23,Low,AC.PA,36.130001068115234
2024-08-23,Low,AI.PA,165.0
2024-08-23,Low,AIR.PA,139.27999877929688
2024-08-23,Low,BNP.PA,61.02999877929688
2024-08-23,Low,CS.PA,33.619998931884766
2024-08-23,Low,MT.AS,20.436143745766017
2024-08-23,Open,AC.PA,36.130001068115234
2024-08-23,Open,AI.PA,165.33999633789062
2024-08-23,Open,AIR.PA,139.36000061035156
2024-08-23,Open,BNP.PA,61.45000076293945
2024-08-23,Open,CS.PA,33.709999084472656
2024-08-23,Open,MT.AS,20.5054185085754
2024-08-23,Volume,AC.PA,1055422.0
2024-08-23,Volume,AI.PA,374874.0
2024-08-23,Volume,AIR.PA,1044758.0
2024-08-23,Volume,BNP.PA,1539381.0
2024-08-23,Volume,CS.PA,1933524.0
2024-08-23,Volume,MT.AS,1925764.0
2024-08-26,Close,AC.PA,37.31999969482422
2024-08-26,Close,AI.PA,166.17999267578125
2024-08-26,Close,AIR.PA,141.13999938964844
2024-08-26,Close,BNP.PA,61.45000076293945
2024-08-26,Close,CS.PA,33.95000076293945
2024-08-26,Close,MT.AS,20.792415618896484
2024-08-26,High,AC.PA,37.4900016784668
2024-08-26,High,AI.PA,166.52000427246094
2024-08-26,High,AIR.PA,141.52000427246094
2024-08-26,High,BNP.PA,61.75
2024-08-26,High,CS.PA,34.0
2024-08-26,High,MT.AS,20.851793715954805
2024-08-26,Low,AC.PA,37.02999877929688
2024-08-26,Low,AI.PA,165.1199951171875
2024-08-26,Low,AIR.PA,140.13999938964844
2024-08-26,Low,BNP.PA,61.150001525878906
2024-08-26,Low,CS.PA,33.790000915527344
2024-08-26,Low,MT.AS,20.63407276834385
2024-08-26,Open,AC.PA,37.02999877929688
2024-08-26,Open,AI.PA,165.55999755859375
2024-08-26,Open,AIR.PA,140.86000061035156
2024-08-26,Open,BNP.PA,61.5
2024-08-26,Open,CS.PA,33.810001373291016
2024-08-26,Open,MT.AS,20.683554201293173
2024-08-26,Volume,AC.PA,432995.0
2024-08-26,Volume,AI.PA,169975.0
2024-08-26,Volume,AIR.PA,366350.0
2024-08-26,Volume,BNP.PA,824515.0
2024-08-26,Volume,CS.PA,1233755.0
2024-08-26,Volume,MT.AS,1675983.0
2024-08-27,Close,AC.PA,37.54999923706055
2024-08-27,Close,AI.PA,165.52000427246094
2024-08-27,Close,AIR.PA,140.86000061035156
2024-08-27,Close,BNP.PA,61.9900016784668
2024-08-27,Close,CS.PA,34.04999923706055
2024-08-27,Close,MT.AS,20.5845890045166
2024-08-27,High,AC.PA,37.630001068115234
2024-08-27,High,AI.PA,166.8000030517578
2024-08-27,High,AIR.PA,142.02000427246094
2024-08-27,High,BNP.PA,62.20000076293945
2024-08-27,High,CS.PA,34.20000076293945
2024-08-27,High,MT.AS,20.940861354385653
2024-08-27,Low,AC.PA,37.22999954223633
2024-08-27,Low,AI.PA,165.52000427246094
2024-08-27,Low,AIR.PA,140.8000030517578
2024-08-27,Low,BNP.PA,61.38999938964844
2024-08-27,Low,CS.PA,33.970001220703125
2024-08-27,Low,MT.AS,20.5845890045166
2024-08-27,Open,AC.PA,37.29999923706055
2024-08-27,Open,AI.PA,166.22000122070312
2024-08-27,Open,AIR.PA,141.3800048828125
2024-08-27,Open,BNP.PA,61.38999938964844
2024-08-27,Open,CS.PA,33.9900016784668
2024-08-27,Open,MT.AS,20.79241517113876
2024-08-27,Volume,AC.PA,466721.0
2024-08-27,Volume,AI.PA,254980.0
2024-08-27,Volume,AIR.PA,676234.0
2024-08-27,Volume,BNP.PA,1394488.0
2024-08-27,Volume,CS.PA,2230053.0
2024-08-27,Volume,MT.AS,1461919.0
2024-08-28,Close,AC.PA,37.470001220703125
2024-08-28,Close,AI.PA,167.1999969482422
2024-08-28,Close,AIR.PA,140.86000061035156
2024-08-28,Close,BNP.PA,61.880001068115234
2024-08-28,Close,CS.PA,34.310001373291016
2024-08-28,Close,MT.AS,20.832000732421875
2024-08-28,High,AC.PA,37.79999923706055
2024-08-28,High,AI.PA,167.94000244140625
2024-08-28,High,AIR.PA,142.52000427246094
2024-08-28,High,BNP.PA,62.27999877929688
2024-08-28,High,CS.PA,34.43000030517578
2024-08-28,High,MT.AS,21.01013691413993
2024-08-28,Low,AC.PA,37.34999847412109
2024-08-28,Low,AI.PA,166.10000610351562
2024-08-28,Low,AIR.PA,140.77999877929688
2024-08-28,Low,BNP.PA,61.52999877929688
2024-08-28,Low,CS.PA,34.040000915527344
2024-08-28,Low,MT.AS,20.723141200613053
2024-08-28,Open,AC.PA,37.68000030517578
2024-08-28,Open,AI.PA,166.24000549316406
2024-08-28,Open,AIR.PA,141.32000732421875
2024-08-28,Open,BNP.PA,62.16999816894531
2024-08-28,Open,CS.PA,34.040000915527344
2024-08-28,Open,MT.AS,21.01013691413993
2024-08-28,Volume,AC.PA,711853.0
2024-08-28,Volume,AI.PA,390730.0
2024-08-28,Volume,AIR.PA,696436.0
2024-08-28,Volume,BNP.PA,1194154.0
2024-08-28,Volume,CS.PA,3199570.0
2024-08-28,Volume,MT.AS,2108314.0
2024-08-29,Close,AC.PA,38.20000076293945
2024-08-29,Close,AI.PA,169.33999633789062
2024-08-29,Close,AIR.PA,140.55999755859375
2024-08-29,Close,BNP.PA,62.11000061035156
2024-08-29,Close,CS.PA,34.29999923706055
2024-08-29,Close,MT.AS,20.960655212402344
2024-08-29,High,AC.PA,38.290000915527344
2024-08-29,High,AI.PA,169.33999633789062
2024-08-29,High,AIR.PA,142.0399932861328
2024-08-29,High,BNP.PA,62.58000183105469
2024-08-29,High,CS.PA,34.45000076293945
2024-08-29,High,MT.AS,21.00023998139157
2024-08-29,Low,AC.PA,37.45000076293945
2024-08-29,Low,AI.PA,167.47999572753906
2024-08-29,Low,AIR.PA,140.36000061035156
2024-08-29,Low,BNP.PA,61.79999923706055
2024-08-29,Low,CS.PA,34.22999954223633
2024-08-29,Low,MT.AS,20.742932376376743
2024-08-29,Open,AC.PA,37.45000076293945
2024-08-29,Open,AI.PA,167.47999572753906
2024-08-29,Open,AIR.PA,140.97999572753906
2024-08-29,Open,BNP.PA,61.79999923706055
2024-08-29,Open,CS.PA,34.34000015258789
2024-08-29,Open,MT.AS,20.851793794389547
2024-08-29,Volume,AC.PA,937443.0
2024-08-29,Volume,AI.PA,383394.0
2024-08-29,Volume,AIR.PA,759692.0
2024-08-29,Volume,BNP.PA,1482081.0
2024-08-29,Volume,CS.PA,2069913.0
2024-08-29,Volume,MT.AS,1861007.0
2024-08-30,Close,AC.PA,38.06999969482422
2024-08-30,Close,AI.PA,168.72000122070312
2024-08-30,Close,AIR.PA,138.82000732421875
2024-08-30,Close,BNP.PA,62.58000183105469
2024-08-30,Close,CS.PA,34.400001525878906
2024-08-30,Close,MT.AS,20.95075798034668
2024-08-30,High,AC.PA,38.2599983215332
2024-08-30,High,AI.PA,169.89999389648438
2024-08-30,High,AIR.PA,140.9600067138672
2024-08-30,High,BNP.PA,62.7599983215332
2024-08-30,High,CS.PA,34.439998626708984
2024-08-30,High,MT.AS,21.237753682424938
2024-08-30,Low,AC.PA,38.02999877929688
2024-08-30,Low,AI.PA,168.5
2024-08-30,Low,AIR.PA,138.82000732421875
2024-08-30,Low,BNP.PA,62.22999954223633
2024-08-30,Low,CS.PA,34.25
2024-08-30,Low,MT.AS,20.95075798034668
2024-08-30,Open,AC.PA,38.130001068115234
2024-08-30,Open,AI.PA,169.24000549316406
2024-08-30,Open,AIR.PA,140.13999938964844
2024-08-30,Open,BNP.PA,62.59000015258789
2024-08-30,Open,CS.PA,34.25
2024-08-30,Open,MT.AS,20.96065464422464
2024-08-30,Volume,AC.PA,1175395.0
2024-08-30,Volume,AI.PA,719767.0
2024-08-30,Volume,AIR.PA,1306668.0
2024-08-30,Volume,BNP.PA,2283144.0
2024-08-30,Volume,CS.PA,3486550.0
2024-08-30,Volume,MT.AS,3633134.0
2024-09-02,Close,AC.PA,38.18999862670898
2024-09-02,Close,AI.PA,168.9199981689453
2024-09-02,Close,AIR.PA,136.9199981689453
2024-09-02,Close,BNP.PA,62.43000030517578
2024-09-02,Close,CS.PA,34.650001525878906
2024-09-02,Close,MT.AS,21.109100341796875
2024-09-02,High,AC.PA,38.290000915527344
2024-09-02,High,AI.PA,169.0800018310547
2024-09-02,High,AIR.PA,139.1199951171875
2024-09-02,High,BNP.PA,62.790000915527344
2024-09-02,High,CS.PA,34.720001220703125
2024-09-02,High,MT.AS,21.168478436103587
2024-09-02,Low,AC.PA,37.7599983215332
2024-09-02,Low,AI.PA,167.66000366210938
2024-09-02,Low,AIR.PA,136.13999938964844
2024-09-02,Low,BNP.PA,61.83000183105469
2024-09-02,Low,CS.PA,34.18000030517578
2024-09-02,Low,MT.AS,20.79241465536696
2024-09-02,Open,AC.PA,38.09000015258789
2024-09-02,Open,AI.PA,168.5
2024-09-02,Open,AIR.PA,138.83999633789062
2024-09-02,Open,BNP.PA,62.52000045776367
2024-09-02,Open,CS.PA,34.40999984741211
2024-09-02,Open,MT.AS,20.97055082588268
2024-09-02,Volume,AC.PA,574062.0
2024-09-02,Volume,AI.PA,217184.0
2024-09-02,Volume,AIR.PA,841412.0
2024-09-02,Volume,BNP.PA,868046.0
2024-09-02,Volume,CS.PA,2351791.0
2024-09-02,Volume,MT.AS,1290542.0
2024-09-03,Close,AC.PA,38.22999954223633
2024-09-03,Close,AI.PA,169.3800048828125
2024-09-03,Close,AIR.PA,134.5399932861328
2024-09-03,Close,BNP.PA,61.68000030517578
2024-09-03,Close,CS.PA,34.63999938964844
2024-09-03,Close,MT.AS,20.020492553710938
2024-09-03,High,AC.PA,38.47999954223633
2024-09-03,High,AI.PA,169.75999450683594
2024-09-03,High,AIR.PA,137.67999267578125
2024-09-03,High,BNP.PA,62.88999938964844
2024-09-03,High,CS.PA,34.7599983215332
2024-09-03,High,MT.AS,21.07941106124607
2024-09-03,Low,AC.PA,37.95000076293945
2024-09-03,Low,AI.PA,168.6999969482422
2024-09-03,Low,AIR.PA,134.05999755859375
2024-09-03,Low,BNP.PA,61.150001525878906
2024-09-03,Low,CS.PA,34.439998626708984
2024-09-03,Low,MT.AS,19.98090778537094
2024-09-03,Open,AC.PA,38.18999862670898
2024-09-03,Open,AI.PA,169.33999633789062
2024-09-03,Open,AIR.PA,136.8000030517578
2024-09-03,Open,BNP.PA,62.560001373291016
2024-09-03,Open,CS.PA,34.70000076293945
2024-09-03,Open,MT.AS,21.020032964938245
2024-09-03,Volume,AC.PA,493972.0
2024-09-03,Volume,AI.PA,385284.0
2024-09-03,Volume,AIR.PA,1125541.0
2024-09-03,Volume,BNP.PA,2131707.0
2024-09-03,Volume,CS.PA,2805955.0
2024-09-03,Volume,MT.AS,3901555.0
2024-09-04,Close,AC.PA,38.040000915527344
2024-09-04,Close,AI.PA,168.36000061035156
2024-09-04,Close,AIR.PA,133.5800018310547
2024-09-04,Close,BNP.PA,61.91999816894531
2024-09-04,Close,CS.PA,34.5099983215332
2024-09-04,Close,MT.AS,19.812667846679688
2024-09-04,High,AC.PA,38.11000061035156
2024-09-04,High,AI.PA,171.27999877929688
2024-09-04,High,AIR.PA,134.32000732421875
2024-09-04,High,BNP.PA,62.11000061035156
2024-09-04,High,CS.PA,34.689998626708984
2024-09-04,High,MT.AS,19.92152737296993
2024-09-04,Low,AC.PA,37.43000030517578
2024-09-04,Low,AI.PA,168.1199951171875
2024-09-04,Low,AIR.PA,132.02000427246094
2024-09-04,Low,BNP.PA,60.540000915527344
2024-09-04,Low,CS.PA,34.08000183105469
2024-09-04,Low,MT.AS,19.565256915190467
2024-09-04,Open,AC.PA,37.540000915527344
2024-09-04,Open,AI.PA,168.5
2024-09-04,Open,AIR.PA,132.0800018310547
2024-09-04,Open,BNP.PA,60.709999084472656
2024-09-04,Open,CS.PA,34.119998931884766
2024-09-04,Open,MT.AS,19.68896238093508
2024-09-04,Volume,AC.PA,610608.0
2024-09-04,Volume,AI.PA,653796.0
2024-09-04,Volume,AIR.PA,1069060.0
2024-09-04,Volume,BNP.PA,1702441.0
2024-09-04,Volume,CS.PA,3105269.0
2024-09-04,Volume,MT.AS,2736235.0
2024-09-05,Close,AC.PA,38.33000183105469
2024-09-05,Close,AI.PA,163.10000610351562
2024-09-05,Close,AIR.PA,131.74000549316406
2024-09-05,Close,BNP.PA,63.61000061035156
2024-09-05,Close,CS.PA,34.720001220703125
2024-09-05,Close,MT.AS,19.96111488342285
2024-09-05,High,AC.PA,38.68000030517578
2024-09-05,High,AI.PA,165.9199981689453
2024-09-05,High,AIR.PA,133.1999969482422
2024-09-05,High,BNP.PA,63.84000015258789
2024-09-05,High,CS.PA,34.97999954223633
2024-09-05,High,MT.AS,20.267903923089165
2024-09-05,Low,AC.PA,38.0
2024-09-05,Low,AI.PA,163.10000610351562
2024-09-05,Low,AIR.PA,130.94000244140625
2024-09-05,Low,BNP.PA,61.540000915527344
2024-09-05,Low,CS.PA,34.29999923706055
2024-09-05,Low,MT.AS,19.575154417791182
2024-09-05,Open,AC.PA,38.0
2024-09-05,Open,AI.PA,163.6999969482422
2024-09-05,Open,AIR.PA,132.82000732421875
2024-09-05,Open,BNP.PA,61.58000183105469
2024-09-05,Open,CS.PA,34.29999923706055
2024-09-05,Open,MT.AS,19.659273232056265
2024-09-05,Volume,AC.PA,421218.0
2024-09-05,Volume,AI.PA,740417.0
2024-09-05,Volume,AIR.PA,1107690.0
2024-09-05,Volume,BNP.PA,2748287.0
2024-09-05,Volume,CS.PA,2816836.0
2024-09-05,Volume,MT.AS,2213929.0
2024-09-06,Close,AC.PA,37.77000045776367
2024-09-06,Close,AI.PA,162.36000061035156
2024-09-06,Close,AIR.PA,128.33999633789062
2024-09-06,Close,BNP.PA,62.18000030517578
2024-09-06,Close,CS.PA,34.4900016784668
2024-09-06,Close,MT.AS,19.792875289916992
2024-09-06,High,AC.PA,38.68000030517578
2024-09-06,High,AI.PA,165.0
2024-09-06,High,AIR.PA,132.27999877929688
2024-09-06,High,BNP.PA,63.59999847412109
2024-09-06,High,CS.PA,34.88999938964844
2024-09-06,High,MT.AS,20.099664328383916
2024-09-06,Low,AC.PA,37.7400016784668
2024-09-06,Low,AI.PA,161.8800048828125
2024-09-06,Low,AIR.PA,128.33999633789062
2024-09-06,Low,BNP.PA,61.88999938964844
2024-09-06,Low,CS.PA,34.349998474121094
2024-09-06,Low,MT.AS,19.75328863329123
2024-09-06,Open,AC.PA,38.33000183105469
2024-09-06,Open,AI.PA,163.10000610351562
2024-09-06,Open,AIR.PA,131.22000122070312
2024-09-06,Open,BNP.PA,63.290000915527344
2024-09-06,Open,CS.PA,34.75
2024-09-06,Open,MT.AS,20.069976223510277
2024-09-06,Volume,AC.PA,625118.0
2024-09-06,Volume,AI.PA,738211.0
2024-09-06,Volume,AIR.PA,1524619.0
2024-09-06,Volume,BNP.PA,2823213.0
2024-09-06,Volume,CS.PA,3581986.0
2024-09-06,Volume,MT.AS,2601871.0
2024-09-09,Close,AC.PA,38.29999923706055
2024-09-09,Close,AI.PA,166.1999969482422
2024-09-09,Close,AIR.PA,129.75999450683594
2024-09-09,Close,BNP.PA,62.56999969482422
2024-09-09,Close,CS.PA,34.90999984741211
2024-09-09,Close,MT.AS,19.93142509460449
2024-09-09,High,AC.PA,38.61000061035156
2024-09-09,High,AI.PA,166.32000732421875
2024-09-09,High,AIR.PA,130.63999938964844
2024-09-09,High,BNP.PA,63.0099983215332
2024-09-09,High,CS.PA,34.97999954223633
2024-09-09,High,MT.AS,20.07987317145341
2024-09-09,Low,AC.PA,38.02000045776367
2024-09-09,Low,AI.PA,162.8000030517578
2024-09-09,Low,AIR.PA,128.55999755859375
2024-09-09,Low,BNP.PA,62.08000183105469
2024-09-09,Low,CS.PA,34.529998779296875
2024-09-09,Low,MT.AS,19.87204699642235
2024-09-09,Open,AC.PA,38.02000045776367
2024-09-09,Open,AI.PA,163.39999389648438
2024-09-09,Open,AIR.PA,129.22000122070312
2024-09-09,Open,BNP.PA,62.20000076293945
2024-09-09,Open,CS.PA,34.540000915527344
2024-09-09,Open,MT.AS,19.95121842319711
2024-09-09,Volume,AC.PA,432151.0
2024-09-09,Volume,AI.PA,471096.0
2024-09-09,Volume,AIR.PA,1029445.0
2024-09-09,Volume,BNP.PA,1689491.0
2024-09-09,Volume,CS.PA,2702647.0
2024-09-09,Volume,MT.AS,1709583.0
2024-09-10,Close,AC.PA,37.75
2024-09-10,Close,AI.PA,168.97999572753906
2024-09-10,Close,AIR.PA,130.44000244140625
2024-09-10,Close,BNP.PA,62.18000030517578
2024-09-10,Close,CS.PA,34.959999084472656
2024-09-10,Close,MT.AS,19.495983123779297
2024-09-10,High,AC.PA,38.56999969482422
2024-09-10,High,AI.PA,169.86000061035156
2024-09-10,High,AIR.PA,131.32000732421875
2024-09-10,High,BNP.PA,63.220001220703125
2024-09-10,High,CS.PA,35.34000015258789
2024-09-10,High,MT.AS,19.89184025628536
2024-09-10,Low,AC.PA,37.619998931884766
2024-09-10,Low,AI.PA,165.39999389648438
2024-09-10,Low,AIR.PA,129.32000732421875
2024-09-10,Low,BNP.PA,61.95000076293945
2024-09-10,Low,CS.PA,34.72999954223633
2024-09-10,Low,MT.AS,19.44155241413552
2024-09-10,Open,AC.PA,38.2599983215332
2024-09-10,Open,AI.PA,165.5
2024-09-10,Open,AIR.PA,129.6999969482422
2024-09-10,Open,BNP.PA,62.5099983215332
2024-09-10,Open,CS.PA,34.79999923706055
2024-09-10,Open,MT.AS,19.703807410496587
2024-09-10,Volume,AC.PA,541524.0
2024-09-10,Volume,AI.PA,668526.0
2024-09-10,Volume,AIR.PA,948445.0
2024-09-10,Volume,BNP.PA,1531845.0
2024-09-10,Volume,CS.PA,4349278.0
2024-09-10,Volume,MT.AS,2599582.0
2024-09-11,Close,AC.PA,38.06999969482422
2024-09-11,Close,AI.PA,169.1199951171875
2024-09-11,Close,AIR.PA,130.22000122070312
2024-09-11,Close,BNP.PA,62.61000061035156
2024-09-11,Close,CS.PA,35.29999923706055
2024-09-11,Close,MT.AS,19.47618865966797
2024-09-11,High,AC.PA,38.09999847412109
2024-09-11,High,AI.PA,170.89999389648438
2024-09-11,High,AIR.PA,131.24000549316406
2024-09-11,High,BNP.PA,63.060001373291016
2024-09-11,High,CS.PA,35.529998779296875
2024-09-11,High,MT.AS,19.87204576909301
2024-09-11,Low,AC.PA,37.5099983215332
2024-09-11,Low,AI.PA,168.52000427246094
2024-09-11,Low,AIR.PA,128.82000732421875
2024-09-11,Low,BNP.PA,61.7599983215332
2024-09-11,Low,CS.PA,35.060001373291016
2024-09-11,Low,MT.AS,19.45639533229782
2024-09-11,Open,AC.PA,37.7599983215332
2024-09-11,Open,AI.PA,169.5
2024-09-11,Open,AIR.PA,130.55999755859375
2024-09-11,Open,BNP.PA,62.619998931884766
2024-09-11,Open,CS.PA,35.130001068115234
2024-09-11,Open,MT.AS,19.599894124338014
2024-09-11,Volume,AC.PA,757008.0
2024-09-11,Volume,AI.PA,558262.0
2024-09-11,Volume,AIR.PA,1099145.0
2024-09-11,Volume,BNP.PA,1731219.0
2024-09-11,Volume,CS.PA,3829497.0
2024-09-11,Volume,MT.AS,2218157.0
2024-09-12,Close,AC.PA,38.09000015258789
2024-09-12,Close,AI.PA,169.72000122070312
2024-09-12,Close,AIR.PA,130.5399932861328
2024-09-12,Close,BNP.PA,63.470001220703125
2024-09-12,Close,CS.PA,35.599998474121094
2024-09-12,Close,MT.AS,19.941320419311523
2024-09-12,High,AC.PA,38.7599983215332
2024-09-12,High,AI.PA,170.4199981689453
2024-09-12,High,AIR.PA,131.55999755859375
2024-09-12,High,BNP.PA,63.900001525878906
2024-09-12,High,CS.PA,35.720001220703125
2024-09-12,High,MT.AS,20.149146580381544
2024-09-12,Low,AC.PA,37.84000015258789
2024-09-12,Low,AI.PA,168.36000061035156
2024-09-12,Low,AIR.PA,128.9199981689453
2024-09-12,Low,BNP.PA,62.79999923706055
2024-09-12,Low,CS.PA,35.380001068115234
2024-09-12,Low,MT.AS,19.79287424003041
2024-09-12,Open,AC.PA,38.59999847412109
2024-09-12,Open,AI.PA,170.22000122070312
2024-09-12,Open,AIR.PA,130.9199981689453
2024-09-12,Open,BNP.PA,63.290000915527344
2024-09-12,Open,CS.PA,35.56999969482422
2024-09-12,Open,MT.AS,19.901735652381166
2024-09-12,Volume,AC.PA,541649.0
2024-09-12,Volume,AI.PA,468529.0
2024-09-12,Volume,AIR.PA,1143348.0
2024-09-12,Volume,BNP.PA,2425097.0
2024-09-12,Volume,CS.PA,3827679.0
2024-09-12,Volume,MT.AS,2094748.0
2024-09-13,Close,AC.PA,38.34999847412109
2024-09-13,Close,AI.PA,170.22000122070312
2024-09-13,Close,AIR.PA,130.5
2024-09-13,Close,BNP.PA,63.369998931884766
2024-09-13,Close,CS.PA,36.08000183105469
2024-09-13,Close,MT.AS,20.317386627197266
2024-09-13,High,AC.PA,38.459999084472656
2024-09-13,High,AI.PA,171.24000549316406
2024-09-13,High,AIR.PA,130.94000244140625
2024-09-13,High,BNP.PA,63.97999954223633
2024-09-13,High,CS.PA,36.13999938964844
2024-09-13,High,MT.AS,20.37676472296955
2024-09-13,Low,AC.PA,38.09999847412109
2024-09-13,Low,AI.PA,169.47999572753906
2024-09-13,Low,AIR.PA,129.5800018310547
2024-09-13,Low,BNP.PA,63.34000015258789
2024-09-13,Low,CS.PA,35.61000061035156
2024-09-13,Low,MT.AS,19.99080426905624
2024-09-13,Open,AC.PA,38.150001525878906
2024-09-13,Open,AI.PA,170.02000427246094
2024-09-13,Open,AIR.PA,130.6999969482422
2024-09-13,Open,BNP.PA,63.380001068115234
2024-09-13,Open,CS.PA,35.630001068115234
2024-09-13,Open,MT.AS,20.03038903703922
2024-09-13,Volume,AC.PA,354008.0
2024-09-13,Volume,AI.PA,357332.0
2024-09-13,Volume,AIR.PA,1022194.0
2024-09-13,Volume,BNP.PA,1562486.0
2024-09-13,Volume,CS.PA,3953802.0
2024-09-13,Volume,MT.AS,1989080.0
2024-09-16,Close,AC.PA,38.34999847412109
2024-09-16,Close,AI.PA,169.52000427246094
2024-09-16,Close,AIR.PA,129.4199981689453
2024-09-16,Close,BNP.PA,63.290000915527344
2024-09-16,Close,CS.PA,36.18999862670898
2024-09-16,Close,MT.AS,20.29759407043457
2024-09-16,High,AC.PA,38.47999954223633
2024-09-16,High,AI.PA,170.5399932861328
2024-09-16,High,AIR.PA,130.9199981689453
2024-09-16,High,BNP.PA,63.41999816894531
2024-09-16,High,CS.PA,36.27000045776367
2024-09-16,High,MT.AS,20.406455489815343
2024-09-16,Low,AC.PA,38.119998931884766
2024-09-16,Low,AI.PA,168.89999389648438
2024-09-16,Low,AIR.PA,129.3800048828125
2024-09-16,Low,BNP.PA,62.72999954223633
2024-09-16,Low,CS.PA,35.869998931884766
2024-09-16,Low,MT.AS,20.12935455302597
2024-09-16,Open,AC.PA,38.220001220703125
2024-09-16,Open,AI.PA,169.5
2024-09-16,Open,AIR.PA,129.6999969482422
2024-09-16,Open,BNP.PA,63.0
2024-09-16,Open,CS.PA,35.93000030517578
2024-09-16,Open,MT.AS,20.26790407762281
2024-09-16,Volume,AC.PA,411950.0
2024-09-16,Volume,AI.PA,367258.0
2024-09-16,Volume,AIR.PA,737384.0
2024-09-16,Volume,BNP.PA,1078696.0
2024-09-16,Volume,CS.PA,2446479.0
2024-09-16,Volume,MT.AS,1223726.0
2024-09-17,Close,AC.PA,38.720001220703125
2024-09-17,Close,AI.PA,170.13999938964844
2024-09-17,Close,AIR.PA,129.72000122070312
2024-09-17,Close,BNP.PA,64.44999694824219
2024-09-17,Close,CS.PA,36.150001525878906
2024-09-17,Close,MT.AS,20.7330379486084
2024-09-17,High,AC.PA,38.970001220703125
2024-09-17,High,AI.PA,170.9600067138672
2024-09-17,High,AIR.PA,131.05999755859375
2024-09-17,High,BNP.PA,64.54000091552734
2024-09-17,High,CS.PA,36.400001525878906
2024-09-17,High,MT.AS,20.85179414516952
2024-09-17,Low,AC.PA,38.459999084472656
2024-09-17,Low,AI.PA,169.9199981689453
2024-09-17,Low,AIR.PA,128.83999633789062
2024-09-17,Low,BNP.PA,63.68999862670898
2024-09-17,Low,CS.PA,36.09000015258789
2024-09-17,Low,MT.AS,20.33717892648276
2024-09-17,Open,AC.PA,38.5
2024-09-17,Open,AI.PA,170.10000610351562
2024-09-17,Open,AIR.PA,130.0
2024-09-17,Open,BNP.PA,63.68999862670898
2024-09-17,Open,CS.PA,36.290000915527344
2024-09-17,Open,MT.AS,20.33717892648276
2024-09-17,Volume,AC.PA,375568.0
2024-09-17,Volume,AI.PA,511860.0
2024-09-17,Volume,AIR.PA,986925.0
2024-09-17,Volume,BNP.PA,2197849.0
2024-09-17,Volume,CS.PA,4006579.0
2024-09-17,Volume,MT.AS,2258920.0
2024-09-18,Close,AC.PA,38.470001220703125
2024-09-18,Close,AI.PA,167.8000030517578
2024-09-18,Close,AIR.PA,128.72000122070312
2024-09-18,Close,BNP.PA,64.1500015258789
2024-09-18,Close,CS.PA,35.9900016784668
2024-09-18,Close,MT.AS,20.88148307800293
2024-09-18,High,AC.PA,38.81999969482422
2024-09-18,High,AI.PA,170.39999389648438
2024-09-18,High,AIR.PA,130.36000061035156
2024-09-18,High,BNP.PA,64.54000091552734
2024-09-18,High,CS.PA,36.27999877929688
2024-09-18,High,MT.AS,20.940861173269003
2024-09-18,Low,AC.PA,38.470001220703125
2024-09-18,Low,AI.PA,167.8000030517578
2024-09-18,Low,AIR.PA,128.5800018310547
2024-09-18,Low,BNP.PA,63.9900016784668
2024-09-18,Low,CS.PA,35.880001068115234
2024-09-18,Low,MT.AS,20.594485490291618
2024-09-18,Open,AC.PA,38.77000045776367
2024-09-18,Open,AI.PA,170.0399932861328
2024-09-18,Open,AIR.PA,129.5
2024-09-18,Open,BNP.PA,64.0999984741211
2024-09-18,Open,CS.PA,36.13999938964844
2024-09-18,Open,MT.AS,20.713243568419376
2024-09-18,Volume,AC.PA,681420.0
2024-09-18,Volume,AI.PA,383600.0
2024-09-18,Volume,AIR.PA,970965.0
2024-09-18,Volume,BNP.PA,1495272.0
2024-09-18,Volume,CS.PA,3309193.0
2024-09-18,Volume,MT.AS,2586791.0
2024-09-19,Close,AC.PA,39.4900016784668
2024-09-19,Close,AI.PA,171.05999755859375
2024-09-19,Close,AIR.PA,133.44000244140625
2024-09-19,Close,BNP.PA,65.16999816894531
2024-09-19,Close,CS.PA,36.22999954223633
2024-09-19,Close,MT.AS,21.67319869995117
2024-09-19,High,AC.PA,39.65999984741211
2024-09-19,High,AI.PA,171.05999755859375
2024-09-19,High,AIR.PA,133.5
2024-09-19,High,BNP.PA,65.19999694824219
2024-09-19,High,CS.PA,36.47999954223633
2024-09-19,High,MT.AS,21.821644891455797
2024-09-19,Low,AC.PA,38.90999984741211
2024-09-19,Low,AI.PA,168.5800018310547
2024-09-19,Low,AIR.PA,129.66000366210938
2024-09-19,Low,BNP.PA,64.68000030517578
2024-09-19,Low,CS.PA,35.970001220703125
2024-09-19,Low,MT.AS,21.227860125437303
2024-09-19,Open,AC.PA,39.0099983215332
2024-09-19,Open,AI.PA,170.52000427246094
2024-09-19,Open,AIR.PA,130.24000549316406
2024-09-19,Open,BNP.PA,65.0
2024-09-19,Open,CS.PA,36.45000076293945
2024-09-19,Open,MT.AS,21.2674448956272
2024-09-19,Volume,AC.PA,810148.0
2024-09-19,Volume,AI.PA,640288.0
2024-09-19,Volume,AIR.PA,1214582.0
2024-09-19,Volume,BNP.PA,2272187.0
2024-09-19,Volume,CS.PA,3923374.0
2024-09-19,Volume,MT.AS,5484574.0
2024-09-20,Close,AC.PA,39.38999938964844
2024-09-20,Close,AI.PA,167.72000122070312
2024-09-20,Close,AIR.PA,130.83999633789062
2024-09-20,Close,BNP.PA,64.77999877929688
2024-09-20,Close,CS.PA,36.25
2024-09-20,Close,MT.AS,21.267444610595703
2024-09-20,High,AC.PA,39.880001068115234
2024-09-20,High,AI.PA,171.55999755859375
2024-09-20,High,AIR.PA,133.89999389648438
2024-09-20,High,BNP.PA,65.5999984741211
2024-09-20,High,CS.PA,36.65999984741211
2024-09-20,High,MT.AS,21.59402698256723
2024-09-20,Low,AC.PA,39.27999877929688
2024-09-20,Low,AI.PA,167.60000610351562
2024-09-20,Low,AIR.PA,130.75999450683594
2024-09-20,Low,BNP.PA,64.5199966430664
2024-09-20,Low,CS.PA,36.25
2024-09-20,Low,MT.AS,21.089308428139287
2024-09-20,Open,AC.PA,39.45000076293945
2024-09-20,Open,AI.PA,171.27999877929688
2024-09-20,Open,AIR.PA,133.60000610351562
2024-09-20,Open,BNP.PA,65.30000305175781
2024-09-20,Open,CS.PA,36.38999938964844
2024-09-20,Open,MT.AS,21.554442212907865
2024-09-20,Volume,AC.PA,3859899.0
2024-09-20,Volume,AI.PA,1238225.0
2024-09-20,Volume,AIR.PA,2148326.0
2024-09-20,Volume,BNP.PA,4555256.0
2024-09-20,Volume,CS.PA,9635098.0
2024-09-20,Volume,MT.AS,4233326.0
2024-09-23,Close,AC.PA,39.150001525878906
2024-09-23,Close,AI.PA,170.60000610351562
2024-09-23,Close,AIR.PA,132.94000244140625
2024-09-23,Close,BNP.PA,62.40999984741211
2024-09-23,Close,CS.PA,36.13999938964844
2024-09-23,Close,MT.AS,21.21796226501465
2024-09-23,High,AC.PA,39.58000183105469
2024-09-23,High,AI.PA,170.60000610351562
2024-09-23,High,AIR.PA,133.10000610351562
2024-09-23,High,BNP.PA,64.8499984741211
2024-09-23,High,CS.PA,36.310001373291016
2024-09-23,High,MT.AS,21.405993216110566
2024-09-23,Low,AC.PA,38.880001068115234
2024-09-23,Low,AI.PA,167.16000366210938
2024-09-23,Low,AIR.PA,130.9199981689453
2024-09-23,Low,BNP.PA,61.5099983215332
2024-09-23,Low,CS.PA,35.939998626708984
2024-09-23,Low,MT.AS,20.93096467503304
2024-09-23,Open,AC.PA,39.45000076293945
2024-09-23,Open,AI.PA,167.9600067138672
2024-09-23,Open,AIR.PA,131.5
2024-09-23,Open,BNP.PA,64.80000305175781
2024-09-23,Open,CS.PA,36.2599983215332
2024-09-23,Open,MT.AS,21.336718456486214
2024-09-23,Volume,AC.PA,665856.0
2024-09-23,Volume,AI.PA,555505.0
2024-09-23,Volume,AIR.PA,981964.0
2024-09-23,Volume,BNP.PA,3820413.0
2024-09-23,Volume,CS.PA,4508139.0
2024-09-23,Volume,MT.AS,1620946.0
2024-09-24,Close,AC.PA,39.880001068115234
2024-09-24,Close,AI.PA,172.8000030517578
2024-09-24,Close,AIR.PA,134.9199981689453
2024-09-24,Close,BNP.PA,62.81999969482422
2024-09-24,Close,CS.PA,36.15999984741211
2024-09-24,Close,MT.AS,22.22739791870117
2024-09-24,High,AC.PA,40.0
2024-09-24,High,AI.PA,173.83999633789062
2024-09-24,High,AIR.PA,134.94000244140625
2024-09-24,High,BNP.PA,63.52000045776367
2024-09-24,High,CS.PA,36.38999938964844
2024-09-24,High,MT.AS,22.356052664410896
2024-09-24,Low,AC.PA,39.310001373291016
2024-09-24,Low,AI.PA,171.94000244140625
2024-09-24,Low,AIR.PA,133.66000366210938
2024-09-24,Low,BNP.PA,62.68999862670898
2024-09-24,Low,CS.PA,36.0099983215332
2024-09-24,Low,MT.AS,22.009676971279053
2024-09-24,Open,AC.PA,39.5
2024-09-24,Open,AI.PA,172.3800048828125
2024-09-24,Open,AIR.PA,134.5
2024-09-24,Open,BNP.PA,62.88999938964844
2024-09-24,Open,CS.PA,36.29999923706055
2024-09-24,Open,MT.AS,22.05916029178113
2024-09-24,Volume,AC.PA,612771.0
2024-09-24,Volume,AI.PA,556878.0
2024-09-24,Volume,AIR.PA,831978.0
2024-09-24,Volume,BNP.PA,1969233.0
2024-09-24,Volume,CS.PA,2938844.0
2024-09-24,Volume,MT.AS,3996292.0
2024-09-25,Close,AC.PA,40.0
2024-09-25,Close,AI.PA,172.0
2024-09-25,Close,AIR.PA,133.5
2024-09-25,Close,BNP.PA,62.310001373291016
2024-09-25,Close,CS.PA,35.5
2024-09-25,Close,MT.AS,21.9799861907959
2024-09-25,High,AC.PA,40.650001525878906
2024-09-25,High,AI.PA,172.63999938964844
2024-09-25,High,AIR.PA,134.1999969482422
2024-09-25,High,BNP.PA,62.65999984741211
2024-09-25,High,CS.PA,35.849998474121094
2024-09-25,High,MT.AS,22.46491327634885
2024-09-25,Low,AC.PA,39.720001220703125
2024-09-25,Low,AI.PA,171.05999755859375
2024-09-25,Low,AIR.PA,133.05999755859375
2024-09-25,Low,BNP.PA,61.58000183105469
2024-09-25,Low,CS.PA,35.349998474121094
2024-09-25,Low,MT.AS,21.9799861907959
2024-09-25,Open,AC.PA,39.75
2024-09-25,Open,AI.PA,172.4199981689453
2024-09-25,Open,AIR.PA,133.86000061035156
2024-09-25,Open,BNP.PA,62.220001220703125
2024-09-25,Open,CS.PA,35.79999923706055
2024-09-25,Open,MT.AS,22.108640931892182
2024-09-25,Volume,AC.PA,858439.0
2024-09-25,Volume,AI.PA,579654.0
2024-09-25,Volume,AIR.PA,1063446.0
2024-09-25,Volume,BNP.PA,1645527.0
2024-09-25,Volume,CS.PA,3957983.0
2024-09-25,Volume,MT.AS,2458024.0
2024-09-26,Close,AC.PA,40.02999877929688
2024-09-26,Close,AI.PA,174.1999969482422
2024-09-26,Close,AIR.PA,134.33999633789062
2024-09-26,Close,BNP.PA,63.2400016784668
2024-09-26,Close,CS.PA,35.779998779296875
2024-09-26,Close,MT.AS,23.01911354064941
2024-09-26,High,AC.PA,40.61000061035156
2024-09-26,High,AI.PA,174.24000549316406
2024-09-26,High,AIR.PA,135.39999389648438
2024-09-26,High,BNP.PA,63.77999877929688
2024-09-26,High,CS.PA,35.810001373291016
2024-09-26,High,MT.AS,23.286317802563907
2024-09-26,Low,AC.PA,39.900001525878906
2024-09-26,Low,AI.PA,172.02000427246094
2024-09-26,Low,AIR.PA,133.5399932861328
2024-09-26,Low,BNP.PA,62.84000015258789
2024-09-26,Low,CS.PA,35.38999938964844
2024-09-26,Low,MT.AS,22.33625883384425
2024-09-26,Open,AC.PA,40.29999923706055
2024-09-26,Open,AI.PA,173.55999755859375
2024-09-26,Open,AIR.PA,134.66000366210938
2024-09-26,Open,BNP.PA,62.900001525878906
2024-09-26,Open,CS.PA,35.7599983215332
2024-09-26,Open,MT.AS,22.36594882547774
2024-09-26,Volume,AC.PA,511288.0
2024-09-26,Volume,AI.PA,640224.0
2024-09-26,Volume,AIR.PA,1010118.0
2024-09-26,Volume,BNP.PA,2172542.0
2024-09-26,Volume,CS.PA,3756880.0
2024-09-26,Volume,MT.AS,5088393.0
2024-09-27,Close,AC.PA,40.77999877929688
2024-09-27,Close,AI.PA,176.17999267578125
2024-09-27,Close,AIR.PA,133.82000732421875
2024-09-27,Close,BNP.PA,63.29999923706055
2024-09-27,Close,CS.PA,35.529998779296875
2024-09-27,Close,MT.AS,23.187353134155277
2024-09-27,High,AC.PA,40.970001220703125
2024-09-27,High,AI.PA,177.0
2024-09-27,High,AIR.PA,134.6199951171875
2024-09-27,High,BNP.PA,63.68000030517578
2024-09-27,High,CS.PA,35.68000030517578
2024-09-27,High,MT.AS,23.375385973314
2024-09-27,Low,AC.PA,40.2400016784668
2024-09-27,Low,AI.PA,174.05999755859375
2024-09-27,Low,AIR.PA,132.47999572753906
2024-09-27,Low,BNP.PA,62.810001373291016
2024-09-27,Low,CS.PA,35.220001220703125
2024-09-27,Low,MT.AS,23.01911362282286
2024-09-27,Open,AC.PA,40.25
2024-09-27,Open,AI.PA,174.25999450683594
2024-09-27,Open,AIR.PA,133.8800048828125
2024-09-27,Open,BNP.PA,62.97999954223633
2024-09-27,Open,CS.PA,35.68000030517578
2024-09-27,Open,MT.AS,23.127975038271963
2024-09-27,Volume,AC.PA,871749.0
2024-09-27,Volume,AI.PA,984662.0
2024-09-27,Volume,AIR.PA,1622578.0
2024-09-27,Volume,BNP.PA,2468619.0
2024-09-27,Volume,CS.PA,5180993.0
2024-09-27,Volume,MT.AS,3092090.0
2024-09-30,Close,AC.PA,39.0
2024-09-30,Close,AI.PA,173.25999450683594
2024-09-30,Close,AIR.PA,131.22000122070312
2024-09-30,Close,BNP.PA,61.54999923706055
2024-09-30,Close,CS.PA,34.529998779296875
2024-09-30,Close,MT.AS,23.296215057373047
2024-09-30,High,AC.PA,40.630001068115234
2024-09-30,High,AI.PA,175.6199951171875
2024-09-30,High,AIR.PA,133.52000427246094
2024-09-30,High,BNP.PA,62.4900016784668
2024-09-30,High,CS.PA,35.38999938964844
2024-09-30,High,MT.AS,23.652485528033893
2024-09-30,Low,AC.PA,38.91999816894531
2024-09-30,Low,AI.PA,173.25999450683594
2024-09-30,Low,AIR.PA,131.22000122070312
2024-09-30,Low,BNP.PA,61.2599983215332
2024-09-30,Low,CS.PA,34.40999984741211
2024-09-30,Low,MT.AS,23.01911412455179
2024-09-30,Open,AC.PA,40.52999877929688
2024-09-30,Open,AI.PA,175.39999389648438
2024-09-30,Open,AIR.PA,133.44000244140625
2024-09-30,Open,BNP.PA,62.459999084472656
2024-09-30,Open,CS.PA,35.38999938964844
2024-09-30,Open,MT.AS,23.316006498035104
2024-09-30,Volume,AC.PA,797486.0
2024-09-30,Volume,AI.PA,764794.0
2024-09-30,Volume,AIR.PA,1416305.0
2024-09-30,Volume,BNP.PA,3401241.0
2024-09-30,Volume,CS.PA,6292966.0
2024-09-30,Volume,MT.AS,3392018.0
2024-10-01,Close,AC.PA,38.31999969482422
2024-10-01,Close,AI.PA,170.94000244140625
2024-10-01,Close,AIR.PA,128.74000549316406
2024-10-01,Close,BNP.PA,61.13999938964844
2024-10-01,Close,CS.PA,34.41999816894531
2024-10-01,Close,MT.AS,23.286317825317383
2024-10-01,High,AC.PA,39.22999954223633
2024-10-01,High,AI.PA,173.82000732421875
2024-10-01,High,AIR.PA,132.9199981689453
2024-10-01,High,BNP.PA,62.02999877929688
2024-10-01,High,CS.PA,34.849998474121094
2024-10-01,High,MT.AS,23.543625423605462
2024-10-01,Low,AC.PA,37.84999847412109
2024-10-01,Low,AI.PA,169.83999633789062
2024-10-01,Low,AIR.PA,128.27999877929688
2024-10-01,Low,BNP.PA,60.52000045776367
2024-10-01,Low,CS.PA,34.13999938964844
2024-10-01,Low,MT.AS,23.11807831442116
2024-10-01,Open,AC.PA,39.16999816894531
2024-10-01,Open,AI.PA,173.72000122070312
2024-10-01,Open,AIR.PA,131.63999938964844
2024-10-01,Open,BNP.PA,61.66999816894531
2024-10-01,Open,CS.PA,34.599998474121094
2024-10-01,Open,MT.AS,23.266524497542385
2024-10-01,Volume,AC.PA,1122141.0
2024-10-01,Volume,AI.PA,662130.0
2024-10-01,Volume,AIR.PA,1423798.0
2024-10-01,Volume,BNP.PA,3016067.0
2024-10-01,Volume,CS.PA,3337011.0
2024-10-01,Volume,MT.AS,2318681.0
2024-10-02,Close,AC.PA,38.11000061035156
2024-10-02,Close,AI.PA,171.0
2024-10-02,Close,AIR.PA,127.33999633789062
2024-10-02,Close,BNP.PA,60.959999084472656
2024-10-02,Close,CS.PA,34.439998626708984
2024-10-02,Close,MT.AS,23.296215057373047
2024-10-02,High,AC.PA,38.29999923706055
2024-10-02,High,AI.PA,171.5
2024-10-02,High,AIR.PA,129.25999450683594
2024-10-02,High,BNP.PA,61.56999969482422
2024-10-02,High,CS.PA,34.540000915527344
2024-10-02,High,MT.AS,23.523832669549968
2024-10-02,Low,AC.PA,37.630001068115234
2024-10-02,Low,AI.PA,169.6999969482422
2024-10-02,Low,AIR.PA,127.1999969482422
2024-10-02,Low,BNP.PA,60.630001068115234
2024-10-02,Low,CS.PA,34.22999954223633
2024-10-02,Low,MT.AS,22.959736027374262
2024-10-02,Open,AC.PA,38.18000030517578
2024-10-02,Open,AI.PA,171.1999969482422
2024-10-02,Open,AIR.PA,128.6999969482422
2024-10-02,Open,BNP.PA,61.0099983215332
2024-10-02,Open,CS.PA,34.400001525878906
2024-10-02,Open,MT.AS,23.414971251728105
2024-10-02,Volume,AC.PA,547275.0
2024-10-02,Volume,AI.PA,481833.0
2024-10-02,Volume,AIR.PA,1861096.0
2024-10-02,Volume,BNP.PA,1856508.0
2024-10-02,Volume,CS.PA,3180692.0
2024-10-02,Volume,MT.AS,2457065.0
2024-10-03,Close,AC.PA,38.2599983215332
2024-10-03,Close,AI.PA,167.33999633789062
2024-10-03,Close,AIR.PA,126.55999755859376
2024-10-03,Close,BNP.PA,60.09000015258789
2024-10-03,Close,CS.PA,33.91999816894531
2024-10-03,Close,MT.AS,22.96963119506836
2024-10-03,High,AC.PA,38.2599983215332
2024-10-03,High,AI.PA,170.83999633789062
2024-10-03,High,AIR.PA,127.77999877929688
2024-10-03,High,BNP.PA,60.75
2024-10-03,High,CS.PA,34.630001068115234
2024-10-03,High,MT.AS,23.147767377230185
2024-10-03,Low,AC.PA,37.720001220703125
2024-10-03,Low,AI.PA,166.6199951171875
2024-10-03,Low,AIR.PA,125.72000122070312
2024-10-03,Low,BNP.PA,59.66999816894531
2024-10-03,Low,CS.PA,33.7599983215332
2024-10-03,Low,MT.AS,22.712325473718728
2024-10-03,Open,AC.PA,38.02999877929688
2024-10-03,Open,AI.PA,170.83999633789062
2024-10-03,Open,AIR.PA,127.27999877929688
2024-10-03,Open,BNP.PA,60.68000030517578
2024-10-03,Open,CS.PA,34.38999938964844
2024-10-03,Open,MT.AS,23.08838927904148
2024-10-03,Volume,AC.PA,570267.0
2024-10-03,Volume,AI.PA,524547.0
2024-10-03,Volume,AIR.PA,1739994.0
2024-10-03,Volume,BNP.PA,2721746.0
2024-10-03,Volume,CS.PA,4116560.0
2024-10-03,Volume,MT.AS,2583680.0
2024-10-04,Close,AC.PA,39.560001373291016
2024-10-04,Close,AI.PA,167.60000610351562
2024-10-04,Close,AIR.PA,126.83999633789062
2024-10-04,Close,BNP.PA,60.86000061035156
2024-10-04,Close,CS.PA,34.369998931884766
2024-10-04,Close,MT.AS,23.10818290710449
2024-10-04,High,AC.PA,39.9900016784668
2024-10-04,High,AI.PA,168.82000732421875
2024-10-04,High,AIR.PA,127.54000091552734
2024-10-04,High,BNP.PA,61.380001068115234
2024-10-04,High,CS.PA,34.5099983215332
2024-10-04,High,MT.AS,23.296215756000517
2024-10-04,Low,AC.PA,38.18000030517578
2024-10-04,Low,AI.PA,166.66000366210938
2024-10-04,Low,AIR.PA,125.55999755859376
2024-10-04,Low,BNP.PA,60.04999923706055
2024-10-04,Low,CS.PA,33.779998779296875
2024-10-04,Low,MT.AS,22.930046722634128
2024-10-04,Open,AC.PA,38.2599983215332
2024-10-04,Open,AI.PA,167.1199951171875
2024-10-04,Open,AIR.PA,126.27999877929688
2024-10-04,Open,BNP.PA,60.119998931884766
2024-10-04,Open,CS.PA,33.79999923706055
2024-10-04,Open,MT.AS,22.939943387059785
2024-10-04,Volume,AC.PA,841473.0
2024-10-04,Volume,AI.PA,644315.0
2024-10-04,Volume,AIR.PA,1519047.0
2024-10-04,Volume,BNP.PA,3156894.0
2024-10-04,Volume,CS.PA,4479995.0
2024-10-04,Volume,MT.AS,1635550.0
2024-10-07,Close,AC.PA,39.36000061035156
2024-10-07,Close,AI.PA,167.63999938964844
2024-10-07,Close,AIR.PA,127.4000015258789
2024-10-07,Close,BNP.PA,61.810001373291016
2024-10-07,Close,CS.PA,34.459999084472656
2024-10-07,Close,MT.AS,22.97952651977539
2024-10-07,High,AC.PA,39.79999923706055
2024-10-07,High,AI.PA,168.3800048828125
2024-10-07,High,AIR.PA,128.0
2024-10-07,High,BNP.PA,61.810001373291016
2024-10-07,High,CS.PA,34.7400016784668
2024-10-07,High,MT.AS,23.15766269155278
2024-10-07,Low,AC.PA,39.130001068115234
2024-10-07,Low,AI.PA,165.8000030517578
2024-10-07,Low,AIR.PA,125.66000366210938
2024-10-07,Low,BNP.PA,60.77999877929688
2024-10-07,Low,CS.PA,34.2400016784668
2024-10-07,Low,MT.AS,22.71232414970491
2024-10-07,Open,AC.PA,39.650001525878906
2024-10-07,Open,AI.PA,167.67999267578125
2024-10-07,Open,AIR.PA,127.58000183105467
2024-10-07,Open,BNP.PA,61.5099983215332
2024-10-07,Open,CS.PA,34.619998931884766
2024-10-07,Open,MT.AS,23.15766269155278
2024-10-07,Volume,AC.PA,424677.0
2024-10-07,Volume,AI.PA,589935.0
2024-10-07,Volume,AIR.PA,859831.0
2024-10-07,Volume,BNP.PA,2118029.0
2024-10-07,Volume,CS.PA,3444464.0
2024-10-07,Volume,MT.AS,1503854.0
2024-10-08,Close,AC.PA,39.150001525878906
2024-10-08,Close,AI.PA,168.89999389648438
2024-10-08,Close,AIR.PA,126.33999633789062
2024-10-08,Close,BNP.PA,61.900001525878906
2024-10-08,Close,CS.PA,34.36000061035156
2024-10-08,Close,MT.AS,22.17791557312012
2024-10-08,High,AC.PA,39.40999984741211
2024-10-08,High,AI.PA,169.05999755859375
2024-10-08,High,AIR.PA,126.91999816894533
2024-10-08,High,BNP.PA,62.150001525878906
2024-10-08,High,CS.PA,34.45000076293945
2024-10-08,High,MT.AS,22.43522316635507
2024-10-08,Low,AC.PA,38.869998931884766
2024-10-08,Low,AI.PA,166.5
2024-10-08,Low,AIR.PA,124.72000122070312
2024-10-08,Low,BNP.PA,61.11000061035156
2024-10-08,Low,CS.PA,34.029998779296875
2024-10-08,Low,MT.AS,21.99977940183472
2024-10-08,Open,AC.PA,39.0
2024-10-08,Open,AI.PA,167.47999572753906
2024-10-08,Open,AIR.PA,126.37999725341795
2024-10-08,Open,BNP.PA,61.15999984741211
2024-10-08,Open,CS.PA,34.189998626708984
2024-10-08,Open,MT.AS,22.326361753326086
2024-10-08,Volume,AC.PA,466579.0
2024-10-08,Volume,AI.PA,604324.0
2024-10-08,Volume,AIR.PA,1118793.0
2024-10-08,Volume,BNP.PA,1697615.0
2024-10-08,Volume,CS.PA,3413714.0
2024-10-08,Volume,MT.AS,2747319.0
2024-10-09,Close,AC.PA,39.72999954223633
2024-10-09,Close,AI.PA,169.32000732421875
2024-10-09,Close,AIR.PA,127.44000244140624
2024-10-09,Close,BNP.PA,62.09999847412109
2024-10-09,Close,CS.PA,34.70000076293945
2024-10-09,Close,MT.AS,22.346155166625977
2024-10-09,High,AC.PA,39.79999923706055
2024-10-09,High,AI.PA,169.63999938964844
2024-10-09,High,AIR.PA,127.44000244140624
2024-10-09,High,BNP.PA,62.13999938964844
2024-10-09,High,CS.PA,34.709999084472656
2024-10-09,High,MT.AS,22.35605183035717
2024-10-09,Low,AC.PA,39.04999923706055
2024-10-09,Low,AI.PA,167.8000030517578
2024-10-09,Low,AIR.PA,125.16000366210938
2024-10-09,Low,BNP.PA,61.459999084472656
2024-10-09,Low,CS.PA,34.279998779296875
2024-10-09,Low,MT.AS,22.0393661413414
2024-10-09,Open,AC.PA,39.29999923706055
2024-10-09,Open,AI.PA,168.5800018310547
2024-10-09,Open,AIR.PA,126.44000244140624
2024-10-09,Open,BNP.PA,61.95000076293945
2024-10-09,Open,CS.PA,34.459999084472656
2024-10-09,Open,MT.AS,22.128434227326533
2024-10-09,Volume,AC.PA,424714.0
2024-10-09,Volume,AI.PA,332865.0
2024-10-09,Volume,AIR.PA,1308104.0
2024-10-09,Volume,BNP.PA,1933761.0
2024-10-09,Volume,CS.PA,2916533.0
2024-10-09,Volume,MT.AS,1387341.0
2024-10-10,Close,AC.PA,39.63999938964844
2024-10-10,Close,AI.PA,170.02000427246094
2024-10-10,Close,AIR.PA,127.9000015258789
2024-10-10,Close,BNP.PA,61.91999816894531
2024-10-10,Close,CS.PA,34.86000061035156
2024-10-10,Close,MT.AS,22.375844955444336
2024-10-10,High,AC.PA,39.720001220703125
2024-10-10,High,AI.PA,170.02000427246094
2024-10-10,High,AIR.PA,128.9199981689453
2024-10-10,High,BNP.PA,62.45000076293945
2024-10-10,High,CS.PA,35.02000045776367
2024-10-10,High,MT.AS,22.375844955444336
2024-10-10,Low,AC.PA,39.15999984741211
2024-10-10,Low,AI.PA,168.5800018310547
2024-10-10,Low,AIR.PA,125.9800033569336
2024-10-10,Low,BNP.PA,61.880001068115234
2024-10-10,Low,CS.PA,34.59000015258789
2024-10-10,Low,MT.AS,22.0492626056511
2024-10-10,Open,AC.PA,39.54999923706055
2024-10-10,Open,AI.PA,168.74000549316406
2024-10-10,Open,AIR.PA,126.05999755859376
2024-10-10,Open,BNP.PA,62.11000061035156
2024-10-10,Open,CS.PA,34.61000061035156
2024-10-10,Open,MT.AS,22.257086879339717
2024-10-10,Volume,AC.PA,384645.0
2024-10-10,Volume,AI.PA,412459.0
2024-10-10,Volume,AIR.PA,892814.0
2024-10-10,Volume,BNP.PA,1495515.0
2024-10-10,Volume,CS.PA,3139281.0
2024-10-10,Volume,MT.AS,1855483.0
2024-10-11,Close,AC.PA,40.459999084472656
2024-10-11,Close,AI.PA,170.77999877929688
2024-10-11,Close,AIR.PA,132.9199981689453
2024-10-11,Close,BNP.PA,62.15999984741211
2024-10-11,Close,CS.PA,35.09000015258789
2024-10-11,Close,MT.AS,22.44511985778809
2024-10-11,High,AC.PA,40.459999084472656
2024-10-11,High,AI.PA,170.9199981689453
2024-10-11,High,AIR.PA,133.4600067138672
2024-10-11,High,BNP.PA,62.5099983215332
2024-10-11,High,CS.PA,35.09000015258789
2024-10-11,High,MT.AS,22.573772710766768
2024-10-11,Low,AC.PA,39.83000183105469
2024-10-11,Low,AI.PA,169.13999938964844
2024-10-11,Low,AIR.PA,126.26000213623048
2024-10-11,Low,BNP.PA,61.75
2024-10-11,Low,CS.PA,34.77000045776367
2024-10-11,Low,MT.AS,22.09874417848235
2024-10-11,Open,AC.PA,39.90999984741211
2024-10-11,Open,AI.PA,169.8000030517578
2024-10-11,Open,AIR.PA,127.73999786376952
2024-10-11,Open,BNP.PA,61.86000061035156
2024-10-11,Open,CS.PA,34.849998474121094
2024-10-11,Open,MT.AS,22.09874417848235
2024-10-11,Volume,AC.PA,572877.0
2024-10-11,Volume,AI.PA,301215.0
2024-10-11,Volume,AIR.PA,2374608.0
2024-10-11,Volume,BNP.PA,1447840.0
2024-10-11,Volume,CS.PA,2709330.0
2024-10-11,Volume,MT.AS,1647939.0
2024-10-14,Close,AC.PA,40.630001068115234
2024-10-14,Close,AI.PA,172.10000610351562
2024-10-14,Close,AIR.PA,135.1199951171875
2024-10-14,Close,BNP.PA,62.91999816894531
2024-10-14,Close,CS.PA,35.38999938964844
2024-10-14,Close,MT.AS,22.28677749633789
2024-10-14,High,AC.PA,40.68000030517578
2024-10-14,High,AI.PA,172.1999969482422
2024-10-14,High,AIR.PA,135.32000732421875
2024-10-14,High,BNP.PA,62.91999816894531
2024-10-14,High,CS.PA,35.4900016784668
2024-10-14,High,MT.AS,22.553981759382825
2024-10-14,Low,AC.PA,40.13999938964844
2024-10-14,Low,AI.PA,170.83999633789062
2024-10-14,Low,AIR.PA,132.10000610351562
2024-10-14,Low,BNP.PA,62.119998931884766
2024-10-14,Low,CS.PA,35.02000045776367
2024-10-14,Low,MT.AS,22.168019416897152
2024-10-14,Open,AC.PA,40.310001373291016
2024-10-14,Open,AI.PA,171.16000366210938
2024-10-14,Open,AIR.PA,133.47999572753906
2024-10-14,Open,BNP.PA,62.33000183105469
2024-10-14,Open,CS.PA,35.09000015258789
2024-10-14,Open,MT.AS,22.514395103704032
2024-10-14,Volume,AC.PA,502961.0
2024-10-14,Volume,AI.PA,358553.0
2024-10-14,Volume,AIR.PA,1002500.0
2024-10-14,Volume,BNP.PA,1498110.0
2024-10-14,Volume,CS.PA,2783649.0
2024-10-14,Volume,MT.AS,1673699.0
2024-10-15,Close,AC.PA,40.93000030517578
2024-10-15,Close,AI.PA,171.82000732421875
2024-10-15,Close,AIR.PA,135.75999450683594
2024-10-15,Close,BNP.PA,63.709999084472656
2024-10-15,Close,CS.PA,35.81999969482422
2024-10-15,Close,MT.AS,21.831541061401367
2024-10-15,High,AC.PA,41.41999816894531
2024-10-15,High,AI.PA,173.4600067138672
2024-10-15,High,AIR.PA,137.13999938964844
2024-10-15,High,BNP.PA,63.810001373291016
2024-10-15,High,CS.PA,35.959999084472656
2024-10-15,High,MT.AS,22.336259611161417
2024-10-15,Low,AC.PA,40.7599983215332
2024-10-15,Low,AI.PA,171.82000732421875
2024-10-15,Low,AIR.PA,135.32000732421875
2024-10-15,Low,BNP.PA,62.63999938964844
2024-10-15,Low,CS.PA,35.470001220703125
2024-10-15,Low,MT.AS,21.60392344707694
2024-10-15,Open,AC.PA,40.83000183105469
2024-10-15,Open,AI.PA,172.5
2024-10-15,Open,AIR.PA,136.0
2024-10-15,Open,BNP.PA,63.04999923706055
2024-10-15,Open,CS.PA,35.5
2024-10-15,Open,MT.AS,22.296674841868157
2024-10-15,Volume,AC.PA,968749.0
2024-10-15,Volume,AI.PA,902999.0
2024-10-15,Volume,AIR.PA,1876035.0
2024-10-15,Volume,BNP.PA,2926156.0
2024-10-15,Volume,CS.PA,5390457.0
2024-10-15,Volume,MT.AS,2875060.0
2024-10-16,Close,AC.PA,41.72999954223633
2024-10-16,Close,AI.PA,171.8800048828125
2024-10-16,Close,AIR.PA,135.9600067138672
2024-10-16,Close,BNP.PA,64.4800033569336
2024-10-16,Close,CS.PA,35.7599983215332
2024-10-16,Close,MT.AS,21.831541061401367
2024-10-16,High,AC.PA,41.72999954223633
2024-10-16,High,AI.PA,172.94000244140625
2024-10-16,High,AIR.PA,136.8000030517578
2024-10-16,High,BNP.PA,64.4800033569336
2024-10-16,High,CS.PA,35.970001220703125
2024-10-16,High,MT.AS,21.940402480250302
2024-10-16,Low,AC.PA,40.650001525878906
2024-10-16,Low,AI.PA,171.1999969482422
2024-10-16,Low,AIR.PA,134.72000122070312
2024-10-16,Low,BNP.PA,63.220001220703125
2024-10-16,Low,CS.PA,35.54999923706055
2024-10-16,Low,MT.AS,21.56433867778368
2024-10-16,Open,AC.PA,40.68999862670898
2024-10-16,Open,AI.PA,172.39999389648438
2024-10-16,Open,AIR.PA,135.1999969482422
2024-10-16,Open,BNP.PA,63.470001220703125
2024-10-16,Open,CS.PA,35.970001220703125
2024-10-16,Open,MT.AS,21.72268153014812
2024-10-16,Volume,AC.PA,773214.0
2024-10-16,Volume,AI.PA,498518.0
2024-10-16,Volume,AIR.PA,1367862.0
2024-10-16,Volume,BNP.PA,2547930.0
2024-10-16,Volume,CS.PA,3148393.0
2024-10-16,Volume,MT.AS,1813580.0
2024-10-17,Close,AC.PA,41.9900016784668
2024-10-17,Close,AI.PA,172.6199951171875
2024-10-17,Close,AIR.PA,141.3000030517578
2024-10-17,Close,BNP.PA,65.61000061035156
2024-10-17,Close,CS.PA,35.970001220703125
2024-10-17,Close,MT.AS,21.881023406982425
2024-10-17,High,AC.PA,42.25
2024-10-17,High,AI.PA,174.10000610351562
2024-10-17,High,AIR.PA,142.4600067138672
2024-10-17,High,BNP.PA,65.94999694824219
2024-10-17,High,CS.PA,36.18000030517578
2024-10-17,High,MT.AS,21.930504838291878
2024-10-17,Low,AC.PA,41.5099983215332
2024-10-17,Low,AI.PA,172.44000244140625
2024-10-17,Low,AIR.PA,137.36000061035156
2024-10-17,Low,BNP.PA,64.4800033569336
2024-10-17,Low,CS.PA,35.720001220703125
2024-10-17,Low,MT.AS,21.594025820119885
2024-10-17,Open,AC.PA,41.84999847412109
2024-10-17,Open,AI.PA,172.52000427246094
2024-10-17,Open,AIR.PA,137.6199951171875
2024-10-17,Open,BNP.PA,64.52999877929688
2024-10-17,Open,CS.PA,35.849998474121094
2024-10-17,Open,MT.AS,21.73257533786284
2024-10-17,Volume,AC.PA,632198.0
2024-10-17,Volume,AI.PA,445457.0
2024-10-17,Volume,AIR.PA,1678933.0
2024-10-17,Volume,BNP.PA,3538311.0
2024-10-17,Volume,CS.PA,3411006.0
2024-10-17,Volume,MT.AS,1481909.0
2024-10-18,Close,AC.PA,41.97999954223633
2024-10-18,Close,AI.PA,173.67999267578125
2024-10-18,Close,AIR.PA,139.55999755859375
2024-10-18,Close,BNP.PA,66.2699966430664
2024-10-18,Close,CS.PA,36.08000183105469
2024-10-18,Close,MT.AS,22.247190475463867
2024-10-18,High,AC.PA,42.22999954223633
2024-10-18,High,AI.PA,173.67999267578125
2024-10-18,High,AIR.PA,141.24000549316406
2024-10-18,High,BNP.PA,66.72000122070312
2024-10-18,High,CS.PA,36.119998931884766
2024-10-18,High,MT.AS,22.455016639174712
2024-10-18,Low,AC.PA,41.650001525878906
2024-10-18,Low,AI.PA,171.5800018310547
2024-10-18,Low,AIR.PA,139.55999755859375
2024-10-18,Low,BNP.PA,65.27999877929688
2024-10-18,Low,CS.PA,35.779998779296875
2024-10-18,Low,MT.AS,21.881023354423984
2024-10-18,Open,AC.PA,41.7599983215332
2024-10-18,Open,AI.PA,171.94000244140625
2024-10-18,Open,AIR.PA,140.72000122070312
2024-10-18,Open,BNP.PA,65.31999969482422
2024-10-18,Open,CS.PA,35.779998779296875
2024-10-18,Open,MT.AS,21.881023354423984
2024-10-18,Volume,AC.PA,802384.0
2024-10-18,Volume,AI.PA,531268.0
2024-10-18,Volume,AIR.PA,1361131.0
2024-10-18,Volume,BNP.PA,3181758.0
2024-10-18,Volume,CS.PA,2771411.0
2024-10-18,Volume,MT.AS,2135428.0
2024-10-21,Close,AC.PA,41.56999969482422
2024-10-21,Close,AI.PA,171.8800048828125
2024-10-21,Close,AIR.PA,138.83999633789062
2024-10-21,Close,BNP.PA,65.80000305175781
2024-10-21,Close,CS.PA,35.720001220703125
2024-10-21,Close,MT.AS,21.90081596374512
2024-10-21,High,AC.PA,42.0099983215332
2024-10-21,High,AI.PA,173.0
2024-10-21,High,AIR.PA,139.94000244140625
2024-10-21,High,BNP.PA,66.30999755859375
2024-10-21,High,CS.PA,35.93000030517578
2024-10-21,High,MT.AS,22.346156418622044
2024-10-21,Low,AC.PA,41.56999969482422
2024-10-21,Low,AI.PA,171.55999755859375
2024-10-21,Low,AIR.PA,138.17999267578125
2024-10-21,Low,BNP.PA,65.08000183105469
2024-10-21,Low,CS.PA,35.65999984741211
2024-10-21,Low,MT.AS,21.85133452991244
2024-10-21,Open,AC.PA,41.880001068115234
2024-10-21,Open,AI.PA,172.5
2024-10-21,Open,AIR.PA,139.0
2024-10-21,Open,BNP.PA,65.97000122070312
2024-10-21,Open,CS.PA,35.7400016784668
2024-10-21,Open,MT.AS,22.17791690095695
2024-10-21,Volume,AC.PA,659272.0
2024-10-21,Volume,AI.PA,511776.0
2024-10-21,Volume,AIR.PA,901298.0
2024-10-21,Volume,BNP.PA,1753455.0
2024-10-21,Volume,CS.PA,2850686.0
2024-10-21,Volume,MT.AS,1528262.0
2024-10-22,Close,AC.PA,42.20000076293945
2024-10-22,Close,AI.PA,170.9199981689453
2024-10-22,Close,AIR.PA,141.24000549316406
2024-10-22,Close,BNP.PA,65.69999694824219
2024-10-22,Close,CS.PA,35.400001525878906
2024-10-22,Close,MT.AS,21.93050575256348
2024-10-22,High,AC.PA,42.220001220703125
2024-10-22,High,AI.PA,171.60000610351562
2024-10-22,High,AIR.PA,142.3000030517578
2024-10-22,High,BNP.PA,65.8499984741211
2024-10-22,High,CS.PA,35.7400016784668
2024-10-22,High,MT.AS,22.039367171097386
2024-10-22,Low,AC.PA,41.2599983215332
2024-10-22,Low,AI.PA,169.16000366210938
2024-10-22,Low,AIR.PA,137.55999755859375
2024-10-22,Low,BNP.PA,64.83999633789062
2024-10-22,Low,CS.PA,35.13999938964844
2024-10-22,Low,MT.AS,21.683094810510557
2024-10-22,Open,AC.PA,41.34999847412109
2024-10-22,Open,AI.PA,171.36000061035156
2024-10-22,Open,AIR.PA,138.1999969482422
2024-10-22,Open,BNP.PA,65.55999755859375
2024-10-22,Open,CS.PA,35.68000030517578
2024-10-22,Open,MT.AS,21.93050575256348
2024-10-22,Volume,AC.PA,616821.0
2024-10-22,Volume,AI.PA,469644.0
2024-10-22,Volume,AIR.PA,1597799.0
2024-10-22,Volume,BNP.PA,1314922.0
2024-10-22,Volume,CS.PA,3639177.0
2024-10-22,Volume,MT.AS,1467820.0
2024-10-23,Close,AC.PA,42.38999938964844
2024-10-23,Close,AI.PA,169.3000030517578
2024-10-23,Close,AIR.PA,141.17999267578125
2024-10-23,Close,BNP.PA,65.2300033569336
2024-10-23,Close,CS.PA,35.11000061035156
2024-10-23,Close,MT.AS,21.74247169494629
2024-10-23,High,AC.PA,42.720001220703125
2024-10-23,High,AI.PA,170.67999267578125
2024-10-23,High,AIR.PA,141.66000366210938
2024-10-23,High,BNP.PA,65.80000305175781
2024-10-23,High,CS.PA,35.45000076293945
2024-10-23,High,MT.AS,21.99977928683623
2024-10-23,Low,AC.PA,42.130001068115234
2024-10-23,Low,AI.PA,168.25999450683594
2024-10-23,Low,AIR.PA,140.0399932861328
2024-10-23,Low,BNP.PA,65.12000274658203
2024-10-23,Low,CS.PA,35.09000015258789
2024-10-23,Low,MT.AS,21.673196937051998
2024-10-23,Open,AC.PA,42.130001068115234
2024-10-23,Open,AI.PA,170.02000427246094
2024-10-23,Open,AIR.PA,140.3800048828125
2024-10-23,Open,BNP.PA,65.5199966430664
2024-10-23,Open,CS.PA,35.27000045776367
2024-10-23,Open,MT.AS,21.93050452894193
2024-10-23,Volume,AC.PA,693565.0
2024-10-23,Volume,AI.PA,501425.0
2024-10-23,Volume,AIR.PA,953149.0
2024-10-23,Volume,BNP.PA,1702979.0
2024-10-23,Volume,CS.PA,2618439.0
2024-10-23,Volume,MT.AS,1303193.0
2024-10-24,Close,AC.PA,42.66999816894531
2024-10-24,Close,AI.PA,167.89999389648438
2024-10-24,Close,AIR.PA,141.1199951171875
2024-10-24,Close,BNP.PA,65.33000183105469
2024-10-24,Close,CS.PA,35.279998779296875
2024-10-24,Close,MT.AS,21.732576370239254
2024-10-24,High,AC.PA,42.83000183105469
2024-10-24,High,AI.PA,170.5399932861328
2024-10-24,High,AIR.PA,142.05999755859375
2024-10-24,High,BNP.PA,65.93000030517578
2024-10-24,High,CS.PA,35.529998779296875
2024-10-24,High,MT.AS,22.266984914226637
2024-10-24,Low,AC.PA,42.20000076293945
2024-10-24,Low,AI.PA,167.89999389648438
2024-10-24,Low,AIR.PA,140.83999633789062
2024-10-24,Low,BNP.PA,65.2699966430664
2024-10-24,Low,CS.PA,35.15999984741211
2024-10-24,Low,MT.AS,21.732576370239254
2024-10-24,Open,AC.PA,42.2599983215332
2024-10-24,Open,AI.PA,169.67999267578125
2024-10-24,Open,AIR.PA,141.60000610351562
2024-10-24,Open,BNP.PA,65.31999969482422
2024-10-24,Open,CS.PA,35.2400016784668
2024-10-24,Open,MT.AS,21.78205969149496
2024-10-24,Volume,AC.PA,652918.0
2024-10-24,Volume,AI.PA,478306.0
2024-10-24,Volume,AIR.PA,871044.0
2024-10-24,Volume,BNP.PA,1747989.0
2024-10-24,Volume,CS.PA,3450218.0
2024-10-24,Volume,MT.AS,1576127.0
2024-10-25,Close,AC.PA,41.790000915527344
2024-10-25,Close,AI.PA,167.44000244140625
2024-10-25,Close,AIR.PA,140.47999572753906
2024-10-25,Close,BNP.PA,65.33000183105469
2024-10-25,Close,CS.PA,34.88999938964844
2024-10-25,Close,MT.AS,21.999780654907227
2024-10-25,High,AC.PA,42.58000183105469
2024-10-25,High,AI.PA,168.27999877929688
2024-10-25,High,AIR.PA,141.27999877929688
2024-10-25,High,BNP.PA,65.91000366210938
2024-10-25,High,CS.PA,35.220001220703125
2024-10-25,High,MT.AS,22.15812350782529
2024-10-25,Low,AC.PA,41.56999969482422
2024-10-25,Low,AI.PA,166.47999572753906
2024-10-25,Low,AIR.PA,139.9600067138672
2024-10-25,Low,BNP.PA,65.08000183105469
2024-10-25,Low,CS.PA,34.79999923706055
2024-10-25,Low,MT.AS,21.67319828481425
2024-10-25,Open,AC.PA,42.58000183105469
2024-10-25,Open,AI.PA,167.60000610351562
2024-10-25,Open,AIR.PA,140.44000244140625
2024-10-25,Open,BNP.PA,65.16000366210938
2024-10-25,Open,CS.PA,35.11000061035156
2024-10-25,Open,MT.AS,21.742473047016443
2024-10-25,Volume,AC.PA,831272.0
2024-10-25,Volume,AI.PA,589694.0
2024-10-25,Volume,AIR.PA,715481.0
2024-10-25,Volume,BNP.PA,1462627.0
2024-10-25,Volume,CS.PA,3509125.0
2024-10-25,Volume,MT.AS,1157436.0
2024-10-28,Close,AC.PA,42.27000045776367
2024-10-28,Close,AI.PA,170.16000366210938
2024-10-28,Close,AIR.PA,139.8800048828125
2024-10-28,Close,BNP.PA,66.0199966430664
2024-10-28,Close,CS.PA,35.33000183105469
2024-10-28,Close,MT.AS,22.74201393127441
2024-10-28,High,AC.PA,42.52999877929688
2024-10-28,High,AI.PA,170.67999267578125
2024-10-28,High,AIR.PA,141.6999969482422
2024-10-28,High,BNP.PA,66.12000274658203
2024-10-28,High,CS.PA,35.41999816894531
2024-10-28,High,MT.AS,22.74201393127441
2024-10-28,Low,AC.PA,41.91999816894531
2024-10-28,Low,AI.PA,168.27999877929688
2024-10-28,Low,AIR.PA,138.52000427246094
2024-10-28,Low,BNP.PA,65.29000091552734
2024-10-28,Low,CS.PA,34.849998474121094
2024-10-28,Low,MT.AS,22.23729536986337
2024-10-28,Open,AC.PA,42.20000076293945
2024-10-28,Open,AI.PA,169.0
2024-10-28,Open,AIR.PA,140.9199981689453
2024-10-28,Open,BNP.PA,65.7300033569336
2024-10-28,Open,CS.PA,35.13999938964844
2024-10-28,Open,MT.AS,22.247192034314068
2024-10-28,Volume,AC.PA,495341.0
2024-10-28,Volume,AI.PA,538483.0
2024-10-28,Volume,AIR.PA,974153.0
2024-10-28,Volume,BNP.PA,1879445.0
2024-10-28,Volume,CS.PA,3451584.0
2024-10-28,Volume,MT.AS,2501380.0
2024-10-29,Close,AC.PA,41.86000061035156
2024-10-29,Close,AI.PA,168.77999877929688
2024-10-29,Close,AIR.PA,140.33999633789062
2024-10-29,Close,BNP.PA,65.94000244140625
2024-10-29,Close,CS.PA,35.13999938964844
2024-10-29,Close,MT.AS,22.68263435363769
2024-10-29,High,AC.PA,42.52999877929688
2024-10-29,High,AI.PA,171.44000244140625
2024-10-29,High,AIR.PA,142.1199951171875
2024-10-29,High,BNP.PA,66.98999786376953
2024-10-29,High,CS.PA,35.72999954223633
2024-10-29,High,MT.AS,23.10818145930036
2024-10-29,Low,AC.PA,41.83000183105469
2024-10-29,Low,AI.PA,168.25999450683594
2024-10-29,Low,AIR.PA,138.97999572753906
2024-10-29,Low,BNP.PA,65.75
2024-10-29,Low,CS.PA,35.060001373291016
2024-10-29,Low,MT.AS,22.61335959459412
2024-10-29,Open,AC.PA,42.52999877929688
2024-10-29,Open,AI.PA,171.0
2024-10-29,Open,AIR.PA,141.33999633789062
2024-10-29,Open,BNP.PA,66.5999984741211
2024-10-29,Open,CS.PA,35.5
2024-10-29,Open,MT.AS,22.84097719933604
2024-10-29,Volume,AC.PA,626881.0
2024-10-29,Volume,AI.PA,564434.0
2024-10-29,Volume,AIR.PA,1120187.0
2024-10-29,Volume,BNP.PA,2294320.0
2024-10-29,Volume,CS.PA,3482117.0
2024-10-29,Volume,MT.AS,2037168.0
2024-10-30,Close,AC.PA,42.02000045776367
2024-10-30,Close,AI.PA,165.89999389648438
2024-10-30,Close,AIR.PA,139.74000549316406
2024-10-30,Close,BNP.PA,65.5
2024-10-30,Close,CS.PA,34.84000015258789
2024-10-30,Close,MT.AS,22.43522453308105
2024-10-30,High,AC.PA,42.02000045776367
2024-10-30,High,AI.PA,167.55999755859375
2024-10-30,High,AIR.PA,140.4199981689453
2024-10-30,High,BNP.PA,65.86000061035156
2024-10-30,High,CS.PA,35.099998474121094
2024-10-30,High,MT.AS,22.63315404381036
2024-10-30,Low,AC.PA,39.63999938964844
2024-10-30,Low,AI.PA,165.1199951171875
2024-10-30,Low,AIR.PA,137.4199981689453
2024-10-30,Low,BNP.PA,64.79000091552734
2024-10-30,Low,CS.PA,34.709999084472656
2024-10-30,Low,MT.AS,22.237295022351752
2024-10-30,Open,AC.PA,41.59000015258789
2024-10-30,Open,AI.PA,167.5399932861328
2024-10-30,Open,AIR.PA,140.0399932861328
2024-10-30,Open,BNP.PA,65.51000213623047
2024-10-30,Open,CS.PA,34.9900016784668
2024-10-30,Open,MT.AS,22.563877393738107
2024-10-30,Volume,AC.PA,738932.0
2024-10-30,Volume,AI.PA,764064.0
2024-10-30,Volume,AIR.PA,1013455.0
2024-10-30,Volume,BNP.PA,2065998.0
2024-10-30,Volume,CS.PA,3967925.0
2024-10-30,Volume,MT.AS,1826637.0
2024-10-31,Close,AC.PA,41.65999984741211
2024-10-31,Close,AI.PA,164.66000366210938
2024-10-31,Close,AIR.PA,140.16000366210938
2024-10-31,Close,BNP.PA,62.75
2024-10-31,Close,CS.PA,34.52000045776367
2024-10-31,Close,MT.AS,22.44511985778809
2024-10-31,High,AC.PA,42.20000076293945
2024-10-31,High,AI.PA,166.39999389648438
2024-10-31,High,AIR.PA,145.0
2024-10-31,High,BNP.PA,62.86000061035156
2024-10-31,High,CS.PA,34.52000045776367
2024-10-31,High,MT.AS,22.633152692999012
2024-10-31,Low,AC.PA,41.400001525878906
2024-10-31,Low,AI.PA,163.86000061035156
2024-10-31,Low,AIR.PA,140.16000366210938
2024-10-31,Low,BNP.PA,60.59999847412109
2024-10-31,Low,CS.PA,34.08000183105469
2024-10-31,Low,MT.AS,22.25708702257716
2024-10-31,Open,AC.PA,41.70000076293945
2024-10-31,Open,AI.PA,165.4600067138672
2024-10-31,Open,AIR.PA,145.0
2024-10-31,Open,BNP.PA,61.790000915527344
2024-10-31,Open,CS.PA,34.439998626708984
2024-10-31,Open,MT.AS,22.276880349987906
2024-10-31,Volume,AC.PA,892754.0
2024-10-31,Volume,AI.PA,1141268.0
2024-10-31,Volume,AIR.PA,1995324.0
2024-10-31,Volume,BNP.PA,7008244.0
2024-10-31,Volume,CS.PA,5962716.0
2024-10-31,Volume,MT.AS,1535369.0
2024-11-01,Close,AC.PA,41.84999847412109
2024-11-01,Close,AI.PA,166.3000030517578
2024-11-01,Close,AIR.PA,141.60000610351562
2024-11-01,Close,BNP.PA,63.040000915527344
2024-11-01,Close,CS.PA,34.279998779296875
2024-11-01,Close,MT.AS,22.44511985778809
2024-11-01,High,AC.PA,41.91999816894531
2024-11-01,High,AI.PA,166.75999450683594
2024-11-01,High,AIR.PA,143.0399932861328
2024-11-01,High,BNP.PA,63.41999816894531
2024-11-01,High,CS.PA,34.5
2024-11-01,High,MT.AS,22.59356603817752
2024-11-01,Low,AC.PA,41.27999877929688
2024-11-01,Low,AI.PA,164.27999877929688
2024-11-01,Low,AIR.PA,139.1199951171875
2024-11-01,Low,BNP.PA,62.34999847412109
2024-11-01,Low,CS.PA,34.15999984741211
2024-11-01,Low,MT.AS,22.326361780919186
2024-11-01,Open,AC.PA,41.52000045776367
2024-11-01,Open,AI.PA,164.8800048828125
2024-11-01,Open,AIR.PA,139.36000061035156
2024-11-01,Open,BNP.PA,62.56999969482422
2024-11-01,Open,CS.PA,34.310001373291016
2024-11-01,Open,MT.AS,22.50449795242474
2024-11-01,Volume,AC.PA,344894.0
2024-11-01,Volume,AI.PA,428581.0
2024-11-01,Volume,AIR.PA,1058909.0
2024-11-01,Volume,BNP.PA,3008056.0
2024-11-01,Volume,CS.PA,2837358.0
2024-11-01,Volume,MT.AS,1439270.0
2024-11-04,Close,AC.PA,41.380001068115234
2024-11-04,Close,AI.PA,165.10000610351562
2024-11-04,Close,AIR.PA,140.27999877929688
2024-11-04,Close,BNP.PA,62.869998931884766
2024-11-04,Close,CS.PA,34.06999969482422
2024-11-04,Close,MT.AS,22.504499435424805
2024-11-04,High,AC.PA,41.93000030517578
2024-11-04,High,AI.PA,166.63999938964844
2024-11-04,High,AIR.PA,141.63999938964844
2024-11-04,High,BNP.PA,63.43999862670898
2024-11-04,High,CS.PA,34.290000915527344
2024-11-04,High,MT.AS,22.69253228302671
2024-11-04,Low,AC.PA,41.22999954223633
2024-11-04,Low,AI.PA,165.10000610351562
2024-11-04,Low,AIR.PA,139.8800048828125
2024-11-04,Low,BNP.PA,62.66999816894531
2024-11-04,Low,CS.PA,34.029998779296875
2024-11-04,Low,MT.AS,22.39563801508753
2024-11-04,Open,AC.PA,41.72999954223633
2024-11-04,Open,AI.PA,165.82000732421875
2024-11-04,Open,AIR.PA,140.9199981689453
2024-11-04,Open,BNP.PA,62.9900016784668
2024-11-04,Open,CS.PA,34.2400016784668
2024-11-04,Open,MT.AS,22.47480944235217
2024-11-04,Volume,AC.PA,420869.0
2024-11-04,Volume,AI.PA,352863.0
2024-11-04,Volume,AIR.PA,752966.0
2024-11-04,Volume,BNP.PA,1950835.0
2024-11-04,Volume,CS.PA,2260215.0
2024-11-04,Volume,MT.AS,1324652.0
2024-11-05,Close,AC.PA,41.810001373291016
2024-11-05,Close,AI.PA,166.32000732421875
2024-11-05,Close,AIR.PA,141.82000732421875
2024-11-05,Close,BNP.PA,62.7400016784668
2024-11-05,Close,CS.PA,34.38999938964844
2024-11-05,Close,MT.AS,22.79149627685547
2024-11-05,High,AC.PA,41.880001068115234
2024-11-05,High,AI.PA,166.39999389648438
2024-11-05,High,AIR.PA,142.3000030517578
2024-11-05,High,BNP.PA,62.959999084472656
2024-11-05,High,CS.PA,34.52000045776367
2024-11-05,High,MT.AS,22.840977709392806
2024-11-05,Low,AC.PA,41.18999862670898
2024-11-05,Low,AI.PA,164.66000366210938
2024-11-05,Low,AIR.PA,139.89999389648438
2024-11-05,Low,BNP.PA,62.02000045776367
2024-11-05,Low,CS.PA,34.02000045776367
2024-11-05,Low,MT.AS,22.514395346897675
2024-11-05,Open,AC.PA,41.40999984741211
2024-11-05,Open,AI.PA,165.47999572753906
2024-11-05,Open,AIR.PA,140.52000427246094
2024-11-05,Open,BNP.PA,62.790000915527344
2024-11-05,Open,CS.PA,34.099998474121094
2024-11-05,Open,MT.AS,22.633153427621203
2024-11-05,Volume,AC.PA,429492.0
2024-11-05,Volume,AI.PA,483228.0
2024-11-05,Volume,AIR.PA,817551.0
2024-11-05,Volume,BNP.PA,2153744.0
2024-11-05,Volume,CS.PA,2478376.0
2024-11-05,Volume,MT.AS,1276666.0
2024-11-06,Close,AC.PA,42.130001068115234
2024-11-06,Close,AI.PA,162.9199981689453
2024-11-06,Close,AIR.PA,142.36000061035156
2024-11-06,Close,BNP.PA,61.06999969482422
2024-11-06,Close,CS.PA,34.459999084472656
2024-11-06,Close,MT.AS,22.890459060668945
2024-11-06,High,AC.PA,42.790000915527344
2024-11-06,High,AI.PA,168.6999969482422
2024-11-06,High,AIR.PA,145.83999633789062
2024-11-06,High,BNP.PA,63.97999954223633
2024-11-06,High,CS.PA,35.380001068115234
2024-11-06,High,MT.AS,23.55352044733193
2024-11-06,Low,AC.PA,41.95000076293945
2024-11-06,Low,AI.PA,162.33999633789062
2024-11-06,Low,AIR.PA,141.16000366210938
2024-11-06,Low,BNP.PA,60.470001220703125
2024-11-06,Low,CS.PA,34.27000045776367
2024-11-06,Low,MT.AS,22.68263477963512
2024-11-06,Open,AC.PA,42.130001068115234
2024-11-06,Open,AI.PA,166.02000427246094
2024-11-06,Open,AIR.PA,142.75999450683594
2024-11-06,Open,BNP.PA,63.560001373291016
2024-11-06,Open,CS.PA,34.599998474121094
2024-11-06,Open,MT.AS,23.00921714097088
2024-11-06,Volume,AC.PA,600277.0
2024-11-06,Volume,AI.PA,904973.0
2024-11-06,Volume,AIR.PA,1363721.0
2024-11-06,Volume,BNP.PA,5045283.0
2024-11-06,Volume,CS.PA,4199106.0
2024-11-06,Volume,MT.AS,3713383.0
2024-11-07,Close,AC.PA,43.18000030517578
2024-11-07,Close,AI.PA,163.1199951171875
2024-11-07,Close,AIR.PA,144.39999389648438
2024-11-07,Close,BNP.PA,59.04999923706055
2024-11-07,Close,CS.PA,34.130001068115234
2024-11-07,Close,MT.AS,24.37492561340332
2024-11-07,High,AC.PA,43.52000045776367
2024-11-07,High,AI.PA,163.9600067138672
2024-11-07,High,AIR.PA,145.25999450683594
2024-11-07,High,BNP.PA,61.33000183105469
2024-11-07,High,CS.PA,34.720001220703125
2024-11-07,High,MT.AS,24.612441783076548
2024-11-07,Low,AC.PA,41.9900016784668
2024-11-07,Low,AI.PA,162.0399932861328
2024-11-07,Low,AIR.PA,141.36000061035156
2024-11-07,Low,BNP.PA,59.04999923706055
2024-11-07,Low,CS.PA,33.86000061035156
2024-11-07,Low,MT.AS,23.2566289660056
2024-11-07,Open,AC.PA,42.16999816894531
2024-11-07,Open,AI.PA,163.33999633789062
2024-11-07,Open,AIR.PA,142.72000122070312
2024-11-07,Open,BNP.PA,60.959999084472656
2024-11-07,Open,CS.PA,34.65999984741211
2024-11-07,Open,MT.AS,23.2566289660056
2024-11-07,Volume,AC.PA,698430.0
2024-11-07,Volume,AI.PA,813490.0
2024-11-07,Volume,AIR.PA,1091627.0
2024-11-07,Volume,BNP.PA,5322315.0
2024-11-07,Volume,CS.PA,4163091.0
2024-11-07,Volume,MT.AS,5724586.0
2024-11-08,Close,AC.PA,44.0099983215332
2024-11-08,Close,AI.PA,161.5
2024-11-08,Close,AIR.PA,142.3000030517578
2024-11-08,Close,BNP.PA,59.7599983215332
2024-11-08,Close,CS.PA,33.86000061035156
2024-11-08,Close,MT.AS,23.88999938964844
2024-11-08,High,AC.PA,44.09999847412109
2024-11-08,High,AI.PA,163.82000732421875
2024-11-08,High,AIR.PA,144.89999389648438
2024-11-08,High,BNP.PA,59.77999877929688
2024-11-08,High,CS.PA,34.33000183105469
2024-11-08,High,MT.AS,24.0879288935987
2024-11-08,Low,AC.PA,43.25
2024-11-08,Low,AI.PA,161.5
2024-11-08,Low,AIR.PA,141.25999450683594
2024-11-08,Low,BNP.PA,58.83000183105469
2024-11-08,Low,CS.PA,33.77000045776367
2024-11-08,Low,MT.AS,23.49414226934356
2024-11-08,Open,AC.PA,43.52999877929688
2024-11-08,Open,AI.PA,163.77999877929688
2024-11-08,Open,AIR.PA,144.55999755859375
2024-11-08,Open,BNP.PA,59.2599983215332
2024-11-08,Open,CS.PA,34.11000061035156
2024-11-08,Open,MT.AS,23.850414621415773
2024-11-08,Volume,AC.PA,640605.0
2024-11-08,Volume,AI.PA,712553.0
2024-11-08,Volume,AIR.PA,1541520.0
2024-11-08,Volume,BNP.PA,4731196.0
2024-11-08,Volume,CS.PA,2828675.0
2024-11-08,Volume,MT.AS,3172066.0
2024-11-11,Close,AC.PA,44.02999877929688
2024-11-11,Close,AI.PA,163.6999969482422
2024-11-11,Close,AIR.PA,145.47999572753906
2024-11-11,Close,BNP.PA,60.93999862670898
2024-11-11,Close,CS.PA,34.20000076293945
2024-11-11,Close,MT.AS,23.76000022888184
2024-11-11,High,AC.PA,44.630001068115234
2024-11-11,High,AI.PA,164.33999633789062
2024-11-11,High,AIR.PA,145.66000366210938
2024-11-11,High,BNP.PA,60.93999862670898
2024-11-11,High,CS.PA,34.31999969482422
2024-11-11,High,MT.AS,24.18000030517578
2024-11-11,Low,AC.PA,44.02999877929688
2024-11-11,Low,AI.PA,162.44000244140625
2024-11-11,Low,AIR.PA,143.4600067138672
2024-11-11,Low,BNP.PA,59.93999862670898
2024-11-11,Low,CS.PA,34.08000183105469
2024-11-11,Low,MT.AS,23.63999938964844
2024-11-11,Open,AC.PA,44.31999969482422
2024-11-11,Open,AI.PA,162.47999572753906
2024-11-11,Open,AIR.PA,143.67999267578125
2024-11-11,Open,BNP.PA,60.0099983215332
2024-11-11,Open,CS.PA,34.08000183105469
2024-11-11,Open,MT.AS,24.100000381469727
2024-11-11,Volume,AC.PA,544390.0
2024-11-11,Volume,AI.PA,615456.0
2024-11-11,Volume,AIR.PA,1013673.0
2024-11-11,Volume,BNP.PA,3062744.0
2024-11-11,Volume,CS.PA,2860191.0
2024-11-11,Volume,MT.AS,1893699.0
2024-11-12,Close,AC.PA,43.11000061035156
2024-11-12,Close,AI.PA,159.5800018310547
2024-11-12,Close,AIR.PA,140.1199951171875
2024-11-12,Close,BNP.PA,59.380001068115234
2024-11-12,Close,CS.PA,33.20000076293945
2024-11-12,Close,MT.AS,22.65999984741211
2024-11-12,High,AC.PA,43.72999954223633
2024-11-12,High,AI.PA,163.24000549316406
2024-11-12,High,AIR.PA,145.27999877929688
2024-11-12,High,BNP.PA,60.380001068115234
2024-11-12,High,CS.PA,33.90999984741211
2024-11-12,High,MT.AS,23.600000381469727
2024-11-12,Low,AC.PA,43.0099983215332
2024-11-12,Low,AI.PA,159.5800018310547
2024-11-12,Low,AIR.PA,140.1199951171875
2024-11-12,Low,BNP.PA,59.06999969482422
2024-11-12,Low,CS.PA,33.15999984741211
2024-11-12,Low,MT.AS,22.56999969482422
2024-11-12,Open,AC.PA,43.560001373291016
2024-11-12,Open,AI.PA,162.3800048828125
2024-11-12,Open,AIR.PA,143.94000244140625
2024-11-12,Open,BNP.PA,60.16999816894531
2024-11-12,Open,CS.PA,33.849998474121094
2024-11-12,Open,MT.AS,23.520000457763672
2024-11-12,Volume,AC.PA,476433.0
2024-11-12,Volume,AI.PA,957769.0
2024-11-12,Volume,AIR.PA,1451643.0
2024-11-12,Volume,BNP.PA,3871602.0
2024-11-12,Volume,CS.PA,4554097.0
2024-11-12,Volume,MT.AS,3538341.0
2024-11-13,Close,AC.PA,43.2599983215332
2024-11-13,Close,AI.PA,160.97999572753906
2024-11-13,Close,AIR.PA,138.4600067138672
2024-11-13,Close,BNP.PA,59.119998931884766
2024-11-13,Close,CS.PA,33.29999923706055
2024-11-13,Close,MT.AS,22.6200008392334
2024-11-13,High,AC.PA,43.33000183105469
2024-11-13,High,AI.PA,163.39999389648438
2024-11-13,High,AIR.PA,140.25999450683594
2024-11-13,High,BNP.PA,59.84000015258789
2024-11-13,High,CS.PA,33.470001220703125
2024-11-13,High,MT.AS,23.040000915527344
2024-11-13,Low,AC.PA,42.83000183105469
2024-11-13,Low,AI.PA,159.74000549316406
2024-11-13,Low,AIR.PA,137.60000610351562
2024-11-13,Low,BNP.PA,58.4900016784668
2024-11-13,Low,CS.PA,32.869998931884766
2024-11-13,Low,MT.AS,22.459999084472656
2024-11-13,Open,AC.PA,43.119998931884766
2024-11-13,Open,AI.PA,161.63999938964844
2024-11-13,Open,AIR.PA,139.10000610351562
2024-11-13,Open,BNP.PA,59.150001525878906
2024-11-13,Open,CS.PA,33.16999816894531
2024-11-13,Open,MT.AS,22.84000015258789
2024-11-13,Volume,AC.PA,503706.0
2024-11-13,Volume,AI.PA,752386.0
2024-11-13,Volume,AIR.PA,1381466.0
2024-11-13,Volume,BNP.PA,2782805.0
2024-11-13,Volume,CS.PA,3538137.0
2024-11-13,Volume,MT.AS,1890530.0
2024-11-14,Close,AC.PA,43.40999984741211
2024-11-14,Close,AI.PA,162.44000244140625
2024-11-14,Close,AIR.PA,138.9199981689453
2024-11-14,Close,BNP.PA,59.470001220703125
2024-11-14,Close,CS.PA,33.63999938964844
2024-11-14,Close,MT.AS,23.51000022888184
2024-11-14,High,AC.PA,43.810001373291016
2024-11-14,High,AI.PA,162.66000366210938
2024-11-14,High,AIR.PA,140.1999969482422
2024-11-14,High,BNP.PA,59.91999816894531
2024-11-14,High,CS.PA,33.70000076293945
2024-11-14,High,MT.AS,23.790000915527344
2024-11-14,Low,AC.PA,42.90999984741211
2024-11-14,Low,AI.PA,160.0800018310547
2024-11-14,Low,AIR.PA,138.22000122070312
2024-11-14,Low,BNP.PA,59.130001068115234
2024-11-14,Low,CS.PA,33.189998626708984
2024-11-14,Low,MT.AS,22.65999984741211
2024-11-14,Open,AC.PA,43.369998931884766
2024-11-14,Open,AI.PA,161.33999633789062
2024-11-14,Open,AIR.PA,139.0800018310547
2024-11-14,Open,BNP.PA,59.380001068115234
2024-11-14,Open,CS.PA,33.380001068115234
2024-11-14,Open,MT.AS,23.020000457763672
2024-11-14,Volume,AC.PA,453673.0
2024-11-14,Volume,AI.PA,833918.0
2024-11-14,Volume,AIR.PA,1072031.0
2024-11-14,Volume,BNP.PA,2110841.0
2024-11-14,Volume,CS.PA,5238719.0
2024-11-14,Volume,MT.AS,3051788.0
2024-11-15,Close,AC.PA,43.790000915527344
2024-11-15,Close,AI.PA,160.8000030517578
2024-11-15,Close,AIR.PA,138.0399932861328
2024-11-15,Close,BNP.PA,60.11000061035156
2024-11-15,Close,CS.PA,33.880001068115234
2024-11-15,Close,MT.AS,23.989999771118164
2024-11-15,High,AC.PA,44.11000061035156
2024-11-15,High,AI.PA,162.0800018310547
2024-11-15,High,AIR.PA,138.97999572753906
2024-11-15,High,BNP.PA,60.400001525878906
2024-11-15,High,CS.PA,34.02000045776367
2024-11-15,High,MT.AS,24.18000030517578
2024-11-15,Low,AC.PA,43.18999862670898
2024-11-15,Low,AI.PA,160.1999969482422
2024-11-15,Low,AIR.PA,136.74000549316406
2024-11-15,Low,BNP.PA,59.16999816894531
2024-11-15,Low,CS.PA,33.369998931884766
2024-11-15,Low,MT.AS,23.270000457763672
2024-11-15,Open,AC.PA,43.20000076293945
2024-11-15,Open,AI.PA,161.05999755859375
2024-11-15,Open,AIR.PA,137.89999389648438
2024-11-15,Open,BNP.PA,59.22999954223633
2024-11-15,Open,CS.PA,33.459999084472656
2024-11-15,Open,MT.AS,23.280000686645508
2024-11-15,Volume,AC.PA,479311.0
2024-11-15,Volume,AI.PA,675890.0
2024-11-15,Volume,AIR.PA,1155402.0
2024-11-15,Volume,BNP.PA,2304077.0
2024-11-15,Volume,CS.PA,3018970.0
2024-11-15,Volume,MT.AS,3017002.0
2024-11-18,Close,AC.PA,44.060001373291016
2024-11-18,Close,AI.PA,160.24000549316406
2024-11-18,Close,AIR.PA,138.5399932861328
2024-11-18,Close,BNP.PA,60.41999816894531
2024-11-18,Close,CS.PA,34.25
2024-11-18,Close,MT.AS,24.11000061035156
2024-11-18,High,AC.PA,44.130001068115234
2024-11-18,High,AI.PA,161.10000610351562
2024-11-18,High,AIR.PA,138.67999267578125
2024-11-18,High,BNP.PA,60.59000015258789
2024-11-18,High,CS.PA,34.25
2024-11-18,High,MT.AS,24.21999931335449
2024-11-18,Low,AC.PA,43.52000045776367
2024-11-18,Low,AI.PA,159.02000427246094
2024-11-18,Low,AIR.PA,136.8000030517578
2024-11-18,Low,BNP.PA,60.02999877929688
2024-11-18,Low,CS.PA,33.939998626708984
2024-11-18,Low,MT.AS,23.86000061035156
2024-11-18,Open,AC.PA,43.59999847412109
2024-11-18,Open,AI.PA,160.5
2024-11-18,Open,AIR.PA,137.1199951171875
2024-11-18,Open,BNP.PA,60.2599983215332
2024-11-18,Open,CS.PA,34.0099983215332
2024-11-18,Open,MT.AS,24.200000762939453
2024-11-18,Volume,AC.PA,464034.0
2024-11-18,Volume,AI.PA,542447.0
2024-11-18,Volume,AIR.PA,795303.0
2024-11-18,Volume,BNP.PA,1536817.0
2024-11-18,Volume,CS.PA,2810133.0
2024-11-18,Volume,MT.AS,1820285.0
2024-11-19,Close,AC.PA,43.09000015258789
2024-11-19,Close,AI.PA,159.24000549316406
2024-11-19,Close,AIR.PA,137.25999450683594
2024-11-19,Close,BNP.PA,59.310001373291016
2024-11-19,Close,CS.PA,34.040000915527344
2024-11-19,Close,MT.AS,24.01000022888184
2024-11-19,High,AC.PA,44.13999938964844
2024-11-19,High,AI.PA,160.82000732421875
2024-11-19,High,AIR.PA,138.36000061035156
2024-11-19,High,BNP.PA,60.810001373291016
2024-11-19,High,CS.PA,34.34000015258789
2024-11-19,High,MT.AS,24.229999542236328
2024-11-19,Low,AC.PA,42.4900016784668
2024-11-19,Low,AI.PA,157.25999450683594
2024-11-19,Low,AIR.PA,135.10000610351562
2024-11-19,Low,BNP.PA,58.41999816894531
2024-11-19,Low,CS.PA,33.5099983215332
2024-11-19,Low,MT.AS,23.440000534057617
2024-11-19,Open,AC.PA,43.9900016784668
2024-11-19,Open,AI.PA,160.0
2024-11-19,Open,AIR.PA,138.32000732421875
2024-11-19,Open,BNP.PA,60.27999877929688
2024-11-19,Open,CS.PA,34.2400016784668
2024-11-19,Open,MT.AS,24.1200008392334
2024-11-19,Volume,AC.PA,592912.0
2024-11-19,Volume,AI.PA,730766.0
2024-11-19,Volume,AIR.PA,954743.0
2024-11-19,Volume,BNP.PA,3298668.0
2024-11-19,Volume,CS.PA,3123420.0
2024-11-19,Volume,MT.AS,2008233.0
2024-11-20,Close,AC.PA,42.84999847412109
2024-11-20,Close,AI.PA,158.05999755859375
2024-11-20,Close,AIR.PA,137.83999633789062
2024-11-20,Close,BNP.PA,58.4900016784668
2024-11-20,Close,CS.PA,34.029998779296875
2024-11-20,Close,MT.AS,23.82999992370605
2024-11-20,High,AC.PA,43.36000061035156
2024-11-20,High,AI.PA,159.97999572753906
2024-11-20,High,AIR.PA,139.72000122070312
2024-11-20,High,BNP.PA,59.61000061035156
2024-11-20,High,CS.PA,34.310001373291016
2024-11-20,High,MT.AS,24.209999084472656
2024-11-20,Low,AC.PA,42.75
2024-11-20,Low,AI.PA,157.75999450683594
2024-11-20,Low,AIR.PA,137.36000061035156
2024-11-20,Low,BNP.PA,58.22999954223633
2024-11-20,Low,CS.PA,33.86000061035156
2024-11-20,Low,MT.AS,23.75
2024-11-20,Open,AC.PA,43.29999923706055
2024-11-20,Open,AI.PA,159.83999633789062
2024-11-20,Open,AIR.PA,138.3800048828125
2024-11-20,Open,BNP.PA,59.52999877929688
2024-11-20,Open,CS.PA,34.220001220703125
2024-11-20,Open,MT.AS,24.1299991607666
2024-11-20,Volume,AC.PA,575435.0
2024-11-20,Volume,AI.PA,711877.0
2024-11-20,Volume,AIR.PA,919355.0
2024-11-20,Volume,BNP.PA,3040698.0
2024-11-20,Volume,CS.PA,3934451.0
2024-11-20,Volume,MT.AS,1276726.0
2024-11-21,Close,AC.PA,42.86000061035156
2024-11-21,Close,AI.PA,159.25999450683594
2024-11-21,Close,AIR.PA,139.5
2024-11-21,Close,BNP.PA,58.220001220703125
2024-11-21,Close,CS.PA,34.20000076293945
2024-11-21,Close,MT.AS,23.90999984741211
2024-11-21,High,AC.PA,42.97999954223633
2024-11-21,High,AI.PA,159.36000061035156
2024-11-21,High,AIR.PA,140.0399932861328
2024-11-21,High,BNP.PA,58.619998931884766
2024-11-21,High,CS.PA,34.33000183105469
2024-11-21,High,MT.AS,23.989999771118164
2024-11-21,Low,AC.PA,41.9900016784668
2024-11-21,Low,AI.PA,157.0800018310547
2024-11-21,Low,AIR.PA,136.55999755859375
2024-11-21,Low,BNP.PA,57.869998931884766
2024-11-21,Low,CS.PA,33.970001220703125
2024-11-21,Low,MT.AS,23.57999992370605
2024-11-21,Open,AC.PA,42.79999923706055
2024-11-21,Open,AI.PA,158.4199981689453
2024-11-21,Open,AIR.PA,137.55999755859375
2024-11-21,Open,BNP.PA,58.33000183105469
2024-11-21,Open,CS.PA,34.18000030517578
2024-11-21,Open,MT.AS,23.790000915527344
2024-11-21,Volume,AC.PA,712951.0
2024-11-21,Volume,AI.PA,662234.0
2024-11-21,Volume,AIR.PA,1050455.0
2024-11-21,Volume,BNP.PA,3475100.0
2024-11-21,Volume,CS.PA,3597506.0
2024-11-21,Volume,MT.AS,1590339.0
2024-11-22,Close,AC.PA,42.47999954223633
2024-11-22,Close,AI.PA,160.24000549316406
2024-11-22,Close,AIR.PA,137.94000244140625
2024-11-22,Close,BNP.PA,56.91999816894531
2024-11-22,Close,CS.PA,34.08000183105469
2024-11-22,Close,MT.AS,23.989999771118164
2024-11-22,High,AC.PA,43.150001525878906
2024-11-22,High,AI.PA,160.5
2024-11-22,High,AIR.PA,140.02000427246094
2024-11-22,High,BNP.PA,58.7599983215332
2024-11-22,High,CS.PA,34.40999984741211
2024-11-22,High,MT.AS,24.15999984741211
2024-11-22,Low,AC.PA,42.34000015258789
2024-11-22,Low,AI.PA,158.05999755859375
2024-11-22,Low,AIR.PA,137.36000061035156
2024-11-22,Low,BNP.PA,56.130001068115234
2024-11-22,Low,CS.PA,33.54999923706055
2024-11-22,Low,MT.AS,23.540000915527344
2024-11-22,Open,AC.PA,42.900001525878906
2024-11-22,Open,AI.PA,159.5
2024-11-22,Open,AIR.PA,139.89999389648438
2024-11-22,Open,BNP.PA,58.59999847412109
2024-11-22,Open,CS.PA,34.38999938964844
2024-11-22,Open,MT.AS,24.100000381469727
2024-11-22,Volume,AC.PA,464995.0
2024-11-22,Volume,AI.PA,657431.0
2024-11-22,Volume,AIR.PA,855963.0
2024-11-22,Volume,BNP.PA,5607002.0
2024-11-22,Volume,CS.PA,3238041.0
2024-11-22,Volume,MT.AS,1720391.0
2024-11-25,Close,AC.PA,43.54999923706055
2024-11-25,Close,AI.PA,158.9600067138672
2024-11-25,Close,AIR.PA,138.32000732421875
2024-11-25,Close,BNP.PA,56.97999954223633
2024-11-25,Close,CS.PA,34.06999969482422
2024-11-25,Close,MT.AS,23.88999938964844
2024-11-25,High,AC.PA,43.75
2024-11-25,High,AI.PA,161.6199951171875
2024-11-25,High,AIR.PA,140.44000244140625
2024-11-25,High,BNP.PA,57.380001068115234
2024-11-25,High,CS.PA,34.2599983215332
2024-11-25,High,MT.AS,24.200000762939453
2024-11-25,Low,AC.PA,42.33000183105469
2024-11-25,Low,AI.PA,158.6999969482422
2024-11-25,Low,AIR.PA,138.24000549316406
2024-11-25,Low,BNP.PA,56.36000061035156
2024-11-25,Low,CS.PA,33.61000061035156
2024-11-25,Low,MT.AS,23.6200008392334
2024-11-25,Open,AC.PA,42.810001373291016
2024-11-25,Open,AI.PA,160.97999572753906
2024-11-25,Open,AIR.PA,139.47999572753906
2024-11-25,Open,BNP.PA,57.310001373291016
2024-11-25,Open,CS.PA,34.220001220703125
2024-11-25,Open,MT.AS,24.13999938964844
2024-11-25,Volume,AC.PA,948436.0
2024-11-25,Volume,AI.PA,966965.0
2024-11-25,Volume,AIR.PA,1574297.0
2024-11-25,Volume,BNP.PA,4787044.0
2024-11-25,Volume,CS.PA,7788863.0
2024-11-25,Volume,MT.AS,3173430.0
2024-11-26,Close,AC.PA,42.9900016784668
2024-11-26,Close,AI.PA,156.97999572753906
2024-11-26,Close,AIR.PA,136.6999969482422
2024-11-26,Close,BNP.PA,56.29999923706055
2024-11-26,Close,CS.PA,33.65999984741211
2024-11-26,Close,MT.AS,22.989999771118164
2024-11-26,High,AC.PA,43.29999923706055
2024-11-26,High,AI.PA,158.63999938964844
2024-11-26,High,AIR.PA,137.63999938964844
2024-11-26,High,BNP.PA,56.86000061035156
2024-11-26,High,CS.PA,34.08000183105469
2024-11-26,High,MT.AS,23.239999771118164
2024-11-26,Low,AC.PA,42.83000183105469
2024-11-26,Low,AI.PA,156.67999267578125
2024-11-26,Low,AIR.PA,136.13999938964844
2024-11-26,Low,BNP.PA,56.02000045776367
2024-11-26,Low,CS.PA,33.599998474121094
2024-11-26,Low,MT.AS,22.61000061035156
2024-11-26,Open,AC.PA,43.2400016784668
2024-11-26,Open,AI.PA,158.0
2024-11-26,Open,AIR.PA,137.27999877929688
2024-11-26,Open,BNP.PA,56.5
2024-11-26,Open,CS.PA,33.90999984741211
2024-11-26,Open,MT.AS,22.63999938964844
2024-11-26,Volume,AC.PA,614598.0
2024-11-26,Volume,AI.PA,663149.0
2024-11-26,Volume,AIR.PA,1007090.0
2024-11-26,Volume,BNP.PA,2952549.0
2024-11-26,Volume,CS.PA,3523936.0
2024-11-26,Volume,MT.AS,3242517.0
2024-11-27,Close,AC.PA,42.15999984741211
2024-11-27,Close,AI.PA,156.27999877929688
2024-11-27,Close,AIR.PA,139.3800048828125
2024-11-27,Close,BNP.PA,55.630001068115234
2024-11-27,Close,CS.PA,32.209999084472656
2024-11-27,Close,MT.AS,23.149999618530277
2024-11-27,High,AC.PA,42.68999862670898
2024-11-27,High,AI.PA,156.6199951171875
2024-11-27,High,AIR.PA,140.60000610351562
2024-11-27,High,BNP.PA,55.75
2024-11-27,High,CS.PA,33.470001220703125
2024-11-27,High,MT.AS,23.190000534057617
2024-11-27,Low,AC.PA,41.86000061035156
2024-11-27,Low,AI.PA,155.10000610351562
2024-11-27,Low,AIR.PA,135.27999877929688
2024-11-27,Low,BNP.PA,54.630001068115234
2024-11-27,Low,CS.PA,31.729999542236328
2024-11-27,Low,MT.AS,22.770000457763672
2024-11-27,Open,AC.PA,42.650001525878906
2024-11-27,Open,AI.PA,156.13999938964844
2024-11-27,Open,AIR.PA,136.33999633789062
2024-11-27,Open,BNP.PA,55.70000076293945
2024-11-27,Open,CS.PA,33.470001220703125
2024-11-27,Open,MT.AS,22.88999938964844
2024-11-27,Volume,AC.PA,680343.0
2024-11-27,Volume,AI.PA,670730.0
2024-11-27,Volume,AIR.PA,1653296.0
2024-11-27,Volume,BNP.PA,4618436.0
2024-11-27,Volume,CS.PA,9343821.0
2024-11-27,Volume,MT.AS,1679003.0
2024-11-28,Close,AC.PA,43.27000045776367
2024-11-28,Close,AI.PA,156.27999877929688
2024-11-28,Close,AIR.PA,145.13999938964844
2024-11-28,Close,BNP.PA,56.13999938964844
2024-11-28,Close,CS.PA,32.5
2024-11-28,Close,MT.AS,23.6200008392334
2024-11-28,High,AC.PA,43.52999877929688
2024-11-28,High,AI.PA,156.83999633789062
2024-11-28,High,AIR.PA,145.52000427246094
2024-11-28,High,BNP.PA,56.38999938964844
2024-11-28,High,CS.PA,32.70000076293945
2024-11-28,High,MT.AS,23.71999931335449
2024-11-28,Low,AC.PA,42.02999877929688
2024-11-28,Low,AI.PA,155.17999267578125
2024-11-28,Low,AIR.PA,140.6999969482422
2024-11-28,Low,BNP.PA,55.54999923706055
2024-11-28,Low,CS.PA,32.310001373291016
2024-11-28,Low,MT.AS,23.280000686645508
2024-11-28,Open,AC.PA,42.04999923706055
2024-11-28,Open,AI.PA,156.77999877929688
2024-11-28,Open,AIR.PA,140.8000030517578
2024-11-28,Open,BNP.PA,55.880001068115234
2024-11-28,Open,CS.PA,32.400001525878906
2024-11-28,Open,MT.AS,23.350000381469727
2024-11-28,Volume,AC.PA,660225.0
2024-11-28,Volume,AI.PA,484186.0
2024-11-28,Volume,AIR.PA,1312109.0
2024-11-28,Volume,BNP.PA,2383392.0
2024-11-28,Volume,CS.PA,4768295.0
2024-11-28,Volume,MT.AS,2090713.0
2024-11-29,Close,AC.PA,43.68000030517578
2024-11-29,Close,AI.PA,157.27999877929688
2024-11-29,Close,AIR.PA,147.55999755859375
2024-11-29,Close,BNP.PA,56.63999938964844
2024-11-29,Close,CS.PA,32.97999954223633
2024-11-29,Close,MT.AS,23.84000015258789
2024-11-29,High,AC.PA,43.869998931884766
2024-11-29,High,AI.PA,157.27999877929688
2024-11-29,High,AIR.PA,147.74000549316406
2024-11-29,High,BNP.PA,56.93000030517578
2024-11-29,High,CS.PA,33.099998474121094
2024-11-29,High,MT.AS,23.864999771118164
2024-11-29,Low,AC.PA,43.310001373291016
2024-11-29,Low,AI.PA,155.47999572753906
2024-11-29,Low,AIR.PA,144.9199981689453
2024-11-29,Low,BNP.PA,55.54999923706055
2024-11-29,Low,CS.PA,32.279998779296875
2024-11-29,Low,MT.AS,23.59000015258789
2024-11-29,Open,AC.PA,43.72999954223633
2024-11-29,Open,AI.PA,155.52000427246094
2024-11-29,Open,AIR.PA,145.02000427246094
2024-11-29,Open,BNP.PA,55.59999847412109
2024-11-29,Open,CS.PA,32.400001525878906
2024-11-29,Open,MT.AS,23.65999984741211
2024-11-29,Volume,AC.PA,473208.0
2024-11-29,Volume,AI.PA,664442.0
2024-11-29,Volume,AIR.PA,1656440.0
2024-11-29,Volume,BNP.PA,3399190.0
2024-11-29,Volume,CS.PA,7214826.0
2024-11-29,Volume,MT.AS,2068285.0
2024-12-02,Close,AC.PA,43.459999084472656
2024-12-02,Close,AI.PA,159.5399932861328
2024-12-02,Close,AIR.PA,150.52000427246094
2024-12-02,Close,BNP.PA,55.93999862670898
2024-12-02,Close,CS.PA,32.540000915527344
2024-12-02,Close,MT.AS,24.170000076293945
2024-12-02,High,AC.PA,43.84000015258789
2024-12-02,High,AI.PA,160.0
2024-12-02,High,AIR.PA,150.5800018310547
2024-12-02,High,BNP.PA,56.77999877929688
2024-12-02,High,CS.PA,33.099998474121094
2024-12-02,High,MT.AS,24.280000686645508
2024-12-02,Low,AC.PA,42.83000183105469
2024-12-02,Low,AI.PA,156.33999633789062
2024-12-02,Low,AIR.PA,146.44000244140625
2024-12-02,Low,BNP.PA,55.31999969482422
2024-12-02,Low,CS.PA,32.150001525878906
2024-12-02,Low,MT.AS,23.75
2024-12-02,Open,AC.PA,42.93999862670898
2024-12-02,Open,AI.PA,156.83999633789062
2024-12-02,Open,AIR.PA,146.52000427246094
2024-12-02,Open,BNP.PA,55.59999847412109
2024-12-02,Open,CS.PA,32.369998931884766
2024-12-02,Open,MT.AS,23.799999237060547
2024-12-02,Volume,AC.PA,601556.0
2024-12-02,Volume,AI.PA,943803.0
2024-12-02,Volume,AIR.PA,1799001.0
2024-12-02,Volume,BNP.PA,4192383.0
2024-12-02,Volume,CS.PA,6598293.0
2024-12-02,Volume,MT.AS,3019893.0
2024-12-03,Close,AC.PA,43.7599983215332
2024-12-03,Close,AI.PA,160.02000427246094
2024-12-03,Close,AIR.PA,152.0800018310547
2024-12-03,Close,BNP.PA,55.77999877929688
2024-12-03,Close,CS.PA,32.290000915527344
2024-12-03,Close,MT.AS,23.950000762939453
2024-12-03,High,AC.PA,44.20000076293945
2024-12-03,High,AI.PA,160.9600067138672
2024-12-03,High,AIR.PA,152.52000427246094
2024-12-03,High,BNP.PA,56.90999984741211
2024-12-03,High,CS.PA,32.880001068115234
2024-12-03,High,MT.AS,24.40999984741211
2024-12-03,Low,AC.PA,43.31999969482422
2024-12-03,Low,AI.PA,159.27999877929688
2024-12-03,Low,AIR.PA,150.52000427246094
2024-12-03,Low,BNP.PA,55.52000045776367
2024-12-03,Low,CS.PA,32.040000915527344
2024-12-03,Low,MT.AS,23.899999618530277
2024-12-03,Open,AC.PA,43.77000045776367
2024-12-03,Open,AI.PA,159.5
2024-12-03,Open,AIR.PA,150.72000122070312
2024-12-03,Open,BNP.PA,56.22999954223633
2024-12-03,Open,CS.PA,32.5
2024-12-03,Open,MT.AS,24.309999465942383
2024-12-03,Volume,AC.PA,432145.0
2024-12-03,Volume,AI.PA,721336.0
2024-12-03,Volume,AIR.PA,1313090.0
2024-12-03,Volume,BNP.PA,3632470.0
2024-12-03,Volume,CS.PA,7011559.0
2024-12-03,Volume,MT.AS,1778550.0
2024-12-04,Close,AC.PA,44.0
2024-12-04,Close,AI.PA,161.16000366210938
2024-12-04,Close,AIR.PA,154.22000122070312
2024-12-04,Close,BNP.PA,56.5
2024-12-04,Close,CS.PA,32.83000183105469
2024-12-04,Close,MT.AS,23.6299991607666
2024-12-04,High,AC.PA,44.0
2024-12-04,High,AI.PA,161.47999572753906
2024-12-04,High,AIR.PA,154.22000122070312
2024-12-04,High,BNP.PA,56.81999969482422
2024-12-04,High,CS.PA,32.83000183105469
2024-12-04,High,MT.AS,24.049999237060547
2024-12-04,Low,AC.PA,43.5099983215332
2024-12-04,Low,AI.PA,159.63999938964844
2024-12-04,Low,AIR.PA,152.3000030517578
2024-12-04,Low,BNP.PA,55.79999923706055
2024-12-04,Low,CS.PA,32.209999084472656
2024-12-04,Low,MT.AS,23.600000381469727
2024-12-04,Open,AC.PA,43.790000915527344
2024-12-04,Open,AI.PA,159.86000061035156
2024-12-04,Open,AIR.PA,152.5
2024-12-04,Open,BNP.PA,55.83000183105469
2024-12-04,Open,CS.PA,32.2400016784668
2024-12-04,Open,MT.AS,23.899999618530277
2024-12-04,Volume,AC.PA,452907.0
2024-12-04,Volume,AI.PA,727105.0
2024-12-04,Volume,AIR.PA,1357767.0
2024-12-04,Volume,BNP.PA,2626120.0
2024-12-04,Volume,CS.PA,3952519.0
2024-12-04,Volume,MT.AS,1971249.0
2024-12-05,Close,AC.PA,46.09999847412109
2024-12-05,Close,AI.PA,161.66000366210938
2024-12-05,Close,AIR.PA,153.5399932861328
2024-12-05,Close,BNP.PA,57.970001220703125
2024-12-05,Close,CS.PA,33.650001525878906
2024-12-05,Close,MT.AS,24.030000686645508
2024-12-05,High,AC.PA,46.2400016784668
2024-12-05,High,AI.PA,162.25999450683594
2024-12-05,High,AIR.PA,154.47999572753906
2024-12-05,High,BNP.PA,58.09000015258789
2024-12-05,High,CS.PA,33.65999984741211
2024-12-05,High,MT.AS,24.09000015258789
2024-12-05,Low,AC.PA,44.31999969482422
2024-12-05,Low,AI.PA,160.77999877929688
2024-12-05,Low,AIR.PA,152.17999267578125
2024-12-05,Low,BNP.PA,56.290000915527344
2024-12-05,Low,CS.PA,32.75
2024-12-05,Low,MT.AS,23.57999992370605
2024-12-05,Open,AC.PA,44.31999969482422
2024-12-05,Open,AI.PA,161.17999267578125
2024-12-05,Open,AIR.PA,153.0
2024-12-05,Open,BNP.PA,56.36000061035156
2024-12-05,Open,CS.PA,32.83000183105469
2024-12-05,Open,MT.AS,23.57999992370605
2024-12-05,Volume,AC.PA,1113406.0
2024-12-05,Volume,AI.PA,670797.0
2024-12-05,Volume,AIR.PA,1090596.0
2024-12-05,Volume,BNP.PA,3646351.0
2024-12-05,Volume,CS.PA,5932880.0
2024-12-05,Volume,MT.AS,2194785.0
2024-12-06,Close,AC.PA,46.02000045776367
2024-12-06,Close,AI.PA,162.05999755859375
2024-12-06,Close,AIR.PA,155.16000366210938
2024-12-06,Close,BNP.PA,58.56999969482422
2024-12-06,Close,CS.PA,34.0
2024-12-06,Close,MT.AS,24.149999618530277
2024-12-06,High,AC.PA,46.43999862670898
2024-12-06,High,AI.PA,162.36000061035156
2024-12-06,High,AIR.PA,156.75999450683594
2024-12-06,High,BNP.PA,59.09999847412109
2024-12-06,High,CS.PA,34.2599983215332
2024-12-06,High,MT.AS,24.434999465942383
2024-12-06,Low,AC.PA,45.900001525878906
2024-12-06,Low,AI.PA,160.47999572753906
2024-12-06,Low,AIR.PA,154.5
2024-12-06,Low,BNP.PA,57.88999938964844
2024-12-06,Low,CS.PA,33.47999954223633
2024-12-06,Low,MT.AS,24.06999969482422
2024-12-06,Open,AC.PA,46.0099983215332
2024-12-06,Open,AI.PA,161.22000122070312
2024-12-06,Open,AIR.PA,156.16000366210938
2024-12-06,Open,BNP.PA,57.959999084472656
2024-12-06,Open,CS.PA,33.560001373291016
2024-12-06,Open,MT.AS,24.13999938964844
2024-12-06,Volume,AC.PA,575988.0
2024-12-06,Volume,AI.PA,645732.0
2024-12-06,Volume,AIR.PA,1232135.0
2024-12-06,Volume,BNP.PA,3758878.0
2024-12-06,Volume,CS.PA,5287313.0
2024-12-06,Volume,MT.AS,1670451.0
2024-12-09,Close,AC.PA,45.650001525878906
2024-12-09,Close,AI.PA,161.66000366210938
2024-12-09,Close,AIR.PA,156.9600067138672
2024-12-09,Close,BNP.PA,60.060001373291016
2024-12-09,Close,CS.PA,34.06999969482422
2024-12-09,Close,MT.AS,24.6200008392334
2024-12-09,High,AC.PA,46.34999847412109
2024-12-09,High,AI.PA,162.86000061035156
2024-12-09,High,AIR.PA,157.5399932861328
2024-12-09,High,BNP.PA,60.27000045776367
2024-12-09,High,CS.PA,34.209999084472656
2024-12-09,High,MT.AS,24.950000762939453
2024-12-09,Low,AC.PA,45.650001525878906
2024-12-09,Low,AI.PA,161.4600067138672
2024-12-09,Low,AIR.PA,154.9600067138672
2024-12-09,Low,BNP.PA,59.18999862670898
2024-12-09,Low,CS.PA,33.959999084472656
2024-12-09,Low,MT.AS,24.3700008392334
2024-12-09,Open,AC.PA,46.040000915527344
2024-12-09,Open,AI.PA,162.75999450683594
2024-12-09,Open,AIR.PA,156.22000122070312
2024-12-09,Open,BNP.PA,59.18999862670898
2024-12-09,Open,CS.PA,34.02000045776367
2024-12-09,Open,MT.AS,24.43000030517578
2024-12-09,Volume,AC.PA,443660.0
2024-12-09,Volume,AI.PA,627374.0
2024-12-09,Volume,AIR.PA,1091176.0
2024-12-09,Volume,BNP.PA,3643529.0
2024-12-09,Volume,CS.PA,3658094.0
2024-12-09,Volume,MT.AS,3891863.0
2024-12-10,Close,AC.PA,45.58000183105469
2024-12-10,Close,AI.PA,160.0399932861328
2024-12-10,Close,AIR.PA,156.1999969482422
2024-12-10,Close,BNP.PA,59.70000076293945
2024-12-10,Close,CS.PA,33.70000076293945
2024-12-10,Close,MT.AS,24.57999992370605
2024-12-10,High,AC.PA,45.90999984741211
2024-12-10,High,AI.PA,161.82000732421875
2024-12-10,High,AIR.PA,157.32000732421875
2024-12-10,High,BNP.PA,60.119998931884766
2024-12-10,High,CS.PA,34.220001220703125
2024-12-10,High,MT.AS,24.57999992370605
2024-12-10,Low,AC.PA,45.380001068115234
2024-12-10,Low,AI.PA,159.74000549316406
2024-12-10,Low,AIR.PA,155.83999633789062
2024-12-10,Low,BNP.PA,59.470001220703125
2024-12-10,Low,CS.PA,33.70000076293945
2024-12-10,Low,MT.AS,24.32999992370605
2024-12-10,Open,AC.PA,45.4900016784668
2024-12-10,Open,AI.PA,161.44000244140625
2024-12-10,Open,AIR.PA,157.0800018310547
2024-12-10,Open,BNP.PA,59.869998931884766
2024-12-10,Open,CS.PA,34.04999923706055
2024-12-10,Open,MT.AS,24.40999984741211
2024-12-10,Volume,AC.PA,390915.0
2024-12-10,Volume,AI.PA,750778.0
2024-12-10,Volume,AIR.PA,1411830.0
2024-12-10,Volume,BNP.PA,3017820.0
2024-12-10,Volume,CS.PA,4791301.0
2024-12-10,Volume,MT.AS,1564441.0
2024-12-11,Close,AC.PA,46.2599983215332
2024-12-11,Close,AI.PA,159.9600067138672
2024-12-11,Close,AIR.PA,156.24000549316406
2024-12-11,Close,BNP.PA,59.59000015258789
2024-12-11,Close,CS.PA,33.66999816894531
2024-12-11,Close,MT.AS,24.59000015258789
2024-12-11,High,AC.PA,46.41999816894531
2024-12-11,High,AI.PA,160.3800048828125
2024-12-11,High,AIR.PA,156.8800048828125
2024-12-11,High,BNP.PA,59.97999954223633
2024-12-11,High,CS.PA,33.900001525878906
2024-12-11,High,MT.AS,24.59000015258789
2024-12-11,Low,AC.PA,45.290000915527344
2024-12-11,Low,AI.PA,159.1999969482422
2024-12-11,Low,AIR.PA,155.39999389648438
2024-12-11,Low,BNP.PA,59.380001068115234
2024-12-11,Low,CS.PA,33.4900016784668
2024-12-11,Low,MT.AS,24.270000457763672
2024-12-11,Open,AC.PA,45.31999969482422
2024-12-11,Open,AI.PA,159.3000030517578
2024-12-11,Open,AIR.PA,156.1999969482422
2024-12-11,Open,BNP.PA,59.59000015258789
2024-12-11,Open,CS.PA,33.5099983215332
2024-12-11,Open,MT.AS,24.440000534057617
2024-12-11,Volume,AC.PA,482166.0
2024-12-11,Volume,AI.PA,640048.0
2024-12-11,Volume,AIR.PA,931725.0
2024-12-11,Volume,BNP.PA,1806949.0
2024-12-11,Volume,CS.PA,3225022.0
2024-12-11,Volume,MT.AS,1341159.0
2024-12-12,Close,AC.PA,46.790000915527344
2024-12-12,Close,AI.PA,159.89999389648438
2024-12-12,Close,AIR.PA,159.89999389648438
2024-12-12,Close,BNP.PA,58.91999816894531
2024-12-12,Close,CS.PA,33.560001373291016
2024-12-12,Close,MT.AS,24.280000686645508
2024-12-12,High,AC.PA,46.959999084472656
2024-12-12,High,AI.PA,160.4199981689453
2024-12-12,High,AIR.PA,159.89999389648438
2024-12-12,High,BNP.PA,59.93000030517578
2024-12-12,High,CS.PA,33.77000045776367
2024-12-12,High,MT.AS,24.76000022888184
2024-12-12,Low,AC.PA,46.310001373291016
2024-12-12,Low,AI.PA,159.13999938964844
2024-12-12,Low,AIR.PA,156.36000061035156
2024-12-12,Low,BNP.PA,58.70000076293945
2024-12-12,Low,CS.PA,33.4900016784668
2024-12-12,Low,MT.AS,24.21999931335449
2024-12-12,Open,AC.PA,46.380001068115234
2024-12-12,Open,AI.PA,159.66000366210938
2024-12-12,Open,AIR.PA,156.36000061035156
2024-12-12,Open,BNP.PA,59.77999877929688
2024-12-12,Open,CS.PA,33.68000030517578
2024-12-12,Open,MT.AS,24.63999938964844
2024-12-12,Volume,AC.PA,710558.0
2024-12-12,Volume,AI.PA,563489.0
2024-12-12,Volume,AIR.PA,1077016.0
2024-12-12,Volume,BNP.PA,3064965.0
2024-12-12,Volume,CS.PA,2852315.0
2024-12-12,Volume,MT.AS,1613754.0
2024-12-13,Close,AC.PA,47.0
2024-12-13,Close,AI.PA,159.6999969482422
2024-12-13,Close,AIR.PA,160.22000122070312
2024-12-13,Close,BNP.PA,58.93999862670898
2024-12-13,Close,CS.PA,34.099998474121094
2024-12-13,Close,MT.AS,23.729999542236328
2024-12-13,High,AC.PA,47.43999862670898
2024-12-13,High,AI.PA,160.67999267578125
2024-12-13,High,AIR.PA,160.83999633789062
2024-12-13,High,BNP.PA,59.34999847412109
2024-12-13,High,CS.PA,34.13999938964844
2024-12-13,High,MT.AS,24.239999771118164
2024-12-13,Low,AC.PA,46.66999816894531
2024-12-13,Low,AI.PA,159.24000549316406
2024-12-13,Low,AIR.PA,158.82000732421875
2024-12-13,Low,BNP.PA,58.77000045776367
2024-12-13,Low,CS.PA,33.540000915527344
2024-12-13,Low,MT.AS,23.63999938964844
2024-12-13,Open,AC.PA,46.66999816894531
2024-12-13,Open,AI.PA,159.52000427246094
2024-12-13,Open,AIR.PA,159.1199951171875
2024-12-13,Open,BNP.PA,59.0099983215332
2024-12-13,Open,CS.PA,33.61000061035156
2024-12-13,Open,MT.AS,24.170000076293945
2024-12-13,Volume,AC.PA,572346.0
2024-12-13,Volume,AI.PA,526947.0
2024-12-13,Volume,AIR.PA,1388272.0
2024-12-13,Volume,BNP.PA,2159456.0
2024-12-13,Volume,CS.PA,3877128.0
2024-12-13,Volume,MT.AS,2913300.0
2024-12-16,Close,AC.PA,46.95000076293945
2024-12-16,Close,AI.PA,159.3000030517578
2024-12-16,Close,AIR.PA,157.86000061035156
2024-12-16,Close,BNP.PA,58.81999969482422
2024-12-16,Close,CS.PA,33.959999084472656
2024-12-16,Close,MT.AS,23.61000061035156
2024-12-16,High,AC.PA,47.09999847412109
2024-12-16,High,AI.PA,159.67999267578125
2024-12-16,High,AIR.PA,160.13999938964844
2024-12-16,High,BNP.PA,59.290000915527344
2024-12-16,High,CS.PA,34.06999969482422
2024-12-16,High,MT.AS,23.709999084472656
2024-12-16,Low,AC.PA,46.72999954223633
2024-12-16,Low,AI.PA,158.74000549316406
2024-12-16,Low,AIR.PA,157.5800018310547
2024-12-16,Low,BNP.PA,58.45000076293945
2024-12-16,Low,CS.PA,33.689998626708984
2024-12-16,Low,MT.AS,23.40999984741211
2024-12-16,Open,AC.PA,46.77000045776367
2024-12-16,Open,AI.PA,159.32000732421875
2024-12-16,Open,AIR.PA,159.5800018310547
2024-12-16,Open,BNP.PA,58.63999938964844
2024-12-16,Open,CS.PA,33.939998626708984
2024-12-16,Open,MT.AS,23.540000915527344
2024-12-16,Volume,AC.PA,538796.0
2024-12-16,Volume,AI.PA,648869.0
2024-12-16,Volume,AIR.PA,1254312.0
2024-12-16,Volume,BNP.PA,1775368.0
2024-12-16,Volume,CS.PA,3138508.0
2024-12-16,Volume,MT.AS,2594779.0
2024-12-17,Close,AC.PA,46.79999923706055
2024-12-17,Close,AI.PA,158.89999389648438
2024-12-17,Close,AIR.PA,158.5399932861328
2024-12-17,Close,BNP.PA,58.25
2024-12-17,Close,CS.PA,33.7400016784668
2024-12-17,Close,MT.AS,22.90999984741211
2024-12-17,High,AC.PA,47.16999816894531
2024-12-17,High,AI.PA,159.60000610351562
2024-12-17,High,AIR.PA,160.9600067138672
2024-12-17,High,BNP.PA,58.84000015258789
2024-12-17,High,CS.PA,33.95000076293945
2024-12-17,High,MT.AS,23.399999618530277
2024-12-17,Low,AC.PA,46.650001525878906
2024-12-17,Low,AI.PA,157.66000366210938
2024-12-17,Low,AIR.PA,158.39999389648438
2024-12-17,Low,BNP.PA,58.25
2024-12-17,Low,CS.PA,33.529998779296875
2024-12-17,Low,MT.AS,22.8799991607666
2024-12-17,Open,AC.PA,46.720001220703125
2024-12-17,Open,AI.PA,158.1999969482422
2024-12-17,Open,AIR.PA,159.72000122070312
2024-12-17,Open,BNP.PA,58.56999969482422
2024-12-17,Open,CS.PA,33.79999923706055
2024-12-17,Open,MT.AS,23.21999931335449
2024-12-17,Volume,AC.PA,509774.0
2024-12-17,Volume,AI.PA,758650.0
2024-12-17,Volume,AIR.PA,1519491.0
2024-12-17,Volume,BNP.PA,3075365.0
2024-12-17,Volume,CS.PA,3511299.0
2024-12-17,Volume,MT.AS,2859426.0
2024-12-18,Close,AC.PA,46.720001220703125
2024-12-18,Close,AI.PA,158.25999450683594
2024-12-18,Close,AIR.PA,158.86000061035156
2024-12-18,Close,BNP.PA,58.630001068115234
2024-12-18,Close,CS.PA,33.79999923706055
2024-12-18,Close,MT.AS,22.850000381469727
2024-12-18,High,AC.PA,47.150001525878906
2024-12-18,High,AI.PA,159.1199951171875
2024-12-18,High,AIR.PA,159.97999572753906
2024-12-18,High,BNP.PA,59.209999084472656
2024-12-18,High,CS.PA,34.02000045776367
2024-12-18,High,MT.AS,23.030000686645508
2024-12-18,Low,AC.PA,46.54999923706055
2024-12-18,Low,AI.PA,158.0800018310547
2024-12-18,Low,AIR.PA,158.1999969482422
2024-12-18,Low,BNP.PA,58.2400016784668
2024-12-18,Low,CS.PA,33.59000015258789
2024-12-18,Low,MT.AS,22.770000457763672
2024-12-18,Open,AC.PA,47.0
2024-12-18,Open,AI.PA,158.5
2024-12-18,Open,AIR.PA,158.1999969482422
2024-12-18,Open,BNP.PA,58.31999969482422
2024-12-18,Open,CS.PA,33.86000061035156
2024-12-18,Open,MT.AS,22.979999542236328
2024-12-18,Volume,AC.PA,599495.0
2024-12-18,Volume,AI.PA,823235.0
2024-12-18,Volume,AIR.PA,1005190.0
2024-12-18,Volume,BNP.PA,2891991.0
2024-12-18,Volume,CS.PA,3890176.0
2024-12-18,Volume,MT.AS,2361140.0
2024-12-19,Close,AC.PA,46.34999847412109
2024-12-19,Close,AI.PA,155.5
2024-12-19,Close,AIR.PA,156.52000427246094
2024-12-19,Close,BNP.PA,57.810001373291016
2024-12-19,Close,CS.PA,33.779998779296875
2024-12-19,Close,MT.AS,22.459999084472656
2024-12-19,High,AC.PA,46.369998931884766
2024-12-19,High,AI.PA,156.6199951171875
2024-12-19,High,AIR.PA,159.10000610351562
2024-12-19,High,BNP.PA,58.09000015258789
2024-12-19,High,CS.PA,33.779998779296875
2024-12-19,High,MT.AS,22.709999084472656
2024-12-19,Low,AC.PA,45.380001068115234
2024-12-19,Low,AI.PA,154.9199981689453
2024-12-19,Low,AIR.PA,156.52000427246094
2024-12-19,Low,BNP.PA,57.220001220703125
2024-12-19,Low,CS.PA,33.45000076293945
2024-12-19,Low,MT.AS,22.38999938964844
2024-12-19,Open,AC.PA,45.7400016784668
2024-12-19,Open,AI.PA,156.10000610351562
2024-12-19,Open,AIR.PA,157.97999572753906
2024-12-19,Open,BNP.PA,57.58000183105469
2024-12-19,Open,CS.PA,33.58000183105469
2024-12-19,Open,MT.AS,22.600000381469727
2024-12-19,Volume,AC.PA,635520.0
2024-12-19,Volume,AI.PA,1031387.0
2024-12-19,Volume,AIR.PA,1388581.0
2024-12-19,Volume,BNP.PA,2800740.0
2024-12-19,Volume,CS.PA,3637888.0
2024-12-19,Volume,MT.AS,2535229.0
2024-12-20,Close,AC.PA,46.59999847412109
2024-12-20,Close,AI.PA,155.3800048828125
2024-12-20,Close,AIR.PA,154.77999877929688
2024-12-20,Close,BNP.PA,57.47999954223633
2024-12-20,Close,CS.PA,33.5099983215332
2024-12-20,Close,MT.AS,22.26000022888184
2024-12-20,High,AC.PA,46.66999816894531
2024-12-20,High,AI.PA,155.3800048828125
2024-12-20,High,AIR.PA,156.36000061035156
2024-12-20,High,BNP.PA,57.59999847412109
2024-12-20,High,CS.PA,33.560001373291016
2024-12-20,High,MT.AS,22.299999237060547
2024-12-20,Low,AC.PA,45.84000015258789
2024-12-20,Low,AI.PA,153.55999755859375
2024-12-20,Low,AIR.PA,152.86000061035156
2024-12-20,Low,BNP.PA,56.59999847412109
2024-12-20,Low,CS.PA,33.0099983215332
2024-12-20,Low,MT.AS,21.93000030517578
2024-12-20,Open,AC.PA,46.209999084472656
2024-12-20,Open,AI.PA,154.63999938964844
2024-12-20,Open,AIR.PA,155.60000610351562
2024-12-20,Open,BNP.PA,57.36000061035156
2024-12-20,Open,CS.PA,33.459999084472656
2024-12-20,Open,MT.AS,22.15999984741211
2024-12-20,Volume,AC.PA,798307.0
2024-12-20,Volume,AI.PA,1751512.0
2024-12-20,Volume,AIR.PA,2249485.0
2024-12-20,Volume,BNP.PA,4839471.0
2024-12-20,Volume,CS.PA,10458294.0
2024-12-20,Volume,MT.AS,4404827.0
2024-12-23,Close,AC.PA,46.43999862670898
2024-12-23,Close,AI.PA,154.24000549316406
2024-12-23,Close,AIR.PA,153.89999389648438
2024-12-23,Close,BNP.PA,57.43999862670898
2024-12-23,Close,CS.PA,33.63999938964844
2024-12-23,Close,MT.AS,22.1299991607666
2024-12-23,High,AC.PA,46.720001220703125
2024-12-23,High,AI.PA,155.60000610351562
2024-12-23,High,AIR.PA,154.6999969482422
2024-12-23,High,BNP.PA,57.52999877929688
2024-12-23,High,CS.PA,33.709999084472656
2024-12-23,High,MT.AS,22.280000686645508
2024-12-23,Low,AC.PA,46.220001220703125
2024-12-23,Low,AI.PA,154.0800018310547
2024-12-23,Low,AIR.PA,153.16000366210938
2024-12-23,Low,BNP.PA,57.0099983215332
2024-12-23,Low,CS.PA,33.36000061035156
2024-12-23,Low,MT.AS,22.030000686645508
2024-12-23,Open,AC.PA,46.540000915527344
2024-12-23,Open,AI.PA,154.67999267578125
2024-12-23,Open,AIR.PA,154.32000732421875
2024-12-23,Open,BNP.PA,57.52000045776367
2024-12-23,Open,CS.PA,33.45000076293945
2024-12-23,Open,MT.AS,22.25
2024-12-23,Volume,AC.PA,285411.0
2024-12-23,Volume,AI.PA,581512.0
2024-12-23,Volume,AIR.PA,968295.0
2024-12-23,Volume,BNP.PA,1395481.0
2024-12-23,Volume,CS.PA,2214974.0
2024-12-23,Volume,MT.AS,1249286.0
2024-12-24,Close,AC.PA,46.5
2024-12-24,Close,AI.PA,154.33999633789062
2024-12-24,Close,AIR.PA,153.6999969482422
2024-12-24,Close,BNP.PA,57.540000915527344
2024-12-24,Close,CS.PA,33.56999969482422
2024-12-24,Close,MT.AS,22.270000457763672
2024-12-24,High,AC.PA,46.88999938964844
2024-12-24,High,AI.PA,155.16000366210938
2024-12-24,High,AIR.PA,154.6999969482422
2024-12-24,High,BNP.PA,57.90999984741211
2024-12-24,High,CS.PA,33.84000015258789
2024-12-24,High,MT.AS,22.270000457763672
2024-12-24,Low,AC.PA,46.5
2024-12-24,Low,AI.PA,154.16000366210938
2024-12-24,Low,AIR.PA,153.66000366210938
2024-12-24,Low,BNP.PA,57.540000915527344
2024-12-24,Low,CS.PA,33.56999969482422
2024-12-24,Low,MT.AS,22.15999984741211
2024-12-24,Open,AC.PA,46.650001525878906
2024-12-24,Open,AI.PA,154.60000610351562
2024-12-24,Open,AIR.PA,153.72000122070312
2024-12-24,Open,BNP.PA,57.81999969482422
2024-12-24,Open,CS.PA,33.7599983215332
2024-12-24,Open,MT.AS,22.190000534057617
2024-12-24,Volume,AC.PA,132033.0
2024-12-24,Volume,AI.PA,173434.0
2024-12-24,Volume,AIR.PA,187550.0
2024-12-24,Volume,BNP.PA,479686.0
2024-12-24,Volume,CS.PA,912264.0
2024-12-24,Volume,MT.AS,308639.0
2024-12-27,Close,AC.PA,46.75
2024-12-27,Close,AI.PA,155.89999389648438
2024-12-27,Close,AIR.PA,155.3000030517578
2024-12-27,Close,BNP.PA,58.540000915527344
2024-12-27,Close,CS.PA,34.08000183105469
2024-12-27,Close,MT.AS,22.209999084472656
2024-12-27,High,AC.PA,47.04999923706055
2024-12-27,High,AI.PA,155.89999389648438
2024-12-27,High,AIR.PA,155.3000030517578
2024-12-27,High,BNP.PA,58.66999816894531
2024-12-27,High,CS.PA,34.08000183105469
2024-12-27,High,MT.AS,22.290000915527344
2024-12-27,Low,AC.PA,46.54999923706055
2024-12-27,Low,AI.PA,153.4199981689453
2024-12-27,Low,AIR.PA,153.39999389648438
2024-12-27,Low,BNP.PA,57.900001525878906
2024-12-27,Low,CS.PA,33.54999923706055
2024-12-27,Low,MT.AS,22.11000061035156
2024-12-27,Open,AC.PA,46.54999923706055
2024-12-27,Open,AI.PA,154.0800018310547
2024-12-27,Open,AIR.PA,154.0
2024-12-27,Open,BNP.PA,57.900001525878906
2024-12-27,Open,CS.PA,33.58000183105469
2024-12-27,Open,MT.AS,22.15999984741211
2024-12-27,Volume,AC.PA,502989.0
2024-12-27,Volume,AI.PA,535877.0
2024-12-27,Volume,AIR.PA,773490.0
2024-12-27,Volume,BNP.PA,2338135.0
2024-12-27,Volume,CS.PA,2335781.0
2024-12-27,Volume,MT.AS,1426426.0
2024-12-30,Close,AC.PA,46.70000076293945
2024-12-30,Close,AI.PA,154.6199951171875
2024-12-30,Close,AIR.PA,154.3800048828125
2024-12-30,Close,BNP.PA,58.72999954223633
2024-12-30,Close,CS.PA,34.119998931884766
2024-12-30,Close,MT.AS,22.06999969482422
2024-12-30,High,AC.PA,47.02999877929688
2024-12-30,High,AI.PA,155.86000061035156
2024-12-30,High,AIR.PA,155.74000549316406
2024-12-30,High,BNP.PA,59.33000183105469
2024-12-30,High,CS.PA,34.400001525878906
2024-12-30,High,MT.AS,22.350000381469727
2024-12-30,Low,AC.PA,46.5
2024-12-30,Low,AI.PA,154.25999450683594
2024-12-30,Low,AIR.PA,154.02000427246094
2024-12-30,Low,BNP.PA,58.41999816894531
2024-12-30,Low,CS.PA,33.900001525878906
2024-12-30,Low,MT.AS,22.030000686645508
2024-12-30,Open,AC.PA,46.540000915527344
2024-12-30,Open,AI.PA,155.36000061035156
2024-12-30,Open,AIR.PA,154.25999450683594
2024-12-30,Open,BNP.PA,58.470001220703125
2024-12-30,Open,CS.PA,33.90999984741211
2024-12-30,Open,MT.AS,22.18000030517578
2024-12-30,Volume,AC.PA,290259.0
2024-12-30,Volume,AI.PA,391937.0
2024-12-30,Volume,AIR.PA,753659.0
2024-12-30,Volume,BNP.PA,1667203.0
2024-12-30,Volume,CS.PA,2086778.0
2024-12-30,Volume,MT.AS,1156532.0
2024-12-31,Close,AC.PA,47.040000915527344
2024-12-31,Close,AI.PA,156.9199981689453
2024-12-31,Close,AIR.PA,154.77999877929688
2024-12-31,Close,BNP.PA,59.220001220703125
2024-12-31,Close,CS.PA,34.31999969482422
2024-12-31,Close,MT.AS,22.43000030517578
2024-12-31,High,AC.PA,47.040000915527344
2024-12-31,High,AI.PA,156.9199981689453
2024-12-31,High,AIR.PA,154.97999572753906
2024-12-31,High,BNP.PA,59.400001525878906
2024-12-31,High,CS.PA,34.36000061035156
2024-12-31,High,MT.AS,22.43000030517578
2024-12-31,Low,AC.PA,46.560001373291016
2024-12-31,Low,AI.PA,154.4199981689453
2024-12-31,Low,AIR.PA,153.16000366210938
2024-12-31,Low,BNP.PA,58.4900016784668
2024-12-31,Low,CS.PA,33.95000076293945
2024-12-31,Low,MT.AS,22.01000022888184
2024-12-31,Open,AC.PA,46.560001373291016
2024-12-31,Open,AI.PA,154.52000427246094
2024-12-31,Open,AIR.PA,153.22000122070312
2024-12-31,Open,BNP.PA,58.540000915527344
2024-12-31,Open,CS.PA,34.0099983215332
2024-12-31,Open,MT.AS,22.020000457763672
2024-12-31,Volume,AC.PA,107905.0
2024-12-31,Volume,AI.PA,227217.0
2024-12-31,Volume,AIR.PA,278864.0
2024-12-31,Volume,BNP.PA,796685.0
2024-12-31,Volume,CS.PA,859533.0
2024-12-31,Volume,MT.AS,613588.0
2025-01-02,Close,AC.PA,47.130001068115234
2025-01-02,Close,AI.PA,155.86000061035156
2025-01-02,Close,AIR.PA,160.13999938964844
2025-01-02,Close,BNP.PA,59.25
2025-01-02,Close,CS.PA,34.41999816894531
2025-01-02,Close,MT.AS,22.51000022888184
2025-01-02,High,AC.PA,47.33000183105469
2025-01-02,High,AI.PA,156.75999450683594
2025-01-02,High,AIR.PA,160.5
2025-01-02,High,BNP.PA,60.0
2025-01-02,High,CS.PA,34.619998931884766
2025-01-02,High,MT.AS,22.82999992370605
2025-01-02,Low,AC.PA,46.380001068115234
2025-01-02,Low,AI.PA,154.1999969482422
2025-01-02,Low,AIR.PA,155.6199951171875
2025-01-02,Low,BNP.PA,57.91999816894531
2025-01-02,Low,CS.PA,33.939998626708984
2025-01-02,Low,MT.AS,22.26000022888184
2025-01-02,Open,AC.PA,47.11000061035156
2025-01-02,Open,AI.PA,156.74000549316406
2025-01-02,Open,AIR.PA,155.6999969482422
2025-01-02,Open,BNP.PA,59.540000915527344
2025-01-02,Open,CS.PA,34.349998474121094
2025-01-02,Open,MT.AS,22.670000076293945
2025-01-02,Volume,AC.PA,344545.0
2025-01-02,Volume,AI.PA,589754.0
2025-01-02,Volume,AIR.PA,1636969.0
2025-01-02,Volume,BNP.PA,1571471.0
2025-01-02,Volume,CS.PA,2418364.0
2025-01-02,Volume,MT.AS,1177529.0
2025-01-03,Close,AC.PA,45.9900016784668
2025-01-03,Close,AI.PA,154.63999938964844
2025-01-03,Close,AIR.PA,158.5800018310547
2025-01-03,Close,BNP.PA,58.4900016784668
2025-01-03,Close,CS.PA,34.06999969482422
2025-01-03,Close,MT.AS,21.459999084472656
2025-01-03,High,AC.PA,47.130001068115234
2025-01-03,High,AI.PA,155.94000244140625
2025-01-03,High,AIR.PA,159.4600067138672
2025-01-03,High,BNP.PA,59.43000030517578
2025-01-03,High,CS.PA,34.47999954223633
2025-01-03,High,MT.AS,22.3700008392334
2025-01-03,Low,AC.PA,45.77000045776367
2025-01-03,Low,AI.PA,154.27999877929688
2025-01-03,Low,AIR.PA,158.0399932861328
2025-01-03,Low,BNP.PA,58.18000030517578
2025-01-03,Low,CS.PA,33.88999938964844
2025-01-03,Low,MT.AS,21.459999084472656
2025-01-03,Open,AC.PA,47.0099983215332
2025-01-03,Open,AI.PA,155.82000732421875
2025-01-03,Open,AIR.PA,159.3000030517578
2025-01-03,Open,BNP.PA,59.18000030517578
2025-01-03,Open,CS.PA,34.41999816894531
2025-01-03,Open,MT.AS,22.31999969482422
2025-01-03,Volume,AC.PA,556722.0
2025-01-03,Volume,AI.PA,768673.0
2025-01-03,Volume,AIR.PA,1040083.0
2025-01-03,Volume,BNP.PA,2635522.0
2025-01-03,Volume,CS.PA,3257406.0
2025-01-03,Volume,MT.AS,4038161.0
2025-01-06,Close,AC.PA,46.58000183105469
2025-01-06,Close,AI.PA,158.17999267578125
2025-01-06,Close,AIR.PA,159.63999938964844
2025-01-06,Close,BNP.PA,60.02999877929688
2025-01-06,Close,CS.PA,34.45000076293945
2025-01-06,Close,MT.AS,21.520000457763672
2025-01-06,High,AC.PA,46.68999862670898
2025-01-06,High,AI.PA,158.17999267578125
2025-01-06,High,AIR.PA,159.63999938964844
2025-01-06,High,BNP.PA,60.369998931884766
2025-01-06,High,CS.PA,34.56999969482422
2025-01-06,High,MT.AS,21.86000061035156
2025-01-06,Low,AC.PA,45.720001220703125
2025-01-06,Low,AI.PA,154.3000030517578
2025-01-06,Low,AIR.PA,155.77999877929688
2025-01-06,Low,BNP.PA,59.0
2025-01-06,Low,CS.PA,33.869998931884766
2025-01-06,Low,MT.AS,21.209999084472656
2025-01-06,Open,AC.PA,46.15999984741211
2025-01-06,Open,AI.PA,155.3000030517578
2025-01-06,Open,AIR.PA,158.6199951171875
2025-01-06,Open,BNP.PA,59.43000030517578
2025-01-06,Open,CS.PA,34.2400016784668
2025-01-06,Open,MT.AS,21.440000534057617
2025-01-06,Volume,AC.PA,476694.0
2025-01-06,Volume,AI.PA,905128.0
2025-01-06,Volume,AIR.PA,1345018.0
2025-01-06,Volume,BNP.PA,3444327.0
2025-01-06,Volume,CS.PA,3544197.0
2025-01-06,Volume,MT.AS,3287528.0
2025-01-07,Close,AC.PA,46.4900016784668
2025-01-07,Close,AI.PA,159.25999450683594
2025-01-07,Close,AIR.PA,158.39999389648438
2025-01-07,Close,BNP.PA,60.400001525878906
2025-01-07,Close,CS.PA,34.7599983215332
2025-01-07,Close,MT.AS,21.34000015258789
2025-01-07,High,AC.PA,47.09000015258789
2025-01-07,High,AI.PA,159.4199981689453
2025-01-07,High,AIR.PA,160.17999267578125
2025-01-07,High,BNP.PA,61.08000183105469
2025-01-07,High,CS.PA,35.02000045776367
2025-01-07,High,MT.AS,21.6200008392334
2025-01-07,Low,AC.PA,45.9900016784668
2025-01-07,Low,AI.PA,156.8000030517578
2025-01-07,Low,AIR.PA,157.25999450683594
2025-01-07,Low,BNP.PA,59.34000015258789
2025-01-07,Low,CS.PA,33.90999984741211
2025-01-07,Low,MT.AS,21.239999771118164
2025-01-07,Open,AC.PA,46.5099983215332
2025-01-07,Open,AI.PA,158.0
2025-01-07,Open,AIR.PA,159.6199951171875
2025-01-07,Open,BNP.PA,59.91999816894531
2025-01-07,Open,CS.PA,34.380001068115234
2025-01-07,Open,MT.AS,21.25
2025-01-07,Volume,AC.PA,431485.0
2025-01-07,Volume,AI.PA,873001.0
2025-01-07,Volume,AIR.PA,1585470.0
2025-01-07,Volume,BNP.PA,3010929.0
2025-01-07,Volume,CS.PA,3854753.0
2025-01-07,Volume,MT.AS,1851005.0
2025-01-08,Close,AC.PA,46.68999862670898
2025-01-08,Close,AI.PA,157.63999938964844
2025-01-08,Close,AIR.PA,158.5800018310547
2025-01-08,Close,BNP.PA,60.13999938964844
2025-01-08,Close,CS.PA,34.849998474121094
2025-01-08,Close,MT.AS,21.149999618530277
2025-01-08,High,AC.PA,46.97999954223633
2025-01-08,High,AI.PA,159.36000061035156
2025-01-08,High,AIR.PA,159.75999450683594
2025-01-08,High,BNP.PA,60.900001525878906
2025-01-08,High,CS.PA,35.029998779296875
2025-01-08,High,MT.AS,21.459999084472656
2025-01-08,Low,AC.PA,46.060001373291016
2025-01-08,Low,AI.PA,155.94000244140625
2025-01-08,Low,AIR.PA,157.60000610351562
2025-01-08,Low,BNP.PA,59.290000915527344
2025-01-08,Low,CS.PA,34.31999969482422
2025-01-08,Low,MT.AS,20.959999084472656
2025-01-08,Open,AC.PA,46.58000183105469
2025-01-08,Open,AI.PA,159.05999755859375
2025-01-08,Open,AIR.PA,158.0800018310547
2025-01-08,Open,BNP.PA,60.38999938964844
2025-01-08,Open,CS.PA,34.70000076293945
2025-01-08,Open,MT.AS,21.299999237060547
2025-01-08,Volume,AC.PA,407806.0
2025-01-08,Volume,AI.PA,754083.0
2025-01-08,Volume,AIR.PA,1077965.0
2025-01-08,Volume,BNP.PA,2534021.0
2025-01-08,Volume,CS.PA,3226710.0
2025-01-08,Volume,MT.AS,2134787.0
2025-01-09,Close,AC.PA,47.220001220703125
2025-01-09,Close,AI.PA,158.33999633789062
2025-01-09,Close,AIR.PA,156.5800018310547
2025-01-09,Close,BNP.PA,59.95000076293945
2025-01-09,Close,CS.PA,34.40999984741211
2025-01-09,Close,MT.AS,21.290000915527344
2025-01-09,High,AC.PA,47.29999923706055
2025-01-09,High,AI.PA,158.83999633789062
2025-01-09,High,AIR.PA,159.47999572753906
2025-01-09,High,BNP.PA,60.209999084472656
2025-01-09,High,CS.PA,34.72999954223633
2025-01-09,High,MT.AS,21.46999931335449
2025-01-09,Low,AC.PA,46.400001525878906
2025-01-09,Low,AI.PA,156.66000366210938
2025-01-09,Low,AIR.PA,156.5800018310547
2025-01-09,Low,BNP.PA,59.040000915527344
2025-01-09,Low,CS.PA,34.290000915527344
2025-01-09,Low,MT.AS,21.059999465942383
2025-01-09,Open,AC.PA,46.400001525878906
2025-01-09,Open,AI.PA,157.1999969482422
2025-01-09,Open,AIR.PA,158.02000427246094
2025-01-09,Open,BNP.PA,59.61000061035156
2025-01-09,Open,CS.PA,34.63999938964844
2025-01-09,Open,MT.AS,21.06999969482422
2025-01-09,Volume,AC.PA,407072.0
2025-01-09,Volume,AI.PA,500414.0
2025-01-09,Volume,AIR.PA,874104.0
2025-01-09,Volume,BNP.PA,1759110.0
2025-01-09,Volume,CS.PA,2771033.0
2025-01-09,Volume,MT.AS,1358052.0
2025-01-10,Close,AC.PA,47.22999954223633
2025-01-10,Close,AI.PA,156.0800018310547
2025-01-10,Close,AIR.PA,157.55999755859375
2025-01-10,Close,BNP.PA,59.34999847412109
2025-01-10,Close,CS.PA,33.84000015258789
2025-01-10,Close,MT.AS,21.6299991607666
2025-01-10,High,AC.PA,47.59999847412109
2025-01-10,High,AI.PA,158.6199951171875
2025-01-10,High,AIR.PA,159.5399932861328
2025-01-10,High,BNP.PA,60.209999084472656
2025-01-10,High,CS.PA,34.54999923706055
2025-01-10,High,MT.AS,21.88999938964844
2025-01-10,Low,AC.PA,47.09000015258789
2025-01-10,Low,AI.PA,155.8000030517578
2025-01-10,Low,AIR.PA,156.9199981689453
2025-01-10,Low,BNP.PA,59.20000076293945
2025-01-10,Low,CS.PA,33.779998779296875
2025-01-10,Low,MT.AS,21.290000915527344
2025-01-10,Open,AC.PA,47.25
2025-01-10,Open,AI.PA,157.9199981689453
2025-01-10,Open,AIR.PA,158.39999389648438
2025-01-10,Open,BNP.PA,59.790000915527344
2025-01-10,Open,CS.PA,34.2400016784668
2025-01-10,Open,MT.AS,21.43000030517578
2025-01-10,Volume,AC.PA,493783.0
2025-01-10,Volume,AI.PA,671301.0
2025-01-10,Volume,AIR.PA,1064221.0
2025-01-10,Volume,BNP.PA,3177621.0
2025-01-10,Volume,CS.PA,3872889.0
2025-01-10,Volume,MT.AS,2965160.0
2025-01-13,Close,AC.PA,46.81999969482422
2025-01-13,Close,AI.PA,156.47999572753906
2025-01-13,Close,AIR.PA,155.44000244140625
2025-01-13,Close,BNP.PA,59.63999938964844
2025-01-13,Close,CS.PA,33.47999954223633
2025-01-13,Close,MT.AS,21.75
2025-01-13,High,AC.PA,47.15999984741211
2025-01-13,High,AI.PA,157.0399932861328
2025-01-13,High,AIR.PA,157.39999389648438
2025-01-13,High,BNP.PA,59.84000015258789
2025-01-13,High,CS.PA,33.689998626708984
2025-01-13,High,MT.AS,21.82999992370605
2025-01-13,Low,AC.PA,46.54999923706055
2025-01-13,Low,AI.PA,155.16000366210938
2025-01-13,Low,AIR.PA,154.27999877929688
2025-01-13,Low,BNP.PA,58.79999923706055
2025-01-13,Low,CS.PA,33.16999816894531
2025-01-13,Low,MT.AS,21.200000762939453
2025-01-13,Open,AC.PA,47.0099983215332
2025-01-13,Open,AI.PA,155.94000244140625
2025-01-13,Open,AIR.PA,157.0800018310547
2025-01-13,Open,BNP.PA,59.290000915527344
2025-01-13,Open,CS.PA,33.619998931884766
2025-01-13,Open,MT.AS,21.46999931335449
2025-01-13,Volume,AC.PA,500432.0
2025-01-13,Volume,AI.PA,604578.0
2025-01-13,Volume,AIR.PA,1118878.0
2025-01-13,Volume,BNP.PA,2249295.0
2025-01-13,Volume,CS.PA,3211352.0
2025-01-13,Volume,MT.AS,1816931.0
2025-01-14,Close,AC.PA,47.5099983215332
2025-01-14,Close,AI.PA,155.89999389648438
2025-01-14,Close,AIR.PA,155.97999572753906
2025-01-14,Close,BNP.PA,60.810001373291016
2025-01-14,Close,CS.PA,33.65999984741211
2025-01-14,Close,MT.AS,21.84000015258789
2025-01-14,High,AC.PA,47.63999938964844
2025-01-14,High,AI.PA,158.5
2025-01-14,High,AIR.PA,157.60000610351562
2025-01-14,High,BNP.PA,61.41999816894531
2025-01-14,High,CS.PA,33.95000076293945
2025-01-14,High,MT.AS,22.1200008392334
2025-01-14,Low,AC.PA,47.09999847412109
2025-01-14,Low,AI.PA,155.47999572753906
2025-01-14,Low,AIR.PA,155.3000030517578
2025-01-14,Low,BNP.PA,60.630001068115234
2025-01-14,Low,CS.PA,33.560001373291016
2025-01-14,Low,MT.AS,21.739999771118164
2025-01-14,Open,AC.PA,47.20000076293945
2025-01-14,Open,AI.PA,158.17999267578125
2025-01-14,Open,AIR.PA,156.22000122070312
2025-01-14,Open,BNP.PA,60.630001068115234
2025-01-14,Open,CS.PA,33.79999923706055
2025-01-14,Open,MT.AS,22.0
2025-01-14,Volume,AC.PA,606550.0
2025-01-14,Volume,AI.PA,539054.0
2025-01-14,Volume,AIR.PA,960941.0
2025-01-14,Volume,BNP.PA,3608506.0
2025-01-14,Volume,CS.PA,3407363.0
2025-01-14,Volume,MT.AS,2975891.0
2025-01-15,Close,AC.PA,47.81999969482422
2025-01-15,Close,AI.PA,156.39999389648438
2025-01-15,Close,AIR.PA,154.3800048828125
2025-01-15,Close,BNP.PA,62.08000183105469
2025-01-15,Close,CS.PA,34.400001525878906
2025-01-15,Close,MT.AS,22.38999938964844
2025-01-15,High,AC.PA,47.81999969482422
2025-01-15,High,AI.PA,158.22000122070312
2025-01-15,High,AIR.PA,157.3000030517578
2025-01-15,High,BNP.PA,62.34999847412109
2025-01-15,High,CS.PA,34.5
2025-01-15,High,MT.AS,22.440000534057617
2025-01-15,Low,AC.PA,47.400001525878906
2025-01-15,Low,AI.PA,155.8000030517578
2025-01-15,Low,AIR.PA,154.3800048828125
2025-01-15,Low,BNP.PA,60.47999954223633
2025-01-15,Low,CS.PA,33.869998931884766
2025-01-15,Low,MT.AS,21.82999992370605
2025-01-15,Open,AC.PA,47.52000045776367
2025-01-15,Open,AI.PA,156.24000549316406
2025-01-15,Open,AIR.PA,156.0
2025-01-15,Open,BNP.PA,61.02999877929688
2025-01-15,Open,CS.PA,33.939998626708984
2025-01-15,Open,MT.AS,21.86000061035156
2025-01-15,Volume,AC.PA,447293.0
2025-01-15,Volume,AI.PA,998245.0
2025-01-15,Volume,AIR.PA,1796913.0
2025-01-15,Volume,BNP.PA,4240049.0
2025-01-15,Volume,CS.PA,5182708.0
2025-01-15,Volume,MT.AS,3357778.0
2025-01-16,Close,AC.PA,47.650001525878906
2025-01-16,Close,AI.PA,158.27999877929688
2025-01-16,Close,AIR.PA,157.1999969482422
2025-01-16,Close,BNP.PA,62.209999084472656
2025-01-16,Close,CS.PA,35.08000183105469
2025-01-16,Close,MT.AS,22.649999618530277
2025-01-16,High,AC.PA,48.34999847412109
2025-01-16,High,AI.PA,158.6199951171875
2025-01-16,High,AIR.PA,158.13999938964844
2025-01-16,High,BNP.PA,62.79999923706055
2025-01-16,High,CS.PA,35.099998474121094
2025-01-16,High,MT.AS,22.950000762939453
2025-01-16,Low,AC.PA,47.56999969482422
2025-01-16,Low,AI.PA,156.1199951171875
2025-01-16,Low,AIR.PA,155.05999755859375
2025-01-16,Low,BNP.PA,61.959999084472656
2025-01-16,Low,CS.PA,34.119998931884766
2025-01-16,Low,MT.AS,22.540000915527344
2025-01-16,Open,AC.PA,48.0
2025-01-16,Open,AI.PA,157.16000366210938
2025-01-16,Open,AIR.PA,156.0399932861328
2025-01-16,Open,BNP.PA,62.79999923706055
2025-01-16,Open,CS.PA,34.349998474121094
2025-01-16,Open,MT.AS,22.88999938964844
2025-01-16,Volume,AC.PA,422759.0
2025-01-16,Volume,AI.PA,774718.0
2025-01-16,Volume,AIR.PA,1009475.0
2025-01-16,Volume,BNP.PA,2413140.0
2025-01-16,Volume,CS.PA,4383239.0
2025-01-16,Volume,MT.AS,2190043.0
2025-01-17,Close,AC.PA,48.060001373291016
2025-01-17,Close,AI.PA,161.5
2025-01-17,Close,AIR.PA,160.77999877929688
2025-01-17,Close,BNP.PA,62.2400016784668
2025-01-17,Close,CS.PA,35.36000061035156
2025-01-17,Close,MT.AS,22.71999931335449
2025-01-17,High,AC.PA,48.13999938964844
2025-01-17,High,AI.PA,161.55999755859375
2025-01-17,High,AIR.PA,161.4600067138672
2025-01-17,High,BNP.PA,62.7400016784668
2025-01-17,High,CS.PA,35.540000915527344
2025-01-17,High,MT.AS,22.8700008392334
2025-01-17,Low,AC.PA,47.54999923706055
2025-01-17,Low,AI.PA,159.0
2025-01-17,Low,AIR.PA,157.82000732421875
2025-01-17,Low,BNP.PA,62.02999877929688
2025-01-17,Low,CS.PA,35.18000030517578
2025-01-17,Low,MT.AS,22.51000022888184
2025-01-17,Open,AC.PA,47.790000915527344
2025-01-17,Open,AI.PA,159.24000549316406
2025-01-17,Open,AIR.PA,157.9600067138672
2025-01-17,Open,BNP.PA,62.560001373291016
2025-01-17,Open,CS.PA,35.2599983215332
2025-01-17,Open,MT.AS,22.81999969482422
2025-01-17,Volume,AC.PA,597768.0
2025-01-17,Volume,AI.PA,1089381.0
2025-01-17,Volume,AIR.PA,1666035.0
2025-01-17,Volume,BNP.PA,3346287.0
2025-01-17,Volume,CS.PA,4440865.0
2025-01-17,Volume,MT.AS,2474222.0
2025-01-20,Close,AC.PA,48.2599983215332
2025-01-20,Close,AI.PA,162.02000427246094
2025-01-20,Close,AIR.PA,163.4199981689453
2025-01-20,Close,BNP.PA,62.95000076293945
2025-01-20,Close,CS.PA,35.34000015258789
2025-01-20,Close,MT.AS,23.239999771118164
2025-01-20,High,AC.PA,48.58000183105469
2025-01-20,High,AI.PA,162.47999572753906
2025-01-20,High,AIR.PA,164.3800048828125
2025-01-20,High,BNP.PA,63.25
2025-01-20,High,CS.PA,35.52000045776367
2025-01-20,High,MT.AS,23.46999931335449
2025-01-20,Low,AC.PA,47.9900016784668
2025-01-20,Low,AI.PA,161.22000122070312
2025-01-20,Low,AIR.PA,160.63999938964844
2025-01-20,Low,BNP.PA,62.43000030517578
2025-01-20,Low,CS.PA,35.2599983215332
2025-01-20,Low,MT.AS,22.649999618530277
2025-01-20,Open,AC.PA,48.0
2025-01-20,Open,AI.PA,161.82000732421875
2025-01-20,Open,AIR.PA,160.74000549316406
2025-01-20,Open,BNP.PA,62.5099983215332
2025-01-20,Open,CS.PA,35.29999923706055
2025-01-20,Open,MT.AS,22.71999931335449
2025-01-20,Volume,AC.PA,364065.0
2025-01-20,Volume,AI.PA,628356.0
2025-01-20,Volume,AIR.PA,1146737.0
2025-01-20,Volume,BNP.PA,2581551.0
2025-01-20,Volume,CS.PA,3307881.0
2025-01-20,Volume,MT.AS,2768860.0
2025-01-21,Close,AC.PA,48.31999969482422
2025-01-21,Close,AI.PA,160.86000061035156
2025-01-21,Close,AIR.PA,163.3000030517578
2025-01-21,Close,BNP.PA,63.11000061035156
2025-01-21,Close,CS.PA,35.25
2025-01-21,Close,MT.AS,22.989999771118164
2025-01-21,High,AC.PA,48.68999862670898
2025-01-21,High,AI.PA,161.8000030517578
2025-01-21,High,AIR.PA,163.47999572753906
2025-01-21,High,BNP.PA,63.209999084472656
2025-01-21,High,CS.PA,35.52000045776367
2025-01-21,High,MT.AS,23.13999938964844
2025-01-21,Low,AC.PA,48.150001525878906
2025-01-21,Low,AI.PA,160.52000427246094
2025-01-21,Low,AIR.PA,161.63999938964844
2025-01-21,Low,BNP.PA,62.72999954223633
2025-01-21,Low,CS.PA,35.130001068115234
2025-01-21,Low,MT.AS,22.76000022888184
2025-01-21,Open,AC.PA,48.2599983215332
2025-01-21,Open,AI.PA,161.8000030517578
2025-01-21,Open,AIR.PA,163.0
2025-01-21,Open,BNP.PA,63.02999877929688
2025-01-21,Open,CS.PA,35.29999923706055
2025-01-21,Open,MT.AS,22.8700008392334
2025-01-21,Volume,AC.PA,354737.0
2025-01-21,Volume,AI.PA,512402.0
2025-01-21,Volume,AIR.PA,974763.0
2025-01-21,Volume,BNP.PA,1841077.0
2025-01-21,Volume,CS.PA,3842600.0
2025-01-21,Volume,MT.AS,2559432.0
2025-01-22,Close,AC.PA,49.04999923706055
2025-01-22,Close,AI.PA,162.39999389648438
2025-01-22,Close,AIR.PA,165.13999938964844
2025-01-22,Close,BNP.PA,62.310001373291016
2025-01-22,Close,CS.PA,35.720001220703125
2025-01-22,Close,MT.AS,22.520000457763672
2025-01-22,High,AC.PA,49.18999862670898
2025-01-22,High,AI.PA,162.39999389648438
2025-01-22,High,AIR.PA,165.13999938964844
2025-01-22,High,BNP.PA,63.18000030517578
2025-01-22,High,CS.PA,35.959999084472656
2025-01-22,High,MT.AS,22.90999984741211
2025-01-22,Low,AC.PA,48.43000030517578
2025-01-22,Low,AI.PA,160.24000549316406
2025-01-22,Low,AIR.PA,162.60000610351562
2025-01-22,Low,BNP.PA,62.130001068115234
2025-01-22,Low,CS.PA,35.220001220703125
2025-01-22,Low,MT.AS,22.420000076293945
2025-01-22,Open,AC.PA,48.5
2025-01-22,Open,AI.PA,160.52000427246094
2025-01-22,Open,AIR.PA,163.3800048828125
2025-01-22,Open,BNP.PA,63.040000915527344
2025-01-22,Open,CS.PA,35.220001220703125
2025-01-22,Open,MT.AS,22.82999992370605
2025-01-22,Volume,AC.PA,420562.0
2025-01-22,Volume,AI.PA,761824.0
2025-01-22,Volume,AIR.PA,1057154.0
2025-01-22,Volume,BNP.PA,2831825.0
2025-01-22,Volume,CS.PA,4876478.0
2025-01-22,Volume,MT.AS,2846488.0
2025-01-23,Close,AC.PA,48.58000183105469
2025-01-23,Close,AI.PA,161.72000122070312
2025-01-23,Close,AIR.PA,166.66000366210938
2025-01-23,Close,BNP.PA,63.380001068115234
2025-01-23,Close,CS.PA,36.119998931884766
2025-01-23,Close,MT.AS,22.96999931335449
2025-01-23,High,AC.PA,49.0
2025-01-23,High,AI.PA,162.66000366210938
2025-01-23,High,AIR.PA,166.77999877929688
2025-01-23,High,BNP.PA,63.43999862670898
2025-01-23,High,CS.PA,36.209999084472656
2025-01-23,High,MT.AS,22.96999931335449
2025-01-23,Low,AC.PA,48.16999816894531
2025-01-23,Low,AI.PA,161.5800018310547
2025-01-23,Low,AIR.PA,164.25999450683594
2025-01-23,Low,BNP.PA,62.52999877929688
2025-01-23,Low,CS.PA,35.75
2025-01-23,Low,MT.AS,22.299999237060547
2025-01-23,Open,AC.PA,49.0
2025-01-23,Open,AI.PA,162.60000610351562
2025-01-23,Open,AIR.PA,166.0
2025-01-23,Open,BNP.PA,62.560001373291016
2025-01-23,Open,CS.PA,35.869998931884766
2025-01-23,Open,MT.AS,22.43000030517578
2025-01-23,Volume,AC.PA,642338.0
2025-01-23,Volume,AI.PA,579559.0
2025-01-23,Volume,AIR.PA,870632.0
2025-01-23,Volume,BNP.PA,2412811.0
2025-01-23,Volume,CS.PA,4237231.0
2025-01-23,Volume,MT.AS,2184630.0
2025-01-24,Close,AC.PA,48.97999954223633
2025-01-24,Close,AI.PA,163.75999450683594
2025-01-24,Close,AIR.PA,167.0399932861328
2025-01-24,Close,BNP.PA,63.61000061035156
2025-01-24,Close,CS.PA,35.900001525878906
2025-01-24,Close,MT.AS,23.709999084472656
2025-01-24,High,AC.PA,49.45000076293945
2025-01-24,High,AI.PA,164.5800018310547
2025-01-24,High,AIR.PA,167.47999572753906
2025-01-24,High,BNP.PA,64.37999725341797
2025-01-24,High,CS.PA,36.2599983215332
2025-01-24,High,MT.AS,23.959999084472656
2025-01-24,Low,AC.PA,48.7599983215332
2025-01-24,Low,AI.PA,163.0800018310547
2025-01-24,Low,AIR.PA,166.24000549316406
2025-01-24,Low,BNP.PA,63.369998931884766
2025-01-24,Low,CS.PA,35.88999938964844
2025-01-24,Low,MT.AS,23.32999992370605
2025-01-24,Open,AC.PA,48.79999923706055
2025-01-24,Open,AI.PA,163.10000610351562
2025-01-24,Open,AIR.PA,167.0
2025-01-24,Open,BNP.PA,63.7400016784668
2025-01-24,Open,CS.PA,36.09999847412109
2025-01-24,Open,MT.AS,23.3700008392334
2025-01-24,Volume,AC.PA,419396.0
2025-01-24,Volume,AI.PA,818607.0
2025-01-24,Volume,AIR.PA,716160.0
2025-01-24,Volume,BNP.PA,1858272.0
2025-01-24,Volume,CS.PA,4166064.0
2025-01-24,Volume,MT.AS,3359533.0
2025-01-27,Close,AC.PA,48.88999938964844
2025-01-27,Close,AI.PA,165.94000244140625
2025-01-27,Close,AIR.PA,165.83999633789062
2025-01-27,Close,BNP.PA,64.2300033569336
2025-01-27,Close,CS.PA,36.34999847412109
2025-01-27,Close,MT.AS,23.75
2025-01-27,High,AC.PA,49.11000061035156
2025-01-27,High,AI.PA,166.6199951171875
2025-01-27,High,AIR.PA,167.44000244140625
2025-01-27,High,BNP.PA,64.52999877929688
2025-01-27,High,CS.PA,36.619998931884766
2025-01-27,High,MT.AS,23.84000015258789
2025-01-27,Low,AC.PA,48.25
2025-01-27,Low,AI.PA,162.82000732421875
2025-01-27,Low,AIR.PA,163.5399932861328
2025-01-27,Low,BNP.PA,63.369998931884766
2025-01-27,Low,CS.PA,35.939998626708984
2025-01-27,Low,MT.AS,23.489999771118164
2025-01-27,Open,AC.PA,48.650001525878906
2025-01-27,Open,AI.PA,163.0
2025-01-27,Open,AIR.PA,166.16000366210938
2025-01-27,Open,BNP.PA,63.43000030517578
2025-01-27,Open,CS.PA,35.97999954223633
2025-01-27,Open,MT.AS,23.57999992370605
2025-01-27,Volume,AC.PA,484620.0
2025-01-27,Volume,AI.PA,767685.0
2025-01-27,Volume,AIR.PA,989379.0
2025-01-27,Volume,BNP.PA,3000292.0
2025-01-27,Volume,CS.PA,6305974.0
2025-01-27,Volume,MT.AS,2451796.0
2025-01-28,Close,AC.PA,49.459999084472656
2025-01-28,Close,AI.PA,166.6999969482422
2025-01-28,Close,AIR.PA,166.8000030517578
2025-01-28,Close,BNP.PA,64.58000183105469
2025-01-28,Close,CS.PA,36.66999816894531
2025-01-28,Close,MT.AS,23.729999542236328
2025-01-28,High,AC.PA,49.59999847412109
2025-01-28,High,AI.PA,167.55999755859375
2025-01-28,High,AIR.PA,167.44000244140625
2025-01-28,High,BNP.PA,65.04000091552734
2025-01-28,High,CS.PA,36.810001373291016
2025-01-28,High,MT.AS,23.8700008392334
2025-01-28,Low,AC.PA,48.79999923706055
2025-01-28,Low,AI.PA,165.24000549316406
2025-01-28,Low,AIR.PA,164.9600067138672
2025-01-28,Low,BNP.PA,64.05000305175781
2025-01-28,Low,CS.PA,36.119998931884766
2025-01-28,Low,MT.AS,23.530000686645508
2025-01-28,Open,AC.PA,48.88999938964844
2025-01-28,Open,AI.PA,165.55999755859375
2025-01-28,Open,AIR.PA,165.16000366210938
2025-01-28,Open,BNP.PA,64.2300033569336
2025-01-28,Open,CS.PA,36.22999954223633
2025-01-28,Open,MT.AS,23.63999938964844
2025-01-28,Volume,AC.PA,440857.0
2025-01-28,Volume,AI.PA,623747.0
2025-01-28,Volume,AIR.PA,794920.0
2025-01-28,Volume,BNP.PA,2440646.0
2025-01-28,Volume,CS.PA,3367446.0
2025-01-28,Volume,MT.AS,1551124.0
2025-01-29,Close,AC.PA,49.369998931884766
2025-01-29,Close,AI.PA,167.3800048828125
2025-01-29,Close,AIR.PA,166.6199951171875
2025-01-29,Close,BNP.PA,64.66999816894531
2025-01-29,Close,CS.PA,36.47999954223633
2025-01-29,Close,MT.AS,23.790000915527344
2025-01-29,High,AC.PA,49.900001525878906
2025-01-29,High,AI.PA,167.5800018310547
2025-01-29,High,AIR.PA,168.0399932861328
2025-01-29,High,BNP.PA,64.80000305175781
2025-01-29,High,CS.PA,36.77999877929688
2025-01-29,High,MT.AS,23.959999084472656
2025-01-29,Low,AC.PA,49.369998931884766
2025-01-29,Low,AI.PA,165.3000030517578
2025-01-29,Low,AIR.PA,166.10000610351562
2025-01-29,Low,BNP.PA,64.05999755859375
2025-01-29,Low,CS.PA,36.31999969482422
2025-01-29,Low,MT.AS,23.34000015258789
2025-01-29,Open,AC.PA,49.58000183105469
2025-01-29,Open,AI.PA,166.1999969482422
2025-01-29,Open,AIR.PA,166.47999572753906
2025-01-29,Open,BNP.PA,64.48999786376953
2025-01-29,Open,CS.PA,36.59999847412109
2025-01-29,Open,MT.AS,23.950000762939453
2025-01-29,Volume,AC.PA,483853.0
2025-01-29,Volume,AI.PA,562518.0
2025-01-29,Volume,AIR.PA,717277.0
2025-01-29,Volume,BNP.PA,2128766.0
2025-01-29,Volume,CS.PA,2984217.0
2025-01-29,Volume,MT.AS,1677632.0
2025-01-30,Close,AC.PA,49.560001373291016
2025-01-30,Close,AI.PA,169.13999938964844
2025-01-30,Close,AIR.PA,166.32000732421875
2025-01-30,Close,BNP.PA,65.66000366210938
2025-01-30,Close,CS.PA,36.68999862670898
2025-01-30,Close,MT.AS,24.270000457763672
2025-01-30,High,AC.PA,49.970001220703125
2025-01-30,High,AI.PA,169.5800018310547
2025-01-30,High,AIR.PA,167.33999633789062
2025-01-30,High,BNP.PA,65.93000030517578
2025-01-30,High,CS.PA,36.81999969482422
2025-01-30,High,MT.AS,24.459999084472656
2025-01-30,Low,AC.PA,49.36000061035156
2025-01-30,Low,AI.PA,167.05999755859375
2025-01-30,Low,AIR.PA,165.94000244140625
2025-01-30,Low,BNP.PA,64.58000183105469
2025-01-30,Low,CS.PA,36.41999816894531
2025-01-30,Low,MT.AS,23.82999992370605
2025-01-30,Open,AC.PA,49.5
2025-01-30,Open,AI.PA,167.72000122070312
2025-01-30,Open,AIR.PA,167.0399932861328
2025-01-30,Open,BNP.PA,64.79000091552734
2025-01-30,Open,CS.PA,36.56999969482422
2025-01-30,Open,MT.AS,23.84000015258789
2025-01-30,Volume,AC.PA,766900.0
2025-01-30,Volume,AI.PA,557393.0
2025-01-30,Volume,AIR.PA,1001567.0
2025-01-30,Volume,BNP.PA,2838071.0
2025-01-30,Volume,CS.PA,3906503.0
2025-01-30,Volume,MT.AS,3037848.0
2025-01-31,Close,AC.PA,49.7599983215332
2025-01-31,Close,AI.PA,168.60000610351562
2025-01-31,Close,AIR.PA,167.1199951171875
2025-01-31,Close,BNP.PA,65.72000122070312
2025-01-31,Close,CS.PA,36.650001525878906
2025-01-31,Close,MT.AS,24.170000076293945
2025-01-31,High,AC.PA,49.93999862670898
2025-01-31,High,AI.PA,170.02000427246094
2025-01-31,High,AIR.PA,169.05999755859375
2025-01-31,High,BNP.PA,66.06999969482422
2025-01-31,High,CS.PA,37.0
2025-01-31,High,MT.AS,24.290000915527344
2025-01-31,Low,AC.PA,49.43000030517578
2025-01-31,Low,AI.PA,168.22000122070312
2025-01-31,Low,AIR.PA,166.4199981689453
2025-01-31,Low,BNP.PA,65.44999694824219
2025-01-31,Low,CS.PA,36.58000183105469
2025-01-31,Low,MT.AS,24.059999465942383
2025-01-31,Open,AC.PA,49.52000045776367
2025-01-31,Open,AI.PA,169.6999969482422
2025-01-31,Open,AIR.PA,167.0
2025-01-31,Open,BNP.PA,65.5999984741211
2025-01-31,Open,CS.PA,36.720001220703125
2025-01-31,Open,MT.AS,24.239999771118164
2025-01-31,Volume,AC.PA,633014.0
2025-01-31,Volume,AI.PA,779461.0
2025-01-31,Volume,AIR.PA,1321658.0
2025-01-31,Volume,BNP.PA,2930668.0
2025-01-31,Volume,CS.PA,5133800.0
2025-01-31,Volume,MT.AS,2128127.0
2025-02-03,Close,AC.PA,49.09000015258789
2025-02-03,Close,AI.PA,167.8000030517578
2025-02-03,Close,AIR.PA,166.5800018310547
2025-02-03,Close,BNP.PA,64.31999969482422
2025-02-03,Close,CS.PA,36.369998931884766
2025-02-03,Close,MT.AS,23.76000022888184
2025-02-03,High,AC.PA,49.310001373291016
2025-02-03,High,AI.PA,167.89999389648438
2025-02-03,High,AIR.PA,166.77999877929688
2025-02-03,High,BNP.PA,64.8499984741211
2025-02-03,High,CS.PA,36.459999084472656
2025-02-03,High,MT.AS,23.76000022888184
2025-02-03,Low,AC.PA,48.47999954223633
2025-02-03,Low,AI.PA,164.86000061035156
2025-02-03,Low,AIR.PA,162.82000732421875
2025-02-03,Low,BNP.PA,63.79999923706055
2025-02-03,Low,CS.PA,36.0099983215332
2025-02-03,Low,MT.AS,22.440000534057617
2025-02-03,Open,AC.PA,48.58000183105469
2025-02-03,Open,AI.PA,165.4600067138672
2025-02-03,Open,AIR.PA,163.5399932861328
2025-02-03,Open,BNP.PA,64.18000030517578
2025-02-03,Open,CS.PA,36.04999923706055
2025-02-03,Open,MT.AS,22.6200008392334
2025-02-03,Volume,AC.PA,586152.0
2025-02-03,Volume,AI.PA,840957.0
2025-02-03,Volume,AIR.PA,1487261.0
2025-02-03,Volume,BNP.PA,4014970.0
2025-02-03,Volume,CS.PA,3718862.0
2025-02-03,Volume,MT.AS,4376424.0
2025-02-04,Close,AC.PA,49.34999847412109
2025-02-04,Close,AI.PA,168.27999877929688
2025-02-04,Close,AIR.PA,166.02000427246094
2025-02-04,Close,BNP.PA,67.05000305175781
2025-02-04,Close,CS.PA,37.060001373291016
2025-02-04,Close,MT.AS,24.21999931335449
2025-02-04,High,AC.PA,49.5
2025-02-04,High,AI.PA,168.47999572753906
2025-02-04,High,AIR.PA,168.1199951171875
2025-02-04,High,BNP.PA,67.05000305175781
2025-02-04,High,CS.PA,37.13999938964844
2025-02-04,High,MT.AS,24.290000915527344
2025-02-04,Low,AC.PA,49.0
2025-02-04,Low,AI.PA,166.3000030517578
2025-02-04,Low,AIR.PA,165.0800018310547
2025-02-04,Low,BNP.PA,65.0199966430664
2025-02-04,Low,CS.PA,36.369998931884766
2025-02-04,Low,MT.AS,23.63999938964844
2025-02-04,Open,AC.PA,49.40999984741211
2025-02-04,Open,AI.PA,167.33999633789062
2025-02-04,Open,AIR.PA,167.66000366210938
2025-02-04,Open,BNP.PA,66.5
2025-02-04,Open,CS.PA,36.5
2025-02-04,Open,MT.AS,23.76000022888184
2025-02-04,Volume,AC.PA,556296.0
2025-02-04,Volume,AI.PA,630442.0
2025-02-04,Volume,AIR.PA,717977.0
2025-02-04,Volume,BNP.PA,5238937.0
2025-02-04,Volume,CS.PA,4142009.0
2025-02-04,Volume,MT.AS,2256501.0
2025-02-05,Close,AC.PA,49.27000045776367
2025-02-05,Close,AI.PA,167.63999938964844
2025-02-05,Close,AIR.PA,166.89999389648438
2025-02-05,Close,BNP.PA,66.4000015258789
2025-02-05,Close,CS.PA,36.95000076293945
2025-02-05,Close,MT.AS,24.36000061035156
2025-02-05,High,AC.PA,49.43000030517578
2025-02-05,High,AI.PA,168.16000366210938
2025-02-05,High,AIR.PA,166.89999389648438
2025-02-05,High,BNP.PA,67.37999725341797
2025-02-05,High,CS.PA,37.0099983215332
2025-02-05,High,MT.AS,24.51000022888184
2025-02-05,Low,AC.PA,48.970001220703125
2025-02-05,Low,AI.PA,166.5399932861328
2025-02-05,Low,AIR.PA,164.75999450683594
2025-02-05,Low,BNP.PA,65.87000274658203
2025-02-05,Low,CS.PA,36.720001220703125
2025-02-05,Low,MT.AS,23.989999771118164
2025-02-05,Open,AC.PA,49.18999862670898
2025-02-05,Open,AI.PA,167.63999938964844
2025-02-05,Open,AIR.PA,165.0
2025-02-05,Open,BNP.PA,66.97000122070312
2025-02-05,Open,CS.PA,36.90999984741211
2025-02-05,Open,MT.AS,24.15999984741211
2025-02-05,Volume,AC.PA,401375.0
2025-02-05,Volume,AI.PA,518180.0
2025-02-05,Volume,AIR.PA,815149.0
2025-02-05,Volume,BNP.PA,3172600.0
2025-02-05,Volume,CS.PA,3109910.0
2025-02-05,Volume,MT.AS,2530007.0
2025-02-06,Close,AC.PA,49.970001220703125
2025-02-06,Close,AI.PA,170.32000732421875
2025-02-06,Close,AIR.PA,167.89999389648438
2025-02-06,Close,BNP.PA,68.26000213623047
2025-02-06,Close,CS.PA,37.380001068115234
2025-02-06,Close,MT.AS,27.61000061035156
2025-02-06,High,AC.PA,50.040000915527344
2025-02-06,High,AI.PA,170.44000244140625
2025-02-06,High,AIR.PA,168.10000610351562
2025-02-06,High,BNP.PA,68.44999694824219
2025-02-06,High,CS.PA,37.54999923706055
2025-02-06,High,MT.AS,27.850000381469727
2025-02-06,Low,AC.PA,49.209999084472656
2025-02-06,Low,AI.PA,166.0
2025-02-06,Low,AIR.PA,166.1999969482422
2025-02-06,Low,BNP.PA,66.55000305175781
2025-02-06,Low,CS.PA,37.040000915527344
2025-02-06,Low,MT.AS,24.8700008392334
2025-02-06,Open,AC.PA,49.36000061035156
2025-02-06,Open,AI.PA,167.9199981689453
2025-02-06,Open,AIR.PA,167.36000061035156
2025-02-06,Open,BNP.PA,66.75
2025-02-06,Open,CS.PA,37.11000061035156
2025-02-06,Open,MT.AS,24.899999618530277
2025-02-06,Volume,AC.PA,494869.0
2025-02-06,Volume,AI.PA,1062175.0
2025-02-06,Volume,AIR.PA,806730.0
2025-02-06,Volume,BNP.PA,4195725.0
2025-02-06,Volume,CS.PA,6542340.0
2025-02-06,Volume,MT.AS,11236094.0
2025-02-07,Close,AC.PA,49.900001525878906
2025-02-07,Close,AI.PA,169.1199951171875
2025-02-07,Close,AIR.PA,166.9199981689453
2025-02-07,Close,BNP.PA,69.44999694824219
2025-02-07,Close,CS.PA,37.560001373291016
2025-02-07,Close,MT.AS,27.36000061035156
2025-02-07,High,AC.PA,50.380001068115234
2025-02-07,High,AI.PA,171.44000244140625
2025-02-07,High,AIR.PA,168.32000732421875
2025-02-07,High,BNP.PA,69.73999786376953
2025-02-07,High,CS.PA,37.709999084472656
2025-02-07,High,MT.AS,28.170000076293945
2025-02-07,Low,AC.PA,49.84999847412109
2025-02-07,Low,AI.PA,168.82000732421875
2025-02-07,Low,AIR.PA,166.36000061035156
2025-02-07,Low,BNP.PA,68.80999755859375
2025-02-07,Low,CS.PA,37.4900016784668
2025-02-07,Low,MT.AS,27.18000030517578
2025-02-07,Open,AC.PA,50.18000030517578
2025-02-07,Open,AI.PA,171.0
2025-02-07,Open,AIR.PA,168.17999267578125
2025-02-07,Open,BNP.PA,68.98999786376953
2025-02-07,Open,CS.PA,37.58000183105469
2025-02-07,Open,MT.AS,27.399999618530277
2025-02-07,Volume,AC.PA,605217.0
2025-02-07,Volume,AI.PA,634754.0
2025-02-07,Volume,AIR.PA,887988.0
2025-02-07,Volume,BNP.PA,4583335.0
2025-02-07,Volume,CS.PA,2798102.0
2025-02-07,Volume,MT.AS,7160096.0
2025-02-10,Close,AC.PA,50.380001068115234
2025-02-10,Close,AI.PA,169.77999877929688
2025-02-10,Close,AIR.PA,167.44000244140625
2025-02-10,Close,BNP.PA,69.48999786376953
2025-02-10,Close,CS.PA,37.7400016784668
2025-02-10,Close,MT.AS,27.200000762939453
2025-02-10,High,AC.PA,50.59999847412109
2025-02-10,High,AI.PA,169.94000244140625
2025-02-10,High,AIR.PA,167.8800048828125
2025-02-10,High,BNP.PA,70.11000061035156
2025-02-10,High,CS.PA,37.79999923706055
2025-02-10,High,MT.AS,27.229999542236328
2025-02-10,Low,AC.PA,50.0
2025-02-10,Low,AI.PA,168.0399932861328
2025-02-10,Low,AIR.PA,166.25999450683594
2025-02-10,Low,BNP.PA,69.30999755859375
2025-02-10,Low,CS.PA,37.52000045776367
2025-02-10,Low,MT.AS,26.36000061035156
2025-02-10,Open,AC.PA,50.09999847412109
2025-02-10,Open,AI.PA,169.24000549316406
2025-02-10,Open,AIR.PA,166.44000244140625
2025-02-10,Open,BNP.PA,69.43000030517578
2025-02-10,Open,CS.PA,37.619998931884766
2025-02-10,Open,MT.AS,26.5
2025-02-10,Volume,AC.PA,714670.0
2025-02-10,Volume,AI.PA,787945.0
2025-02-10,Volume,AIR.PA,785898.0
2025-02-10,Volume,BNP.PA,3623884.0
2025-02-10,Volume,CS.PA,2707777.0
2025-02-10,Volume,MT.AS,3104041.0
2025-02-11,Close,AC.PA,49.709999084472656
2025-02-11,Close,AI.PA,170.63999938964844
2025-02-11,Close,AIR.PA,167.22000122070312
2025-02-11,Close,BNP.PA,70.12999725341797
2025-02-11,Close,CS.PA,38.0
2025-02-11,Close,MT.AS,26.68000030517578
2025-02-11,High,AC.PA,50.2400016784668
2025-02-11,High,AI.PA,171.22000122070312
2025-02-11,High,AIR.PA,168.02000427246094
2025-02-11,High,BNP.PA,70.22000122070312
2025-02-11,High,CS.PA,38.09000015258789
2025-02-11,High,MT.AS,27.18000030517578
2025-02-11,Low,AC.PA,49.18999862670898
2025-02-11,Low,AI.PA,169.5399932861328
2025-02-11,Low,AIR.PA,166.10000610351562
2025-02-11,Low,BNP.PA,69.37000274658203
2025-02-11,Low,CS.PA,37.65999984741211
2025-02-11,Low,MT.AS,26.530000686645508
2025-02-11,Open,AC.PA,50.02000045776367
2025-02-11,Open,AI.PA,169.6999969482422
2025-02-11,Open,AIR.PA,167.86000061035156
2025-02-11,Open,BNP.PA,69.69999694824219
2025-02-11,Open,CS.PA,37.7599983215332
2025-02-11,Open,MT.AS,27.030000686645508
2025-02-11,Volume,AC.PA,759090.0
2025-02-11,Volume,AI.PA,463935.0
2025-02-11,Volume,AIR.PA,699736.0
2025-02-11,Volume,BNP.PA,2409379.0
2025-02-11,Volume,CS.PA,2736795.0
2025-02-11,Volume,MT.AS,2743889.0
2025-02-12,Close,AC.PA,49.91999816894531
2025-02-12,Close,AI.PA,170.82000732421875
2025-02-12,Close,AIR.PA,169.8800048828125
2025-02-12,Close,BNP.PA,70.94000244140625
2025-02-12,Close,CS.PA,38.02999877929688
2025-02-12,Close,MT.AS,26.850000381469727
2025-02-12,High,AC.PA,50.040000915527344
2025-02-12,High,AI.PA,171.0800018310547
2025-02-12,High,AIR.PA,169.89999389648438
2025-02-12,High,BNP.PA,71.12999725341797
2025-02-12,High,CS.PA,38.2400016784668
2025-02-12,High,MT.AS,26.979999542236328
2025-02-12,Low,AC.PA,49.56999969482422
2025-02-12,Low,AI.PA,169.22000122070312
2025-02-12,Low,AIR.PA,167.67999267578125
2025-02-12,Low,BNP.PA,70.45999908447266
2025-02-12,Low,CS.PA,38.0
2025-02-12,Low,MT.AS,26.450000762939453
2025-02-12,Open,AC.PA,49.869998931884766
2025-02-12,Open,AI.PA,170.44000244140625
2025-02-12,Open,AIR.PA,168.32000732421875
2025-02-12,Open,BNP.PA,70.58000183105469
2025-02-12,Open,CS.PA,38.040000915527344
2025-02-12,Open,MT.AS,26.559999465942383
2025-02-12,Volume,AC.PA,536354.0
2025-02-12,Volume,AI.PA,649125.0
2025-02-12,Volume,AIR.PA,775257.0
2025-02-12,Volume,BNP.PA,2772529.0
2025-02-12,Volume,CS.PA,4011717.0
2025-02-12,Volume,MT.AS,2343530.0
2025-02-13,Close,AC.PA,49.93000030517578
2025-02-13,Close,AI.PA,173.0800018310547
2025-02-13,Close,AIR.PA,169.97999572753906
2025-02-13,Close,BNP.PA,70.0999984741211
2025-02-13,Close,CS.PA,38.0
2025-02-13,Close,MT.AS,27.700000762939453
2025-02-13,High,AC.PA,51.09999847412109
2025-02-13,High,AI.PA,173.9199981689453
2025-02-13,High,AIR.PA,170.9199981689453
2025-02-13,High,BNP.PA,71.54000091552734
2025-02-13,High,CS.PA,38.27999877929688
2025-02-13,High,MT.AS,28.26000022888184
2025-02-13,Low,AC.PA,49.93000030517578
2025-02-13,Low,AI.PA,170.82000732421875
2025-02-13,Low,AIR.PA,168.6199951171875
2025-02-13,Low,BNP.PA,69.80000305175781
2025-02-13,Low,CS.PA,38.0
2025-02-13,Low,MT.AS,27.190000534057617
2025-02-13,Open,AC.PA,50.5
2025-02-13,Open,AI.PA,171.44000244140625
2025-02-13,Open,AIR.PA,170.0
2025-02-13,Open,BNP.PA,71.4800033569336
2025-02-13,Open,CS.PA,38.13999938964844
2025-02-13,Open,MT.AS,28.06999969482422
2025-02-13,Volume,AC.PA,812836.0
2025-02-13,Volume,AI.PA,743225.0
2025-02-13,Volume,AIR.PA,1234015.0
2025-02-13,Volume,BNP.PA,3067525.0
2025-02-13,Volume,CS.PA,3249416.0
2025-02-13,Volume,MT.AS,4408986.0
2025-02-14,Close,AC.PA,50.459999084472656
2025-02-14,Close,AI.PA,174.10000610351562
2025-02-14,Close,AIR.PA,168.52000427246094
2025-02-14,Close,BNP.PA,69.94999694824219
2025-02-14,Close,CS.PA,37.52999877929688
2025-02-14,Close,MT.AS,27.21999931335449
2025-02-14,High,AC.PA,50.52000045776367
2025-02-14,High,AI.PA,174.83999633789062
2025-02-14,High,AIR.PA,169.83999633789062
2025-02-14,High,BNP.PA,70.31999969482422
2025-02-14,High,CS.PA,37.91999816894531
2025-02-14,High,MT.AS,27.649999618530277
2025-02-14,Low,AC.PA,49.77000045776367
2025-02-14,Low,AI.PA,171.47999572753906
2025-02-14,Low,AIR.PA,167.8000030517578
2025-02-14,Low,BNP.PA,69.73999786376953
2025-02-14,Low,CS.PA,37.31999969482422
2025-02-14,Low,MT.AS,26.030000686645508
2025-02-14,Open,AC.PA,49.91999816894531
2025-02-14,Open,AI.PA,171.75999450683594
2025-02-14,Open,AIR.PA,168.22000122070312
2025-02-14,Open,BNP.PA,69.98999786376953
2025-02-14,Open,CS.PA,37.84000015258789
2025-02-14,Open,MT.AS,26.350000381469727
2025-02-14,Volume,AC.PA,889860.0
2025-02-14,Volume,AI.PA,1018479.0
2025-02-14,Volume,AIR.PA,1054827.0
2025-02-14,Volume,BNP.PA,2784882.0
2025-02-14,Volume,CS.PA,3995750.0
2025-02-14,Volume,MT.AS,3375349.0
2025-02-17,Close,AC.PA,50.13999938964844
2025-02-17,Close,AI.PA,174.0
2025-02-17,Close,AIR.PA,170.5
2025-02-17,Close,BNP.PA,69.83000183105469
2025-02-17,Close,CS.PA,37.59000015258789
2025-02-17,Close,MT.AS,27.8700008392334
2025-02-17,High,AC.PA,50.68000030517578
2025-02-17,High,AI.PA,174.33999633789062
2025-02-17,High,AIR.PA,171.63999938964844
2025-02-17,High,BNP.PA,70.70999908447266
2025-02-17,High,CS.PA,37.81999969482422
2025-02-17,High,MT.AS,27.8700008392334
2025-02-17,Low,AC.PA,50.060001373291016
2025-02-17,Low,AI.PA,173.17999267578125
2025-02-17,Low,AIR.PA,168.36000061035156
2025-02-17,Low,BNP.PA,69.83000183105469
2025-02-17,Low,CS.PA,37.470001220703125
2025-02-17,Low,MT.AS,27.25
2025-02-17,Open,AC.PA,50.5
2025-02-17,Open,AI.PA,173.77999877929688
2025-02-17,Open,AIR.PA,168.6999969482422
2025-02-17,Open,BNP.PA,70.02999877929688
2025-02-17,Open,CS.PA,37.560001373291016
2025-02-17,Open,MT.AS,27.34000015258789
2025-02-17,Volume,AC.PA,564968.0
2025-02-17,Volume,AI.PA,436001.0
2025-02-17,Volume,AIR.PA,1214483.0
2025-02-17,Volume,BNP.PA,1505907.0
2025-02-17,Volume,CS.PA,2991112.0
2025-02-17,Volume,MT.AS,2248286.0
2025-02-18,Close,AC.PA,49.540000915527344
2025-02-18,Close,AI.PA,174.36000061035156
2025-02-18,Close,AIR.PA,173.0
2025-02-18,Close,BNP.PA,71.08999633789062
2025-02-18,Close,CS.PA,37.52999877929688
2025-02-18,Close,MT.AS,27.709999084472656
2025-02-18,High,AC.PA,50.2599983215332
2025-02-18,High,AI.PA,174.75999450683594
2025-02-18,High,AIR.PA,174.0
2025-02-18,High,BNP.PA,71.2699966430664
2025-02-18,High,CS.PA,37.68000030517578
2025-02-18,High,MT.AS,28.01000022888184
2025-02-18,Low,AC.PA,49.18000030517578
2025-02-18,Low,AI.PA,172.60000610351562
2025-02-18,Low,AIR.PA,171.5800018310547
2025-02-18,Low,BNP.PA,69.87000274658203
2025-02-18,Low,CS.PA,37.369998931884766
2025-02-18,Low,MT.AS,27.670000076293945
2025-02-18,Open,AC.PA,50.13999938964844
2025-02-18,Open,AI.PA,173.39999389648438
2025-02-18,Open,AIR.PA,172.0
2025-02-18,Open,BNP.PA,69.94999694824219
2025-02-18,Open,CS.PA,37.630001068115234
2025-02-18,Open,MT.AS,27.90999984741211
2025-02-18,Volume,AC.PA,635296.0
2025-02-18,Volume,AI.PA,871303.0
2025-02-18,Volume,AIR.PA,1260936.0
2025-02-18,Volume,BNP.PA,2644716.0
2025-02-18,Volume,CS.PA,3410732.0
2025-02-18,Volume,MT.AS,2424499.0
2025-02-19,Close,AC.PA,48.54999923706055
2025-02-19,Close,AI.PA,172.39999389648438
2025-02-19,Close,AIR.PA,168.9199981689453
2025-02-19,Close,BNP.PA,70.30000305175781
2025-02-19,Close,CS.PA,36.77000045776367
2025-02-19,Close,MT.AS,27.21999931335449
2025-02-19,High,AC.PA,49.650001525878906
2025-02-19,High,AI.PA,174.44000244140625
2025-02-19,High,AIR.PA,173.4600067138672
2025-02-19,High,BNP.PA,71.19999694824219
2025-02-19,High,CS.PA,37.650001525878906
2025-02-19,High,MT.AS,27.93000030517578
2025-02-19,Low,AC.PA,48.5099983215332
2025-02-19,Low,AI.PA,171.72000122070312
2025-02-19,Low,AIR.PA,168.82000732421875
2025-02-19,Low,BNP.PA,69.97000122070312
2025-02-19,Low,CS.PA,36.63999938964844
2025-02-19,Low,MT.AS,26.88999938964844
2025-02-19,Open,AC.PA,49.18999862670898
2025-02-19,Open,AI.PA,174.24000549316406
2025-02-19,Open,AIR.PA,172.5
2025-02-19,Open,BNP.PA,70.88999938964844
2025-02-19,Open,CS.PA,37.5099983215332
2025-02-19,Open,MT.AS,27.649999618530277
2025-02-19,Volume,AC.PA,1063814.0
2025-02-19,Volume,AI.PA,702505.0
2025-02-19,Volume,AIR.PA,1349752.0
2025-02-19,Volume,BNP.PA,2497449.0
2025-02-19,Volume,CS.PA,3883044.0
2025-02-19,Volume,MT.AS,3118225.0
2025-02-20,Close,AC.PA,46.869998931884766
2025-02-20,Close,AI.PA,172.77999877929688
2025-02-20,Close,AIR.PA,165.0800018310547
2025-02-20,Close,BNP.PA,70.87000274658203
2025-02-20,Close,CS.PA,36.84000015258789
2025-02-20,Close,MT.AS,26.81999969482422
2025-02-20,High,AC.PA,48.84999847412109
2025-02-20,High,AI.PA,173.36000061035156
2025-02-20,High,AIR.PA,168.39999389648438
2025-02-20,High,BNP.PA,71.54000091552734
2025-02-20,High,CS.PA,37.11000061035156
2025-02-20,High,MT.AS,27.51000022888184
2025-02-20,Low,AC.PA,46.369998931884766
2025-02-20,Low,AI.PA,171.94000244140625
2025-02-20,Low,AIR.PA,163.22000122070312
2025-02-20,Low,BNP.PA,70.37000274658203
2025-02-20,Low,CS.PA,36.7400016784668
2025-02-20,Low,MT.AS,26.81999969482422
2025-02-20,Open,AC.PA,48.7599983215332
2025-02-20,Open,AI.PA,172.0399932861328
2025-02-20,Open,AIR.PA,167.24000549316406
2025-02-20,Open,BNP.PA,70.37000274658203
2025-02-20,Open,CS.PA,36.810001373291016
2025-02-20,Open,MT.AS,27.18000030517578
2025-02-20,Volume,AC.PA,1104963.0
2025-02-20,Volume,AI.PA,722335.0
2025-02-20,Volume,AIR.PA,1911043.0
2025-02-20,Volume,BNP.PA,3309235.0
2025-02-20,Volume,CS.PA,2796404.0
2025-02-20,Volume,MT.AS,2493470.0
2025-02-21,Close,AC.PA,46.43000030517578
2025-02-21,Close,AI.PA,178.39999389648438
2025-02-21,Close,AIR.PA,160.0
2025-02-21,Close,BNP.PA,71.12000274658203
2025-02-21,Close,CS.PA,36.97999954223633
2025-02-21,Close,MT.AS,27.049999237060547
2025-02-21,High,AC.PA,47.34000015258789
2025-02-21,High,AI.PA,179.8000030517578
2025-02-21,High,AIR.PA,164.16000366210938
2025-02-21,High,BNP.PA,71.44000244140625
2025-02-21,High,CS.PA,37.09999847412109
2025-02-21,High,MT.AS,27.270000457763672
2025-02-21,Low,AC.PA,46.02999877929688
2025-02-21,Low,AI.PA,177.05999755859375
2025-02-21,Low,AIR.PA,159.74000549316406
2025-02-21,Low,BNP.PA,70.75
2025-02-21,Low,CS.PA,36.70000076293945
2025-02-21,Low,MT.AS,26.84000015258789
2025-02-21,Open,AC.PA,47.34000015258789
2025-02-21,Open,AI.PA,177.63999938964844
2025-02-21,Open,AIR.PA,163.0
2025-02-21,Open,BNP.PA,70.83999633789062
2025-02-21,Open,CS.PA,36.84999847412109
2025-02-21,Open,MT.AS,26.84000015258789
2025-02-21,Volume,AC.PA,953415.0
2025-02-21,Volume,AI.PA,1444508.0
2025-02-21,Volume,AIR.PA,1839648.0
2025-02-21,Volume,BNP.PA,2525080.0
2025-02-21,Volume,CS.PA,3651642.0
2025-02-21,Volume,MT.AS,1778340.0
2025-02-24,Close,AC.PA,46.560001373291016
2025-02-24,Close,AI.PA,174.77999877929688
2025-02-24,Close,AIR.PA,164.33999633789062
2025-02-24,Close,BNP.PA,71.08000183105469
2025-02-24,Close,CS.PA,37.09999847412109
2025-02-24,Close,MT.AS,26.82999992370605
2025-02-24,High,AC.PA,46.77000045776367
2025-02-24,High,AI.PA,179.44000244140625
2025-02-24,High,AIR.PA,164.82000732421875
2025-02-24,High,BNP.PA,71.58999633789062
2025-02-24,High,CS.PA,37.18000030517578
2025-02-24,High,MT.AS,27.020000457763672
2025-02-24,Low,AC.PA,45.43999862670898
2025-02-24,Low,AI.PA,174.3000030517578
2025-02-24,Low,AIR.PA,160.75999450683594
2025-02-24,Low,BNP.PA,70.79000091552734
2025-02-24,Low,CS.PA,36.90999984741211
2025-02-24,Low,MT.AS,26.600000381469727
2025-02-24,Open,AC.PA,45.97999954223633
2025-02-24,Open,AI.PA,179.02000427246094
2025-02-24,Open,AIR.PA,161.25999450683594
2025-02-24,Open,BNP.PA,71.0199966430664
2025-02-24,Open,CS.PA,37.119998931884766
2025-02-24,Open,MT.AS,26.81999969482422
2025-02-24,Volume,AC.PA,950846.0
2025-02-24,Volume,AI.PA,568192.0
2025-02-24,Volume,AIR.PA,1166045.0
2025-02-24,Volume,BNP.PA,1770629.0
2025-02-24,Volume,CS.PA,2972832.0
2025-02-24,Volume,MT.AS,1746632.0
2025-02-25,Close,AC.PA,46.790000915527344
2025-02-25,Close,AI.PA,175.5
2025-02-25,Close,AIR.PA,164.10000610351562
2025-02-25,Close,BNP.PA,72.11000061035156
2025-02-25,Close,CS.PA,37.54999923706055
2025-02-25,Close,MT.AS,26.540000915527344
2025-02-25,High,AC.PA,47.56999969482422
2025-02-25,High,AI.PA,175.72000122070312
2025-02-25,High,AIR.PA,166.44000244140625
2025-02-25,High,BNP.PA,72.66000366210938
2025-02-25,High,CS.PA,37.72999954223633
2025-02-25,High,MT.AS,27.11000061035156
2025-02-25,Low,AC.PA,46.34999847412109
2025-02-25,Low,AI.PA,173.60000610351562
2025-02-25,Low,AIR.PA,163.44000244140625
2025-02-25,Low,BNP.PA,71.0
2025-02-25,Low,CS.PA,36.959999084472656
2025-02-25,Low,MT.AS,26.40999984741211
2025-02-25,Open,AC.PA,46.41999816894531
2025-02-25,Open,AI.PA,174.13999938964844
2025-02-25,Open,AIR.PA,164.6999969482422
2025-02-25,Open,BNP.PA,71.0
2025-02-25,Open,CS.PA,37.0
2025-02-25,Open,MT.AS,26.6200008392334
2025-02-25,Volume,AC.PA,661892.0
2025-02-25,Volume,AI.PA,684357.0
2025-02-25,Volume,AIR.PA,1111791.0
2025-02-25,Volume,BNP.PA,2874998.0
2025-02-25,Volume,CS.PA,3398663.0
2025-02-25,Volume,MT.AS,2474659.0
2025-02-26,Close,AC.PA,48.13999938964844
2025-02-26,Close,AI.PA,175.94000244140625
2025-02-26,Close,AIR.PA,167.52000427246094
2025-02-26,Close,BNP.PA,72.72000122070312
2025-02-26,Close,CS.PA,38.2400016784668
2025-02-26,Close,MT.AS,27.96999931335449
2025-02-26,High,AC.PA,48.13999938964844
2025-02-26,High,AI.PA,176.6199951171875
2025-02-26,High,AIR.PA,168.24000549316406
2025-02-26,High,BNP.PA,72.87999725341797
2025-02-26,High,CS.PA,38.27999877929688
2025-02-26,High,MT.AS,27.989999771118164
2025-02-26,Low,AC.PA,46.81999969482422
2025-02-26,Low,AI.PA,175.13999938964844
2025-02-26,Low,AIR.PA,164.75999450683594
2025-02-26,Low,BNP.PA,71.91999816894531
2025-02-26,Low,CS.PA,37.59999847412109
2025-02-26,Low,MT.AS,26.809999465942383
2025-02-26,Open,AC.PA,46.900001525878906
2025-02-26,Open,AI.PA,175.52000427246094
2025-02-26,Open,AIR.PA,165.0
2025-02-26,Open,BNP.PA,72.41000366210938
2025-02-26,Open,CS.PA,37.72999954223633
2025-02-26,Open,MT.AS,26.8799991607666
2025-02-26,Volume,AC.PA,720764.0
2025-02-26,Volume,AI.PA,540837.0
2025-02-26,Volume,AIR.PA,1066473.0
2025-02-26,Volume,BNP.PA,2369568.0
2025-02-26,Volume,CS.PA,4671889.0
2025-02-26,Volume,MT.AS,4423260.0
2025-02-27,Close,AC.PA,48.09000015258789
2025-02-27,Close,AI.PA,174.5399932861328
2025-02-27,Close,AIR.PA,165.13999938964844
2025-02-27,Close,BNP.PA,72.61000061035156
2025-02-27,Close,CS.PA,37.709999084472656
2025-02-27,Close,MT.AS,27.450000762939453
2025-02-27,High,AC.PA,48.09000015258789
2025-02-27,High,AI.PA,175.89999389648438
2025-02-27,High,AIR.PA,167.74000549316406
2025-02-27,High,BNP.PA,73.5199966430664
2025-02-27,High,CS.PA,38.209999084472656
2025-02-27,High,MT.AS,27.90999984741211
2025-02-27,Low,AC.PA,47.2400016784668
2025-02-27,Low,AI.PA,173.75999450683594
2025-02-27,Low,AIR.PA,163.1199951171875
2025-02-27,Low,BNP.PA,72.08000183105469
2025-02-27,Low,CS.PA,37.150001525878906
2025-02-27,Low,MT.AS,27.350000381469727
2025-02-27,Open,AC.PA,47.54999923706055
2025-02-27,Open,AI.PA,175.52000427246094
2025-02-27,Open,AIR.PA,167.4600067138672
2025-02-27,Open,BNP.PA,72.5
2025-02-27,Open,CS.PA,38.18000030517578
2025-02-27,Open,MT.AS,27.81999969482422
2025-02-27,Volume,AC.PA,601435.0
2025-02-27,Volume,AI.PA,708593.0
2025-02-27,Volume,AIR.PA,1237293.0
2025-02-27,Volume,BNP.PA,2299727.0
2025-02-27,Volume,CS.PA,4760493.0
2025-02-27,Volume,MT.AS,2223038.0
2025-02-28,Close,AC.PA,48.060001373291016
2025-02-28,Close,AI.PA,176.6199951171875
2025-02-28,Close,AIR.PA,165.6999969482422
2025-02-28,Close,BNP.PA,72.86000061035156
2025-02-28,Close,CS.PA,37.43999862670898
2025-02-28,Close,MT.AS,27.440000534057617
2025-02-28,High,AC.PA,48.08000183105469
2025-02-28,High,AI.PA,176.86000061035156
2025-02-28,High,AIR.PA,166.32000732421875
2025-02-28,High,BNP.PA,72.86000061035156
2025-02-28,High,CS.PA,37.630001068115234
2025-02-28,High,MT.AS,27.51000022888184
2025-02-28,Low,AC.PA,47.52999877929688
2025-02-28,Low,AI.PA,173.8000030517578
2025-02-28,Low,AIR.PA,164.6199951171875
2025-02-28,Low,BNP.PA,71.70999908447266
2025-02-28,Low,CS.PA,36.91999816894531
2025-02-28,Low,MT.AS,26.950000762939453
2025-02-28,Open,AC.PA,47.68000030517578
2025-02-28,Open,AI.PA,173.94000244140625
2025-02-28,Open,AIR.PA,164.75999450683594
2025-02-28,Open,BNP.PA,72.37000274658203
2025-02-28,Open,CS.PA,37.59999847412109
2025-02-28,Open,MT.AS,27.11000061035156
2025-02-28,Volume,AC.PA,833795.0
2025-02-28,Volume,AI.PA,1512075.0
2025-02-28,Volume,AIR.PA,2890885.0
2025-02-28,Volume,BNP.PA,4812789.0
2025-02-28,Volume,CS.PA,7159105.0
2025-02-28,Volume,MT.AS,2533234.0
2025-03-03,Close,AC.PA,48.619998931884766
2025-03-03,Close,AI.PA,179.67999267578125
2025-03-03,Close,AIR.PA,174.3800048828125
2025-03-03,Close,BNP.PA,74.0199966430664
2025-03-03,Close,CS.PA,38.150001525878906
2025-03-03,Close,MT.AS,28.799999237060547
2025-03-03,High,AC.PA,48.75
2025-03-03,High,AI.PA,180.6000061035156
2025-03-03,High,AIR.PA,177.3000030517578
2025-03-03,High,BNP.PA,74.41000366210938
2025-03-03,High,CS.PA,38.459999084472656
2025-03-03,High,MT.AS,29.059999465942383
2025-03-03,Low,AC.PA,47.63999938964844
2025-03-03,Low,AI.PA,174.8800048828125
2025-03-03,Low,AIR.PA,167.0399932861328
2025-03-03,Low,BNP.PA,72.12000274658203
2025-03-03,Low,CS.PA,37.22999954223633
2025-03-03,Low,MT.AS,27.11000061035156
2025-03-03,Open,AC.PA,47.880001068115234
2025-03-03,Open,AI.PA,176.05999755859375
2025-03-03,Open,AIR.PA,168.0
2025-03-03,Open,BNP.PA,72.63999938964844
2025-03-03,Open,CS.PA,37.63999938964844
2025-03-03,Open,MT.AS,27.149999618530277
2025-03-03,Volume,AC.PA,530353.0
2025-03-03,Volume,AI.PA,1102965.0
2025-03-03,Volume,AIR.PA,3087355.0
2025-03-03,Volume,BNP.PA,3282247.0
2025-03-03,Volume,CS.PA,5252978.0
2025-03-03,Volume,MT.AS,6205320.0
2025-03-04,Close,AC.PA,46.83000183105469
2025-03-04,Close,AI.PA,177.86000061035156
2025-03-04,Close,AIR.PA,168.74000549316406
2025-03-04,Close,BNP.PA,71.69000244140625
2025-03-04,Close,CS.PA,37.959999084472656
2025-03-04,Close,MT.AS,27.309999465942383
2025-03-04,High,AC.PA,48.119998931884766
2025-03-04,High,AI.PA,179.13999938964844
2025-03-04,High,AIR.PA,174.63999938964844
2025-03-04,High,BNP.PA,73.4800033569336
2025-03-04,High,CS.PA,37.9900016784668
2025-03-04,High,MT.AS,28.36000061035156
2025-03-04,Low,AC.PA,46.560001373291016
2025-03-04,Low,AI.PA,176.6999969482422
2025-03-04,Low,AIR.PA,167.89999389648438
2025-03-04,Low,BNP.PA,70.9800033569336
2025-03-04,Low,CS.PA,37.59000015258789
2025-03-04,Low,MT.AS,27.07999992370605
2025-03-04,Open,AC.PA,48.02999877929688
2025-03-04,Open,AI.PA,177.8000030517578
2025-03-04,Open,AIR.PA,174.47999572753906
2025-03-04,Open,BNP.PA,73.04000091552734
2025-03-04,Open,CS.PA,37.79999923706055
2025-03-04,Open,MT.AS,28.1200008392334
2025-03-04,Volume,AC.PA,774538.0
2025-03-04,Volume,AI.PA,919593.0
2025-03-04,Volume,AIR.PA,1762947.0
2025-03-04,Volume,BNP.PA,3943060.0
2025-03-04,Volume,CS.PA,4388013.0
2025-03-04,Volume,MT.AS,4006273.0
2025-03-05,Close,AC.PA,47.65999984741211
2025-03-05,Close,AI.PA,180.9199981689453
2025-03-05,Close,AIR.PA,172.77999877929688
2025-03-05,Close,BNP.PA,74.66000366210938
2025-03-05,Close,CS.PA,38.31999969482422
2025-03-05,Close,MT.AS,30.170000076293945
2025-03-05,High,AC.PA,48.68000030517578
2025-03-05,High,AI.PA,181.55999755859372
2025-03-05,High,AIR.PA,174.27999877929688
2025-03-05,High,BNP.PA,75.41999816894531
2025-03-05,High,CS.PA,38.77000045776367
2025-03-05,High,MT.AS,30.170000076293945
2025-03-05,Low,AC.PA,47.54999923706055
2025-03-05,Low,AI.PA,178.16000366210938
2025-03-05,Low,AIR.PA,171.77999877929688
2025-03-05,Low,BNP.PA,73.2300033569336
2025-03-05,Low,CS.PA,38.31999969482422
2025-03-05,Low,MT.AS,28.780000686645508
2025-03-05,Open,AC.PA,47.59999847412109
2025-03-05,Open,AI.PA,179.05999755859375
2025-03-05,Open,AIR.PA,173.0
2025-03-05,Open,BNP.PA,74.0
2025-03-05,Open,CS.PA,38.650001525878906
2025-03-05,Open,MT.AS,28.780000686645508
2025-03-05,Volume,AC.PA,799755.0
2025-03-05,Volume,AI.PA,1002425.0
2025-03-05,Volume,AIR.PA,1467081.0
2025-03-05,Volume,BNP.PA,5127533.0
2025-03-05,Volume,CS.PA,5453880.0
2025-03-05,Volume,MT.AS,9002030.0
2025-03-06,Close,AC.PA,47.04999923706055
2025-03-06,Close,AI.PA,180.5
2025-03-06,Close,AIR.PA,173.05999755859375
2025-03-06,Close,BNP.PA,77.16999816894531
2025-03-06,Close,CS.PA,38.650001525878906
2025-03-06,Close,MT.AS,32.16999816894531
2025-03-06,High,AC.PA,49.02999877929688
2025-03-06,High,AI.PA,182.1999969482422
2025-03-06,High,AIR.PA,175.0
2025-03-06,High,BNP.PA,77.72000122070312
2025-03-06,High,CS.PA,38.90999984741211
2025-03-06,High,MT.AS,32.18000030517578
2025-03-06,Low,AC.PA,46.81999969482422
2025-03-06,Low,AI.PA,177.94000244140625
2025-03-06,Low,AIR.PA,168.36000061035156
2025-03-06,Low,BNP.PA,75.5999984741211
2025-03-06,Low,CS.PA,38.119998931884766
2025-03-06,Low,MT.AS,30.780000686645508
2025-03-06,Open,AC.PA,48.400001525878906
2025-03-06,Open,AI.PA,181.83999633789065
2025-03-06,Open,AIR.PA,175.0
2025-03-06,Open,BNP.PA,75.79000091552734
2025-03-06,Open,CS.PA,38.52000045776367
2025-03-06,Open,MT.AS,31.030000686645508
2025-03-06,Volume,AC.PA,763708.0
2025-03-06,Volume,AI.PA,1067334.0
2025-03-06,Volume,AIR.PA,1459640.0
2025-03-06,Volume,BNP.PA,4960960.0
2025-03-06,Volume,CS.PA,5769050.0
2025-03-06,Volume,MT.AS,8534283.0
2025-03-07,Close,AC.PA,46.59000015258789
2025-03-07,Close,AI.PA,180.3000030517578
2025-03-07,Close,AIR.PA,169.55999755859375
2025-03-07,Close,BNP.PA,76.56999969482422
2025-03-07,Close,CS.PA,38.7599983215332
2025-03-07,Close,MT.AS,30.479999542236328
2025-03-07,High,AC.PA,46.86000061035156
2025-03-07,High,AI.PA,180.5399932861328
2025-03-07,High,AIR.PA,174.75999450683594
2025-03-07,High,BNP.PA,77.30999755859375
2025-03-07,High,CS.PA,38.95000076293945
2025-03-07,High,MT.AS,31.770000457763672
2025-03-07,Low,AC.PA,46.22999954223633
2025-03-07,Low,AI.PA,178.4600067138672
2025-03-07,Low,AIR.PA,168.5399932861328
2025-03-07,Low,BNP.PA,76.20999908447266
2025-03-07,Low,CS.PA,38.33000183105469
2025-03-07,Low,MT.AS,30.479999542236328
2025-03-07,Open,AC.PA,46.52000045776367
2025-03-07,Open,AI.PA,180.25999450683597
2025-03-07,Open,AIR.PA,174.75999450683594
2025-03-07,Open,BNP.PA,76.66999816894531
2025-03-07,Open,CS.PA,38.52000045776367
2025-03-07,Open,MT.AS,31.479999542236328
2025-03-07,Volume,AC.PA,659745.0
2025-03-07,Volume,AI.PA,1094217.0
2025-03-07,Volume,AIR.PA,1382893.0
2025-03-07,Volume,BNP.PA,3555933.0
2025-03-07,Volume,CS.PA,5272716.0
2025-03-07,Volume,MT.AS,4319928.0
2025-03-10,Close,AC.PA,45.93000030517578
2025-03-10,Close,AI.PA,183.25999450683597
2025-03-10,Close,AIR.PA,163.1199951171875
2025-03-10,Close,BNP.PA,74.44000244140625
2025-03-10,Close,CS.PA,38.52000045776367
2025-03-10,Close,MT.AS,29.030000686645508
2025-03-10,High,AC.PA,47.0
2025-03-10,High,AI.PA,184.77999877929688
2025-03-10,High,AIR.PA,171.63999938964844
2025-03-10,High,BNP.PA,76.76000213623047
2025-03-10,High,CS.PA,39.04999923706055
2025-03-10,High,MT.AS,30.770000457763672
2025-03-10,Low,AC.PA,45.7599983215332
2025-03-10,Low,AI.PA,180.32000732421875
2025-03-10,Low,AIR.PA,163.0800018310547
2025-03-10,Low,BNP.PA,74.3499984741211
2025-03-10,Low,CS.PA,38.470001220703125
2025-03-10,Low,MT.AS,28.979999542236328
2025-03-10,Open,AC.PA,46.900001525878906
2025-03-10,Open,AI.PA,181.66000366210935
2025-03-10,Open,AIR.PA,170.5800018310547
2025-03-10,Open,BNP.PA,76.47000122070312
2025-03-10,Open,CS.PA,39.0
2025-03-10,Open,MT.AS,30.420000076293945
2025-03-10,Volume,AC.PA,674952.0
2025-03-10,Volume,AI.PA,1242834.0
2025-03-10,Volume,AIR.PA,1971321.0
2025-03-10,Volume,BNP.PA,3997676.0
2025-03-10,Volume,CS.PA,5286789.0
2025-03-10,Volume,MT.AS,4429592.0
2025-03-11,Close,AC.PA,43.97999954223633
2025-03-11,Close,AI.PA,177.5800018310547
2025-03-11,Close,AIR.PA,163.0
2025-03-11,Close,BNP.PA,72.95999908447266
2025-03-11,Close,CS.PA,38.02999877929688
2025-03-11,Close,MT.AS,28.709999084472656
2025-03-11,High,AC.PA,46.18000030517578
2025-03-11,High,AI.PA,185.77999877929688
2025-03-11,High,AIR.PA,165.39999389648438
2025-03-11,High,BNP.PA,75.02999877929688
2025-03-11,High,CS.PA,38.66999816894531
2025-03-11,High,MT.AS,29.399999618530277
2025-03-11,Low,AC.PA,43.400001525878906
2025-03-11,Low,AI.PA,177.5800018310547
2025-03-11,Low,AIR.PA,161.52000427246094
2025-03-11,Low,BNP.PA,72.27999877929688
2025-03-11,Low,CS.PA,37.59000015258789
2025-03-11,Low,MT.AS,28.459999084472656
2025-03-11,Open,AC.PA,45.77999877929688
2025-03-11,Open,AI.PA,184.0399932861328
2025-03-11,Open,AIR.PA,165.0800018310547
2025-03-11,Open,BNP.PA,74.9000015258789
2025-03-11,Open,CS.PA,38.61000061035156
2025-03-11,Open,MT.AS,29.059999465942383
2025-03-11,Volume,AC.PA,1677212.0
2025-03-11,Volume,AI.PA,1259756.0
2025-03-11,Volume,AIR.PA,1320618.0
2025-03-11,Volume,BNP.PA,4200358.0
2025-03-11,Volume,CS.PA,5543770.0
2025-03-11,Volume,MT.AS,4377535.0
2025-03-12,Close,AC.PA,44.7400016784668
2025-03-12,Close,AI.PA,179.6999969482422
2025-03-12,Close,AIR.PA,164.10000610351562
2025-03-12,Close,BNP.PA,73.69000244140625
2025-03-12,Close,CS.PA,38.81999969482422
2025-03-12,Close,MT.AS,28.31999969482422
2025-03-12,High,AC.PA,45.060001373291016
2025-03-12,High,AI.PA,181.6999969482422
2025-03-12,High,AIR.PA,167.89999389648438
2025-03-12,High,BNP.PA,74.69999694824219
2025-03-12,High,CS.PA,39.08000183105469
2025-03-12,High,MT.AS,29.59000015258789
2025-03-12,Low,AC.PA,44.27000045776367
2025-03-12,Low,AI.PA,178.63999938964844
2025-03-12,Low,AIR.PA,163.5399932861328
2025-03-12,Low,BNP.PA,73.66999816894531
2025-03-12,Low,CS.PA,38.40999984741211
2025-03-12,Low,MT.AS,28.200000762939453
2025-03-12,Open,AC.PA,44.52999877929688
2025-03-12,Open,AI.PA,179.32000732421875
2025-03-12,Open,AIR.PA,164.86000061035156
2025-03-12,Open,BNP.PA,73.73999786376953
2025-03-12,Open,CS.PA,38.45000076293945
2025-03-12,Open,MT.AS,29.32999992370605
2025-03-12,Volume,AC.PA,860104.0
2025-03-12,Volume,AI.PA,695102.0
2025-03-12,Volume,AIR.PA,1606967.0
2025-03-12,Volume,BNP.PA,3137680.0
2025-03-12,Volume,CS.PA,4693702.0
2025-03-12,Volume,MT.AS,4366077.0
2025-03-13,Close,AC.PA,44.20000076293945
2025-03-13,Close,AI.PA,179.27999877929688
2025-03-13,Close,AIR.PA,162.22000122070312
2025-03-13,Close,BNP.PA,73.55000305175781
2025-03-13,Close,CS.PA,38.7599983215332
2025-03-13,Close,MT.AS,28.59000015258789
2025-03-13,High,AC.PA,44.65999984741211
2025-03-13,High,AI.PA,180.8999938964844
2025-03-13,High,AIR.PA,165.0399932861328
2025-03-13,High,BNP.PA,74.08000183105469
2025-03-13,High,CS.PA,39.02000045776367
2025-03-13,High,MT.AS,29.030000686645508
2025-03-13,Low,AC.PA,43.93999862670898
2025-03-13,Low,AI.PA,178.4600067138672
2025-03-13,Low,AIR.PA,162.22000122070312
2025-03-13,Low,BNP.PA,72.97000122070312
2025-03-13,Low,CS.PA,38.650001525878906
2025-03-13,Low,MT.AS,28.1200008392334
2025-03-13,Open,AC.PA,44.459999084472656
2025-03-13,Open,AI.PA,178.9600067138672
2025-03-13,Open,AIR.PA,164.97999572753906
2025-03-13,Open,BNP.PA,73.47000122070312
2025-03-13,Open,CS.PA,38.68999862670898
2025-03-13,Open,MT.AS,28.200000762939453
2025-03-13,Volume,AC.PA,1007350.0
2025-03-13,Volume,AI.PA,650200.0
2025-03-13,Volume,AIR.PA,1199586.0
2025-03-13,Volume,BNP.PA,2891928.0
2025-03-13,Volume,CS.PA,3908405.0
2025-03-13,Volume,MT.AS,3326630.0
2025-03-14,Close,AC.PA,44.68000030517578
2025-03-14,Close,AI.PA,180.27999877929688
2025-03-14,Close,AIR.PA,169.1999969482422
2025-03-14,Close,BNP.PA,75.72000122070312
2025-03-14,Close,CS.PA,38.83000183105469
2025-03-14,Close,MT.AS,29.61000061035156
2025-03-14,High,AC.PA,45.16999816894531
2025-03-14,High,AI.PA,181.5200042724609
2025-03-14,High,AIR.PA,169.3800048828125
2025-03-14,High,BNP.PA,76.37999725341797
2025-03-14,High,CS.PA,39.20000076293945
2025-03-14,High,MT.AS,29.82999992370605
2025-03-14,Low,AC.PA,44.09999847412109
2025-03-14,Low,AI.PA,178.77999877929688
2025-03-14,Low,AIR.PA,161.67999267578125
2025-03-14,Low,BNP.PA,72.68000030517578
2025-03-14,Low,CS.PA,38.52999877929688
2025-03-14,Low,MT.AS,28.51000022888184
2025-03-14,Open,AC.PA,44.15999984741211
2025-03-14,Open,AI.PA,179.02000427246094
2025-03-14,Open,AIR.PA,162.0399932861328
2025-03-14,Open,BNP.PA,73.05000305175781
2025-03-14,Open,CS.PA,38.61000061035156
2025-03-14,Open,MT.AS,28.59000015258789
2025-03-14,Volume,AC.PA,754615.0
2025-03-14,Volume,AI.PA,738751.0
2025-03-14,Volume,AIR.PA,1467306.0
2025-03-14,Volume,BNP.PA,3843234.0
2025-03-14,Volume,CS.PA,4332656.0
2025-03-14,Volume,MT.AS,3126155.0
2025-03-17,Close,AC.PA,45.5
2025-03-17,Close,AI.PA,180.5
2025-03-17,Close,AIR.PA,171.24000549316406
2025-03-17,Close,BNP.PA,77.91000366210938
2025-03-17,Close,CS.PA,39.2599983215332
2025-03-17,Close,MT.AS,29.38999938964844
2025-03-17,High,AC.PA,45.5
2025-03-17,High,AI.PA,181.5800018310547
2025-03-17,High,AIR.PA,171.83999633789062
2025-03-17,High,BNP.PA,78.16000366210938
2025-03-17,High,CS.PA,39.27999877929688
2025-03-17,High,MT.AS,29.649999618530277
2025-03-17,Low,AC.PA,44.65999984741211
2025-03-17,Low,AI.PA,179.33999633789062
2025-03-17,Low,AIR.PA,169.3800048828125
2025-03-17,Low,BNP.PA,75.9000015258789
2025-03-17,Low,CS.PA,38.560001373291016
2025-03-17,Low,MT.AS,29.18000030517578
2025-03-17,Open,AC.PA,44.68999862670898
2025-03-17,Open,AI.PA,180.94000244140625
2025-03-17,Open,AIR.PA,169.89999389648438
2025-03-17,Open,BNP.PA,76.0
2025-03-17,Open,CS.PA,38.56999969482422
2025-03-17,Open,MT.AS,29.649999618530277
2025-03-17,Volume,AC.PA,582106.0
2025-03-17,Volume,AI.PA,647131.0
2025-03-17,Volume,AIR.PA,1081848.0
2025-03-17,Volume,BNP.PA,3644074.0
2025-03-17,Volume,CS.PA,4770446.0
2025-03-17,Volume,MT.AS,1621308.0
2025-03-18,Close,AC.PA,44.93999862670898
2025-03-18,Close,AI.PA,179.97999572753906
2025-03-18,Close,AIR.PA,171.77999877929688
2025-03-18,Close,BNP.PA,80.20999908447266
2025-03-18,Close,CS.PA,39.90999984741211
2025-03-18,Close,MT.AS,29.86000061035156
2025-03-18,High,AC.PA,46.09000015258789
2025-03-18,High,AI.PA,181.17999267578125
2025-03-18,High,AIR.PA,172.1999969482422
2025-03-18,High,BNP.PA,80.43000030517578
2025-03-18,High,CS.PA,39.93999862670898
2025-03-18,High,MT.AS,29.96999931335449
2025-03-18,Low,AC.PA,44.560001373291016
2025-03-18,Low,AI.PA,179.52000427246094
2025-03-18,Low,AIR.PA,169.86000061035156
2025-03-18,Low,BNP.PA,78.04000091552734
2025-03-18,Low,CS.PA,39.27000045776367
2025-03-18,Low,MT.AS,29.459999084472656
2025-03-18,Open,AC.PA,45.880001068115234
2025-03-18,Open,AI.PA,180.55999755859372
2025-03-18,Open,AIR.PA,172.0
2025-03-18,Open,BNP.PA,78.05000305175781
2025-03-18,Open,CS.PA,39.310001373291016
2025-03-18,Open,MT.AS,29.479999542236328
2025-03-18,Volume,AC.PA,760070.0
2025-03-18,Volume,AI.PA,801845.0
2025-03-18,Volume,AIR.PA,1300826.0
2025-03-18,Volume,BNP.PA,5488254.0
2025-03-18,Volume,CS.PA,5333231.0
2025-03-18,Volume,MT.AS,2034954.0
2025-03-19,Close,AC.PA,45.34000015258789
2025-03-19,Close,AI.PA,180.13999938964844
2025-03-19,Close,AIR.PA,171.3000030517578
2025-03-19,Close,BNP.PA,80.86000061035156
2025-03-19,Close,CS.PA,39.84000015258789
2025-03-19,Close,MT.AS,30.3700008392334
2025-03-19,High,AC.PA,45.36000061035156
2025-03-19,High,AI.PA,180.77999877929688
2025-03-19,High,AIR.PA,172.3800048828125
2025-03-19,High,BNP.PA,80.97000122070312
2025-03-19,High,CS.PA,40.11000061035156
2025-03-19,High,MT.AS,30.38999938964844
2025-03-19,Low,AC.PA,44.5099983215332
2025-03-19,Low,AI.PA,178.9600067138672
2025-03-19,Low,AIR.PA,170.0
2025-03-19,Low,BNP.PA,79.9000015258789
2025-03-19,Low,CS.PA,39.709999084472656
2025-03-19,Low,MT.AS,29.61000061035156
2025-03-19,Open,AC.PA,44.95000076293945
2025-03-19,Open,AI.PA,179.5800018310547
2025-03-19,Open,AIR.PA,171.60000610351562
2025-03-19,Open,BNP.PA,79.91000366210938
2025-03-19,Open,CS.PA,39.720001220703125
2025-03-19,Open,MT.AS,29.649999618530277
2025-03-19,Volume,AC.PA,571834.0
2025-03-19,Volume,AI.PA,515136.0
2025-03-19,Volume,AIR.PA,1076817.0
2025-03-19,Volume,BNP.PA,3170970.0
2025-03-19,Volume,CS.PA,4943163.0
2025-03-19,Volume,MT.AS,2605929.0
2025-03-20,Close,AC.PA,44.86000061035156
2025-03-20,Close,AI.PA,177.77999877929688
2025-03-20,Close,AIR.PA,167.36000061035156
2025-03-20,Close,BNP.PA,79.05000305175781
2025-03-20,Close,CS.PA,39.63999938964844
2025-03-20,Close,MT.AS,29.5
2025-03-20,High,AC.PA,45.400001525878906
2025-03-20,High,AI.PA,180.3999938964844
2025-03-20,High,AIR.PA,171.0399932861328
2025-03-20,High,BNP.PA,80.87999725341797
2025-03-20,High,CS.PA,39.90999984741211
2025-03-20,High,MT.AS,30.299999237060547
2025-03-20,Low,AC.PA,44.810001373291016
2025-03-20,Low,AI.PA,177.4600067138672
2025-03-20,Low,AIR.PA,165.33999633789062
2025-03-20,Low,BNP.PA,78.44999694824219
2025-03-20,Low,CS.PA,39.130001068115234
2025-03-20,Low,MT.AS,29.170000076293945
2025-03-20,Open,AC.PA,45.20000076293945
2025-03-20,Open,AI.PA,179.9600067138672
2025-03-20,Open,AIR.PA,170.5800018310547
2025-03-20,Open,BNP.PA,80.69999694824219
2025-03-20,Open,CS.PA,39.81999969482422
2025-03-20,Open,MT.AS,30.270000457763672
2025-03-20,Volume,AC.PA,495546.0
2025-03-20,Volume,AI.PA,719731.0
2025-03-20,Volume,AIR.PA,1092316.0
2025-03-20,Volume,BNP.PA,3094729.0
2025-03-20,Volume,CS.PA,2861125.0
2025-03-20,Volume,MT.AS,2465064.0
2025-03-21,Close,AC.PA,43.88999938964844
2025-03-21,Close,AI.PA,177.52000427246094
2025-03-21,Close,AIR.PA,166.63999938964844
2025-03-21,Close,BNP.PA,79.72000122070312
2025-03-21,Close,CS.PA,39.5099983215332
2025-03-21,Close,MT.AS,29.1200008392334
2025-03-21,High,AC.PA,44.380001068115234
2025-03-21,High,AI.PA,178.47999572753906
2025-03-21,High,AIR.PA,167.47999572753906
2025-03-21,High,BNP.PA,80.22000122070312
2025-03-21,High,CS.PA,39.63999938964844
2025-03-21,High,MT.AS,29.43000030517578
2025-03-21,Low,AC.PA,43.400001525878906
2025-03-21,Low,AI.PA,176.82000732421875
2025-03-21,Low,AIR.PA,164.8800048828125
2025-03-21,Low,BNP.PA,78.41999816894531
2025-03-21,Low,CS.PA,39.2400016784668
2025-03-21,Low,MT.AS,28.770000457763672
2025-03-21,Open,AC.PA,44.27000045776367
2025-03-21,Open,AI.PA,177.97999572753906
2025-03-21,Open,AIR.PA,166.10000610351562
2025-03-21,Open,BNP.PA,78.94999694824219
2025-03-21,Open,CS.PA,39.40999984741211
2025-03-21,Open,MT.AS,29.13999938964844
2025-03-21,Volume,AC.PA,1720451.0
2025-03-21,Volume,AI.PA,1559028.0
2025-03-21,Volume,AIR.PA,2190245.0
2025-03-21,Volume,BNP.PA,7614235.0
2025-03-21,Volume,CS.PA,6788197.0
2025-03-21,Volume,MT.AS,4437517.0
2025-03-24,Close,AC.PA,44.09999847412109
2025-03-24,Close,AI.PA,177.33999633789062
2025-03-24,Close,AIR.PA,167.22000122070312
2025-03-24,Close,BNP.PA,79.43000030517578
2025-03-24,Close,CS.PA,39.58000183105469
2025-03-24,Close,MT.AS,29.5
2025-03-24,High,AC.PA,44.84999847412109
2025-03-24,High,AI.PA,179.86000061035156
2025-03-24,High,AIR.PA,169.27999877929688
2025-03-24,High,BNP.PA,80.81999969482422
2025-03-24,High,CS.PA,39.970001220703125
2025-03-24,High,MT.AS,30.040000915527344
2025-03-24,Low,AC.PA,43.970001220703125
2025-03-24,Low,AI.PA,177.1199951171875
2025-03-24,Low,AIR.PA,166.17999267578125
2025-03-24,Low,BNP.PA,79.43000030517578
2025-03-24,Low,CS.PA,39.5099983215332
2025-03-24,Low,MT.AS,29.36000061035156
2025-03-24,Open,AC.PA,44.54999923706055
2025-03-24,Open,AI.PA,179.22000122070312
2025-03-24,Open,AIR.PA,168.3000030517578
2025-03-24,Open,BNP.PA,80.55999755859375
2025-03-24,Open,CS.PA,39.72999954223633
2025-03-24,Open,MT.AS,29.790000915527344
2025-03-24,Volume,AC.PA,730382.0
2025-03-24,Volume,AI.PA,826848.0
2025-03-24,Volume,AIR.PA,728663.0
2025-03-24,Volume,BNP.PA,2433226.0
2025-03-24,Volume,CS.PA,3375122.0
2025-03-24,Volume,MT.AS,1451218.0
2025-03-25,Close,AC.PA,44.90999984741211
2025-03-25,Close,AI.PA,178.72000122070312
2025-03-25,Close,AIR.PA,172.32000732421875
2025-03-25,Close,BNP.PA,81.58000183105469
2025-03-25,Close,CS.PA,40.13999938964844
2025-03-25,Close,MT.AS,29.479999542236328
2025-03-25,High,AC.PA,44.90999984741211
2025-03-25,High,AI.PA,179.72000122070312
2025-03-25,High,AIR.PA,172.32000732421875
2025-03-25,High,BNP.PA,81.58000183105469
2025-03-25,High,CS.PA,40.25
2025-03-25,High,MT.AS,29.51000022888184
2025-03-25,Low,AC.PA,44.18000030517578
2025-03-25,Low,AI.PA,177.8000030517578
2025-03-25,Low,AIR.PA,167.22000122070312
2025-03-25,Low,BNP.PA,79.7699966430664
2025-03-25,Low,CS.PA,39.68000030517578
2025-03-25,Low,MT.AS,29.11000061035156
2025-03-25,Open,AC.PA,44.38999938964844
2025-03-25,Open,AI.PA,177.8800048828125
2025-03-25,Open,AIR.PA,167.36000061035156
2025-03-25,Open,BNP.PA,79.88999938964844
2025-03-25,Open,CS.PA,39.709999084472656
2025-03-25,Open,MT.AS,29.290000915527344
2025-03-25,Volume,AC.PA,562409.0
2025-03-25,Volume,AI.PA,700623.0
2025-03-25,Volume,AIR.PA,960604.0
2025-03-25,Volume,BNP.PA,3139788.0
2025-03-25,Volume,CS.PA,4699350.0
2025-03-25,Volume,MT.AS,1879504.0
2025-03-26,Close,AC.PA,44.81999969482422
2025-03-26,Close,AI.PA,176.74000549316406
2025-03-26,Close,AIR.PA,170.5399932861328
2025-03-26,Close,BNP.PA,80.4000015258789
2025-03-26,Close,CS.PA,40.060001373291016
2025-03-26,Close,MT.AS,28.920000076293945
2025-03-26,High,AC.PA,45.209999084472656
2025-03-26,High,AI.PA,178.05999755859375
2025-03-26,High,AIR.PA,171.66000366210938
2025-03-26,High,BNP.PA,81.41000366210938
2025-03-26,High,CS.PA,40.2599983215332
2025-03-26,High,MT.AS,29.190000534057617
2025-03-26,Low,AC.PA,44.63999938964844
2025-03-26,Low,AI.PA,176.05999755859375
2025-03-26,Low,AIR.PA,169.32000732421875
2025-03-26,Low,BNP.PA,80.16999816894531
2025-03-26,Low,CS.PA,39.900001525878906
2025-03-26,Low,MT.AS,28.780000686645508
2025-03-26,Open,AC.PA,44.86000061035156
2025-03-26,Open,AI.PA,177.74000549316406
2025-03-26,Open,AIR.PA,171.52000427246094
2025-03-26,Open,BNP.PA,81.36000061035156
2025-03-26,Open,CS.PA,40.130001068115234
2025-03-26,Open,MT.AS,28.81999969482422
2025-03-26,Volume,AC.PA,655970.0
2025-03-26,Volume,AI.PA,658343.0
2025-03-26,Volume,AIR.PA,819111.0
2025-03-26,Volume,BNP.PA,2745755.0
2025-03-26,Volume,CS.PA,3874175.0
2025-03-26,Volume,MT.AS,2846106.0
2025-03-27,Close,AC.PA,44.220001220703125
2025-03-27,Close,AI.PA,176.44000244140625
2025-03-27,Close,AIR.PA,168.6999969482422
2025-03-27,Close,BNP.PA,79.66999816894531
2025-03-27,Close,CS.PA,40.09999847412109
2025-03-27,Close,MT.AS,27.739999771118164
2025-03-27,High,AC.PA,44.77999877929688
2025-03-27,High,AI.PA,177.10000610351562
2025-03-27,High,AIR.PA,169.63999938964844
2025-03-27,High,BNP.PA,80.72000122070312
2025-03-27,High,CS.PA,40.16999816894531
2025-03-27,High,MT.AS,28.450000762939453
2025-03-27,Low,AC.PA,44.02000045776367
2025-03-27,Low,AI.PA,175.25999450683594
2025-03-27,Low,AIR.PA,166.24000549316406
2025-03-27,Low,BNP.PA,78.66999816894531
2025-03-27,Low,CS.PA,39.59999847412109
2025-03-27,Low,MT.AS,27.59000015258789
2025-03-27,Open,AC.PA,44.47999954223633
2025-03-27,Open,AI.PA,176.0399932861328
2025-03-27,Open,AIR.PA,168.0399932861328
2025-03-27,Open,BNP.PA,79.52999877929688
2025-03-27,Open,CS.PA,39.75
2025-03-27,Open,MT.AS,28.31999969482422
2025-03-27,Volume,AC.PA,654205.0
2025-03-27,Volume,AI.PA,626214.0
2025-03-27,Volume,AIR.PA,967418.0
2025-03-27,Volume,BNP.PA,2585313.0
2025-03-27,Volume,CS.PA,3150779.0
2025-03-27,Volume,MT.AS,3195139.0
2025-03-28,Close,AC.PA,42.790000915527344
2025-03-28,Close,AI.PA,176.32000732421875
2025-03-28,Close,AIR.PA,166.25999450683594
2025-03-28,Close,BNP.PA,78.55000305175781
2025-03-28,Close,CS.PA,39.9900016784668
2025-03-28,Close,MT.AS,26.81999969482422
2025-03-28,High,AC.PA,44.18000030517578
2025-03-28,High,AI.PA,177.32000732421875
2025-03-28,High,AIR.PA,167.97999572753906
2025-03-28,High,BNP.PA,79.55000305175781
2025-03-28,High,CS.PA,40.2400016784668
2025-03-28,High,MT.AS,27.96999931335449
2025-03-28,Low,AC.PA,42.790000915527344
2025-03-28,Low,AI.PA,175.6199951171875
2025-03-28,Low,AIR.PA,165.32000732421875
2025-03-28,Low,BNP.PA,78.31999969482422
2025-03-28,Low,CS.PA,39.8849983215332
2025-03-28,Low,MT.AS,26.809999465942383
2025-03-28,Open,AC.PA,43.84999847412109
2025-03-28,Open,AI.PA,176.16000366210938
2025-03-28,Open,AIR.PA,167.17999267578125
2025-03-28,Open,BNP.PA,78.68000030517578
2025-03-28,Open,CS.PA,40.0
2025-03-28,Open,MT.AS,27.600000381469727
2025-03-28,Volume,AC.PA,973322.0
2025-03-28,Volume,AI.PA,931921.0
2025-03-28,Volume,AIR.PA,996791.0
2025-03-28,Volume,BNP.PA,3530438.0
2025-03-28,Volume,CS.PA,3970615.0
2025-03-28,Volume,MT.AS,4563331.0
2025-03-31,Close,AC.PA,41.88999938964844
2025-03-31,Close,AI.PA,175.13999938964844
2025-03-31,Close,AIR.PA,162.77999877929688
2025-03-31,Close,BNP.PA,76.91000366210938
2025-03-31,Close,CS.PA,39.400001525878906
2025-03-31,Close,MT.AS,26.46999931335449
2025-03-31,High,AC.PA,42.54999923706055
2025-03-31,High,AI.PA,176.1199951171875
2025-03-31,High,AIR.PA,164.97999572753906
2025-03-31,High,BNP.PA,77.80000305175781
2025-03-31,High,CS.PA,39.84000015258789
2025-03-31,High,MT.AS,26.56999969482422
2025-03-31,Low,AC.PA,41.560001373291016
2025-03-31,Low,AI.PA,174.24000549316406
2025-03-31,Low,AIR.PA,161.60000610351562
2025-03-31,Low,BNP.PA,76.27999877929688
2025-03-31,Low,CS.PA,39.2400016784668
2025-03-31,Low,MT.AS,26.07999992370605
2025-03-31,Open,AC.PA,42.380001068115234
2025-03-31,Open,AI.PA,175.24000549316406
2025-03-31,Open,AIR.PA,164.67999267578125
2025-03-31,Open,BNP.PA,77.6500015258789
2025-03-31,Open,CS.PA,39.63999938964844
2025-03-31,Open,MT.AS,26.399999618530277
2025-03-31,Volume,AC.PA,1193698.0
2025-03-31,Volume,AI.PA,1078173.0
2025-03-31,Volume,AIR.PA,1228522.0
2025-03-31,Volume,BNP.PA,4346990.0
2025-03-31,Volume,CS.PA,5793431.0
2025-03-31,Volume,MT.AS,4307777.0
2025-04-01,Close,AC.PA,42.08000183105469
2025-04-01,Close,AI.PA,177.1199951171875
2025-04-01,Close,AIR.PA,168.05999755859375
2025-04-01,Close,BNP.PA,78.48999786376953
2025-04-01,Close,CS.PA,40.0
2025-04-01,Close,MT.AS,26.950000762939453
2025-04-01,High,AC.PA,42.58000183105469
2025-04-01,High,AI.PA,177.55999755859375
2025-04-01,High,AIR.PA,168.05999755859375
2025-04-01,High,BNP.PA,78.62000274658203
2025-04-01,High,CS.PA,40.02000045776367
2025-04-01,High,MT.AS,27.200000762939453
2025-04-01,Low,AC.PA,41.7599983215332
2025-04-01,Low,AI.PA,175.17999267578125
2025-04-01,Low,AIR.PA,163.16000366210938
2025-04-01,Low,BNP.PA,76.8499984741211
2025-04-01,Low,CS.PA,39.43000030517578
2025-04-01,Low,MT.AS,26.6200008392334
2025-04-01,Open,AC.PA,42.5
2025-04-01,Open,AI.PA,175.97999572753906
2025-04-01,Open,AIR.PA,163.55999755859375
2025-04-01,Open,BNP.PA,77.33000183105469
2025-04-01,Open,CS.PA,39.47999954223633
2025-04-01,Open,MT.AS,26.739999771118164
2025-04-01,Volume,AC.PA,648763.0
2025-04-01,Volume,AI.PA,1031406.0
2025-04-01,Volume,AIR.PA,1195927.0
2025-04-01,Volume,BNP.PA,3214861.0
2025-04-01,Volume,CS.PA,4170784.0
2025-04-01,Volume,MT.AS,3347547.0
2025-04-02,Close,AC.PA,42.61000061035156
2025-04-02,Close,AI.PA,178.1199951171875
2025-04-02,Close,AIR.PA,162.74000549316406
2025-04-02,Close,BNP.PA,77.75
2025-04-02,Close,CS.PA,40.400001525878906
2025-04-02,Close,MT.AS,26.6299991607666
2025-04-02,High,AC.PA,42.61000061035156
2025-04-02,High,AI.PA,178.22000122070312
2025-04-02,High,AIR.PA,167.72000122070312
2025-04-02,High,BNP.PA,77.75
2025-04-02,High,CS.PA,40.5099983215332
2025-04-02,High,MT.AS,26.88999938964844
2025-04-02,Low,AC.PA,41.81999969482422
2025-04-02,Low,AI.PA,176.0
2025-04-02,Low,AIR.PA,160.75999450683594
2025-04-02,Low,BNP.PA,76.16000366210938
2025-04-02,Low,CS.PA,40.0
2025-04-02,Low,MT.AS,26.40999984741211
2025-04-02,Open,AC.PA,42.09999847412109
2025-04-02,Open,AI.PA,176.24000549316406
2025-04-02,Open,AIR.PA,167.0
2025-04-02,Open,BNP.PA,76.88999938964844
2025-04-02,Open,CS.PA,40.13999938964844
2025-04-02,Open,MT.AS,26.68000030517578
2025-04-02,Volume,AC.PA,420207.0
2025-04-02,Volume,AI.PA,894182.0
2025-04-02,Volume,AIR.PA,1375077.0
2025-04-02,Volume,BNP.PA,3709465.0
2025-04-02,Volume,CS.PA,4393967.0
2025-04-02,Volume,MT.AS,1863951.0
2025-04-03,Close,AC.PA,40.34000015258789
2025-04-03,Close,AI.PA,174.3000030517578
2025-04-03,Close,AIR.PA,158.02000427246094
2025-04-03,Close,BNP.PA,73.69999694824219
2025-04-03,Close,CS.PA,39.72999954223633
2025-04-03,Close,MT.AS,24.850000381469727
2025-04-03,High,AC.PA,41.90999984741211
2025-04-03,High,AI.PA,177.32000732421875
2025-04-03,High,AIR.PA,159.22000122070312
2025-04-03,High,BNP.PA,75.95999908447266
2025-04-03,High,CS.PA,40.09000015258789
2025-04-03,High,MT.AS,26.100000381469727
2025-04-03,Low,AC.PA,40.2400016784668
2025-04-03,Low,AI.PA,173.10000610351562
2025-04-03,Low,AIR.PA,153.6999969482422
2025-04-03,Low,BNP.PA,73.69999694824219
2025-04-03,Low,CS.PA,39.43000030517578
2025-04-03,Low,MT.AS,24.729999542236328
2025-04-03,Open,AC.PA,41.810001373291016
2025-04-03,Open,AI.PA,175.1999969482422
2025-04-03,Open,AIR.PA,155.97999572753906
2025-04-03,Open,BNP.PA,75.7699966430664
2025-04-03,Open,CS.PA,39.68999862670898
2025-04-03,Open,MT.AS,25.979999542236328
2025-04-03,Volume,AC.PA,966694.0
2025-04-03,Volume,AI.PA,1245580.0
2025-04-03,Volume,AIR.PA,1962518.0
2025-04-03,Volume,BNP.PA,5866719.0
2025-04-03,Volume,CS.PA,6099999.0
2025-04-03,Volume,MT.AS,3805595.0
2025-04-04,Close,AC.PA,37.810001373291016
2025-04-04,Close,AI.PA,173.1999969482422
2025-04-04,Close,AIR.PA,146.89999389648438
2025-04-04,Close,BNP.PA,68.66999816894531
2025-04-04,Close,CS.PA,37.56999969482422
2025-04-04,Close,MT.AS,22.75
2025-04-04,High,AC.PA,40.20000076293945
2025-04-04,High,AI.PA,178.13999938964844
2025-04-04,High,AIR.PA,157.27999877929688
2025-04-04,High,BNP.PA,72.48999786376953
2025-04-04,High,CS.PA,39.540000915527344
2025-04-04,High,MT.AS,24.459999084472656
2025-04-04,Low,AC.PA,37.18999862670898
2025-04-04,Low,AI.PA,173.1999969482422
2025-04-04,Low,AIR.PA,144.74000549316406
2025-04-04,Low,BNP.PA,66.76000213623047
2025-04-04,Low,CS.PA,37.09000015258789
2025-04-04,Low,MT.AS,21.950000762939453
2025-04-04,Open,AC.PA,40.09999847412109
2025-04-04,Open,AI.PA,174.0
2025-04-04,Open,AIR.PA,157.13999938964844
2025-04-04,Open,BNP.PA,72.3499984741211
2025-04-04,Open,CS.PA,39.369998931884766
2025-04-04,Open,MT.AS,24.34000015258789
2025-04-04,Volume,AC.PA,1304016.0
2025-04-04,Volume,AI.PA,1933922.0
2025-04-04,Volume,AIR.PA,2910456.0
2025-04-04,Volume,BNP.PA,10424235.0
2025-04-04,Volume,CS.PA,11487544.0
2025-04-04,Volume,MT.AS,6015490.0
2025-04-07,Close,AC.PA,36.119998931884766
2025-04-07,Close,AI.PA,160.60000610351562
2025-04-07,Close,AIR.PA,136.8000030517578
2025-04-07,Close,BNP.PA,66.0999984741211
2025-04-07,Close,CS.PA,35.189998626708984
2025-04-07,Close,MT.AS,22.09000015258789
2025-04-07,High,AC.PA,38.25
2025-04-07,High,AI.PA,169.32000732421875
2025-04-07,High,AIR.PA,150.0
2025-04-07,High,BNP.PA,69.37999725341797
2025-04-07,High,CS.PA,36.970001220703125
2025-04-07,High,MT.AS,23.26000022888184
2025-04-07,Low,AC.PA,34.619998931884766
2025-04-07,Low,AI.PA,160.22000122070312
2025-04-07,Low,AIR.PA,126.4000015258789
2025-04-07,Low,BNP.PA,61.0
2025-04-07,Low,CS.PA,34.0
2025-04-07,Low,MT.AS,20.540000915527344
2025-04-07,Open,AC.PA,34.77000045776367
2025-04-07,Open,AI.PA,166.02000427246094
2025-04-07,Open,AIR.PA,132.22000122070312
2025-04-07,Open,BNP.PA,62.09999847412109
2025-04-07,Open,CS.PA,35.0
2025-04-07,Open,MT.AS,21.21999931335449
2025-04-07,Volume,AC.PA,1191440.0
2025-04-07,Volume,AI.PA,2510951.0
2025-04-07,Volume,AIR.PA,3896651.0
2025-04-07,Volume,BNP.PA,10054532.0
2025-04-07,Volume,CS.PA,14286567.0
2025-04-07,Volume,MT.AS,6160158.0
2025-04-08,Close,AC.PA,37.52000045776367
2025-04-08,Close,AI.PA,166.02000427246094
2025-04-08,Close,AIR.PA,140.24000549316406
2025-04-08,Close,BNP.PA,66.19000244140625
2025-04-08,Close,CS.PA,36.43000030517578
2025-04-08,Close,MT.AS,22.6200008392334
2025-04-08,High,AC.PA,38.02999877929688
2025-04-08,High,AI.PA,167.24000549316406
2025-04-08,High,AIR.PA,142.94000244140625
2025-04-08,High,BNP.PA,68.26000213623047
2025-04-08,High,CS.PA,37.09999847412109
2025-04-08,High,MT.AS,23.18000030517578
2025-04-08,Low,AC.PA,36.540000915527344
2025-04-08,Low,AI.PA,161.72000122070312
2025-04-08,Low,AIR.PA,138.0
2025-04-08,Low,BNP.PA,65.05000305175781
2025-04-08,Low,CS.PA,35.5099983215332
2025-04-08,Low,MT.AS,22.06999969482422
2025-04-08,Open,AC.PA,37.13999938964844
2025-04-08,Open,AI.PA,163.1999969482422
2025-04-08,Open,AIR.PA,139.39999389648438
2025-04-08,Open,BNP.PA,67.80000305175781
2025-04-08,Open,CS.PA,35.959999084472656
2025-04-08,Open,MT.AS,22.709999084472656
2025-04-08,Volume,AC.PA,796478.0
2025-04-08,Volume,AI.PA,1436404.0
2025-04-08,Volume,AIR.PA,2026118.0
2025-04-08,Volume,BNP.PA,5756388.0
2025-04-08,Volume,CS.PA,7448766.0
2025-04-08,Volume,MT.AS,4836562.0
2025-04-09,Close,AC.PA,36.5
2025-04-09,Close,AI.PA,160.72000122070312
2025-04-09,Close,AIR.PA,133.47999572753906
2025-04-09,Close,BNP.PA,63.77999877929688
2025-04-09,Close,CS.PA,35.380001068115234
2025-04-09,Close,MT.AS,21.899999618530277
2025-04-09,High,AC.PA,37.18000030517578
2025-04-09,High,AI.PA,164.17999267578125
2025-04-09,High,AIR.PA,138.02000427246094
2025-04-09,High,BNP.PA,65.30000305175781
2025-04-09,High,CS.PA,36.25
2025-04-09,High,MT.AS,22.309999465942383
2025-04-09,Low,AC.PA,36.02000045776367
2025-04-09,Low,AI.PA,159.05999755859375
2025-04-09,Low,AIR.PA,131.52000427246094
2025-04-09,Low,BNP.PA,62.45000076293945
2025-04-09,Low,CS.PA,34.83000183105469
2025-04-09,Low,MT.AS,21.36000061035156
2025-04-09,Open,AC.PA,36.09000015258789
2025-04-09,Open,AI.PA,162.82000732421875
2025-04-09,Open,AIR.PA,135.97999572753906
2025-04-09,Open,BNP.PA,63.68000030517578
2025-04-09,Open,CS.PA,35.689998626708984
2025-04-09,Open,MT.AS,21.520000457763672
2025-04-09,Volume,AC.PA,766028.0
2025-04-09,Volume,AI.PA,1343973.0
2025-04-09,Volume,AIR.PA,2103551.0
2025-04-09,Volume,BNP.PA,6059025.0
2025-04-09,Volume,CS.PA,8001399.0
2025-04-09,Volume,MT.AS,4245336.0
2025-04-10,Close,AC.PA,38.27999877929688
2025-04-10,Close,AI.PA,167.0
2025-04-10,Close,AIR.PA,139.4600067138672
2025-04-10,Close,BNP.PA,67.2300033569336
2025-04-10,Close,CS.PA,37.20000076293945
2025-04-10,Close,MT.AS,22.799999237060547
2025-04-10,High,AC.PA,41.7599983215332
2025-04-10,High,AI.PA,171.3800048828125
2025-04-10,High,AIR.PA,150.27999877929688
2025-04-10,High,BNP.PA,73.62999725341797
2025-04-10,High,CS.PA,38.04999923706055
2025-04-10,High,MT.AS,24.96999931335449
2025-04-10,Low,AC.PA,38.27999877929688
2025-04-10,Low,AI.PA,167.0
2025-04-10,Low,AIR.PA,139.1999969482422
2025-04-10,Low,BNP.PA,67.2300033569336
2025-04-10,Low,CS.PA,36.70000076293945
2025-04-10,Low,MT.AS,22.799999237060547
2025-04-10,Open,AC.PA,41.540000915527344
2025-04-10,Open,AI.PA,170.0
2025-04-10,Open,AIR.PA,150.1999969482422
2025-04-10,Open,BNP.PA,73.62999725341797
2025-04-10,Open,CS.PA,37.11000061035156
2025-04-10,Open,MT.AS,24.899999618530277
2025-04-10,Volume,AC.PA,1007524.0
2025-04-10,Volume,AI.PA,1454458.0
2025-04-10,Volume,AIR.PA,2556537.0
2025-04-10,Volume,BNP.PA,7709559.0
2025-04-10,Volume,CS.PA,10295205.0
2025-04-10,Volume,MT.AS,4244857.0
2025-04-11,Close,AC.PA,37.83000183105469
2025-04-11,Close,AI.PA,168.33999633789062
2025-04-11,Close,AIR.PA,134.86000061035156
2025-04-11,Close,BNP.PA,65.61000061035156
2025-04-11,Close,CS.PA,37.130001068115234
2025-04-11,Close,MT.AS,23.049999237060547
2025-04-11,High,AC.PA,38.869998931884766
2025-04-11,High,AI.PA,169.27999877929688
2025-04-11,High,AIR.PA,141.67999267578125
2025-04-11,High,BNP.PA,68.80000305175781
2025-04-11,High,CS.PA,37.90999984741211
2025-04-11,High,MT.AS,23.280000686645508
2025-04-11,Low,AC.PA,37.4900016784668
2025-04-11,Low,AI.PA,164.66000366210938
2025-04-11,Low,AIR.PA,133.36000061035156
2025-04-11,Low,BNP.PA,64.0199966430664
2025-04-11,Low,CS.PA,36.810001373291016
2025-04-11,Low,MT.AS,22.479999542236328
2025-04-11,Open,AC.PA,38.84000015258789
2025-04-11,Open,AI.PA,168.0
2025-04-11,Open,AIR.PA,141.60000610351562
2025-04-11,Open,BNP.PA,68.1500015258789
2025-04-11,Open,CS.PA,37.63999938964844
2025-04-11,Open,MT.AS,23.100000381469727
2025-04-11,Volume,AC.PA,813392.0
2025-04-11,Volume,AI.PA,988773.0
2025-04-11,Volume,AIR.PA,1972263.0
2025-04-11,Volume,BNP.PA,5435045.0
2025-04-11,Volume,CS.PA,5053470.0
2025-04-11,Volume,MT.AS,2554889.0
2025-04-14,Close,AC.PA,38.58000183105469
2025-04-14,Close,AI.PA,170.60000610351562
2025-04-14,Close,AIR.PA,139.25999450683594
2025-04-14,Close,BNP.PA,68.5
2025-04-14,Close,CS.PA,38.09999847412109
2025-04-14,Close,MT.AS,23.709999084472656
2025-04-14,High,AC.PA,38.95000076293945
2025-04-14,High,AI.PA,171.4600067138672
2025-04-14,High,AIR.PA,139.83999633789062
2025-04-14,High,BNP.PA,68.94999694824219
2025-04-14,High,CS.PA,38.459999084472656
2025-04-14,High,MT.AS,23.950000762939453
2025-04-14,Low,AC.PA,38.369998931884766
2025-04-14,Low,AI.PA,169.63999938964844
2025-04-14,Low,AIR.PA,137.32000732421875
2025-04-14,Low,BNP.PA,67.69000244140625
2025-04-14,Low,CS.PA,37.90999984741211
2025-04-14,Low,MT.AS,23.459999084472656
2025-04-14,Open,AC.PA,38.81999969482422
2025-04-14,Open,AI.PA,171.0800018310547
2025-04-14,Open,AIR.PA,139.3000030517578
2025-04-14,Open,BNP.PA,68.19000244140625
2025-04-14,Open,CS.PA,38.02000045776367
2025-04-14,Open,MT.AS,23.84000015258789
2025-04-14,Volume,AC.PA,424520.0
2025-04-14,Volume,AI.PA,730358.0
2025-04-14,Volume,AIR.PA,1621814.0
2025-04-14,Volume,BNP.PA,4086459.0
2025-04-14,Volume,CS.PA,4392251.0
2025-04-14,Volume,MT.AS,2192325.0
2025-04-15,Close,AC.PA,39.27999877929688
2025-04-15,Close,AI.PA,174.25999450683594
2025-04-15,Close,AIR.PA,140.94000244140625
2025-04-15,Close,BNP.PA,70.58000183105469
2025-04-15,Close,CS.PA,38.880001068115234
2025-04-15,Close,MT.AS,23.86000061035156
2025-04-15,High,AC.PA,39.5
2025-04-15,High,AI.PA,174.6999969482422
2025-04-15,High,AIR.PA,141.52000427246094
2025-04-15,High,BNP.PA,70.68000030517578
2025-04-15,High,CS.PA,38.9900016784668
2025-04-15,High,MT.AS,23.940000534057617
2025-04-15,Low,AC.PA,38.7400016784668
2025-04-15,Low,AI.PA,170.67999267578125
2025-04-15,Low,AIR.PA,138.47999572753906
2025-04-15,Low,BNP.PA,68.58000183105469
2025-04-15,Low,CS.PA,38.09999847412109
2025-04-15,Low,MT.AS,23.489999771118164
2025-04-15,Open,AC.PA,38.7400016784668
2025-04-15,Open,AI.PA,171.0
2025-04-15,Open,AIR.PA,139.0
2025-04-15,Open,BNP.PA,68.58000183105469
2025-04-15,Open,CS.PA,38.18999862670898
2025-04-15,Open,MT.AS,23.729999542236328
2025-04-15,Volume,AC.PA,418707.0
2025-04-15,Volume,AI.PA,698457.0
2025-04-15,Volume,AIR.PA,1815889.0
2025-04-15,Volume,BNP.PA,3565333.0
2025-04-15,Volume,CS.PA,4570114.0
2025-04-15,Volume,MT.AS,1410742.0
2025-04-16,Close,AC.PA,38.9900016784668
2025-04-16,Close,AI.PA,174.67999267578125
2025-04-16,Close,AIR.PA,140.5
2025-04-16,Close,BNP.PA,71.58000183105469
2025-04-16,Close,CS.PA,39.15999984741211
2025-04-16,Close,MT.AS,24.020000457763672
2025-04-16,High,AC.PA,38.9900016784668
2025-04-16,High,AI.PA,175.0
2025-04-16,High,AIR.PA,140.52000427246094
2025-04-16,High,BNP.PA,71.66000366210938
2025-04-16,High,CS.PA,39.209999084472656
2025-04-16,High,MT.AS,24.040000915527344
2025-04-16,Low,AC.PA,38.2599983215332
2025-04-16,Low,AI.PA,173.3800048828125
2025-04-16,Low,AIR.PA,138.55999755859375
2025-04-16,Low,BNP.PA,69.80000305175781
2025-04-16,Low,CS.PA,38.52999877929688
2025-04-16,Low,MT.AS,23.280000686645508
2025-04-16,Open,AC.PA,38.75
2025-04-16,Open,AI.PA,174.25999450683594
2025-04-16,Open,AIR.PA,140.17999267578125
2025-04-16,Open,BNP.PA,69.93000030517578
2025-04-16,Open,CS.PA,38.81999969482422
2025-04-16,Open,MT.AS,23.540000915527344
2025-04-16,Volume,AC.PA,644025.0
2025-04-16,Volume,AI.PA,702346.0
2025-04-16,Volume,AIR.PA,1490715.0
2025-04-16,Volume,BNP.PA,3171170.0
2025-04-16,Volume,CS.PA,3372340.0
2025-04-16,Volume,MT.AS,1387759.0
2025-04-17,Close,AC.PA,38.95000076293945
2025-04-17,Close,AI.PA,173.17999267578125
2025-04-17,Close,AIR.PA,136.4600067138672
2025-04-17,Close,BNP.PA,70.73999786376953
2025-04-17,Close,CS.PA,39.5099983215332
2025-04-17,Close,MT.AS,23.81999969482422
2025-04-17,High,AC.PA,39.06999969482422
2025-04-17,High,AI.PA,175.25999450683594
2025-04-17,High,AIR.PA,140.86000061035156
2025-04-17,High,BNP.PA,71.91999816894531
2025-04-17,High,CS.PA,39.709999084472656
2025-04-17,High,MT.AS,24.190000534057617
2025-04-17,Low,AC.PA,38.380001068115234
2025-04-17,Low,AI.PA,172.77999877929688
2025-04-17,Low,AIR.PA,135.3800048828125
2025-04-17,Low,BNP.PA,70.12999725341797
2025-04-17,Low,CS.PA,39.040000915527344
2025-04-17,Low,MT.AS,23.649999618530277
2025-04-17,Open,AC.PA,38.709999084472656
2025-04-17,Open,AI.PA,174.8800048828125
2025-04-17,Open,AIR.PA,140.63999938964844
2025-04-17,Open,BNP.PA,71.69000244140625
2025-04-17,Open,CS.PA,39.06999969482422
2025-04-17,Open,MT.AS,24.020000457763672
2025-04-17,Volume,AC.PA,501596.0
2025-04-17,Volume,AI.PA,701724.0
2025-04-17,Volume,AIR.PA,1563744.0
2025-04-17,Volume,BNP.PA,2922984.0
2025-04-17,Volume,CS.PA,4451871.0
2025-04-17,Volume,MT.AS,1175366.0
