Datetime,Ticker,Adj Close,Close,High,Low,Open,Volume
2024-06-28,AC.PA,38.29999923706055,38.29999923706055,38.619998931884766,38.0099983215332,38.619998931884766,765186.0
2024-07-01,AC.PA,38.18999862670898,38.18999862670898,39.29999923706055,38.18999862670898,39.02999877929688,662902.0
2024-07-02,AC.PA,38.220001220703125,38.220001220703125,38.2599983215332,37.58000183105469,38.06999969482422,684970.0
2024-07-03,AC.PA,39.22999954223633,39.22999954223633,39.2400016784668,38.27999877929688,38.59999847412109,490457.0
2024-07-04,AC.PA,39.56999969482422,39.56999969482422,39.56999969482422,39.209999084472656,39.43000030517578,427809.0
2024-07-05,AC.PA,38.650001525878906,38.650001525878906,39.68000030517578,38.58000183105469,39.630001068115234,514388.0
2024-07-08,AC.PA,38.970001220703125,38.970001220703125,39.13999938964844,38.34000015258789,38.5,589029.0
2024-07-09,AC.PA,38.84000015258789,38.84000015258789,38.97999954223633,38.380001068115234,38.790000915527344,481374.0
2024-07-10,AC.PA,39.08000183105469,39.08000183105469,39.27999877929688,38.560001373291016,38.86000061035156,616562.0
2024-07-11,AC.PA,39.310001373291016,39.310001373291016,39.43000030517578,38.84999847412109,39.09999847412109,645094.0
2024-07-12,AC.PA,39.5099983215332,39.5099983215332,39.63999938964844,38.72999954223633,39.380001068115234,663982.0
2024-07-15,AC.PA,39.58000183105469,39.58000183105469,39.88999938964844,39.13999938964844,39.36000061035156,499382.0
2024-07-16,AC.PA,39.130001068115234,39.130001068115234,39.41999816894531,38.95000076293945,39.31999969482422,539012.0
2024-07-17,AC.PA,38.630001068115234,38.630001068115234,39.11000061035156,38.4900016784668,39.0099983215332,374318.0
2024-07-18,AC.PA,38.119998931884766,38.119998931884766,38.61000061035156,38.04999923706055,38.59000015258789,501242.0
2024-07-19,AC.PA,38.119998931884766,38.119998931884766,38.29999923706055,37.43999862670898,37.900001525878906,414825.0
2024-07-22,AC.PA,37.34999847412109,37.34999847412109,38.15999984741211,37.29999923706055,38.15999984741211,701813.0
2024-07-23,AC.PA,37.77000045776367,37.77000045776367,37.84999847412109,37.2599983215332,37.5,542123.0
2024-07-24,AC.PA,37.2400016784668,37.2400016784668,37.720001220703125,37.02000045776367,37.41999816894531,1074327.0
2024-07-25,AC.PA,36.959999084472656,36.959999084472656,38.27999877929688,35.709999084472656,38.20000076293945,874678.0
2024-07-26,AC.PA,36.18000030517578,36.18000030517578,36.56999969482422,35.56999969482422,35.790000915527344,1030886.0
2024-07-29,AC.PA,35.310001373291016,35.310001373291016,36.150001525878906,35.310001373291016,36.08000183105469,596848.0
2024-07-30,AC.PA,36.040000915527344,36.040000915527344,36.040000915527344,35.31999969482422,35.43000030517578,686094.0
2024-07-31,AC.PA,35.56999969482422,35.56999969482422,36.43999862670898,35.52000045776367,36.400001525878906,835253.0
2024-08-01,AC.PA,34.68000030517578,34.68000030517578,35.540000915527344,34.5,35.52000045776367,991909.0
2024-08-02,AC.PA,33.04999923706055,33.04999923706055,34.279998779296875,32.65999984741211,34.25,1187643.0
2024-08-05,AC.PA,32.470001220703125,32.470001220703125,32.4900016784668,31.729999542236328,32.11000061035156,1046281.0
2024-08-06,AC.PA,32.88999938964844,32.88999938964844,33.09000015258789,32.45000076293945,32.84000015258789,672525.0
2024-08-07,AC.PA,33.11000061035156,33.11000061035156,33.33000183105469,32.75,33.33000183105469,610769.0
2024-08-08,AC.PA,33.29999923706055,33.29999923706055,33.380001068115234,32.75,32.849998474121094,679709.0
2024-08-09,AC.PA,33.81999969482422,33.81999969482422,33.849998474121094,33.31999969482422,33.439998626708984,657769.0
2024-08-12,AC.PA,33.56999969482422,33.56999969482422,34.06999969482422,33.529998779296875,33.970001220703125,585453.0
2024-08-13,AC.PA,33.540000915527344,33.540000915527344,33.66999816894531,33.33000183105469,33.61000061035156,316161.0
2024-08-14,AC.PA,33.7599983215332,33.7599983215332,34.20000076293945,33.689998626708984,34.130001068115234,569250.0
2024-08-15,AC.PA,34.88999938964844,34.88999938964844,34.959999084472656,33.75,33.77000045776367,1060714.0
2024-08-16,AC.PA,35.470001220703125,35.470001220703125,35.560001373291016,34.95000076293945,34.95000076293945,1091396.0
2024-08-19,AC.PA,35.540000915527344,35.540000915527344,35.66999816894531,35.2599983215332,35.40999984741211,599703.0
2024-08-20,AC.PA,35.599998474121094,35.599998474121094,36.5,35.599998474121094,35.720001220703125,976698.0
2024-08-21,AC.PA,35.79999923706055,35.79999923706055,35.84000015258789,35.540000915527344,35.59000015258789,405590.0
2024-08-22,AC.PA,36.04999923706055,36.04999923706055,36.15999984741211,35.79999923706055,35.79999923706055,420851.0
2024-08-23,AC.PA,37.09999847412109,37.09999847412109,37.09999847412109,36.130001068115234,36.130001068115234,1055422.0
2024-08-26,AC.PA,37.31999969482422,37.31999969482422,37.4900016784668,37.02999877929688,37.02999877929688,432995.0
2024-08-27,AC.PA,37.54999923706055,37.54999923706055,37.630001068115234,37.22999954223633,37.29999923706055,466721.0
2024-08-28,AC.PA,37.470001220703125,37.470001220703125,37.79999923706055,37.34999847412109,37.68000030517578,711853.0
2024-08-29,AC.PA,38.20000076293945,38.20000076293945,38.290000915527344,37.45000076293945,37.45000076293945,937443.0
2024-08-30,AC.PA,38.06999969482422,38.06999969482422,38.2599983215332,38.02999877929688,38.130001068115234,1175395.0
2024-09-02,AC.PA,38.18999862670898,38.18999862670898,38.290000915527344,37.7599983215332,38.09000015258789,574062.0
2024-09-03,AC.PA,38.22999954223633,38.22999954223633,38.47999954223633,37.95000076293945,38.18999862670898,493972.0
2024-09-04,AC.PA,38.040000915527344,38.040000915527344,38.11000061035156,37.43000030517578,37.540000915527344,610608.0
2024-09-05,AC.PA,38.33000183105469,38.33000183105469,38.68000030517578,38.0,38.0,421218.0
2024-09-06,AC.PA,37.77000045776367,37.77000045776367,38.68000030517578,37.7400016784668,38.33000183105469,625118.0
2024-09-09,AC.PA,38.29999923706055,38.29999923706055,38.61000061035156,38.02000045776367,38.02000045776367,432151.0
2024-09-10,AC.PA,37.75,37.75,38.56999969482422,37.619998931884766,38.2599983215332,541524.0
2024-09-11,AC.PA,38.06999969482422,38.06999969482422,38.09999847412109,37.5099983215332,37.7599983215332,757008.0
2024-09-12,AC.PA,38.09000015258789,38.09000015258789,38.7599983215332,37.84000015258789,38.59999847412109,541649.0
2024-09-13,AC.PA,38.34999847412109,38.34999847412109,38.459999084472656,38.09999847412109,38.150001525878906,354008.0
2024-09-16,AC.PA,38.34999847412109,38.34999847412109,38.47999954223633,38.119998931884766,38.220001220703125,411950.0
2024-09-17,AC.PA,38.720001220703125,38.720001220703125,38.970001220703125,38.459999084472656,38.5,375568.0
2024-09-18,AC.PA,38.470001220703125,38.470001220703125,38.81999969482422,38.470001220703125,38.77000045776367,681420.0
2024-09-19,AC.PA,39.4900016784668,39.4900016784668,39.65999984741211,38.90999984741211,39.0099983215332,810148.0
2024-09-20,AC.PA,39.38999938964844,39.38999938964844,39.880001068115234,39.27999877929688,39.45000076293945,3859899.0
2024-09-23,AC.PA,39.150001525878906,39.150001525878906,39.58000183105469,38.880001068115234,39.45000076293945,665856.0
2024-09-24,AC.PA,39.880001068115234,39.880001068115234,40.0,39.310001373291016,39.5,612771.0
2024-09-25,AC.PA,40.0,40.0,40.650001525878906,39.720001220703125,39.75,858439.0
2024-09-26,AC.PA,40.02999877929688,40.02999877929688,40.61000061035156,39.900001525878906,40.29999923706055,511288.0
2024-09-27,AC.PA,40.77999877929688,40.77999877929688,40.970001220703125,40.2400016784668,40.25,871749.0
2024-09-30,AC.PA,39.0,39.0,40.630001068115234,38.91999816894531,40.52999877929688,797486.0
2024-10-01,AC.PA,38.31999969482422,38.31999969482422,39.22999954223633,37.84999847412109,39.16999816894531,1122141.0
2024-10-02,AC.PA,38.11000061035156,38.11000061035156,38.29999923706055,37.630001068115234,38.18000030517578,547275.0
2024-10-03,AC.PA,38.2599983215332,38.2599983215332,38.2599983215332,37.720001220703125,38.02999877929688,570267.0
2024-10-04,AC.PA,39.560001373291016,39.560001373291016,39.9900016784668,38.18000030517578,38.2599983215332,841473.0
2024-10-07,AC.PA,39.36000061035156,39.36000061035156,39.79999923706055,39.130001068115234,39.650001525878906,424677.0
2024-10-08,AC.PA,39.150001525878906,39.150001525878906,39.40999984741211,38.869998931884766,39.0,466579.0
2024-10-09,AC.PA,39.72999954223633,39.72999954223633,39.79999923706055,39.04999923706055,39.29999923706055,424714.0
2024-10-10,AC.PA,39.63999938964844,39.63999938964844,39.720001220703125,39.15999984741211,39.54999923706055,384645.0
2024-10-11,AC.PA,40.459999084472656,40.459999084472656,40.459999084472656,39.83000183105469,39.90999984741211,572877.0
2024-10-14,AC.PA,40.630001068115234,40.630001068115234,40.68000030517578,40.13999938964844,40.310001373291016,502961.0
2024-10-15,AC.PA,40.93000030517578,40.93000030517578,41.41999816894531,40.7599983215332,40.83000183105469,968749.0
2024-10-16,AC.PA,41.72999954223633,41.72999954223633,41.72999954223633,40.650001525878906,40.68999862670898,773214.0
2024-10-17,AC.PA,41.9900016784668,41.9900016784668,42.25,41.5099983215332,41.84999847412109,632198.0
2024-10-18,AC.PA,41.97999954223633,41.97999954223633,42.22999954223633,41.650001525878906,41.7599983215332,802384.0
2024-10-21,AC.PA,41.56999969482422,41.56999969482422,42.0099983215332,41.56999969482422,41.880001068115234,659272.0
2024-10-22,AC.PA,42.20000076293945,42.20000076293945,42.220001220703125,41.2599983215332,41.34999847412109,616821.0
2024-10-23,AC.PA,42.38999938964844,42.38999938964844,42.720001220703125,42.130001068115234,42.130001068115234,693565.0
2024-10-24,AC.PA,42.66999816894531,42.66999816894531,42.83000183105469,42.20000076293945,42.2599983215332,652918.0
2024-10-25,AC.PA,41.790000915527344,41.790000915527344,42.58000183105469,41.56999969482422,42.58000183105469,831272.0
2024-10-28,AC.PA,42.27000045776367,42.27000045776367,42.52999877929688,41.91999816894531,42.20000076293945,495341.0
2024-10-29,AC.PA,41.86000061035156,41.86000061035156,42.52999877929688,41.83000183105469,42.52999877929688,626881.0
2024-10-30,AC.PA,42.02000045776367,42.02000045776367,42.02000045776367,39.63999938964844,41.59000015258789,738932.0
2024-10-31,AC.PA,41.65999984741211,41.65999984741211,42.20000076293945,41.400001525878906,41.70000076293945,892754.0
2024-11-01,AC.PA,41.84999847412109,41.84999847412109,41.91999816894531,41.27999877929688,41.52000045776367,344894.0
2024-11-04,AC.PA,41.380001068115234,41.380001068115234,41.93000030517578,41.22999954223633,41.72999954223633,420869.0
2024-11-05,AC.PA,41.810001373291016,41.810001373291016,41.880001068115234,41.18999862670898,41.40999984741211,429492.0
2024-11-06,AC.PA,42.130001068115234,42.130001068115234,42.790000915527344,41.95000076293945,42.130001068115234,600277.0
2024-11-07,AC.PA,43.18000030517578,43.18000030517578,43.52000045776367,41.9900016784668,42.16999816894531,698430.0
2024-11-08,AC.PA,44.0099983215332,44.0099983215332,44.09999847412109,43.25,43.52999877929688,640605.0
2024-11-11,AC.PA,44.02999877929688,44.02999877929688,44.630001068115234,44.02999877929688,44.31999969482422,544390.0
2024-11-12,AC.PA,43.11000061035156,43.11000061035156,43.72999954223633,43.0099983215332,43.560001373291016,476433.0
2024-11-13,AC.PA,43.2599983215332,43.2599983215332,43.33000183105469,42.83000183105469,43.119998931884766,503706.0
2024-11-14,AC.PA,43.40999984741211,43.40999984741211,43.810001373291016,42.90999984741211,43.369998931884766,453673.0
2024-11-15,AC.PA,43.790000915527344,43.790000915527344,44.11000061035156,43.18999862670898,43.20000076293945,479311.0
2024-11-18,AC.PA,44.060001373291016,44.060001373291016,44.130001068115234,43.52000045776367,43.59999847412109,464034.0
2024-11-19,AC.PA,43.09000015258789,43.09000015258789,44.13999938964844,42.4900016784668,43.9900016784668,592912.0
2024-11-20,AC.PA,42.84999847412109,42.84999847412109,43.36000061035156,42.75,43.29999923706055,575435.0
2024-11-21,AC.PA,42.86000061035156,42.86000061035156,42.97999954223633,41.9900016784668,42.79999923706055,712951.0
2024-11-22,AC.PA,42.47999954223633,42.47999954223633,43.150001525878906,42.34000015258789,42.900001525878906,464995.0
2024-11-25,AC.PA,43.54999923706055,43.54999923706055,43.75,42.33000183105469,42.810001373291016,948436.0
2024-11-26,AC.PA,42.9900016784668,42.9900016784668,43.29999923706055,42.83000183105469,43.2400016784668,614598.0
2024-11-27,AC.PA,42.15999984741211,42.15999984741211,42.68999862670898,41.86000061035156,42.650001525878906,680343.0
2024-11-28,AC.PA,43.27000045776367,43.27000045776367,43.52999877929688,42.02999877929688,42.04999923706055,660225.0
2024-11-29,AC.PA,43.68000030517578,43.68000030517578,43.869998931884766,43.310001373291016,43.72999954223633,473208.0
2024-12-02,AC.PA,43.459999084472656,43.459999084472656,43.84000015258789,42.83000183105469,42.93999862670898,601556.0
2024-12-03,AC.PA,43.7599983215332,43.7599983215332,44.20000076293945,43.31999969482422,43.77000045776367,432145.0
2024-12-04,AC.PA,44.0,44.0,44.0,43.5099983215332,43.790000915527344,452907.0
2024-12-05,AC.PA,46.09999847412109,46.09999847412109,46.2400016784668,44.31999969482422,44.31999969482422,1113406.0
2024-12-06,AC.PA,46.02000045776367,46.02000045776367,46.43999862670898,45.900001525878906,46.0099983215332,575988.0
2024-12-09,AC.PA,45.650001525878906,45.650001525878906,46.34999847412109,45.650001525878906,46.040000915527344,443660.0
2024-12-10,AC.PA,45.58000183105469,45.58000183105469,45.90999984741211,45.380001068115234,45.4900016784668,390915.0
2024-12-11,AC.PA,46.2599983215332,46.2599983215332,46.41999816894531,45.290000915527344,45.31999969482422,482166.0
2024-12-12,AC.PA,46.790000915527344,46.790000915527344,46.959999084472656,46.310001373291016,46.380001068115234,710558.0
2024-12-13,AC.PA,47.0,47.0,47.43999862670898,46.66999816894531,46.66999816894531,572346.0
2024-12-16,AC.PA,46.95000076293945,46.95000076293945,47.09999847412109,46.72999954223633,46.77000045776367,538796.0
2024-12-17,AC.PA,46.79999923706055,46.79999923706055,47.16999816894531,46.650001525878906,46.720001220703125,509774.0
2024-12-18,AC.PA,46.720001220703125,46.720001220703125,47.150001525878906,46.54999923706055,47.0,599495.0
2024-12-19,AC.PA,46.34999847412109,46.34999847412109,46.369998931884766,45.380001068115234,45.7400016784668,635520.0
2024-12-20,AC.PA,46.59999847412109,46.59999847412109,46.66999816894531,45.84000015258789,46.209999084472656,798307.0
2024-12-23,AC.PA,46.43999862670898,46.43999862670898,46.720001220703125,46.220001220703125,46.540000915527344,285411.0
2024-12-24,AC.PA,46.5,46.5,46.88999938964844,46.5,46.650001525878906,132033.0
2024-12-27,AC.PA,46.75,46.75,47.04999923706055,46.54999923706055,46.54999923706055,502989.0
2024-12-30,AC.PA,46.70000076293945,46.70000076293945,47.02999877929688,46.5,46.540000915527344,290259.0
2024-12-31,AC.PA,47.040000915527344,47.040000915527344,47.040000915527344,46.560001373291016,46.560001373291016,107905.0
2025-01-02,AC.PA,47.130001068115234,47.130001068115234,47.33000183105469,46.380001068115234,47.11000061035156,344545.0
2025-01-03,AC.PA,45.9900016784668,45.9900016784668,47.130001068115234,45.77000045776367,47.0099983215332,556722.0
2025-01-06,AC.PA,46.58000183105469,46.58000183105469,46.68999862670898,45.720001220703125,46.15999984741211,476694.0
2025-01-07,AC.PA,46.4900016784668,46.4900016784668,47.09000015258789,45.9900016784668,46.5099983215332,431485.0
2025-01-08,AC.PA,46.68999862670898,46.68999862670898,46.97999954223633,46.060001373291016,46.58000183105469,407806.0
2025-01-09,AC.PA,47.220001220703125,47.220001220703125,47.29999923706055,46.400001525878906,46.400001525878906,407072.0
2025-01-10,AC.PA,47.22999954223633,47.22999954223633,47.59999847412109,47.09000015258789,47.25,493783.0
2025-01-13,AC.PA,46.81999969482422,46.81999969482422,47.15999984741211,46.54999923706055,47.0099983215332,500432.0
2025-01-14,AC.PA,47.5099983215332,47.5099983215332,47.63999938964844,47.09999847412109,47.20000076293945,606550.0
2025-01-15,AC.PA,47.81999969482422,47.81999969482422,47.81999969482422,47.400001525878906,47.52000045776367,447293.0
2025-01-16,AC.PA,47.650001525878906,47.650001525878906,48.34999847412109,47.56999969482422,48.0,422759.0
2025-01-17,AC.PA,48.060001373291016,48.060001373291016,48.13999938964844,47.54999923706055,47.790000915527344,597768.0
2025-01-20,AC.PA,48.2599983215332,48.2599983215332,48.58000183105469,47.9900016784668,48.0,364065.0
2025-01-21,AC.PA,48.31999969482422,48.31999969482422,48.68999862670898,48.150001525878906,48.2599983215332,354737.0
2025-01-22,AC.PA,49.04999923706055,49.04999923706055,49.18999862670898,48.43000030517578,48.5,420562.0
2025-01-23,AC.PA,48.58000183105469,48.58000183105469,49.0,48.16999816894531,49.0,642338.0
2025-01-24,AC.PA,48.97999954223633,48.97999954223633,49.45000076293945,48.7599983215332,48.79999923706055,419396.0
2025-01-27,AC.PA,48.88999938964844,48.88999938964844,49.11000061035156,48.25,48.650001525878906,484620.0
2025-01-28,AC.PA,49.459999084472656,49.459999084472656,49.59999847412109,48.79999923706055,48.88999938964844,440857.0
2025-01-29,AC.PA,49.369998931884766,49.369998931884766,49.900001525878906,49.369998931884766,49.58000183105469,483853.0
2025-01-30,AC.PA,49.560001373291016,49.560001373291016,49.970001220703125,49.36000061035156,49.5,766900.0
2025-01-31,AC.PA,49.7599983215332,49.7599983215332,49.93999862670898,49.43000030517578,49.52000045776367,633014.0
2025-02-03,AC.PA,49.09000015258789,49.09000015258789,49.310001373291016,48.47999954223633,48.58000183105469,586152.0
2025-02-04,AC.PA,49.34999847412109,49.34999847412109,49.5,49.0,49.40999984741211,556296.0
2025-02-05,AC.PA,49.27000045776367,49.27000045776367,49.43000030517578,48.970001220703125,49.18999862670898,401375.0
2025-02-06,AC.PA,49.970001220703125,49.970001220703125,50.040000915527344,49.209999084472656,49.36000061035156,494869.0
2025-02-07,AC.PA,49.900001525878906,49.900001525878906,50.380001068115234,49.84999847412109,50.18000030517578,605217.0
2025-02-10,AC.PA,50.380001068115234,50.380001068115234,50.59999847412109,50.0,50.09999847412109,714670.0
2025-02-11,AC.PA,49.709999084472656,49.709999084472656,50.2400016784668,49.18999862670898,50.02000045776367,759090.0
2025-02-12,AC.PA,49.91999816894531,49.91999816894531,50.040000915527344,49.56999969482422,49.869998931884766,536354.0
2025-02-13,AC.PA,49.93000030517578,49.93000030517578,51.09999847412109,49.93000030517578,50.5,812836.0
2025-02-14,AC.PA,50.459999084472656,50.459999084472656,50.52000045776367,49.77000045776367,49.91999816894531,889860.0
2025-02-17,AC.PA,50.13999938964844,50.13999938964844,50.68000030517578,50.060001373291016,50.5,564968.0
2025-02-18,AC.PA,49.540000915527344,49.540000915527344,50.2599983215332,49.18000030517578,50.13999938964844,635296.0
2025-02-19,AC.PA,48.54999923706055,48.54999923706055,49.650001525878906,48.5099983215332,49.18999862670898,1063814.0
2025-02-20,AC.PA,46.869998931884766,46.869998931884766,48.84999847412109,46.369998931884766,48.7599983215332,1104963.0
2025-02-21,AC.PA,46.43000030517578,46.43000030517578,47.34000015258789,46.02999877929688,47.34000015258789,953415.0
2025-02-24,AC.PA,46.560001373291016,46.560001373291016,46.77000045776367,45.43999862670898,45.97999954223633,950846.0
2025-02-25,AC.PA,46.790000915527344,46.790000915527344,47.56999969482422,46.34999847412109,46.41999816894531,661892.0
2025-02-26,AC.PA,48.13999938964844,48.13999938964844,48.13999938964844,46.81999969482422,46.900001525878906,720764.0
2025-02-27,AC.PA,48.09000015258789,48.09000015258789,48.09000015258789,47.2400016784668,47.54999923706055,601435.0
2025-02-28,AC.PA,48.060001373291016,48.060001373291016,48.08000183105469,47.52999877929688,47.68000030517578,833795.0
2025-03-03,AC.PA,48.619998931884766,48.619998931884766,48.75,47.63999938964844,47.880001068115234,530353.0
2025-03-04,AC.PA,46.83000183105469,46.83000183105469,48.119998931884766,46.560001373291016,48.02999877929688,774538.0
2025-03-05,AC.PA,47.65999984741211,47.65999984741211,48.68000030517578,47.54999923706055,47.59999847412109,799755.0
2025-03-06,AC.PA,47.04999923706055,47.04999923706055,49.02999877929688,46.81999969482422,48.400001525878906,763708.0
2025-03-07,AC.PA,46.59000015258789,46.59000015258789,46.86000061035156,46.22999954223633,46.52000045776367,659745.0
2025-03-10,AC.PA,45.93000030517578,45.93000030517578,47.0,45.7599983215332,46.900001525878906,674952.0
2025-03-11,AC.PA,43.97999954223633,43.97999954223633,46.18000030517578,43.400001525878906,45.77999877929688,1677212.0
2025-03-12,AC.PA,44.7400016784668,44.7400016784668,45.060001373291016,44.27000045776367,44.52999877929688,860104.0
2025-03-13,AC.PA,44.20000076293945,44.20000076293945,44.65999984741211,43.93999862670898,44.459999084472656,1007350.0
2025-03-14,AC.PA,44.68000030517578,44.68000030517578,45.16999816894531,44.09999847412109,44.15999984741211,754615.0
2025-03-17,AC.PA,45.5,45.5,45.5,44.65999984741211,44.68999862670898,582106.0
2025-03-18,AC.PA,44.93999862670898,44.93999862670898,46.09000015258789,44.560001373291016,45.880001068115234,760070.0
2025-03-19,AC.PA,45.34000015258789,45.34000015258789,45.36000061035156,44.5099983215332,44.95000076293945,571834.0
2025-03-20,AC.PA,44.86000061035156,44.86000061035156,45.400001525878906,44.810001373291016,45.20000076293945,495546.0
2025-03-21,AC.PA,43.88999938964844,43.88999938964844,44.380001068115234,43.400001525878906,44.27000045776367,1720451.0
2025-03-24,AC.PA,44.09999847412109,44.09999847412109,44.84999847412109,43.970001220703125,44.54999923706055,730382.0
2025-03-25,AC.PA,44.90999984741211,44.90999984741211,44.90999984741211,44.18000030517578,44.38999938964844,562409.0
2025-03-26,AC.PA,44.81999969482422,44.81999969482422,45.209999084472656,44.63999938964844,44.86000061035156,655970.0
2025-03-27,AC.PA,44.220001220703125,44.220001220703125,44.77999877929688,44.02000045776367,44.47999954223633,654205.0
2025-03-28,AC.PA,42.790000915527344,42.790000915527344,44.18000030517578,42.790000915527344,43.84999847412109,973322.0
2025-03-31,AC.PA,41.88999938964844,41.88999938964844,42.54999923706055,41.560001373291016,42.380001068115234,1193698.0
2025-04-01,AC.PA,42.08000183105469,42.08000183105469,42.58000183105469,41.7599983215332,42.5,648763.0
2025-04-02,AC.PA,42.61000061035156,42.61000061035156,42.61000061035156,41.81999969482422,42.09999847412109,420207.0
2025-04-03,AC.PA,40.34000015258789,40.34000015258789,41.90999984741211,40.2400016784668,41.810001373291016,966694.0
2025-04-04,AC.PA,37.810001373291016,37.810001373291016,40.20000076293945,37.18999862670898,40.09999847412109,1304016.0
2025-04-07,AC.PA,36.119998931884766,36.119998931884766,38.25,34.619998931884766,34.77000045776367,1191440.0
2025-04-08,AC.PA,37.52000045776367,37.52000045776367,38.02999877929688,36.540000915527344,37.13999938964844,796478.0
2025-04-09,AC.PA,36.5,36.5,37.18000030517578,36.02000045776367,36.09000015258789,766028.0
2025-04-10,AC.PA,38.27999877929688,38.27999877929688,41.7599983215332,38.27999877929688,41.540000915527344,1007524.0
2025-04-11,AC.PA,37.83000183105469,37.83000183105469,38.869998931884766,37.4900016784668,38.84000015258789,813392.0
2025-04-14,AC.PA,38.58000183105469,38.58000183105469,38.95000076293945,38.369998931884766,38.81999969482422,424520.0
2025-04-15,AC.PA,39.27999877929688,39.27999877929688,39.5,38.7400016784668,38.7400016784668,418707.0
2025-04-16,AC.PA,38.9900016784668,38.9900016784668,38.9900016784668,38.2599983215332,38.75,644025.0
2025-04-17,AC.PA,38.95000076293945,38.95000076293945,39.06999969482422,38.380001068115234,38.709999084472656,501596.0
2025-04-22,AC.PA,39.150001525878906,39.150001525878906,39.310001373291016,38.16999816894531,38.79999923706055,638452.0
2025-04-23,AC.PA,40.59999847412109,40.59999847412109,40.869998931884766,39.65999984741211,39.91999816894531,941991.0
2024-06-28,AI.PA,161.27999877929688,161.27999877929688,163.9600067138672,160.6199951171875,163.8000030517578,713670.0
2024-07-01,AI.PA,162.6199951171875,162.6199951171875,165.97999572753906,162.6199951171875,165.1999969482422,495586.0
2024-07-02,AI.PA,162.8800048828125,162.8800048828125,162.8800048828125,160.67999267578125,162.02000427246094,620145.0
2024-07-03,AI.PA,164.1999969482422,164.1999969482422,164.3000030517578,162.3000030517578,163.67999267578125,608007.0
2024-07-04,AI.PA,165.39999389648438,165.39999389648438,165.4199981689453,164.1999969482422,164.9600067138672,513047.0
2024-07-05,AI.PA,163.4600067138672,163.4600067138672,165.32000732421875,162.75999450683594,165.32000732421875,480935.0
2024-07-08,AI.PA,163.75999450683594,163.75999450683594,165.72000122070312,162.5399932861328,162.60000610351562,647977.0
2024-07-09,AI.PA,160.8000030517578,160.8000030517578,163.89999389648438,160.36000061035156,163.3000030517578,667060.0
2024-07-10,AI.PA,162.10000610351562,162.10000610351562,162.1999969482422,160.25999450683594,161.0,430811.0
2024-07-11,AI.PA,163.44000244140625,163.44000244140625,163.97999572753906,161.86000061035156,162.72000122070312,516616.0
2024-07-12,AI.PA,166.10000610351562,166.10000610351562,166.5,164.02000427246094,164.3800048828125,599047.0
2024-07-15,AI.PA,163.16000366210938,163.16000366210938,165.9600067138672,163.13999938964844,165.66000366210938,455798.0
2024-07-16,AI.PA,162.6999969482422,162.6999969482422,163.32000732421875,161.83999633789062,162.5,389153.0
2024-07-17,AI.PA,164.72000122070312,164.72000122070312,165.89999389648438,162.3000030517578,162.32000732421875,524452.0
2024-07-18,AI.PA,165.13999938964844,165.13999938964844,166.60000610351562,164.16000366210938,165.6199951171875,534736.0
2024-07-19,AI.PA,163.0399932861328,163.0399932861328,164.6199951171875,162.24000549316406,164.47999572753906,827767.0
2024-07-22,AI.PA,165.1999969482422,165.1999969482422,165.94000244140625,163.24000549316406,164.02000427246094,555722.0
2024-07-23,AI.PA,166.27999877929688,166.27999877929688,167.3000030517578,164.6199951171875,164.97999572753906,468759.0
2024-07-24,AI.PA,165.60000610351562,165.60000610351562,166.33999633789062,163.89999389648438,165.05999755859375,436389.0
2024-07-25,AI.PA,164.82000732421875,164.82000732421875,164.86000061035156,163.25999450683594,164.47999572753906,549129.0
2024-07-26,AI.PA,167.32000732421875,167.32000732421875,167.9199981689453,163.36000061035156,163.74000549316406,595181.0
2024-07-29,AI.PA,165.5,165.5,168.3000030517578,164.63999938964844,168.0,425921.0
2024-07-30,AI.PA,167.60000610351562,167.60000610351562,168.0,165.5,165.9600067138672,456328.0
2024-07-31,AI.PA,168.77999877929688,168.77999877929688,169.63999938964844,167.5,168.0,891772.0
2024-08-01,AI.PA,165.89999389648438,165.89999389648438,167.9199981689453,165.52000427246094,167.47999572753906,628156.0
2024-08-02,AI.PA,163.47999572753906,163.47999572753906,166.05999755859375,162.9199981689453,165.3800048828125,825897.0
2024-08-05,AI.PA,163.0,163.0,163.44000244140625,159.17999267578125,160.77999877929688,1146073.0
2024-08-06,AI.PA,161.3000030517578,161.3000030517578,163.77999877929688,160.13999938964844,162.82000732421875,808582.0
2024-08-07,AI.PA,163.5800018310547,163.5800018310547,164.5399932861328,161.0,161.36000061035156,674059.0
2024-08-08,AI.PA,162.74000549316406,162.74000549316406,163.05999755859375,161.27999877929688,163.0,493363.0
2024-08-09,AI.PA,163.60000610351562,163.60000610351562,164.05999755859375,162.1199951171875,163.67999267578125,411082.0
2024-08-12,AI.PA,162.3000030517578,162.3000030517578,164.5800018310547,162.02000427246094,164.32000732421875,491442.0
2024-08-13,AI.PA,162.72000122070312,162.72000122070312,163.77999877929688,161.83999633789062,162.86000061035156,416464.0
2024-08-14,AI.PA,163.55999755859375,163.55999755859375,163.83999633789062,162.44000244140625,163.5800018310547,376579.0
2024-08-15,AI.PA,165.1199951171875,165.1199951171875,165.1999969482422,162.83999633789062,164.05999755859375,436005.0
2024-08-16,AI.PA,165.8800048828125,165.8800048828125,165.8800048828125,164.6999969482422,165.3000030517578,538636.0
2024-08-19,AI.PA,165.39999389648438,165.39999389648438,166.52000427246094,165.39999389648438,166.05999755859375,445438.0
2024-08-20,AI.PA,165.22000122070312,165.22000122070312,166.32000732421875,164.6999969482422,165.9199981689453,256451.0
2024-08-21,AI.PA,165.55999755859375,165.55999755859375,166.52000427246094,165.02000427246094,165.3800048828125,367583.0
2024-08-22,AI.PA,165.0,165.0,166.3800048828125,164.6199951171875,165.55999755859375,340593.0
2024-08-23,AI.PA,165.9199981689453,165.9199981689453,166.39999389648438,165.0,165.33999633789062,374874.0
2024-08-26,AI.PA,166.17999267578125,166.17999267578125,166.52000427246094,165.1199951171875,165.55999755859375,169975.0
2024-08-27,AI.PA,165.52000427246094,165.52000427246094,166.8000030517578,165.52000427246094,166.22000122070312,254980.0
2024-08-28,AI.PA,167.1999969482422,167.1999969482422,167.94000244140625,166.10000610351562,166.24000549316406,390730.0
2024-08-29,AI.PA,169.33999633789062,169.33999633789062,169.33999633789062,167.47999572753906,167.47999572753906,383394.0
2024-08-30,AI.PA,168.72000122070312,168.72000122070312,169.89999389648438,168.5,169.24000549316406,719767.0
2024-09-02,AI.PA,168.9199981689453,168.9199981689453,169.0800018310547,167.66000366210938,168.5,217184.0
2024-09-03,AI.PA,169.3800048828125,169.3800048828125,169.75999450683594,168.6999969482422,169.33999633789062,385284.0
2024-09-04,AI.PA,168.36000061035156,168.36000061035156,171.27999877929688,168.1199951171875,168.5,653796.0
2024-09-05,AI.PA,163.10000610351562,163.10000610351562,165.9199981689453,163.10000610351562,163.6999969482422,740417.0
2024-09-06,AI.PA,162.36000061035156,162.36000061035156,165.0,161.8800048828125,163.10000610351562,738211.0
2024-09-09,AI.PA,166.1999969482422,166.1999969482422,166.32000732421875,162.8000030517578,163.39999389648438,471096.0
2024-09-10,AI.PA,168.97999572753906,168.97999572753906,169.86000061035156,165.39999389648438,165.5,668526.0
2024-09-11,AI.PA,169.1199951171875,169.1199951171875,170.89999389648438,168.52000427246094,169.5,558262.0
2024-09-12,AI.PA,169.72000122070312,169.72000122070312,170.4199981689453,168.36000061035156,170.22000122070312,468529.0
2024-09-13,AI.PA,170.22000122070312,170.22000122070312,171.24000549316406,169.47999572753906,170.02000427246094,357332.0
2024-09-16,AI.PA,169.52000427246094,169.52000427246094,170.5399932861328,168.89999389648438,169.5,367258.0
2024-09-17,AI.PA,170.13999938964844,170.13999938964844,170.9600067138672,169.9199981689453,170.10000610351562,511860.0
2024-09-18,AI.PA,167.8000030517578,167.8000030517578,170.39999389648438,167.8000030517578,170.0399932861328,383600.0
2024-09-19,AI.PA,171.05999755859375,171.05999755859375,171.05999755859375,168.5800018310547,170.52000427246094,640288.0
2024-09-20,AI.PA,167.72000122070312,167.72000122070312,171.55999755859375,167.60000610351562,171.27999877929688,1238225.0
2024-09-23,AI.PA,170.60000610351562,170.60000610351562,170.60000610351562,167.16000366210938,167.9600067138672,555505.0
2024-09-24,AI.PA,172.8000030517578,172.8000030517578,173.83999633789062,171.94000244140625,172.3800048828125,556878.0
2024-09-25,AI.PA,172.0,172.0,172.63999938964844,171.05999755859375,172.4199981689453,579654.0
2024-09-26,AI.PA,174.1999969482422,174.1999969482422,174.24000549316406,172.02000427246094,173.55999755859375,640224.0
2024-09-27,AI.PA,176.17999267578125,176.17999267578125,177.0,174.05999755859375,174.25999450683594,984662.0
2024-09-30,AI.PA,173.25999450683594,173.25999450683594,175.6199951171875,173.25999450683594,175.39999389648438,764794.0
2024-10-01,AI.PA,170.94000244140625,170.94000244140625,173.82000732421875,169.83999633789062,173.72000122070312,662130.0
2024-10-02,AI.PA,171.0,171.0,171.5,169.6999969482422,171.1999969482422,481833.0
2024-10-03,AI.PA,167.33999633789062,167.33999633789062,170.83999633789062,166.6199951171875,170.83999633789062,524547.0
2024-10-04,AI.PA,167.60000610351562,167.60000610351562,168.82000732421875,166.66000366210938,167.1199951171875,644315.0
2024-10-07,AI.PA,167.63999938964844,167.63999938964844,168.3800048828125,165.8000030517578,167.67999267578125,589935.0
2024-10-08,AI.PA,168.89999389648438,168.89999389648438,169.05999755859375,166.5,167.47999572753906,604324.0
2024-10-09,AI.PA,169.32000732421875,169.32000732421875,169.63999938964844,167.8000030517578,168.5800018310547,332865.0
2024-10-10,AI.PA,170.02000427246094,170.02000427246094,170.02000427246094,168.5800018310547,168.74000549316406,412459.0
2024-10-11,AI.PA,170.77999877929688,170.77999877929688,170.9199981689453,169.13999938964844,169.8000030517578,301215.0
2024-10-14,AI.PA,172.10000610351562,172.10000610351562,172.1999969482422,170.83999633789062,171.16000366210938,358553.0
2024-10-15,AI.PA,171.82000732421875,171.82000732421875,173.4600067138672,171.82000732421875,172.5,902999.0
2024-10-16,AI.PA,171.8800048828125,171.8800048828125,172.94000244140625,171.1999969482422,172.39999389648438,498518.0
2024-10-17,AI.PA,172.6199951171875,172.6199951171875,174.10000610351562,172.44000244140625,172.52000427246094,445457.0
2024-10-18,AI.PA,173.67999267578125,173.67999267578125,173.67999267578125,171.5800018310547,171.94000244140625,531268.0
2024-10-21,AI.PA,171.8800048828125,171.8800048828125,173.0,171.55999755859375,172.5,511776.0
2024-10-22,AI.PA,170.9199981689453,170.9199981689453,171.60000610351562,169.16000366210938,171.36000061035156,469644.0
2024-10-23,AI.PA,169.3000030517578,169.3000030517578,170.67999267578125,168.25999450683594,170.02000427246094,501425.0
2024-10-24,AI.PA,167.89999389648438,167.89999389648438,170.5399932861328,167.89999389648438,169.67999267578125,478306.0
2024-10-25,AI.PA,167.44000244140625,167.44000244140625,168.27999877929688,166.47999572753906,167.60000610351562,589694.0
2024-10-28,AI.PA,170.16000366210938,170.16000366210938,170.67999267578125,168.27999877929688,169.0,538483.0
2024-10-29,AI.PA,168.77999877929688,168.77999877929688,171.44000244140625,168.25999450683594,171.0,564434.0
2024-10-30,AI.PA,165.89999389648438,165.89999389648438,167.55999755859375,165.1199951171875,167.5399932861328,764064.0
2024-10-31,AI.PA,164.66000366210938,164.66000366210938,166.39999389648438,163.86000061035156,165.4600067138672,1141268.0
2024-11-01,AI.PA,166.3000030517578,166.3000030517578,166.75999450683594,164.27999877929688,164.8800048828125,428581.0
2024-11-04,AI.PA,165.10000610351562,165.10000610351562,166.63999938964844,165.10000610351562,165.82000732421875,352863.0
2024-11-05,AI.PA,166.32000732421875,166.32000732421875,166.39999389648438,164.66000366210938,165.47999572753906,483228.0
2024-11-06,AI.PA,162.9199981689453,162.9199981689453,168.6999969482422,162.33999633789062,166.02000427246094,904973.0
2024-11-07,AI.PA,163.1199951171875,163.1199951171875,163.9600067138672,162.0399932861328,163.33999633789062,813490.0
2024-11-08,AI.PA,161.5,161.5,163.82000732421875,161.5,163.77999877929688,712553.0
2024-11-11,AI.PA,163.6999969482422,163.6999969482422,164.33999633789062,162.44000244140625,162.47999572753906,615456.0
2024-11-12,AI.PA,159.5800018310547,159.5800018310547,163.24000549316406,159.5800018310547,162.3800048828125,957769.0
2024-11-13,AI.PA,160.97999572753906,160.97999572753906,163.39999389648438,159.74000549316406,161.63999938964844,752386.0
2024-11-14,AI.PA,162.44000244140625,162.44000244140625,162.66000366210938,160.0800018310547,161.33999633789062,833918.0
2024-11-15,AI.PA,160.8000030517578,160.8000030517578,162.0800018310547,160.1999969482422,161.05999755859375,675890.0
2024-11-18,AI.PA,160.24000549316406,160.24000549316406,161.10000610351562,159.02000427246094,160.5,542447.0
2024-11-19,AI.PA,159.24000549316406,159.24000549316406,160.82000732421875,157.25999450683594,160.0,730766.0
2024-11-20,AI.PA,158.05999755859375,158.05999755859375,159.97999572753906,157.75999450683594,159.83999633789062,711877.0
2024-11-21,AI.PA,159.25999450683594,159.25999450683594,159.36000061035156,157.0800018310547,158.4199981689453,662234.0
2024-11-22,AI.PA,160.24000549316406,160.24000549316406,160.5,158.05999755859375,159.5,657431.0
2024-11-25,AI.PA,158.9600067138672,158.9600067138672,161.6199951171875,158.6999969482422,160.97999572753906,966965.0
2024-11-26,AI.PA,156.97999572753906,156.97999572753906,158.63999938964844,156.67999267578125,158.0,663149.0
2024-11-27,AI.PA,156.27999877929688,156.27999877929688,156.6199951171875,155.10000610351562,156.13999938964844,670730.0
2024-11-28,AI.PA,156.27999877929688,156.27999877929688,156.83999633789062,155.17999267578125,156.77999877929688,484186.0
2024-11-29,AI.PA,157.27999877929688,157.27999877929688,157.27999877929688,155.47999572753906,155.52000427246094,664442.0
2024-12-02,AI.PA,159.5399932861328,159.5399932861328,160.0,156.33999633789062,156.83999633789062,943803.0
2024-12-03,AI.PA,160.02000427246094,160.02000427246094,160.9600067138672,159.27999877929688,159.5,721336.0
2024-12-04,AI.PA,161.16000366210938,161.16000366210938,161.47999572753906,159.63999938964844,159.86000061035156,727105.0
2024-12-05,AI.PA,161.66000366210938,161.66000366210938,162.25999450683594,160.77999877929688,161.17999267578125,670797.0
2024-12-06,AI.PA,162.05999755859375,162.05999755859375,162.36000061035156,160.47999572753906,161.22000122070312,645732.0
2024-12-09,AI.PA,161.66000366210938,161.66000366210938,162.86000061035156,161.4600067138672,162.75999450683594,627374.0
2024-12-10,AI.PA,160.0399932861328,160.0399932861328,161.82000732421875,159.74000549316406,161.44000244140625,750778.0
2024-12-11,AI.PA,159.9600067138672,159.9600067138672,160.3800048828125,159.1999969482422,159.3000030517578,640048.0
2024-12-12,AI.PA,159.89999389648438,159.89999389648438,160.4199981689453,159.13999938964844,159.66000366210938,563489.0
2024-12-13,AI.PA,159.6999969482422,159.6999969482422,160.67999267578125,159.24000549316406,159.52000427246094,526947.0
2024-12-16,AI.PA,159.3000030517578,159.3000030517578,159.67999267578125,158.74000549316406,159.32000732421875,648869.0
2024-12-17,AI.PA,158.89999389648438,158.89999389648438,159.60000610351562,157.66000366210938,158.1999969482422,758650.0
2024-12-18,AI.PA,158.25999450683594,158.25999450683594,159.1199951171875,158.0800018310547,158.5,823235.0
2024-12-19,AI.PA,155.5,155.5,156.6199951171875,154.9199981689453,156.10000610351562,1031387.0
2024-12-20,AI.PA,155.3800048828125,155.3800048828125,155.3800048828125,153.55999755859375,154.63999938964844,1751512.0
2024-12-23,AI.PA,154.24000549316406,154.24000549316406,155.60000610351562,154.0800018310547,154.67999267578125,581512.0
2024-12-24,AI.PA,154.33999633789062,154.33999633789062,155.16000366210938,154.16000366210938,154.60000610351562,173434.0
2024-12-27,AI.PA,155.89999389648438,155.89999389648438,155.89999389648438,153.4199981689453,154.0800018310547,535877.0
2024-12-30,AI.PA,154.6199951171875,154.6199951171875,155.86000061035156,154.25999450683594,155.36000061035156,391937.0
2024-12-31,AI.PA,156.9199981689453,156.9199981689453,156.9199981689453,154.4199981689453,154.52000427246094,227217.0
2025-01-02,AI.PA,155.86000061035156,155.86000061035156,156.75999450683594,154.1999969482422,156.74000549316406,589754.0
2025-01-03,AI.PA,154.63999938964844,154.63999938964844,155.94000244140625,154.27999877929688,155.82000732421875,768673.0
2025-01-06,AI.PA,158.17999267578125,158.17999267578125,158.17999267578125,154.3000030517578,155.3000030517578,905128.0
2025-01-07,AI.PA,159.25999450683594,159.25999450683594,159.4199981689453,156.8000030517578,158.0,873001.0
2025-01-08,AI.PA,157.63999938964844,157.63999938964844,159.36000061035156,155.94000244140625,159.05999755859375,754083.0
2025-01-09,AI.PA,158.33999633789062,158.33999633789062,158.83999633789062,156.66000366210938,157.1999969482422,500414.0
2025-01-10,AI.PA,156.0800018310547,156.0800018310547,158.6199951171875,155.8000030517578,157.9199981689453,671301.0
2025-01-13,AI.PA,156.47999572753906,156.47999572753906,157.0399932861328,155.16000366210938,155.94000244140625,604578.0
2025-01-14,AI.PA,155.89999389648438,155.89999389648438,158.5,155.47999572753906,158.17999267578125,539054.0
2025-01-15,AI.PA,156.39999389648438,156.39999389648438,158.22000122070312,155.8000030517578,156.24000549316406,998245.0
2025-01-16,AI.PA,158.27999877929688,158.27999877929688,158.6199951171875,156.1199951171875,157.16000366210938,774718.0
2025-01-17,AI.PA,161.5,161.5,161.55999755859375,159.0,159.24000549316406,1089381.0
2025-01-20,AI.PA,162.02000427246094,162.02000427246094,162.47999572753906,161.22000122070312,161.82000732421875,628356.0
2025-01-21,AI.PA,160.86000061035156,160.86000061035156,161.8000030517578,160.52000427246094,161.8000030517578,512402.0
2025-01-22,AI.PA,162.39999389648438,162.39999389648438,162.39999389648438,160.24000549316406,160.52000427246094,761824.0
2025-01-23,AI.PA,161.72000122070312,161.72000122070312,162.66000366210938,161.5800018310547,162.60000610351562,579559.0
2025-01-24,AI.PA,163.75999450683594,163.75999450683594,164.5800018310547,163.0800018310547,163.10000610351562,818607.0
2025-01-27,AI.PA,165.94000244140625,165.94000244140625,166.6199951171875,162.82000732421875,163.0,767685.0
2025-01-28,AI.PA,166.6999969482422,166.6999969482422,167.55999755859375,165.24000549316406,165.55999755859375,623747.0
2025-01-29,AI.PA,167.3800048828125,167.3800048828125,167.5800018310547,165.3000030517578,166.1999969482422,562518.0
2025-01-30,AI.PA,169.13999938964844,169.13999938964844,169.5800018310547,167.05999755859375,167.72000122070312,557393.0
2025-01-31,AI.PA,168.60000610351562,168.60000610351562,170.02000427246094,168.22000122070312,169.6999969482422,779461.0
2025-02-03,AI.PA,167.8000030517578,167.8000030517578,167.89999389648438,164.86000061035156,165.4600067138672,840957.0
2025-02-04,AI.PA,168.27999877929688,168.27999877929688,168.47999572753906,166.3000030517578,167.33999633789062,630442.0
2025-02-05,AI.PA,167.63999938964844,167.63999938964844,168.16000366210938,166.5399932861328,167.63999938964844,518180.0
2025-02-06,AI.PA,170.32000732421875,170.32000732421875,170.44000244140625,166.0,167.9199981689453,1062175.0
2025-02-07,AI.PA,169.1199951171875,169.1199951171875,171.44000244140625,168.82000732421875,171.0,634754.0
2025-02-10,AI.PA,169.77999877929688,169.77999877929688,169.94000244140625,168.0399932861328,169.24000549316406,787945.0
2025-02-11,AI.PA,170.63999938964844,170.63999938964844,171.22000122070312,169.5399932861328,169.6999969482422,463935.0
2025-02-12,AI.PA,170.82000732421875,170.82000732421875,171.0800018310547,169.22000122070312,170.44000244140625,649125.0
2025-02-13,AI.PA,173.0800018310547,173.0800018310547,173.9199981689453,170.82000732421875,171.44000244140625,743225.0
2025-02-14,AI.PA,174.10000610351562,174.10000610351562,174.83999633789062,171.47999572753906,171.75999450683594,1018479.0
2025-02-17,AI.PA,174.0,174.0,174.33999633789062,173.17999267578125,173.77999877929688,436001.0
2025-02-18,AI.PA,174.36000061035156,174.36000061035156,174.75999450683594,172.60000610351562,173.39999389648438,871303.0
2025-02-19,AI.PA,172.39999389648438,172.39999389648438,174.44000244140625,171.72000122070312,174.24000549316406,702505.0
2025-02-20,AI.PA,172.77999877929688,172.77999877929688,173.36000061035156,171.94000244140625,172.0399932861328,722335.0
2025-02-21,AI.PA,178.39999389648438,178.39999389648438,179.8000030517578,177.05999755859375,177.63999938964844,1444508.0
2025-02-24,AI.PA,174.77999877929688,174.77999877929688,179.44000244140625,174.3000030517578,179.02000427246094,568192.0
2025-02-25,AI.PA,175.5,175.5,175.72000122070312,173.60000610351562,174.13999938964844,684357.0
2025-02-26,AI.PA,175.94000244140625,175.94000244140625,176.6199951171875,175.13999938964844,175.52000427246094,540837.0
2025-02-27,AI.PA,174.5399932861328,174.5399932861328,175.89999389648438,173.75999450683594,175.52000427246094,708593.0
2025-02-28,AI.PA,176.6199951171875,176.6199951171875,176.86000061035156,173.8000030517578,173.94000244140625,1512075.0
2025-03-03,AI.PA,179.67999267578125,179.67999267578125,180.6000061035156,174.8800048828125,176.05999755859375,1102965.0
2025-03-04,AI.PA,177.86000061035156,177.86000061035156,179.13999938964844,176.6999969482422,177.8000030517578,919593.0
2025-03-05,AI.PA,180.9199981689453,180.9199981689453,181.55999755859372,178.16000366210938,179.05999755859375,1002425.0
2025-03-06,AI.PA,180.5,180.5,182.1999969482422,177.94000244140625,181.83999633789065,1067334.0
2025-03-07,AI.PA,180.3000030517578,180.3000030517578,180.5399932861328,178.4600067138672,180.25999450683597,1094217.0
2025-03-10,AI.PA,183.25999450683597,183.25999450683597,184.77999877929688,180.32000732421875,181.66000366210935,1242834.0
2025-03-11,AI.PA,177.5800018310547,177.5800018310547,185.77999877929688,177.5800018310547,184.0399932861328,1259756.0
2025-03-12,AI.PA,179.6999969482422,179.6999969482422,181.6999969482422,178.63999938964844,179.32000732421875,695102.0
2025-03-13,AI.PA,179.27999877929688,179.27999877929688,180.8999938964844,178.4600067138672,178.9600067138672,650200.0
2025-03-14,AI.PA,180.27999877929688,180.27999877929688,181.5200042724609,178.77999877929688,179.02000427246094,738751.0
2025-03-17,AI.PA,180.5,180.5,181.5800018310547,179.33999633789062,180.94000244140625,647131.0
2025-03-18,AI.PA,179.97999572753906,179.97999572753906,181.17999267578125,179.52000427246094,180.55999755859372,801845.0
2025-03-19,AI.PA,180.13999938964844,180.13999938964844,180.77999877929688,178.9600067138672,179.5800018310547,515136.0
2025-03-20,AI.PA,177.77999877929688,177.77999877929688,180.3999938964844,177.4600067138672,179.9600067138672,719731.0
2025-03-21,AI.PA,177.52000427246094,177.52000427246094,178.47999572753906,176.82000732421875,177.97999572753906,1559028.0
2025-03-24,AI.PA,177.33999633789062,177.33999633789062,179.86000061035156,177.1199951171875,179.22000122070312,826848.0
2025-03-25,AI.PA,178.72000122070312,178.72000122070312,179.72000122070312,177.8000030517578,177.8800048828125,700623.0
2025-03-26,AI.PA,176.74000549316406,176.74000549316406,178.05999755859375,176.05999755859375,177.74000549316406,658343.0
2025-03-27,AI.PA,176.44000244140625,176.44000244140625,177.10000610351562,175.25999450683594,176.0399932861328,626214.0
2025-03-28,AI.PA,176.32000732421875,176.32000732421875,177.32000732421875,175.6199951171875,176.16000366210938,931921.0
2025-03-31,AI.PA,175.13999938964844,175.13999938964844,176.1199951171875,174.24000549316406,175.24000549316406,1078173.0
2025-04-01,AI.PA,177.1199951171875,177.1199951171875,177.55999755859375,175.17999267578125,175.97999572753906,1031406.0
2025-04-02,AI.PA,178.1199951171875,178.1199951171875,178.22000122070312,176.0,176.24000549316406,894182.0
2025-04-03,AI.PA,174.3000030517578,174.3000030517578,177.32000732421875,173.10000610351562,175.1999969482422,1245580.0
2025-04-04,AI.PA,173.1999969482422,173.1999969482422,178.13999938964844,173.1999969482422,174.0,1933922.0
2025-04-07,AI.PA,160.60000610351562,160.60000610351562,169.32000732421875,160.22000122070312,166.02000427246094,2510951.0
2025-04-08,AI.PA,166.02000427246094,166.02000427246094,167.24000549316406,161.72000122070312,163.1999969482422,1436404.0
2025-04-09,AI.PA,160.72000122070312,160.72000122070312,164.17999267578125,159.05999755859375,162.82000732421875,1343973.0
2025-04-10,AI.PA,167.0,167.0,171.3800048828125,167.0,170.0,1454458.0
2025-04-11,AI.PA,168.33999633789062,168.33999633789062,169.27999877929688,164.66000366210938,168.0,988773.0
2025-04-14,AI.PA,170.60000610351562,170.60000610351562,171.4600067138672,169.63999938964844,171.0800018310547,730358.0
2025-04-15,AI.PA,174.25999450683594,174.25999450683594,174.6999969482422,170.67999267578125,171.0,698457.0
2025-04-16,AI.PA,174.67999267578125,174.67999267578125,175.0,173.3800048828125,174.25999450683594,702346.0
2025-04-17,AI.PA,173.17999267578125,173.17999267578125,175.25999450683594,172.77999877929688,174.8800048828125,701724.0
2025-04-22,AI.PA,174.8800048828125,174.8800048828125,175.36000061035156,173.0800018310547,174.0,714581.0
2025-04-23,AI.PA,174.6999969482422,174.6999969482422,176.63999938964844,173.17999267578125,176.6199951171875,880212.0
2024-06-28,AIR.PA,127.32008361816406,128.25999450683594,130.6199951171875,127.54000091552734,130.6199951171875,2179598.0
2024-07-01,AIR.PA,130.67532348632812,131.63999938964844,132.6999969482422,130.39999389648438,131.33999633789062,1469971.0
2024-07-02,AIR.PA,130.91357421875,131.8800048828125,132.10000610351562,129.83999633789062,130.0,1263918.0
2024-07-03,AIR.PA,134.84454345703125,135.83999633789062,136.10000610351562,132.13999938964844,132.55999755859375,1542202.0
2024-07-04,AIR.PA,135.10264587402344,136.10000610351562,137.27999877929688,135.33999633789062,136.89999389648438,747860.0
2024-07-05,AIR.PA,135.28131103515625,136.27999877929688,138.13999938964844,136.16000366210938,137.0,932154.0
2024-07-08,AIR.PA,134.6857147216797,135.67999267578125,137.25999450683594,135.0,135.47999572753906,780603.0
2024-07-09,AIR.PA,130.8738555908203,131.83999633789062,135.60000610351562,131.83999633789062,135.5399932861328,1305788.0
2024-07-10,AIR.PA,132.3231658935547,133.3000030517578,134.25999450683594,131.02000427246094,131.8800048828125,781693.0
2024-07-11,AIR.PA,130.99298095703125,131.9600067138672,133.63999938964844,131.9600067138672,133.44000244140625,1040015.0
2024-07-12,AIR.PA,132.38272094726562,133.36000061035156,133.55999755859375,131.77999877929688,132.86000061035156,1256030.0
2024-07-15,AIR.PA,132.02536010742188,133.0,134.17999267578125,132.44000244140625,133.0,816752.0
2024-07-16,AIR.PA,132.02536010742188,133.0,133.32000732421875,131.9600067138672,132.86000061035156,724663.0
2024-07-17,AIR.PA,131.1121063232422,132.0800018310547,133.44000244140625,131.32000732421875,133.10000610351562,1252265.0
2024-07-18,AIR.PA,129.9208984375,130.8800048828125,133.39999389648438,130.8800048828125,133.0,1113222.0
2024-07-19,AIR.PA,130.8341522216797,131.8000030517578,132.75999450683594,130.8000030517578,131.4199981689453,1217957.0
2024-07-22,AIR.PA,131.5885772705078,132.55999755859375,133.36000061035156,131.5800018310547,132.36000061035156,668506.0
2024-07-23,AIR.PA,131.23121643066406,132.1999969482422,132.97999572753906,130.5800018310547,132.32000732421875,866254.0
2024-07-24,AIR.PA,129.6429443359375,130.60000610351562,132.22000122070312,130.33999633789062,131.44000244140625,1169633.0
2024-07-25,AIR.PA,128.0149688720703,128.9600067138672,129.55999755859375,126.66000366210938,129.55999755859375,1769178.0
2024-07-26,AIR.PA,129.94073486328125,130.89999389648438,130.9600067138672,128.33999633789062,128.8000030517578,1307519.0
2024-07-29,AIR.PA,129.26573181152344,130.22000122070312,132.5399932861328,129.6199951171875,131.77999877929688,980772.0
2024-07-30,AIR.PA,132.60110473632812,133.5800018310547,133.5800018310547,130.1199951171875,130.75999450683594,1000725.0
2024-07-31,AIR.PA,138.93435668945312,139.9600067138672,143.22000122070312,137.9199981689453,140.0,2747098.0
2024-08-01,AIR.PA,132.93861389160156,133.9199981689453,139.3800048828125,133.9199981689453,138.8800048828125,1328651.0
2024-08-02,AIR.PA,130.93341064453125,131.89999389648438,135.27999877929688,131.82000732421875,132.72000122070312,1337471.0
2024-08-05,AIR.PA,129.54367065429688,130.5,131.25999450683594,128.39999389648438,129.0399932861328,1661849.0
2024-08-06,AIR.PA,132.0650634765625,133.0399932861328,134.05999755859375,131.25999450683594,132.24000549316406,1599840.0
2024-08-07,AIR.PA,134.9835205078125,135.97999572753906,136.16000366210938,132.74000549316406,132.9199981689453,1331096.0
2024-08-08,AIR.PA,133.47467041015625,134.4600067138672,135.0399932861328,133.13999938964844,134.05999755859375,897446.0
2024-08-09,AIR.PA,133.37539672851562,134.36000061035156,135.89999389648438,133.86000061035156,134.63999938964844,568947.0
2024-08-12,AIR.PA,132.77978515625,133.75999450683594,135.25999450683594,133.36000061035156,134.74000549316406,521011.0
2024-08-13,AIR.PA,133.35552978515625,134.33999633789062,134.89999389648438,133.60000610351562,134.77999877929688,451388.0
2024-08-14,AIR.PA,133.67318725585938,134.66000366210938,135.3000030517578,134.16000366210938,135.3000030517578,545779.0
2024-08-15,AIR.PA,135.9166259765625,136.9199981689453,136.9199981689453,133.86000061035156,134.97999572753906,679925.0
2024-08-16,AIR.PA,136.6114959716797,137.6199951171875,137.6199951171875,136.3000030517578,137.4199981689453,787722.0
2024-08-19,AIR.PA,137.50491333007812,138.52000427246094,138.55999755859375,136.0399932861328,136.89999389648438,521201.0
2024-08-20,AIR.PA,137.46519470214844,138.47999572753906,139.4600067138672,138.47999572753906,139.0,838481.0
2024-08-21,AIR.PA,138.08065795898438,139.10000610351562,139.10000610351562,138.0399932861328,138.32000732421875,582196.0
2024-08-22,AIR.PA,137.86227416992188,138.8800048828125,139.9600067138672,138.6199951171875,139.3000030517578,479863.0
2024-08-23,AIR.PA,139.76820373535156,140.8000030517578,141.10000610351562,139.27999877929688,139.36000061035156,1044758.0
2024-08-26,AIR.PA,140.10569763183594,141.13999938964844,141.52000427246094,140.13999938964844,140.86000061035156,366350.0
2024-08-27,AIR.PA,139.8277587890625,140.86000061035156,142.02000427246094,140.8000030517578,141.3800048828125,676234.0
2024-08-28,AIR.PA,139.8277587890625,140.86000061035156,142.52000427246094,140.77999877929688,141.32000732421875,696436.0
2024-08-29,AIR.PA,139.5299530029297,140.55999755859375,142.0399932861328,140.36000061035156,140.97999572753906,759692.0
2024-08-30,AIR.PA,137.80271911621094,138.82000732421875,140.9600067138672,138.82000732421875,140.13999938964844,1306668.0
2024-09-02,AIR.PA,135.9166259765625,136.9199981689453,139.1199951171875,136.13999938964844,138.83999633789062,841412.0
2024-09-03,AIR.PA,133.55406188964844,134.5399932861328,137.67999267578125,134.05999755859375,136.8000030517578,1125541.0
2024-09-04,AIR.PA,132.60110473632812,133.5800018310547,134.32000732421875,132.02000427246094,132.0800018310547,1069060.0
2024-09-05,AIR.PA,130.77459716796875,131.74000549316406,133.1999969482422,130.94000244140625,132.82000732421875,1107690.0
2024-09-06,AIR.PA,127.39949798583984,128.33999633789062,132.27999877929688,128.33999633789062,131.22000122070312,1524619.0
2024-09-09,AIR.PA,128.80909729003906,129.75999450683594,130.63999938964844,128.55999755859375,129.22000122070312,1029445.0
2024-09-10,AIR.PA,129.48411560058594,130.44000244140625,131.32000732421875,129.32000732421875,129.6999969482422,948445.0
2024-09-11,AIR.PA,129.26573181152344,130.22000122070312,131.24000549316406,128.82000732421875,130.55999755859375,1099145.0
2024-09-12,AIR.PA,129.5833740234375,130.5399932861328,131.55999755859375,128.9199981689453,130.9199981689453,1143348.0
2024-09-13,AIR.PA,129.54367065429688,130.5,130.94000244140625,129.5800018310547,130.6999969482422,1022194.0
2024-09-16,AIR.PA,128.47158813476562,129.4199981689453,130.9199981689453,129.3800048828125,129.6999969482422,737384.0
2024-09-17,AIR.PA,128.76939392089844,129.72000122070312,131.05999755859375,128.83999633789062,130.0,986925.0
2024-09-18,AIR.PA,127.77671813964844,128.72000122070312,130.36000061035156,128.5800018310547,129.5,970965.0
2024-09-19,AIR.PA,132.46212768554688,133.44000244140625,133.5,129.66000366210938,130.24000549316406,1214582.0
2024-09-20,AIR.PA,129.8811798095703,130.83999633789062,133.89999389648438,130.75999450683594,133.60000610351562,2148326.0
2024-09-23,AIR.PA,131.96580505371094,132.94000244140625,133.10000610351562,130.9199981689453,131.5,981964.0
2024-09-24,AIR.PA,133.93128967285156,134.9199981689453,134.94000244140625,133.66000366210938,134.5,831978.0
2024-09-25,AIR.PA,132.52169799804688,133.5,134.1999969482422,133.05999755859375,133.86000061035156,1063446.0
2024-09-26,AIR.PA,133.35552978515625,134.33999633789062,135.39999389648438,133.5399932861328,134.66000366210938,1010118.0
2024-09-27,AIR.PA,132.83935546875,133.82000732421875,134.6199951171875,132.47999572753906,133.8800048828125,1622578.0
2024-09-30,AIR.PA,130.25840759277344,131.22000122070312,133.52000427246094,131.22000122070312,133.44000244140625,1416305.0
2024-10-01,AIR.PA,127.79657745361328,128.74000549316406,132.9199981689453,128.27999877929688,131.63999938964844,1423798.0
2024-10-02,AIR.PA,126.40682983398438,127.33999633789062,129.25999450683594,127.1999969482422,128.6999969482422,1861096.0
2024-10-03,AIR.PA,125.6325454711914,126.55999755859376,127.77999877929688,125.72000122070312,127.27999877929688,1739994.0
2024-10-04,AIR.PA,125.91049194335938,126.83999633789062,127.54000091552734,125.55999755859376,126.27999877929688,1519047.0
2024-10-07,AIR.PA,126.46639251708984,127.4000015258789,128.0,125.66000366210938,127.58000183105467,859831.0
2024-10-08,AIR.PA,125.41415405273438,126.33999633789062,126.91999816894533,124.72000122070312,126.37999725341795,1118793.0
2024-10-09,AIR.PA,126.506103515625,127.44000244140624,127.44000244140624,125.16000366210938,126.44000244140624,1308104.0
2024-10-10,AIR.PA,126.96273040771484,127.9000015258789,128.9199981689453,125.9800033569336,126.05999755859376,892814.0
2024-10-11,AIR.PA,131.94593811035156,132.9199981689453,133.4600067138672,126.26000213623048,127.73999786376952,2374608.0
2024-10-14,AIR.PA,134.12982177734375,135.1199951171875,135.32000732421875,132.10000610351562,133.47999572753906,1002500.0
2024-10-15,AIR.PA,134.76512145996094,135.75999450683594,137.13999938964844,135.32000732421875,136.0,1876035.0
2024-10-16,AIR.PA,134.9636688232422,135.9600067138672,136.8000030517578,134.72000122070312,135.1999969482422,1367862.0
2024-10-17,AIR.PA,140.26454162597656,141.3000030517578,142.4600067138672,137.36000061035156,137.6199951171875,1678933.0
2024-10-18,AIR.PA,138.5372772216797,139.55999755859375,141.24000549316406,139.55999755859375,140.72000122070312,1361131.0
2024-10-21,AIR.PA,137.8225555419922,138.83999633789062,139.94000244140625,138.17999267578125,139.0,901298.0
2024-10-22,AIR.PA,140.20497131347656,141.24000549316406,142.3000030517578,137.55999755859375,138.1999969482422,1597799.0
2024-10-23,AIR.PA,140.14540100097656,141.17999267578125,141.66000366210938,140.0399932861328,140.3800048828125,953149.0
2024-10-24,AIR.PA,140.08584594726562,141.1199951171875,142.05999755859375,140.83999633789062,141.60000610351562,871044.0
2024-10-25,AIR.PA,139.45053100585938,140.47999572753906,141.27999877929688,139.9600067138672,140.44000244140625,715481.0
2024-10-28,AIR.PA,138.85494995117188,139.8800048828125,141.6999969482422,138.52000427246094,140.9199981689453,974153.0
2024-10-29,AIR.PA,139.3115692138672,140.33999633789062,142.1199951171875,138.97999572753906,141.33999633789062,1120187.0
2024-10-30,AIR.PA,138.71597290039062,139.74000549316406,140.4199981689453,137.4199981689453,140.0399932861328,1013455.0
2024-10-31,AIR.PA,139.1328887939453,140.16000366210938,145.0,140.16000366210938,145.0,1995324.0
2024-11-01,AIR.PA,140.5623321533203,141.60000610351562,143.0399932861328,139.1199951171875,139.36000061035156,1058909.0
2024-11-04,AIR.PA,139.2519989013672,140.27999877929688,141.63999938964844,139.8800048828125,140.9199981689453,752966.0
2024-11-05,AIR.PA,140.78073120117188,141.82000732421875,142.3000030517578,139.89999389648438,140.52000427246094,817551.0
2024-11-06,AIR.PA,141.31675720214844,142.36000061035156,145.83999633789062,141.16000366210938,142.75999450683594,1363721.0
2024-11-07,AIR.PA,143.34181213378906,144.39999389648438,145.25999450683594,141.36000061035156,142.72000122070312,1091627.0
2024-11-08,AIR.PA,141.2572021484375,142.3000030517578,144.89999389648438,141.25999450683594,144.55999755859375,1541520.0
2024-11-11,AIR.PA,144.4138946533203,145.47999572753906,145.66000366210938,143.4600067138672,143.67999267578125,1013673.0
2024-11-12,AIR.PA,139.09317016601562,140.1199951171875,145.27999877929688,140.1199951171875,143.94000244140625,1451643.0
2024-11-13,AIR.PA,137.4453582763672,138.4600067138672,140.25999450683594,137.60000610351562,139.10000610351562,1381466.0
2024-11-14,AIR.PA,137.9019775390625,138.9199981689453,140.1999969482422,138.22000122070312,139.0800018310547,1072031.0
2024-11-15,AIR.PA,137.02841186523438,138.0399932861328,138.97999572753906,136.74000549316406,137.89999389648438,1155402.0
2024-11-18,AIR.PA,137.52474975585938,138.5399932861328,138.67999267578125,136.8000030517578,137.1199951171875,795303.0
2024-11-19,AIR.PA,136.25413513183594,137.25999450683594,138.36000061035156,135.10000610351562,138.32000732421875,954743.0
2024-11-20,AIR.PA,136.8298797607422,137.83999633789062,139.72000122070312,137.36000061035156,138.3800048828125,919355.0
2024-11-21,AIR.PA,138.47772216796875,139.5,140.0399932861328,136.55999755859375,137.55999755859375,1050455.0
2024-11-22,AIR.PA,136.9291534423828,137.94000244140625,140.02000427246094,137.36000061035156,139.89999389648438,855963.0
2024-11-25,AIR.PA,137.30638122558594,138.32000732421875,140.44000244140625,138.24000549316406,139.47999572753906,1574297.0
2024-11-26,AIR.PA,135.6982421875,136.6999969482422,137.63999938964844,136.13999938964844,137.27999877929688,1007090.0
2024-11-27,AIR.PA,138.35861206054688,139.3800048828125,140.60000610351562,135.27999877929688,136.33999633789062,1653296.0
2024-11-28,AIR.PA,144.07638549804688,145.13999938964844,145.52000427246094,140.6999969482422,140.8000030517578,1312109.0
2024-11-29,AIR.PA,146.47865295410156,147.55999755859375,147.74000549316406,144.9199981689453,145.02000427246094,1656440.0
2024-12-02,AIR.PA,149.41697692871094,150.52000427246094,150.5800018310547,146.44000244140625,146.52000427246094,1799001.0
2024-12-03,AIR.PA,150.9655303955078,152.0800018310547,152.52000427246094,150.52000427246094,150.72000122070312,1313090.0
2024-12-04,AIR.PA,153.08985900878906,154.22000122070312,154.22000122070312,152.3000030517578,152.5,1357767.0
2024-12-05,AIR.PA,152.41482543945312,153.5399932861328,154.47999572753906,152.17999267578125,153.0,1090596.0
2024-12-06,AIR.PA,154.02296447753906,155.16000366210938,156.75999450683594,154.5,156.16000366210938,1232135.0
2024-12-09,AIR.PA,155.80978393554688,156.9600067138672,157.5399932861328,154.9600067138672,156.22000122070312,1091176.0
2024-12-10,AIR.PA,155.0553436279297,156.1999969482422,157.32000732421875,155.83999633789062,157.0800018310547,1411830.0
2024-12-11,AIR.PA,155.09506225585938,156.24000549316406,156.8800048828125,155.39999389648438,156.1999969482422,931725.0
2024-12-12,AIR.PA,158.7282257080078,159.89999389648438,159.89999389648438,156.36000061035156,156.36000061035156,1077016.0
2024-12-13,AIR.PA,159.04588317871094,160.22000122070312,160.83999633789062,158.82000732421875,159.1199951171875,1388272.0
2024-12-16,AIR.PA,156.70318603515625,157.86000061035156,160.13999938964844,157.5800018310547,159.5800018310547,1254312.0
2024-12-17,AIR.PA,157.37818908691406,158.5399932861328,160.9600067138672,158.39999389648438,159.72000122070312,1519491.0
2024-12-18,AIR.PA,157.6958465576172,158.86000061035156,159.97999572753906,158.1999969482422,158.1999969482422,1005190.0
2024-12-19,AIR.PA,155.3730010986328,156.52000427246094,159.10000610351562,156.52000427246094,157.97999572753906,1388581.0
2024-12-20,AIR.PA,153.645751953125,154.77999877929688,156.36000061035156,152.86000061035156,155.60000610351562,2249485.0
2024-12-23,AIR.PA,152.77218627929688,153.89999389648438,154.6999969482422,153.16000366210938,154.32000732421875,968295.0
2024-12-24,AIR.PA,152.5736541748047,153.6999969482422,154.6999969482422,153.66000366210938,153.72000122070312,187550.0
2024-12-27,AIR.PA,154.1619415283203,155.3000030517578,155.3000030517578,153.39999389648438,154.0,773490.0
2024-12-30,AIR.PA,153.24868774414062,154.3800048828125,155.74000549316406,154.02000427246094,154.25999450683594,753659.0
2024-12-31,AIR.PA,153.645751953125,154.77999877929688,154.97999572753906,153.16000366210938,153.22000122070312,278864.0
2025-01-02,AIR.PA,158.9664764404297,160.13999938964844,160.5,155.6199951171875,155.6999969482422,1636969.0
2025-01-03,AIR.PA,157.41790771484375,158.5800018310547,159.4600067138672,158.0399932861328,159.3000030517578,1040083.0
2025-01-06,AIR.PA,158.4701385498047,159.63999938964844,159.63999938964844,155.77999877929688,158.6199951171875,1345018.0
2025-01-07,AIR.PA,157.2392120361328,158.39999389648438,160.17999267578125,157.25999450683594,159.6199951171875,1585470.0
2025-01-08,AIR.PA,157.41790771484375,158.5800018310547,159.75999450683594,157.60000610351562,158.0800018310547,1077965.0
2025-01-09,AIR.PA,155.43255615234375,156.5800018310547,159.47999572753906,156.5800018310547,158.02000427246094,874104.0
2025-01-10,AIR.PA,156.40538024902344,157.55999755859375,159.5399932861328,156.9199981689453,158.39999389648438,1064221.0
2025-01-13,AIR.PA,154.30091857910156,155.44000244140625,157.39999389648438,154.27999877929688,157.0800018310547,1118878.0
2025-01-14,AIR.PA,154.83694458007812,155.97999572753906,157.60000610351562,155.3000030517578,156.22000122070312,960941.0
2025-01-15,AIR.PA,153.24868774414062,154.3800048828125,157.3000030517578,154.3800048828125,156.0,1796913.0
2025-01-16,AIR.PA,156.04800415039062,157.1999969482422,158.13999938964844,155.05999755859375,156.0399932861328,1009475.0
2025-01-17,AIR.PA,159.60177612304688,160.77999877929688,161.4600067138672,157.82000732421875,157.9600067138672,1666035.0
2025-01-20,AIR.PA,162.22242736816406,163.4199981689453,164.3800048828125,160.63999938964844,160.74000549316406,1146737.0
2025-01-21,AIR.PA,162.1033172607422,163.3000030517578,163.47999572753906,161.63999938964844,163.0,974763.0
2025-01-22,AIR.PA,163.92982482910156,165.13999938964844,165.13999938964844,162.60000610351562,163.3800048828125,1057154.0
2025-01-23,AIR.PA,165.43869018554688,166.66000366210938,166.77999877929688,164.25999450683594,166.0,870632.0
2025-01-24,AIR.PA,165.81590270996094,167.0399932861328,167.47999572753906,166.24000549316406,167.0,716160.0
2025-01-27,AIR.PA,164.62469482421875,165.83999633789062,167.44000244140625,163.5399932861328,166.16000366210938,989379.0
2025-01-28,AIR.PA,165.57766723632812,166.8000030517578,167.44000244140625,164.9600067138672,165.16000366210938,794920.0
2025-01-29,AIR.PA,165.3989715576172,166.6199951171875,168.0399932861328,166.10000610351562,166.47999572753906,717277.0
2025-01-30,AIR.PA,165.1011962890625,166.32000732421875,167.33999633789062,165.94000244140625,167.0399932861328,1001567.0
2025-01-31,AIR.PA,165.8953094482422,167.1199951171875,169.05999755859375,166.4199981689453,167.0,1321658.0
2025-02-03,AIR.PA,165.35928344726562,166.5800018310547,166.77999877929688,162.82000732421875,163.5399932861328,1487261.0
2025-02-04,AIR.PA,164.8033905029297,166.02000427246094,168.1199951171875,165.0800018310547,167.66000366210938,717977.0
2025-02-05,AIR.PA,165.6769256591797,166.89999389648438,166.89999389648438,164.75999450683594,165.0,815149.0
2025-02-06,AIR.PA,166.6696014404297,167.89999389648438,168.10000610351562,166.1999969482422,167.36000061035156,806730.0
2025-02-07,AIR.PA,165.69677734375,166.9199981689453,168.32000732421875,166.36000061035156,168.17999267578125,887988.0
2025-02-10,AIR.PA,166.21298217773438,167.44000244140625,167.8800048828125,166.25999450683594,166.44000244140625,785898.0
2025-02-11,AIR.PA,165.9945831298828,167.22000122070312,168.02000427246094,166.10000610351562,167.86000061035156,699736.0
2025-02-12,AIR.PA,168.63510131835938,169.8800048828125,169.89999389648438,167.67999267578125,168.32000732421875,775257.0
2025-02-13,AIR.PA,168.73435974121094,169.97999572753906,170.9199981689453,168.6199951171875,170.0,1234015.0
2025-02-14,AIR.PA,167.28506469726562,168.52000427246094,169.83999633789062,167.8000030517578,168.22000122070312,1054827.0
2025-02-17,AIR.PA,169.25054931640625,170.5,171.63999938964844,168.36000061035156,168.6999969482422,1214483.0
2025-02-18,AIR.PA,171.7322235107422,173.0,174.0,171.5800018310547,172.0,1260936.0
2025-02-19,AIR.PA,167.68212890625,168.9199981689453,173.4600067138672,168.82000732421875,172.5,1349752.0
2025-02-20,AIR.PA,163.87026977539062,165.0800018310547,168.39999389648438,163.22000122070312,167.24000549316406,1911043.0
2025-02-21,AIR.PA,158.82749938964844,160.0,164.16000366210938,159.74000549316406,163.0,1839648.0
2025-02-24,AIR.PA,163.13568115234375,164.33999633789062,164.82000732421875,160.75999450683594,161.25999450683594,1166045.0
2025-02-25,AIR.PA,162.8974609375,164.10000610351562,166.44000244140625,163.44000244140625,164.6999969482422,1111791.0
2025-02-26,AIR.PA,166.29238891601562,167.52000427246094,168.24000549316406,164.75999450683594,165.0,1066473.0
2025-02-27,AIR.PA,163.92982482910156,165.13999938964844,167.74000549316406,163.1199951171875,167.4600067138672,1237293.0
2025-02-28,AIR.PA,164.4857177734375,165.6999969482422,166.32000732421875,164.6199951171875,164.75999450683594,2890885.0
2025-03-03,AIR.PA,173.1021270751953,174.3800048828125,177.3000030517578,167.0399932861328,168.0,3087355.0
2025-03-04,AIR.PA,167.50344848632812,168.74000549316406,174.63999938964844,167.89999389648438,174.47999572753906,1762947.0
2025-03-05,AIR.PA,171.5138397216797,172.77999877929688,174.27999877929688,171.77999877929688,173.0,1467081.0
2025-03-06,AIR.PA,171.7917938232422,173.05999755859375,175.0,168.36000061035156,175.0,1459640.0
2025-03-07,AIR.PA,168.3174285888672,169.55999755859375,174.75999450683594,168.5399932861328,174.75999450683594,1382893.0
2025-03-10,AIR.PA,161.92462158203125,163.1199951171875,171.63999938964844,163.0800018310547,170.5800018310547,1971321.0
2025-03-11,AIR.PA,161.80551147460938,163.0,165.39999389648438,161.52000427246094,165.0800018310547,1320618.0
2025-03-12,AIR.PA,162.8974609375,164.10000610351562,167.89999389648438,163.5399932861328,164.86000061035156,1606967.0
2025-03-13,AIR.PA,161.03123474121094,162.22000122070312,165.0399932861328,162.22000122070312,164.97999572753906,1199586.0
2025-03-14,AIR.PA,167.96006774902344,169.1999969482422,169.3800048828125,161.67999267578125,162.0399932861328,1467306.0
2025-03-17,AIR.PA,169.98513793945312,171.24000549316406,171.83999633789062,169.3800048828125,169.89999389648438,1081848.0
2025-03-18,AIR.PA,170.5211639404297,171.77999877929688,172.1999969482422,169.86000061035156,172.0,1300826.0
2025-03-19,AIR.PA,170.04469299316406,171.3000030517578,172.3800048828125,170.0,171.60000610351562,1076817.0
2025-03-20,AIR.PA,166.13356018066406,167.36000061035156,171.0399932861328,165.33999633789062,170.5800018310547,1092316.0
2025-03-21,AIR.PA,165.41883850097656,166.63999938964844,167.47999572753906,164.8800048828125,166.10000610351562,2190245.0
2025-03-24,AIR.PA,165.9945831298828,167.22000122070312,169.27999877929688,166.17999267578125,168.3000030517578,728663.0
2025-03-25,AIR.PA,171.05722045898438,172.32000732421875,172.32000732421875,167.22000122070312,167.36000061035156,960604.0
2025-03-26,AIR.PA,169.29025268554688,170.5399932861328,171.66000366210938,169.32000732421875,171.52000427246094,819111.0
2025-03-27,AIR.PA,167.4637451171875,168.6999969482422,169.63999938964844,166.24000549316406,168.0399932861328,967418.0
2025-03-28,AIR.PA,165.04161071777344,166.25999450683594,167.97999572753906,165.32000732421875,167.17999267578125,996791.0
2025-03-31,AIR.PA,161.58712768554688,162.77999877929688,164.97999572753906,161.60000610351562,164.67999267578125,1228522.0
2025-04-01,AIR.PA,166.82843017578125,168.05999755859375,168.05999755859375,163.16000366210938,163.55999755859375,1195927.0
2025-04-02,AIR.PA,161.54742431640625,162.74000549316406,167.72000122070312,160.75999450683594,167.0,1375077.0
2025-04-03,AIR.PA,156.8620147705078,158.02000427246094,159.22000122070312,153.6999969482422,155.97999572753906,1962518.0
2025-04-04,AIR.PA,145.823486328125,146.89999389648438,157.27999877929688,144.74000549316406,157.13999938964844,2910456.0
2025-04-07,AIR.PA,135.79751586914062,136.8000030517578,150.0,126.4000015258789,132.22000122070312,3896651.0
2025-04-08,AIR.PA,139.21231079101562,140.24000549316406,142.94000244140625,138.0,139.39999389648438,2026118.0
2025-04-09,AIR.PA,132.5018310546875,133.47999572753906,138.02000427246094,131.52000427246094,135.97999572753906,2103551.0
2025-04-10,AIR.PA,138.43801879882812,139.4600067138672,150.27999877929688,139.1999969482422,150.1999969482422,2556537.0
2025-04-11,AIR.PA,133.87171936035156,134.86000061035156,141.67999267578125,133.36000061035156,141.60000610351562,1972263.0
2025-04-14,AIR.PA,138.23947143554688,139.25999450683594,139.83999633789062,137.32000732421875,139.3000030517578,1621814.0
2025-04-15,AIR.PA,139.90716552734375,140.94000244140625,141.52000427246094,138.47999572753906,139.0,1815889.0
2025-04-16,AIR.PA,139.47039794921875,140.5,140.52000427246094,138.55999755859375,140.17999267578125,1490715.0
2025-04-17,AIR.PA,135.4600067138672,136.4600067138672,140.86000061035156,135.3800048828125,140.63999938964844,1563744.0
2025-04-22,AIR.PA,133.05999755859375,133.05999755859375,133.82000732421875,131.89999389648438,133.82000732421875,1951154.0
2025-04-23,AIR.PA,138.83999633789062,138.83999633789062,141.5,135.1999969482422,135.5,1840997.0
2024-06-28,BNP.PA,59.52999877929688,59.52999877929688,60.36000061035156,59.18000030517578,60.33000183105469,4476230.0
2024-07-01,BNP.PA,61.66999816894531,61.66999816894531,62.959999084472656,60.959999084472656,62.900001525878906,4655869.0
2024-07-02,BNP.PA,61.22999954223633,61.22999954223633,61.470001220703125,60.43000030517578,61.209999084472656,2578874.0
2024-07-03,BNP.PA,62.72999954223633,62.72999954223633,63.18000030517578,61.54999923706055,61.75,3555561.0
2024-07-04,BNP.PA,63.91999816894531,63.91999816894531,64.5,63.33000183105469,63.5,2798016.0
2024-07-05,BNP.PA,63.65999984741211,63.65999984741211,64.0999984741211,63.16999816894531,64.08000183105469,2358461.0
2024-07-08,BNP.PA,62.540000915527344,62.540000915527344,64.18000030517578,62.540000915527344,63.0,3007412.0
2024-07-09,BNP.PA,61.06999969482422,61.06999969482422,62.33000183105469,60.540000915527344,62.119998931884766,3863035.0
2024-07-10,BNP.PA,61.619998931884766,61.619998931884766,61.93999862670898,60.79999923706055,61.36000061035156,1924593.0
2024-07-11,BNP.PA,62.02000045776367,62.02000045776367,62.459999084472656,61.619998931884766,62.0,1692308.0
2024-07-12,BNP.PA,62.43999862670898,62.43999862670898,62.72999954223633,62.06999969482422,62.22999954223633,1800462.0
2024-07-15,BNP.PA,62.7400016784668,62.7400016784668,62.86000061035156,61.650001525878906,62.04999923706055,1580214.0
2024-07-16,BNP.PA,62.56999969482422,62.56999969482422,62.7400016784668,61.959999084472656,62.36000061035156,1353639.0
2024-07-17,BNP.PA,63.02999877929688,63.02999877929688,63.369998931884766,62.220001220703125,62.369998931884766,1890688.0
2024-07-18,BNP.PA,63.650001525878906,63.650001525878906,63.72999954223633,63.040000915527344,63.38999938964844,2131235.0
2024-07-19,BNP.PA,63.04999923706055,63.04999923706055,63.2400016784668,62.65999984741211,63.04999923706055,2758555.0
2024-07-22,BNP.PA,64.52999877929688,64.52999877929688,64.58999633789062,63.18000030517578,63.400001525878906,2579090.0
2024-07-23,BNP.PA,64.69000244140625,64.69000244140625,65.04000091552734,64.18000030517578,64.52999877929688,2555763.0
2024-07-24,BNP.PA,64.08000183105469,64.08000183105469,64.8499984741211,62.900001525878906,64.80000305175781,2674629.0
2024-07-25,BNP.PA,64.55999755859375,64.55999755859375,64.6500015258789,62.709999084472656,63.54999923706055,2229646.0
2024-07-26,BNP.PA,64.45999908447266,64.45999908447266,65.02999877929688,64.31999969482422,64.55999755859375,1721058.0
2024-07-29,BNP.PA,63.90999984741211,63.90999984741211,65.12000274658203,63.31999969482422,65.05000305175781,1857337.0
2024-07-30,BNP.PA,64.23999786376953,64.23999786376953,64.73999786376953,63.72999954223633,63.81999969482422,1455532.0
2024-07-31,BNP.PA,63.459999084472656,63.459999084472656,64.37999725341797,63.060001373291016,64.27999877929688,2630196.0
2024-08-01,BNP.PA,61.459999084472656,61.459999084472656,63.0099983215332,61.18000030517578,62.9900016784668,3792758.0
2024-08-02,BNP.PA,59.65999984741211,59.65999984741211,61.15999984741211,59.150001525878906,61.150001525878906,4648756.0
2024-08-05,BNP.PA,58.59999847412109,58.59999847412109,58.7599983215332,55.84000015258789,56.7599983215332,4847967.0
2024-08-06,BNP.PA,57.83000183105469,57.83000183105469,59.650001525878906,57.45000076293945,59.619998931884766,3470163.0
2024-08-07,BNP.PA,59.459999084472656,59.459999084472656,60.060001373291016,58.400001525878906,58.86000061035156,3846128.0
2024-08-08,BNP.PA,59.41999816894531,59.41999816894531,59.59999847412109,58.45000076293945,59.16999816894531,1704485.0
2024-08-09,BNP.PA,59.25,59.25,60.2599983215332,58.97999954223633,59.77000045776367,1725418.0
2024-08-12,BNP.PA,59.25,59.25,59.790000915527344,59.11000061035156,59.65999984741211,1361369.0
2024-08-13,BNP.PA,59.27000045776367,59.27000045776367,59.709999084472656,58.95000076293945,59.709999084472656,1408935.0
2024-08-14,BNP.PA,59.75,59.75,59.790000915527344,59.38999938964844,59.75,1798601.0
2024-08-15,BNP.PA,60.470001220703125,60.470001220703125,60.900001525878906,59.61000061035156,59.93000030517578,1901263.0
2024-08-16,BNP.PA,61.119998931884766,61.119998931884766,61.290000915527344,60.54999923706055,60.630001068115234,1845643.0
2024-08-19,BNP.PA,61.36000061035156,61.36000061035156,61.86000061035156,61.18000030517578,61.27999877929688,1402256.0
2024-08-20,BNP.PA,60.90999984741211,60.90999984741211,61.650001525878906,60.630001068115234,61.52000045776367,1388031.0
2024-08-21,BNP.PA,61.18000030517578,61.18000030517578,61.40999984741211,60.66999816894531,60.810001373291016,1415680.0
2024-08-22,BNP.PA,61.08000183105469,61.08000183105469,61.540000915527344,60.88999938964844,61.15999984741211,1219696.0
2024-08-23,BNP.PA,61.41999816894531,61.41999816894531,61.61000061035156,61.02999877929688,61.45000076293945,1539381.0
2024-08-26,BNP.PA,61.45000076293945,61.45000076293945,61.75,61.150001525878906,61.5,824515.0
2024-08-27,BNP.PA,61.9900016784668,61.9900016784668,62.20000076293945,61.38999938964844,61.38999938964844,1394488.0
2024-08-28,BNP.PA,61.880001068115234,61.880001068115234,62.27999877929688,61.52999877929688,62.16999816894531,1194154.0
2024-08-29,BNP.PA,62.11000061035156,62.11000061035156,62.58000183105469,61.79999923706055,61.79999923706055,1482081.0
2024-08-30,BNP.PA,62.58000183105469,62.58000183105469,62.7599983215332,62.22999954223633,62.59000015258789,2283144.0
2024-09-02,BNP.PA,62.43000030517578,62.43000030517578,62.790000915527344,61.83000183105469,62.52000045776367,868046.0
2024-09-03,BNP.PA,61.68000030517578,61.68000030517578,62.88999938964844,61.150001525878906,62.560001373291016,2131707.0
2024-09-04,BNP.PA,61.91999816894531,61.91999816894531,62.11000061035156,60.540000915527344,60.709999084472656,1702441.0
2024-09-05,BNP.PA,63.61000061035156,63.61000061035156,63.84000015258789,61.540000915527344,61.58000183105469,2748287.0
2024-09-06,BNP.PA,62.18000030517578,62.18000030517578,63.59999847412109,61.88999938964844,63.290000915527344,2823213.0
2024-09-09,BNP.PA,62.56999969482422,62.56999969482422,63.0099983215332,62.08000183105469,62.20000076293945,1689491.0
2024-09-10,BNP.PA,62.18000030517578,62.18000030517578,63.220001220703125,61.95000076293945,62.5099983215332,1531845.0
2024-09-11,BNP.PA,62.61000061035156,62.61000061035156,63.060001373291016,61.7599983215332,62.619998931884766,1731219.0
2024-09-12,BNP.PA,63.470001220703125,63.470001220703125,63.900001525878906,62.79999923706055,63.290000915527344,2425097.0
2024-09-13,BNP.PA,63.369998931884766,63.369998931884766,63.97999954223633,63.34000015258789,63.380001068115234,1562486.0
2024-09-16,BNP.PA,63.290000915527344,63.290000915527344,63.41999816894531,62.72999954223633,63.0,1078696.0
2024-09-17,BNP.PA,64.44999694824219,64.44999694824219,64.54000091552734,63.68999862670898,63.68999862670898,2197849.0
2024-09-18,BNP.PA,64.1500015258789,64.1500015258789,64.54000091552734,63.9900016784668,64.0999984741211,1495272.0
2024-09-19,BNP.PA,65.16999816894531,65.16999816894531,65.19999694824219,64.68000030517578,65.0,2272187.0
2024-09-20,BNP.PA,64.77999877929688,64.77999877929688,65.5999984741211,64.5199966430664,65.30000305175781,4555256.0
2024-09-23,BNP.PA,62.40999984741211,62.40999984741211,64.8499984741211,61.5099983215332,64.80000305175781,3820413.0
2024-09-24,BNP.PA,62.81999969482422,62.81999969482422,63.52000045776367,62.68999862670898,62.88999938964844,1969233.0
2024-09-25,BNP.PA,62.310001373291016,62.310001373291016,62.65999984741211,61.58000183105469,62.220001220703125,1645527.0
2024-09-26,BNP.PA,63.2400016784668,63.2400016784668,63.77999877929688,62.84000015258789,62.900001525878906,2172542.0
2024-09-27,BNP.PA,63.29999923706055,63.29999923706055,63.68000030517578,62.810001373291016,62.97999954223633,2468619.0
2024-09-30,BNP.PA,61.54999923706055,61.54999923706055,62.4900016784668,61.2599983215332,62.459999084472656,3401241.0
2024-10-01,BNP.PA,61.13999938964844,61.13999938964844,62.02999877929688,60.52000045776367,61.66999816894531,3016067.0
2024-10-02,BNP.PA,60.959999084472656,60.959999084472656,61.56999969482422,60.630001068115234,61.0099983215332,1856508.0
2024-10-03,BNP.PA,60.09000015258789,60.09000015258789,60.75,59.66999816894531,60.68000030517578,2721746.0
2024-10-04,BNP.PA,60.86000061035156,60.86000061035156,61.380001068115234,60.04999923706055,60.119998931884766,3156894.0
2024-10-07,BNP.PA,61.810001373291016,61.810001373291016,61.810001373291016,60.77999877929688,61.5099983215332,2118029.0
2024-10-08,BNP.PA,61.900001525878906,61.900001525878906,62.150001525878906,61.11000061035156,61.15999984741211,1697615.0
2024-10-09,BNP.PA,62.09999847412109,62.09999847412109,62.13999938964844,61.459999084472656,61.95000076293945,1933761.0
2024-10-10,BNP.PA,61.91999816894531,61.91999816894531,62.45000076293945,61.880001068115234,62.11000061035156,1495515.0
2024-10-11,BNP.PA,62.15999984741211,62.15999984741211,62.5099983215332,61.75,61.86000061035156,1447840.0
2024-10-14,BNP.PA,62.91999816894531,62.91999816894531,62.91999816894531,62.119998931884766,62.33000183105469,1498110.0
2024-10-15,BNP.PA,63.709999084472656,63.709999084472656,63.810001373291016,62.63999938964844,63.04999923706055,2926156.0
2024-10-16,BNP.PA,64.4800033569336,64.4800033569336,64.4800033569336,63.220001220703125,63.470001220703125,2547930.0
2024-10-17,BNP.PA,65.61000061035156,65.61000061035156,65.94999694824219,64.4800033569336,64.52999877929688,3538311.0
2024-10-18,BNP.PA,66.2699966430664,66.2699966430664,66.72000122070312,65.27999877929688,65.31999969482422,3181758.0
2024-10-21,BNP.PA,65.80000305175781,65.80000305175781,66.30999755859375,65.08000183105469,65.97000122070312,1753455.0
2024-10-22,BNP.PA,65.69999694824219,65.69999694824219,65.8499984741211,64.83999633789062,65.55999755859375,1314922.0
2024-10-23,BNP.PA,65.2300033569336,65.2300033569336,65.80000305175781,65.12000274658203,65.5199966430664,1702979.0
2024-10-24,BNP.PA,65.33000183105469,65.33000183105469,65.93000030517578,65.2699966430664,65.31999969482422,1747989.0
2024-10-25,BNP.PA,65.33000183105469,65.33000183105469,65.91000366210938,65.08000183105469,65.16000366210938,1462627.0
2024-10-28,BNP.PA,66.0199966430664,66.0199966430664,66.12000274658203,65.29000091552734,65.7300033569336,1879445.0
2024-10-29,BNP.PA,65.94000244140625,65.94000244140625,66.98999786376953,65.75,66.5999984741211,2294320.0
2024-10-30,BNP.PA,65.5,65.5,65.86000061035156,64.79000091552734,65.51000213623047,2065998.0
2024-10-31,BNP.PA,62.75,62.75,62.86000061035156,60.59999847412109,61.790000915527344,7008244.0
2024-11-01,BNP.PA,63.040000915527344,63.040000915527344,63.41999816894531,62.34999847412109,62.56999969482422,3008056.0
2024-11-04,BNP.PA,62.869998931884766,62.869998931884766,63.43999862670898,62.66999816894531,62.9900016784668,1950835.0
2024-11-05,BNP.PA,62.7400016784668,62.7400016784668,62.959999084472656,62.02000045776367,62.790000915527344,2153744.0
2024-11-06,BNP.PA,61.06999969482422,61.06999969482422,63.97999954223633,60.470001220703125,63.560001373291016,5045283.0
2024-11-07,BNP.PA,59.04999923706055,59.04999923706055,61.33000183105469,59.04999923706055,60.959999084472656,5322315.0
2024-11-08,BNP.PA,59.7599983215332,59.7599983215332,59.77999877929688,58.83000183105469,59.2599983215332,4731196.0
2024-11-11,BNP.PA,60.93999862670898,60.93999862670898,60.93999862670898,59.93999862670898,60.0099983215332,3062744.0
2024-11-12,BNP.PA,59.380001068115234,59.380001068115234,60.380001068115234,59.06999969482422,60.16999816894531,3871602.0
2024-11-13,BNP.PA,59.119998931884766,59.119998931884766,59.84000015258789,58.4900016784668,59.150001525878906,2782805.0
2024-11-14,BNP.PA,59.470001220703125,59.470001220703125,59.91999816894531,59.130001068115234,59.380001068115234,2110841.0
2024-11-15,BNP.PA,60.11000061035156,60.11000061035156,60.400001525878906,59.16999816894531,59.22999954223633,2304077.0
2024-11-18,BNP.PA,60.41999816894531,60.41999816894531,60.59000015258789,60.02999877929688,60.2599983215332,1536817.0
2024-11-19,BNP.PA,59.310001373291016,59.310001373291016,60.810001373291016,58.41999816894531,60.27999877929688,3298668.0
2024-11-20,BNP.PA,58.4900016784668,58.4900016784668,59.61000061035156,58.22999954223633,59.52999877929688,3040698.0
2024-11-21,BNP.PA,58.220001220703125,58.220001220703125,58.619998931884766,57.869998931884766,58.33000183105469,3475100.0
2024-11-22,BNP.PA,56.91999816894531,56.91999816894531,58.7599983215332,56.130001068115234,58.59999847412109,5607002.0
2024-11-25,BNP.PA,56.97999954223633,56.97999954223633,57.380001068115234,56.36000061035156,57.310001373291016,4787044.0
2024-11-26,BNP.PA,56.29999923706055,56.29999923706055,56.86000061035156,56.02000045776367,56.5,2952549.0
2024-11-27,BNP.PA,55.630001068115234,55.630001068115234,55.75,54.630001068115234,55.70000076293945,4618436.0
2024-11-28,BNP.PA,56.13999938964844,56.13999938964844,56.38999938964844,55.54999923706055,55.880001068115234,2383392.0
2024-11-29,BNP.PA,56.63999938964844,56.63999938964844,56.93000030517578,55.54999923706055,55.59999847412109,3399190.0
2024-12-02,BNP.PA,55.93999862670898,55.93999862670898,56.77999877929688,55.31999969482422,55.59999847412109,4192383.0
2024-12-03,BNP.PA,55.77999877929688,55.77999877929688,56.90999984741211,55.52000045776367,56.22999954223633,3632470.0
2024-12-04,BNP.PA,56.5,56.5,56.81999969482422,55.79999923706055,55.83000183105469,2626120.0
2024-12-05,BNP.PA,57.970001220703125,57.970001220703125,58.09000015258789,56.290000915527344,56.36000061035156,3646351.0
2024-12-06,BNP.PA,58.56999969482422,58.56999969482422,59.09999847412109,57.88999938964844,57.959999084472656,3758878.0
2024-12-09,BNP.PA,60.060001373291016,60.060001373291016,60.27000045776367,59.18999862670898,59.18999862670898,3643529.0
2024-12-10,BNP.PA,59.70000076293945,59.70000076293945,60.119998931884766,59.470001220703125,59.869998931884766,3017820.0
2024-12-11,BNP.PA,59.59000015258789,59.59000015258789,59.97999954223633,59.380001068115234,59.59000015258789,1806949.0
2024-12-12,BNP.PA,58.91999816894531,58.91999816894531,59.93000030517578,58.70000076293945,59.77999877929688,3064965.0
2024-12-13,BNP.PA,58.93999862670898,58.93999862670898,59.34999847412109,58.77000045776367,59.0099983215332,2159456.0
2024-12-16,BNP.PA,58.81999969482422,58.81999969482422,59.290000915527344,58.45000076293945,58.63999938964844,1775368.0
2024-12-17,BNP.PA,58.25,58.25,58.84000015258789,58.25,58.56999969482422,3075365.0
2024-12-18,BNP.PA,58.630001068115234,58.630001068115234,59.209999084472656,58.2400016784668,58.31999969482422,2891991.0
2024-12-19,BNP.PA,57.810001373291016,57.810001373291016,58.09000015258789,57.220001220703125,57.58000183105469,2800740.0
2024-12-20,BNP.PA,57.47999954223633,57.47999954223633,57.59999847412109,56.59999847412109,57.36000061035156,4839471.0
2024-12-23,BNP.PA,57.43999862670898,57.43999862670898,57.52999877929688,57.0099983215332,57.52000045776367,1395481.0
2024-12-24,BNP.PA,57.540000915527344,57.540000915527344,57.90999984741211,57.540000915527344,57.81999969482422,479686.0
2024-12-27,BNP.PA,58.540000915527344,58.540000915527344,58.66999816894531,57.900001525878906,57.900001525878906,2338135.0
2024-12-30,BNP.PA,58.72999954223633,58.72999954223633,59.33000183105469,58.41999816894531,58.470001220703125,1667203.0
2024-12-31,BNP.PA,59.220001220703125,59.220001220703125,59.400001525878906,58.4900016784668,58.540000915527344,796685.0
2025-01-02,BNP.PA,59.25,59.25,60.0,57.91999816894531,59.540000915527344,1571471.0
2025-01-03,BNP.PA,58.4900016784668,58.4900016784668,59.43000030517578,58.18000030517578,59.18000030517578,2635522.0
2025-01-06,BNP.PA,60.02999877929688,60.02999877929688,60.369998931884766,59.0,59.43000030517578,3444327.0
2025-01-07,BNP.PA,60.400001525878906,60.400001525878906,61.08000183105469,59.34000015258789,59.91999816894531,3010929.0
2025-01-08,BNP.PA,60.13999938964844,60.13999938964844,60.900001525878906,59.290000915527344,60.38999938964844,2534021.0
2025-01-09,BNP.PA,59.95000076293945,59.95000076293945,60.209999084472656,59.040000915527344,59.61000061035156,1759110.0
2025-01-10,BNP.PA,59.34999847412109,59.34999847412109,60.209999084472656,59.20000076293945,59.790000915527344,3177621.0
2025-01-13,BNP.PA,59.63999938964844,59.63999938964844,59.84000015258789,58.79999923706055,59.290000915527344,2249295.0
2025-01-14,BNP.PA,60.810001373291016,60.810001373291016,61.41999816894531,60.630001068115234,60.630001068115234,3608506.0
2025-01-15,BNP.PA,62.08000183105469,62.08000183105469,62.34999847412109,60.47999954223633,61.02999877929688,4240049.0
2025-01-16,BNP.PA,62.209999084472656,62.209999084472656,62.79999923706055,61.959999084472656,62.79999923706055,2413140.0
2025-01-17,BNP.PA,62.2400016784668,62.2400016784668,62.7400016784668,62.02999877929688,62.560001373291016,3346287.0
2025-01-20,BNP.PA,62.95000076293945,62.95000076293945,63.25,62.43000030517578,62.5099983215332,2581551.0
2025-01-21,BNP.PA,63.11000061035156,63.11000061035156,63.209999084472656,62.72999954223633,63.02999877929688,1841077.0
2025-01-22,BNP.PA,62.310001373291016,62.310001373291016,63.18000030517578,62.130001068115234,63.040000915527344,2831825.0
2025-01-23,BNP.PA,63.380001068115234,63.380001068115234,63.43999862670898,62.52999877929688,62.560001373291016,2412811.0
2025-01-24,BNP.PA,63.61000061035156,63.61000061035156,64.37999725341797,63.369998931884766,63.7400016784668,1858272.0
2025-01-27,BNP.PA,64.2300033569336,64.2300033569336,64.52999877929688,63.369998931884766,63.43000030517578,3000292.0
2025-01-28,BNP.PA,64.58000183105469,64.58000183105469,65.04000091552734,64.05000305175781,64.2300033569336,2440646.0
2025-01-29,BNP.PA,64.66999816894531,64.66999816894531,64.80000305175781,64.05999755859375,64.48999786376953,2128766.0
2025-01-30,BNP.PA,65.66000366210938,65.66000366210938,65.93000030517578,64.58000183105469,64.79000091552734,2838071.0
2025-01-31,BNP.PA,65.72000122070312,65.72000122070312,66.06999969482422,65.44999694824219,65.5999984741211,2930668.0
2025-02-03,BNP.PA,64.31999969482422,64.31999969482422,64.8499984741211,63.79999923706055,64.18000030517578,4014970.0
2025-02-04,BNP.PA,67.05000305175781,67.05000305175781,67.05000305175781,65.0199966430664,66.5,5238937.0
2025-02-05,BNP.PA,66.4000015258789,66.4000015258789,67.37999725341797,65.87000274658203,66.97000122070312,3172600.0
2025-02-06,BNP.PA,68.26000213623047,68.26000213623047,68.44999694824219,66.55000305175781,66.75,4195725.0
2025-02-07,BNP.PA,69.44999694824219,69.44999694824219,69.73999786376953,68.80999755859375,68.98999786376953,4583335.0
2025-02-10,BNP.PA,69.48999786376953,69.48999786376953,70.11000061035156,69.30999755859375,69.43000030517578,3623884.0
2025-02-11,BNP.PA,70.12999725341797,70.12999725341797,70.22000122070312,69.37000274658203,69.69999694824219,2409379.0
2025-02-12,BNP.PA,70.94000244140625,70.94000244140625,71.12999725341797,70.45999908447266,70.58000183105469,2772529.0
2025-02-13,BNP.PA,70.0999984741211,70.0999984741211,71.54000091552734,69.80000305175781,71.4800033569336,3067525.0
2025-02-14,BNP.PA,69.94999694824219,69.94999694824219,70.31999969482422,69.73999786376953,69.98999786376953,2784882.0
2025-02-17,BNP.PA,69.83000183105469,69.83000183105469,70.70999908447266,69.83000183105469,70.02999877929688,1505907.0
2025-02-18,BNP.PA,71.08999633789062,71.08999633789062,71.2699966430664,69.87000274658203,69.94999694824219,2644716.0
2025-02-19,BNP.PA,70.30000305175781,70.30000305175781,71.19999694824219,69.97000122070312,70.88999938964844,2497449.0
2025-02-20,BNP.PA,70.87000274658203,70.87000274658203,71.54000091552734,70.37000274658203,70.37000274658203,3309235.0
2025-02-21,BNP.PA,71.12000274658203,71.12000274658203,71.44000244140625,70.75,70.83999633789062,2525080.0
2025-02-24,BNP.PA,71.08000183105469,71.08000183105469,71.58999633789062,70.79000091552734,71.0199966430664,1770629.0
2025-02-25,BNP.PA,72.11000061035156,72.11000061035156,72.66000366210938,71.0,71.0,2874998.0
2025-02-26,BNP.PA,72.72000122070312,72.72000122070312,72.87999725341797,71.91999816894531,72.41000366210938,2369568.0
2025-02-27,BNP.PA,72.61000061035156,72.61000061035156,73.5199966430664,72.08000183105469,72.5,2299727.0
2025-02-28,BNP.PA,72.86000061035156,72.86000061035156,72.86000061035156,71.70999908447266,72.37000274658203,4812789.0
2025-03-03,BNP.PA,74.0199966430664,74.0199966430664,74.41000366210938,72.12000274658203,72.63999938964844,3282247.0
2025-03-04,BNP.PA,71.69000244140625,71.69000244140625,73.4800033569336,70.9800033569336,73.04000091552734,3943060.0
2025-03-05,BNP.PA,74.66000366210938,74.66000366210938,75.41999816894531,73.2300033569336,74.0,5127533.0
2025-03-06,BNP.PA,77.16999816894531,77.16999816894531,77.72000122070312,75.5999984741211,75.79000091552734,4960960.0
2025-03-07,BNP.PA,76.56999969482422,76.56999969482422,77.30999755859375,76.20999908447266,76.66999816894531,3555933.0
2025-03-10,BNP.PA,74.44000244140625,74.44000244140625,76.76000213623047,74.3499984741211,76.47000122070312,3997676.0
2025-03-11,BNP.PA,72.95999908447266,72.95999908447266,75.02999877929688,72.27999877929688,74.9000015258789,4200358.0
2025-03-12,BNP.PA,73.69000244140625,73.69000244140625,74.69999694824219,73.66999816894531,73.73999786376953,3137680.0
2025-03-13,BNP.PA,73.55000305175781,73.55000305175781,74.08000183105469,72.97000122070312,73.47000122070312,2891928.0
2025-03-14,BNP.PA,75.72000122070312,75.72000122070312,76.37999725341797,72.68000030517578,73.05000305175781,3843234.0
2025-03-17,BNP.PA,77.91000366210938,77.91000366210938,78.16000366210938,75.9000015258789,76.0,3644074.0
2025-03-18,BNP.PA,80.20999908447266,80.20999908447266,80.43000030517578,78.04000091552734,78.05000305175781,5488254.0
2025-03-19,BNP.PA,80.86000061035156,80.86000061035156,80.97000122070312,79.9000015258789,79.91000366210938,3170970.0
2025-03-20,BNP.PA,79.05000305175781,79.05000305175781,80.87999725341797,78.44999694824219,80.69999694824219,3094729.0
2025-03-21,BNP.PA,79.72000122070312,79.72000122070312,80.22000122070312,78.41999816894531,78.94999694824219,7614235.0
2025-03-24,BNP.PA,79.43000030517578,79.43000030517578,80.81999969482422,79.43000030517578,80.55999755859375,2433226.0
2025-03-25,BNP.PA,81.58000183105469,81.58000183105469,81.58000183105469,79.7699966430664,79.88999938964844,3139788.0
2025-03-26,BNP.PA,80.4000015258789,80.4000015258789,81.41000366210938,80.16999816894531,81.36000061035156,2745755.0
2025-03-27,BNP.PA,79.66999816894531,79.66999816894531,80.72000122070312,78.66999816894531,79.52999877929688,2585313.0
2025-03-28,BNP.PA,78.55000305175781,78.55000305175781,79.55000305175781,78.31999969482422,78.68000030517578,3530438.0
2025-03-31,BNP.PA,76.91000366210938,76.91000366210938,77.80000305175781,76.27999877929688,77.6500015258789,4346990.0
2025-04-01,BNP.PA,78.48999786376953,78.48999786376953,78.62000274658203,76.8499984741211,77.33000183105469,3214861.0
2025-04-02,BNP.PA,77.75,77.75,77.75,76.16000366210938,76.88999938964844,3709465.0
2025-04-03,BNP.PA,73.69999694824219,73.69999694824219,75.95999908447266,73.69999694824219,75.7699966430664,5866719.0
2025-04-04,BNP.PA,68.66999816894531,68.66999816894531,72.48999786376953,66.76000213623047,72.3499984741211,10424235.0
2025-04-07,BNP.PA,66.0999984741211,66.0999984741211,69.37999725341797,61.0,62.09999847412109,10054532.0
2025-04-08,BNP.PA,66.19000244140625,66.19000244140625,68.26000213623047,65.05000305175781,67.80000305175781,5756388.0
2025-04-09,BNP.PA,63.77999877929688,63.77999877929688,65.30000305175781,62.45000076293945,63.68000030517578,6059025.0
2025-04-10,BNP.PA,67.2300033569336,67.2300033569336,73.62999725341797,67.2300033569336,73.62999725341797,7709559.0
2025-04-11,BNP.PA,65.61000061035156,65.61000061035156,68.80000305175781,64.0199966430664,68.1500015258789,5435045.0
2025-04-14,BNP.PA,68.5,68.5,68.94999694824219,67.69000244140625,68.19000244140625,4086459.0
2025-04-15,BNP.PA,70.58000183105469,70.58000183105469,70.68000030517578,68.58000183105469,68.58000183105469,3565333.0
2025-04-16,BNP.PA,71.58000183105469,71.58000183105469,71.66000366210938,69.80000305175781,69.93000030517578,3171170.0
2025-04-17,BNP.PA,70.73999786376953,70.73999786376953,71.91999816894531,70.12999725341797,71.69000244140625,2922984.0
2025-04-22,BNP.PA,71.62000274658203,71.62000274658203,71.91000366210938,70.5999984741211,70.94999694824219,2644851.0
2025-04-23,BNP.PA,73.81999969482422,73.81999969482422,74.80999755859375,72.8499984741211,73.0999984741211,4756299.0
2024-06-28,CS.PA,30.56999969482422,30.56999969482422,30.709999084472656,30.38999938964844,30.6299991607666,5325632.0
2024-07-01,CS.PA,31.26000022888184,31.26000022888184,31.90999984741211,31.229999542236328,31.790000915527344,5822740.0
2024-07-02,CS.PA,31.13999938964844,31.13999938964844,31.25,30.670000076293945,31.049999237060547,3534410.0
2024-07-03,CS.PA,31.670000076293945,31.670000076293945,31.90999984741211,31.229999542236328,31.26000022888184,4140685.0
2024-07-04,CS.PA,32.08000183105469,32.08000183105469,32.40999984741211,31.899999618530277,31.989999771118164,3706902.0
2024-07-05,CS.PA,31.959999084472656,31.959999084472656,32.349998474121094,31.780000686645508,32.22999954223633,2969546.0
2024-07-08,CS.PA,32.0099983215332,32.0099983215332,32.459999084472656,31.690000534057617,31.780000686645508,2475601.0
2024-07-09,CS.PA,31.6299991607666,31.6299991607666,31.979999542236328,31.479999542236328,31.84000015258789,3535401.0
2024-07-10,CS.PA,31.96999931335449,31.96999931335449,32.099998474121094,31.600000381469727,31.670000076293945,2497364.0
2024-07-11,CS.PA,32.06999969482422,32.06999969482422,32.15999984741211,31.8799991607666,32.04999923706055,2537783.0
2024-07-12,CS.PA,32.25,32.25,32.63999938964844,32.06999969482422,32.18000030517578,3551094.0
2024-07-15,CS.PA,32.18000030517578,32.18000030517578,32.36000061035156,31.979999542236328,32.029998779296875,1852939.0
2024-07-16,CS.PA,32.0,32.0,32.040000915527344,31.68000030517578,31.959999084472656,1805580.0
2024-07-17,CS.PA,31.979999542236328,31.979999542236328,32.13999938964844,31.709999084472656,31.84000015258789,2134086.0
2024-07-18,CS.PA,32.25,32.25,32.38999938964844,31.959999084472656,32.209999084472656,2237160.0
2024-07-19,CS.PA,31.940000534057617,31.940000534057617,32.220001220703125,31.850000381469727,32.119998931884766,4071318.0
2024-07-22,CS.PA,32.209999084472656,32.209999084472656,32.43000030517578,31.850000381469727,32.040000915527344,2001739.0
2024-07-23,CS.PA,32.43000030517578,32.43000030517578,32.529998779296875,32.189998626708984,32.43000030517578,1930672.0
2024-07-24,CS.PA,32.11000061035156,32.11000061035156,32.2599983215332,31.770000457763672,32.20000076293945,2482990.0
2024-07-25,CS.PA,32.2400016784668,32.2400016784668,32.2400016784668,31.6299991607666,31.76000022888184,2792420.0
2024-07-26,CS.PA,32.47999954223633,32.47999954223633,32.47999954223633,31.989999771118164,32.0,2341214.0
2024-07-29,CS.PA,32.22999954223633,32.22999954223633,32.720001220703125,32.040000915527344,32.689998626708984,1856948.0
2024-07-30,CS.PA,32.689998626708984,32.689998626708984,32.7599983215332,32.20000076293945,32.2400016784668,2325624.0
2024-07-31,CS.PA,32.4900016784668,32.4900016784668,32.95000076293945,32.400001525878906,32.70000076293945,3600344.0
2024-08-01,CS.PA,31.809999465942383,31.809999465942383,32.2400016784668,31.559999465942383,32.20000076293945,3827267.0
2024-08-02,CS.PA,32.2599983215332,32.2599983215332,32.81999969482422,31.8799991607666,32.400001525878906,5822309.0
2024-08-05,CS.PA,31.399999618530277,31.399999618530277,31.75,30.959999084472656,31.26000022888184,5541188.0
2024-08-06,CS.PA,31.309999465942383,31.309999465942383,31.739999771118164,31.07999992370605,31.459999084472656,4063674.0
2024-08-07,CS.PA,32.029998779296875,32.029998779296875,32.25,31.51000022888184,31.549999237060547,3436313.0
2024-08-08,CS.PA,32.13999938964844,32.13999938964844,32.2400016784668,31.61000061035156,32.0,2035467.0
2024-08-09,CS.PA,32.599998474121094,32.599998474121094,32.7599983215332,32.060001373291016,32.06999969482422,3767555.0
2024-08-12,CS.PA,32.349998474121094,32.349998474121094,32.81999969482422,32.16999816894531,32.79999923706055,1992016.0
2024-08-13,CS.PA,32.38999938964844,32.38999938964844,32.599998474121094,32.15999984741211,32.439998626708984,2461176.0
2024-08-14,CS.PA,32.720001220703125,32.720001220703125,32.720001220703125,32.400001525878906,32.619998931884766,2180855.0
2024-08-15,CS.PA,33.06999969482422,33.06999969482422,33.220001220703125,32.66999816894531,32.880001068115234,2350211.0
2024-08-16,CS.PA,33.36000061035156,33.36000061035156,33.400001525878906,33.09000015258789,33.099998474121094,2622400.0
2024-08-19,CS.PA,33.439998626708984,33.439998626708984,33.56999969482422,33.22999954223633,33.34000015258789,1623669.0
2024-08-20,CS.PA,33.47999954223633,33.47999954223633,33.5,33.31999969482422,33.470001220703125,1897709.0
2024-08-21,CS.PA,33.470001220703125,33.470001220703125,33.54999923706055,33.34000015258789,33.400001525878906,2352025.0
2024-08-22,CS.PA,33.59000015258789,33.59000015258789,33.77000045776367,33.43000030517578,33.43000030517578,1882359.0
2024-08-23,CS.PA,33.95000076293945,33.95000076293945,33.959999084472656,33.619998931884766,33.709999084472656,1933524.0
2024-08-26,CS.PA,33.95000076293945,33.95000076293945,34.0,33.790000915527344,33.810001373291016,1233755.0
2024-08-27,CS.PA,34.04999923706055,34.04999923706055,34.20000076293945,33.970001220703125,33.9900016784668,2230053.0
2024-08-28,CS.PA,34.310001373291016,34.310001373291016,34.43000030517578,34.040000915527344,34.040000915527344,3199570.0
2024-08-29,CS.PA,34.29999923706055,34.29999923706055,34.45000076293945,34.22999954223633,34.34000015258789,2069913.0
2024-08-30,CS.PA,34.400001525878906,34.400001525878906,34.439998626708984,34.25,34.25,3486550.0
2024-09-02,CS.PA,34.650001525878906,34.650001525878906,34.720001220703125,34.18000030517578,34.40999984741211,2351791.0
2024-09-03,CS.PA,34.63999938964844,34.63999938964844,34.7599983215332,34.439998626708984,34.70000076293945,2805955.0
2024-09-04,CS.PA,34.5099983215332,34.5099983215332,34.689998626708984,34.08000183105469,34.119998931884766,3105269.0
2024-09-05,CS.PA,34.720001220703125,34.720001220703125,34.97999954223633,34.29999923706055,34.29999923706055,2816836.0
2024-09-06,CS.PA,34.4900016784668,34.4900016784668,34.88999938964844,34.349998474121094,34.75,3581986.0
2024-09-09,CS.PA,34.90999984741211,34.90999984741211,34.97999954223633,34.529998779296875,34.540000915527344,2702647.0
2024-09-10,CS.PA,34.959999084472656,34.959999084472656,35.34000015258789,34.72999954223633,34.79999923706055,4349278.0
2024-09-11,CS.PA,35.29999923706055,35.29999923706055,35.529998779296875,35.060001373291016,35.130001068115234,3829497.0
2024-09-12,CS.PA,35.599998474121094,35.599998474121094,35.720001220703125,35.380001068115234,35.56999969482422,3827679.0
2024-09-13,CS.PA,36.08000183105469,36.08000183105469,36.13999938964844,35.61000061035156,35.630001068115234,3953802.0
2024-09-16,CS.PA,36.18999862670898,36.18999862670898,36.27000045776367,35.869998931884766,35.93000030517578,2446479.0
2024-09-17,CS.PA,36.150001525878906,36.150001525878906,36.400001525878906,36.09000015258789,36.290000915527344,4006579.0
2024-09-18,CS.PA,35.9900016784668,35.9900016784668,36.27999877929688,35.880001068115234,36.13999938964844,3309193.0
2024-09-19,CS.PA,36.22999954223633,36.22999954223633,36.47999954223633,35.970001220703125,36.45000076293945,3923374.0
2024-09-20,CS.PA,36.25,36.25,36.65999984741211,36.25,36.38999938964844,9635098.0
2024-09-23,CS.PA,36.13999938964844,36.13999938964844,36.310001373291016,35.939998626708984,36.2599983215332,4508139.0
2024-09-24,CS.PA,36.15999984741211,36.15999984741211,36.38999938964844,36.0099983215332,36.29999923706055,2938844.0
2024-09-25,CS.PA,35.5,35.5,35.849998474121094,35.349998474121094,35.79999923706055,3957983.0
2024-09-26,CS.PA,35.779998779296875,35.779998779296875,35.810001373291016,35.38999938964844,35.7599983215332,3756880.0
2024-09-27,CS.PA,35.529998779296875,35.529998779296875,35.68000030517578,35.220001220703125,35.68000030517578,5180993.0
2024-09-30,CS.PA,34.529998779296875,34.529998779296875,35.38999938964844,34.40999984741211,35.38999938964844,6292966.0
2024-10-01,CS.PA,34.41999816894531,34.41999816894531,34.849998474121094,34.13999938964844,34.599998474121094,3337011.0
2024-10-02,CS.PA,34.439998626708984,34.439998626708984,34.540000915527344,34.22999954223633,34.400001525878906,3180692.0
2024-10-03,CS.PA,33.91999816894531,33.91999816894531,34.630001068115234,33.7599983215332,34.38999938964844,4116560.0
2024-10-04,CS.PA,34.369998931884766,34.369998931884766,34.5099983215332,33.779998779296875,33.79999923706055,4479995.0
2024-10-07,CS.PA,34.459999084472656,34.459999084472656,34.7400016784668,34.2400016784668,34.619998931884766,3444464.0
2024-10-08,CS.PA,34.36000061035156,34.36000061035156,34.45000076293945,34.029998779296875,34.189998626708984,3413714.0
2024-10-09,CS.PA,34.70000076293945,34.70000076293945,34.709999084472656,34.279998779296875,34.459999084472656,2916533.0
2024-10-10,CS.PA,34.86000061035156,34.86000061035156,35.02000045776367,34.59000015258789,34.61000061035156,3139281.0
2024-10-11,CS.PA,35.09000015258789,35.09000015258789,35.09000015258789,34.77000045776367,34.849998474121094,2709330.0
2024-10-14,CS.PA,35.38999938964844,35.38999938964844,35.4900016784668,35.02000045776367,35.09000015258789,2783649.0
2024-10-15,CS.PA,35.81999969482422,35.81999969482422,35.959999084472656,35.470001220703125,35.5,5390457.0
2024-10-16,CS.PA,35.7599983215332,35.7599983215332,35.970001220703125,35.54999923706055,35.970001220703125,3148393.0
2024-10-17,CS.PA,35.970001220703125,35.970001220703125,36.18000030517578,35.720001220703125,35.849998474121094,3411006.0
2024-10-18,CS.PA,36.08000183105469,36.08000183105469,36.119998931884766,35.779998779296875,35.779998779296875,2771411.0
2024-10-21,CS.PA,35.720001220703125,35.720001220703125,35.93000030517578,35.65999984741211,35.7400016784668,2850686.0
2024-10-22,CS.PA,35.400001525878906,35.400001525878906,35.7400016784668,35.13999938964844,35.68000030517578,3639177.0
2024-10-23,CS.PA,35.11000061035156,35.11000061035156,35.45000076293945,35.09000015258789,35.27000045776367,2618439.0
2024-10-24,CS.PA,35.279998779296875,35.279998779296875,35.529998779296875,35.15999984741211,35.2400016784668,3450218.0
2024-10-25,CS.PA,34.88999938964844,34.88999938964844,35.220001220703125,34.79999923706055,35.11000061035156,3509125.0
2024-10-28,CS.PA,35.33000183105469,35.33000183105469,35.41999816894531,34.849998474121094,35.13999938964844,3451584.0
2024-10-29,CS.PA,35.13999938964844,35.13999938964844,35.72999954223633,35.060001373291016,35.5,3482117.0
2024-10-30,CS.PA,34.84000015258789,34.84000015258789,35.099998474121094,34.709999084472656,34.9900016784668,3967925.0
2024-10-31,CS.PA,34.52000045776367,34.52000045776367,34.52000045776367,34.08000183105469,34.439998626708984,5962716.0
2024-11-01,CS.PA,34.279998779296875,34.279998779296875,34.5,34.15999984741211,34.310001373291016,2837358.0
2024-11-04,CS.PA,34.06999969482422,34.06999969482422,34.290000915527344,34.029998779296875,34.2400016784668,2260215.0
2024-11-05,CS.PA,34.38999938964844,34.38999938964844,34.52000045776367,34.02000045776367,34.099998474121094,2478376.0
2024-11-06,CS.PA,34.459999084472656,34.459999084472656,35.380001068115234,34.27000045776367,34.599998474121094,4199106.0
2024-11-07,CS.PA,34.130001068115234,34.130001068115234,34.720001220703125,33.86000061035156,34.65999984741211,4163091.0
2024-11-08,CS.PA,33.86000061035156,33.86000061035156,34.33000183105469,33.77000045776367,34.11000061035156,2828675.0
2024-11-11,CS.PA,34.20000076293945,34.20000076293945,34.31999969482422,34.08000183105469,34.08000183105469,2860191.0
2024-11-12,CS.PA,33.20000076293945,33.20000076293945,33.90999984741211,33.15999984741211,33.849998474121094,4554097.0
2024-11-13,CS.PA,33.29999923706055,33.29999923706055,33.470001220703125,32.869998931884766,33.16999816894531,3538137.0
2024-11-14,CS.PA,33.63999938964844,33.63999938964844,33.70000076293945,33.189998626708984,33.380001068115234,5238719.0
2024-11-15,CS.PA,33.880001068115234,33.880001068115234,34.02000045776367,33.369998931884766,33.459999084472656,3018970.0
2024-11-18,CS.PA,34.25,34.25,34.25,33.939998626708984,34.0099983215332,2810133.0
2024-11-19,CS.PA,34.040000915527344,34.040000915527344,34.34000015258789,33.5099983215332,34.2400016784668,3123420.0
2024-11-20,CS.PA,34.029998779296875,34.029998779296875,34.310001373291016,33.86000061035156,34.220001220703125,3934451.0
2024-11-21,CS.PA,34.20000076293945,34.20000076293945,34.33000183105469,33.970001220703125,34.18000030517578,3597506.0
2024-11-22,CS.PA,34.08000183105469,34.08000183105469,34.40999984741211,33.54999923706055,34.38999938964844,3238041.0
2024-11-25,CS.PA,34.06999969482422,34.06999969482422,34.2599983215332,33.61000061035156,34.220001220703125,7788863.0
2024-11-26,CS.PA,33.65999984741211,33.65999984741211,34.08000183105469,33.599998474121094,33.90999984741211,3523936.0
2024-11-27,CS.PA,32.209999084472656,32.209999084472656,33.470001220703125,31.729999542236328,33.470001220703125,9343821.0
2024-11-28,CS.PA,32.5,32.5,32.70000076293945,32.310001373291016,32.400001525878906,4768295.0
2024-11-29,CS.PA,32.97999954223633,32.97999954223633,33.099998474121094,32.279998779296875,32.400001525878906,7214826.0
2024-12-02,CS.PA,32.540000915527344,32.540000915527344,33.099998474121094,32.150001525878906,32.369998931884766,6598293.0
2024-12-03,CS.PA,32.290000915527344,32.290000915527344,32.880001068115234,32.040000915527344,32.5,7011559.0
2024-12-04,CS.PA,32.83000183105469,32.83000183105469,32.83000183105469,32.209999084472656,32.2400016784668,3952519.0
2024-12-05,CS.PA,33.650001525878906,33.650001525878906,33.65999984741211,32.75,32.83000183105469,5932880.0
2024-12-06,CS.PA,34.0,34.0,34.2599983215332,33.47999954223633,33.560001373291016,5287313.0
2024-12-09,CS.PA,34.06999969482422,34.06999969482422,34.209999084472656,33.959999084472656,34.02000045776367,3658094.0
2024-12-10,CS.PA,33.70000076293945,33.70000076293945,34.220001220703125,33.70000076293945,34.04999923706055,4791301.0
2024-12-11,CS.PA,33.66999816894531,33.66999816894531,33.900001525878906,33.4900016784668,33.5099983215332,3225022.0
2024-12-12,CS.PA,33.560001373291016,33.560001373291016,33.77000045776367,33.4900016784668,33.68000030517578,2852315.0
2024-12-13,CS.PA,34.099998474121094,34.099998474121094,34.13999938964844,33.540000915527344,33.61000061035156,3877128.0
2024-12-16,CS.PA,33.959999084472656,33.959999084472656,34.06999969482422,33.689998626708984,33.939998626708984,3138508.0
2024-12-17,CS.PA,33.7400016784668,33.7400016784668,33.95000076293945,33.529998779296875,33.79999923706055,3511299.0
2024-12-18,CS.PA,33.79999923706055,33.79999923706055,34.02000045776367,33.59000015258789,33.86000061035156,3890176.0
2024-12-19,CS.PA,33.779998779296875,33.779998779296875,33.779998779296875,33.45000076293945,33.58000183105469,3637888.0
2024-12-20,CS.PA,33.5099983215332,33.5099983215332,33.560001373291016,33.0099983215332,33.459999084472656,10458294.0
2024-12-23,CS.PA,33.63999938964844,33.63999938964844,33.709999084472656,33.36000061035156,33.45000076293945,2214974.0
2024-12-24,CS.PA,33.56999969482422,33.56999969482422,33.84000015258789,33.56999969482422,33.7599983215332,912264.0
2024-12-27,CS.PA,34.08000183105469,34.08000183105469,34.08000183105469,33.54999923706055,33.58000183105469,2335781.0
2024-12-30,CS.PA,34.119998931884766,34.119998931884766,34.400001525878906,33.900001525878906,33.90999984741211,2086778.0
2024-12-31,CS.PA,34.31999969482422,34.31999969482422,34.36000061035156,33.95000076293945,34.0099983215332,859533.0
2025-01-02,CS.PA,34.41999816894531,34.41999816894531,34.619998931884766,33.939998626708984,34.349998474121094,2418364.0
2025-01-03,CS.PA,34.06999969482422,34.06999969482422,34.47999954223633,33.88999938964844,34.41999816894531,3257406.0
2025-01-06,CS.PA,34.45000076293945,34.45000076293945,34.56999969482422,33.869998931884766,34.2400016784668,3544197.0
2025-01-07,CS.PA,34.7599983215332,34.7599983215332,35.02000045776367,33.90999984741211,34.380001068115234,3854753.0
2025-01-08,CS.PA,34.849998474121094,34.849998474121094,35.029998779296875,34.31999969482422,34.70000076293945,3226710.0
2025-01-09,CS.PA,34.40999984741211,34.40999984741211,34.72999954223633,34.290000915527344,34.63999938964844,2771033.0
2025-01-10,CS.PA,33.84000015258789,33.84000015258789,34.54999923706055,33.779998779296875,34.2400016784668,3872889.0
2025-01-13,CS.PA,33.47999954223633,33.47999954223633,33.689998626708984,33.16999816894531,33.619998931884766,3211352.0
2025-01-14,CS.PA,33.65999984741211,33.65999984741211,33.95000076293945,33.560001373291016,33.79999923706055,3407363.0
2025-01-15,CS.PA,34.400001525878906,34.400001525878906,34.5,33.869998931884766,33.939998626708984,5182708.0
2025-01-16,CS.PA,35.08000183105469,35.08000183105469,35.099998474121094,34.119998931884766,34.349998474121094,4383239.0
2025-01-17,CS.PA,35.36000061035156,35.36000061035156,35.540000915527344,35.18000030517578,35.2599983215332,4440865.0
2025-01-20,CS.PA,35.34000015258789,35.34000015258789,35.52000045776367,35.2599983215332,35.29999923706055,3307881.0
2025-01-21,CS.PA,35.25,35.25,35.52000045776367,35.130001068115234,35.29999923706055,3842600.0
2025-01-22,CS.PA,35.720001220703125,35.720001220703125,35.959999084472656,35.220001220703125,35.220001220703125,4876478.0
2025-01-23,CS.PA,36.119998931884766,36.119998931884766,36.209999084472656,35.75,35.869998931884766,4237231.0
2025-01-24,CS.PA,35.900001525878906,35.900001525878906,36.2599983215332,35.88999938964844,36.09999847412109,4166064.0
2025-01-27,CS.PA,36.34999847412109,36.34999847412109,36.619998931884766,35.939998626708984,35.97999954223633,6305974.0
2025-01-28,CS.PA,36.66999816894531,36.66999816894531,36.810001373291016,36.119998931884766,36.22999954223633,3367446.0
2025-01-29,CS.PA,36.47999954223633,36.47999954223633,36.77999877929688,36.31999969482422,36.59999847412109,2984217.0
2025-01-30,CS.PA,36.68999862670898,36.68999862670898,36.81999969482422,36.41999816894531,36.56999969482422,3906503.0
2025-01-31,CS.PA,36.650001525878906,36.650001525878906,37.0,36.58000183105469,36.720001220703125,5133800.0
2025-02-03,CS.PA,36.369998931884766,36.369998931884766,36.459999084472656,36.0099983215332,36.04999923706055,3718862.0
2025-02-04,CS.PA,37.060001373291016,37.060001373291016,37.13999938964844,36.369998931884766,36.5,4142009.0
2025-02-05,CS.PA,36.95000076293945,36.95000076293945,37.0099983215332,36.720001220703125,36.90999984741211,3109910.0
2025-02-06,CS.PA,37.380001068115234,37.380001068115234,37.54999923706055,37.040000915527344,37.11000061035156,6542340.0
2025-02-07,CS.PA,37.560001373291016,37.560001373291016,37.709999084472656,37.4900016784668,37.58000183105469,2798102.0
2025-02-10,CS.PA,37.7400016784668,37.7400016784668,37.79999923706055,37.52000045776367,37.619998931884766,2707777.0
2025-02-11,CS.PA,38.0,38.0,38.09000015258789,37.65999984741211,37.7599983215332,2736795.0
2025-02-12,CS.PA,38.02999877929688,38.02999877929688,38.2400016784668,38.0,38.040000915527344,4011717.0
2025-02-13,CS.PA,38.0,38.0,38.27999877929688,38.0,38.13999938964844,3249416.0
2025-02-14,CS.PA,37.52999877929688,37.52999877929688,37.91999816894531,37.31999969482422,37.84000015258789,3995750.0
2025-02-17,CS.PA,37.59000015258789,37.59000015258789,37.81999969482422,37.470001220703125,37.560001373291016,2991112.0
2025-02-18,CS.PA,37.52999877929688,37.52999877929688,37.68000030517578,37.369998931884766,37.630001068115234,3410732.0
2025-02-19,CS.PA,36.77000045776367,36.77000045776367,37.650001525878906,36.63999938964844,37.5099983215332,3883044.0
2025-02-20,CS.PA,36.84000015258789,36.84000015258789,37.11000061035156,36.7400016784668,36.810001373291016,2796404.0
2025-02-21,CS.PA,36.97999954223633,36.97999954223633,37.09999847412109,36.70000076293945,36.84999847412109,3651642.0
2025-02-24,CS.PA,37.09999847412109,37.09999847412109,37.18000030517578,36.90999984741211,37.119998931884766,2972832.0
2025-02-25,CS.PA,37.54999923706055,37.54999923706055,37.72999954223633,36.959999084472656,37.0,3398663.0
2025-02-26,CS.PA,38.2400016784668,38.2400016784668,38.27999877929688,37.59999847412109,37.72999954223633,4671889.0
2025-02-27,CS.PA,37.709999084472656,37.709999084472656,38.209999084472656,37.150001525878906,38.18000030517578,4760493.0
2025-02-28,CS.PA,37.43999862670898,37.43999862670898,37.630001068115234,36.91999816894531,37.59999847412109,7159105.0
2025-03-03,CS.PA,38.150001525878906,38.150001525878906,38.459999084472656,37.22999954223633,37.63999938964844,5252978.0
2025-03-04,CS.PA,37.959999084472656,37.959999084472656,37.9900016784668,37.59000015258789,37.79999923706055,4388013.0
2025-03-05,CS.PA,38.31999969482422,38.31999969482422,38.77000045776367,38.31999969482422,38.650001525878906,5453880.0
2025-03-06,CS.PA,38.650001525878906,38.650001525878906,38.90999984741211,38.119998931884766,38.52000045776367,5769050.0
2025-03-07,CS.PA,38.7599983215332,38.7599983215332,38.95000076293945,38.33000183105469,38.52000045776367,5272716.0
2025-03-10,CS.PA,38.52000045776367,38.52000045776367,39.04999923706055,38.470001220703125,39.0,5286789.0
2025-03-11,CS.PA,38.02999877929688,38.02999877929688,38.66999816894531,37.59000015258789,38.61000061035156,5543770.0
2025-03-12,CS.PA,38.81999969482422,38.81999969482422,39.08000183105469,38.40999984741211,38.45000076293945,4693702.0
2025-03-13,CS.PA,38.7599983215332,38.7599983215332,39.02000045776367,38.650001525878906,38.68999862670898,3908405.0
2025-03-14,CS.PA,38.83000183105469,38.83000183105469,39.20000076293945,38.52999877929688,38.61000061035156,4332656.0
2025-03-17,CS.PA,39.2599983215332,39.2599983215332,39.27999877929688,38.560001373291016,38.56999969482422,4770446.0
2025-03-18,CS.PA,39.90999984741211,39.90999984741211,39.93999862670898,39.27000045776367,39.310001373291016,5333231.0
2025-03-19,CS.PA,39.84000015258789,39.84000015258789,40.11000061035156,39.709999084472656,39.720001220703125,4943163.0
2025-03-20,CS.PA,39.63999938964844,39.63999938964844,39.90999984741211,39.130001068115234,39.81999969482422,2861125.0
2025-03-21,CS.PA,39.5099983215332,39.5099983215332,39.63999938964844,39.2400016784668,39.40999984741211,6788197.0
2025-03-24,CS.PA,39.58000183105469,39.58000183105469,39.970001220703125,39.5099983215332,39.72999954223633,3375122.0
2025-03-25,CS.PA,40.13999938964844,40.13999938964844,40.25,39.68000030517578,39.709999084472656,4699350.0
2025-03-26,CS.PA,40.060001373291016,40.060001373291016,40.2599983215332,39.900001525878906,40.130001068115234,3874175.0
2025-03-27,CS.PA,40.09999847412109,40.09999847412109,40.16999816894531,39.59999847412109,39.75,3150779.0
2025-03-28,CS.PA,39.9900016784668,39.9900016784668,40.2400016784668,39.8849983215332,40.0,3970615.0
2025-03-31,CS.PA,39.400001525878906,39.400001525878906,39.84000015258789,39.2400016784668,39.63999938964844,5793431.0
2025-04-01,CS.PA,40.0,40.0,40.02000045776367,39.43000030517578,39.47999954223633,4170784.0
2025-04-02,CS.PA,40.400001525878906,40.400001525878906,40.5099983215332,40.0,40.13999938964844,4393967.0
2025-04-03,CS.PA,39.72999954223633,39.72999954223633,40.09000015258789,39.43000030517578,39.68999862670898,6099999.0
2025-04-04,CS.PA,37.56999969482422,37.56999969482422,39.540000915527344,37.09000015258789,39.369998931884766,11487544.0
2025-04-07,CS.PA,35.189998626708984,35.189998626708984,36.970001220703125,34.0,35.0,14286567.0
2025-04-08,CS.PA,36.43000030517578,36.43000030517578,37.09999847412109,35.5099983215332,35.959999084472656,7448766.0
2025-04-09,CS.PA,35.380001068115234,35.380001068115234,36.25,34.83000183105469,35.689998626708984,8001399.0
2025-04-10,CS.PA,37.20000076293945,37.20000076293945,38.04999923706055,36.70000076293945,37.11000061035156,10295205.0
2025-04-11,CS.PA,37.130001068115234,37.130001068115234,37.90999984741211,36.810001373291016,37.63999938964844,5053470.0
2025-04-14,CS.PA,38.09999847412109,38.09999847412109,38.459999084472656,37.90999984741211,38.02000045776367,4392251.0
2025-04-15,CS.PA,38.880001068115234,38.880001068115234,38.9900016784668,38.09999847412109,38.18999862670898,4570114.0
2025-04-16,CS.PA,39.15999984741211,39.15999984741211,39.209999084472656,38.52999877929688,38.81999969482422,3372340.0
2025-04-17,CS.PA,39.5099983215332,39.5099983215332,39.709999084472656,39.040000915527344,39.06999969482422,4451871.0
2025-04-22,CS.PA,40.040000915527344,40.040000915527344,40.15999984741211,39.5099983215332,39.54999923706055,4270855.0
2025-04-23,CS.PA,40.33000183105469,40.33000183105469,40.5,39.9900016784668,40.5,4566456.0
2024-06-28,MT.AS,21.1486873626709,21.3700008392334,21.670000076293945,21.270000457763672,21.32999992370605,2702505.0
2024-07-01,MT.AS,21.06951713562012,21.290000915527344,21.799999237060547,21.239999771118164,21.690000534057617,2525781.0
2024-07-02,MT.AS,20.92106819152832,21.13999938964844,21.32999992370605,21.059999465942383,21.170000076293945,2014647.0
2024-07-03,MT.AS,21.27733993530273,21.5,21.70499992370605,21.3799991607666,21.46999931335449,3093932.0
2024-07-04,MT.AS,21.43568420410156,21.65999984741211,21.729999542236328,21.530000686645508,21.600000381469727,1173681.0
2024-07-05,MT.AS,21.267444610595703,21.489999771118164,21.780000686645508,21.3799991607666,21.649999618530277,1468110.0
2024-07-08,MT.AS,20.99034309387207,21.209999084472656,21.59000015258789,21.200000762939453,21.32999992370605,1991171.0
2024-07-09,MT.AS,20.52521133422852,20.739999771118164,21.3799991607666,20.690000534057617,21.26000022888184,3083773.0
2024-07-10,MT.AS,20.57469367980957,20.790000915527344,20.90999984741211,20.549999237060547,20.670000076293945,1968312.0
2024-07-11,MT.AS,20.80231285095215,21.020000457763672,21.040000915527344,20.739999771118164,20.90999984741211,2262993.0
2024-07-12,MT.AS,21.346614837646484,21.56999969482422,21.670000076293945,21.31999969482422,21.40999984741211,3168803.0
2024-07-15,MT.AS,21.43568420410156,21.65999984741211,21.920000076293945,21.520000457763672,21.56999969482422,2731333.0
2024-07-16,MT.AS,20.901277542114254,21.1200008392334,21.51000022888184,20.559999465942383,21.5,3931352.0
2024-07-17,MT.AS,21.06951713562012,21.290000915527344,21.43000030517578,21.06999969482422,21.1299991607666,2247041.0
2024-07-18,MT.AS,20.95075798034668,21.170000076293945,21.3799991607666,21.170000076293945,21.290000915527344,2033891.0
2024-07-19,MT.AS,20.54500389099121,20.76000022888184,21.09000015258789,20.729999542236328,20.940000534057617,3134449.0
2024-07-22,MT.AS,20.653865814208984,20.8700008392334,21.149999618530277,20.850000381469727,20.850000381469727,1931663.0
2024-07-23,MT.AS,20.36686897277832,20.57999992370605,21.07999992370605,20.489999771118164,20.920000076293945,2727683.0
2024-07-24,MT.AS,20.61427879333496,20.82999992370605,21.07999992370605,20.46999931335449,20.57999992370605,2545894.0
2024-07-25,MT.AS,20.554901123046875,20.770000457763672,20.790000915527344,20.229999542236328,20.520000457763672,2447232.0
2024-07-26,MT.AS,20.52521133422852,20.739999771118164,20.88999938964844,20.56999969482422,20.709999084472656,1088429.0
2024-07-29,MT.AS,20.53510856628418,20.75,21.049999237060547,20.709999084472656,20.96999931335449,1577788.0
2024-07-30,MT.AS,20.40645408630371,20.6200008392334,20.84000015258789,20.489999771118164,20.71999931335449,1674344.0
2024-07-31,MT.AS,20.72314071655273,20.940000534057617,21.149999618530277,20.809999465942383,20.809999465942383,2858380.0
2024-08-01,MT.AS,19.782978057861328,19.989999771118164,21.209999084472656,19.825000762939453,20.979999542236328,4269269.0
2024-08-02,MT.AS,19.218881607055664,19.420000076293945,19.905000686645508,19.325000762939453,19.81999969482422,3004909.0
2024-08-05,MT.AS,18.8675594329834,19.065000534057617,19.084999084472656,18.434999465942383,18.700000762939453,3990443.0
2024-08-06,MT.AS,19.342586517333984,19.545000076293945,19.709999084472656,19.3799991607666,19.549999237060547,3423772.0
2024-08-07,MT.AS,19.832462310791016,20.040000915527344,20.15999984741211,19.69499969482422,19.790000915527344,2824241.0
2024-08-08,MT.AS,19.792875289916992,20.0,20.06999969482422,19.530000686645508,19.81999969482422,2473225.0
2024-08-09,MT.AS,19.88194274902344,20.09000015258789,20.38999938964844,19.96500015258789,20.190000534057617,2466796.0
2024-08-12,MT.AS,19.90173721313477,20.11000061035156,20.299999237060547,20.049999237060547,20.25,2096410.0
2024-08-13,MT.AS,19.5603084564209,19.76499938964844,20.15999984741211,19.6200008392334,20.09000015258789,2319365.0
2024-08-14,MT.AS,19.510826110839844,19.71500015258789,19.924999237060547,19.420000076293945,19.854999542236328,2839662.0
2024-08-15,MT.AS,19.90173721313477,20.11000061035156,20.190000534057617,19.76000022888184,19.84000015258789,3644892.0
2024-08-16,MT.AS,20.00069999694824,20.209999084472656,20.280000686645508,20.09000015258789,20.149999618530277,2097445.0
2024-08-19,MT.AS,20.46583366394043,20.68000030517578,20.799999237060547,20.399999618530277,20.600000381469727,2757309.0
2024-08-20,MT.AS,20.356971740722656,20.56999969482422,20.8700008392334,20.489999771118164,20.76000022888184,1994731.0
2024-08-21,MT.AS,20.64396858215332,20.86000061035156,20.96999931335449,20.59000015258789,20.600000381469727,2484427.0
2024-08-22,MT.AS,20.416349411010746,20.6299991607666,20.940000534057617,20.6299991607666,20.799999237060547,1846993.0
2024-08-23,MT.AS,20.63407325744629,20.850000381469727,20.88999938964844,20.649999618530277,20.71999931335449,1925764.0
2024-08-26,MT.AS,20.792415618896484,21.01000022888184,21.06999969482422,20.850000381469727,20.899999618530277,1675983.0
2024-08-27,MT.AS,20.5845890045166,20.799999237060547,21.15999984741211,20.799999237060547,21.01000022888184,1461919.0
2024-08-28,MT.AS,20.832000732421875,21.049999237060547,21.229999542236328,20.940000534057617,21.229999542236328,2108314.0
2024-08-29,MT.AS,20.960655212402344,21.18000030517578,21.21999931335449,20.959999084472656,21.06999969482422,1861007.0
2024-08-30,MT.AS,20.95075798034668,21.170000076293945,21.459999084472656,21.170000076293945,21.18000030517578,3633134.0
2024-09-02,MT.AS,21.109100341796875,21.32999992370605,21.38999938964844,21.01000022888184,21.190000534057617,1290542.0
2024-09-03,MT.AS,20.020492553710938,20.229999542236328,21.299999237060547,20.190000534057617,21.239999771118164,3901555.0
2024-09-04,MT.AS,19.812667846679688,20.020000457763672,20.1299991607666,19.770000457763672,19.895000457763672,2736235.0
2024-09-05,MT.AS,19.96111488342285,20.170000076293945,20.479999542236328,19.780000686645508,19.864999771118164,2213929.0
2024-09-06,MT.AS,19.792875289916992,20.0,20.309999465942383,19.959999084472656,20.280000686645508,2601871.0
2024-09-09,MT.AS,19.93142509460449,20.13999938964844,20.290000915527344,20.07999992370605,20.15999984741211,1709583.0
2024-09-10,MT.AS,19.495983123779297,19.700000762939453,20.100000381469727,19.645000457763672,19.90999984741211,2599582.0
2024-09-11,MT.AS,19.47618865966797,19.68000030517578,20.07999992370605,19.65999984741211,19.80500030517578,2218157.0
2024-09-12,MT.AS,19.941320419311523,20.149999618530277,20.36000061035156,20.0,20.11000061035156,2094748.0
2024-09-13,MT.AS,20.317386627197266,20.530000686645508,20.59000015258789,20.200000762939453,20.239999771118164,1989080.0
2024-09-16,MT.AS,20.29759407043457,20.51000022888184,20.6200008392334,20.34000015258789,20.479999542236328,1223726.0
2024-09-17,MT.AS,20.7330379486084,20.950000762939453,21.06999969482422,20.549999237060547,20.549999237060547,2258920.0
2024-09-18,MT.AS,20.88148307800293,21.100000381469727,21.15999984741211,20.809999465942383,20.93000030517578,2586791.0
2024-09-19,MT.AS,21.67319869995117,21.899999618530277,22.049999237060547,21.450000762939453,21.489999771118164,5484574.0
2024-09-20,MT.AS,21.267444610595703,21.489999771118164,21.81999969482422,21.309999465942383,21.780000686645508,4233326.0
2024-09-23,MT.AS,21.21796226501465,21.440000534057617,21.6299991607666,21.149999618530277,21.559999465942383,1620946.0
2024-09-24,MT.AS,22.22739791870117,22.459999084472656,22.59000015258789,22.239999771118164,22.290000915527344,3996292.0
2024-09-25,MT.AS,21.9799861907959,22.209999084472656,22.700000762939453,22.209999084472656,22.34000015258789,2458024.0
2024-09-26,MT.AS,23.01911354064941,23.26000022888184,23.530000686645508,22.56999969482422,22.600000381469727,5088393.0
2024-09-27,MT.AS,23.187353134155277,23.43000030517578,23.6200008392334,23.26000022888184,23.3700008392334,3092090.0
2024-09-30,MT.AS,23.296215057373047,23.540000915527344,23.899999618530277,23.26000022888184,23.559999465942383,3392018.0
2024-10-01,MT.AS,23.286317825317383,23.530000686645508,23.790000915527344,23.36000061035156,23.51000022888184,2318681.0
2024-10-02,MT.AS,23.296215057373047,23.540000915527344,23.770000457763672,23.200000762939453,23.65999984741211,2457065.0
2024-10-03,MT.AS,22.96963119506836,23.209999084472656,23.38999938964844,22.950000762939453,23.32999992370605,2583680.0
2024-10-04,MT.AS,23.10818290710449,23.350000381469727,23.540000915527344,23.170000076293945,23.18000030517578,1635550.0
2024-10-07,MT.AS,22.97952651977539,23.21999931335449,23.399999618530277,22.950000762939453,23.399999618530277,1503854.0
2024-10-08,MT.AS,22.17791557312012,22.40999984741211,22.670000076293945,22.229999542236328,22.559999465942383,2747319.0
2024-10-09,MT.AS,22.346155166625977,22.57999992370605,22.59000015258789,22.270000457763672,22.36000061035156,1387341.0
2024-10-10,MT.AS,22.375844955444336,22.61000061035156,22.61000061035156,22.280000686645508,22.489999771118164,1855483.0
2024-10-11,MT.AS,22.44511985778809,22.68000030517578,22.809999465942383,22.32999992370605,22.32999992370605,1647939.0
2024-10-14,MT.AS,22.28677749633789,22.520000457763672,22.790000915527344,22.399999618530277,22.75,1673699.0
2024-10-15,MT.AS,21.831541061401367,22.059999465942383,22.56999969482422,21.82999992370605,22.530000686645508,2875060.0
2024-10-16,MT.AS,21.831541061401367,22.059999465942383,22.170000076293945,21.790000915527344,21.950000762939453,1813580.0
2024-10-17,MT.AS,21.881023406982425,22.11000061035156,22.15999984741211,21.81999969482422,21.959999084472656,1481909.0
2024-10-18,MT.AS,22.247190475463867,22.479999542236328,22.690000534057617,22.11000061035156,22.11000061035156,2135428.0
2024-10-21,MT.AS,21.90081596374512,22.1299991607666,22.57999992370605,22.07999992370605,22.40999984741211,1528262.0
2024-10-22,MT.AS,21.93050575256348,22.15999984741211,22.270000457763672,21.90999984741211,22.15999984741211,1467820.0
2024-10-23,MT.AS,21.74247169494629,21.96999931335449,22.229999542236328,21.899999618530277,22.15999984741211,1303193.0
2024-10-24,MT.AS,21.732576370239254,21.959999084472656,22.5,21.959999084472656,22.01000022888184,1576127.0
2024-10-25,MT.AS,21.999780654907227,22.229999542236328,22.38999938964844,21.899999618530277,21.96999931335449,1157436.0
2024-10-28,MT.AS,22.74201393127441,22.979999542236328,22.979999542236328,22.46999931335449,22.479999542236328,2501380.0
2024-10-29,MT.AS,22.68263435363769,22.920000076293945,23.350000381469727,22.850000381469727,23.07999992370605,2037168.0
2024-10-30,MT.AS,22.43522453308105,22.670000076293945,22.8700008392334,22.46999931335449,22.799999237060547,1826637.0
2024-10-31,MT.AS,22.44511985778809,22.68000030517578,22.8700008392334,22.489999771118164,22.51000022888184,1535369.0
2024-11-01,MT.AS,22.44511985778809,22.68000030517578,22.82999992370605,22.559999465942383,22.739999771118164,1439270.0
2024-11-04,MT.AS,22.504499435424805,22.739999771118164,22.93000030517578,22.6299991607666,22.709999084472656,1324652.0
2024-11-05,MT.AS,22.79149627685547,23.030000686645508,23.07999992370605,22.75,22.8700008392334,1276666.0
2024-11-06,MT.AS,22.890459060668945,23.1299991607666,23.799999237060547,22.920000076293945,23.25,3713383.0
2024-11-07,MT.AS,24.37492561340332,24.6299991607666,24.8700008392334,23.5,23.5,5724586.0
2024-11-08,MT.AS,23.88999938964844,24.13999938964844,24.34000015258789,23.739999771118164,24.100000381469727,3172066.0
2024-11-11,MT.AS,23.76000022888184,23.76000022888184,24.18000030517578,23.63999938964844,24.100000381469727,1893699.0
2024-11-12,MT.AS,22.65999984741211,22.65999984741211,23.600000381469727,22.56999969482422,23.520000457763672,3538341.0
2024-11-13,MT.AS,22.6200008392334,22.6200008392334,23.040000915527344,22.459999084472656,22.84000015258789,1890530.0
2024-11-14,MT.AS,23.51000022888184,23.51000022888184,23.790000915527344,22.65999984741211,23.020000457763672,3051788.0
2024-11-15,MT.AS,23.989999771118164,23.989999771118164,24.18000030517578,23.270000457763672,23.280000686645508,3017002.0
2024-11-18,MT.AS,24.11000061035156,24.11000061035156,24.21999931335449,23.86000061035156,24.200000762939453,1820285.0
2024-11-19,MT.AS,24.01000022888184,24.01000022888184,24.229999542236328,23.440000534057617,24.1200008392334,2008233.0
2024-11-20,MT.AS,23.82999992370605,23.82999992370605,24.209999084472656,23.75,24.1299991607666,1276726.0
2024-11-21,MT.AS,23.90999984741211,23.90999984741211,23.989999771118164,23.57999992370605,23.790000915527344,1590339.0
2024-11-22,MT.AS,23.989999771118164,23.989999771118164,24.15999984741211,23.540000915527344,24.100000381469727,1720391.0
2024-11-25,MT.AS,23.88999938964844,23.88999938964844,24.200000762939453,23.6200008392334,24.13999938964844,3173430.0
2024-11-26,MT.AS,22.989999771118164,22.989999771118164,23.239999771118164,22.61000061035156,22.63999938964844,3242517.0
2024-11-27,MT.AS,23.149999618530277,23.149999618530277,23.190000534057617,22.770000457763672,22.88999938964844,1679003.0
2024-11-28,MT.AS,23.6200008392334,23.6200008392334,23.71999931335449,23.280000686645508,23.350000381469727,2090713.0
2024-11-29,MT.AS,23.84000015258789,23.84000015258789,23.864999771118164,23.59000015258789,23.65999984741211,2068285.0
2024-12-02,MT.AS,24.170000076293945,24.170000076293945,24.280000686645508,23.75,23.799999237060547,3019893.0
2024-12-03,MT.AS,23.950000762939453,23.950000762939453,24.40999984741211,23.899999618530277,24.309999465942383,1778550.0
2024-12-04,MT.AS,23.6299991607666,23.6299991607666,24.049999237060547,23.600000381469727,23.899999618530277,1971249.0
2024-12-05,MT.AS,24.030000686645508,24.030000686645508,24.09000015258789,23.57999992370605,23.57999992370605,2194785.0
2024-12-06,MT.AS,24.149999618530277,24.149999618530277,24.434999465942383,24.06999969482422,24.13999938964844,1670451.0
2024-12-09,MT.AS,24.6200008392334,24.6200008392334,24.950000762939453,24.3700008392334,24.43000030517578,3891863.0
2024-12-10,MT.AS,24.57999992370605,24.57999992370605,24.57999992370605,24.32999992370605,24.40999984741211,1564441.0
2024-12-11,MT.AS,24.59000015258789,24.59000015258789,24.59000015258789,24.270000457763672,24.440000534057617,1341159.0
2024-12-12,MT.AS,24.280000686645508,24.280000686645508,24.76000022888184,24.21999931335449,24.63999938964844,1613754.0
2024-12-13,MT.AS,23.729999542236328,23.729999542236328,24.239999771118164,23.63999938964844,24.170000076293945,2913300.0
2024-12-16,MT.AS,23.61000061035156,23.61000061035156,23.709999084472656,23.40999984741211,23.540000915527344,2594779.0
2024-12-17,MT.AS,22.90999984741211,22.90999984741211,23.399999618530277,22.8799991607666,23.21999931335449,2859426.0
2024-12-18,MT.AS,22.850000381469727,22.850000381469727,23.030000686645508,22.770000457763672,22.979999542236328,2361140.0
2024-12-19,MT.AS,22.459999084472656,22.459999084472656,22.709999084472656,22.38999938964844,22.600000381469727,2535229.0
2024-12-20,MT.AS,22.26000022888184,22.26000022888184,22.299999237060547,21.93000030517578,22.15999984741211,4404827.0
2024-12-23,MT.AS,22.1299991607666,22.1299991607666,22.280000686645508,22.030000686645508,22.25,1249286.0
2024-12-24,MT.AS,22.270000457763672,22.270000457763672,22.270000457763672,22.15999984741211,22.190000534057617,308639.0
2024-12-27,MT.AS,22.209999084472656,22.209999084472656,22.290000915527344,22.11000061035156,22.15999984741211,1426426.0
2024-12-30,MT.AS,22.06999969482422,22.06999969482422,22.350000381469727,22.030000686645508,22.18000030517578,1156532.0
2024-12-31,MT.AS,22.43000030517578,22.43000030517578,22.43000030517578,22.01000022888184,22.020000457763672,613588.0
2025-01-02,MT.AS,22.51000022888184,22.51000022888184,22.82999992370605,22.26000022888184,22.670000076293945,1177529.0
2025-01-03,MT.AS,21.459999084472656,21.459999084472656,22.3700008392334,21.459999084472656,22.31999969482422,4038161.0
2025-01-06,MT.AS,21.520000457763672,21.520000457763672,21.86000061035156,21.209999084472656,21.440000534057617,3287528.0
2025-01-07,MT.AS,21.34000015258789,21.34000015258789,21.6200008392334,21.239999771118164,21.25,1851005.0
2025-01-08,MT.AS,21.149999618530277,21.149999618530277,21.459999084472656,20.959999084472656,21.299999237060547,2134787.0
2025-01-09,MT.AS,21.290000915527344,21.290000915527344,21.46999931335449,21.059999465942383,21.06999969482422,1358052.0
2025-01-10,MT.AS,21.6299991607666,21.6299991607666,21.88999938964844,21.290000915527344,21.43000030517578,2965160.0
2025-01-13,MT.AS,21.75,21.75,21.82999992370605,21.200000762939453,21.46999931335449,1816931.0
2025-01-14,MT.AS,21.84000015258789,21.84000015258789,22.1200008392334,21.739999771118164,22.0,2975891.0
2025-01-15,MT.AS,22.38999938964844,22.38999938964844,22.440000534057617,21.82999992370605,21.86000061035156,3357778.0
2025-01-16,MT.AS,22.649999618530277,22.649999618530277,22.950000762939453,22.540000915527344,22.88999938964844,2190043.0
2025-01-17,MT.AS,22.71999931335449,22.71999931335449,22.8700008392334,22.51000022888184,22.81999969482422,2474222.0
2025-01-20,MT.AS,23.239999771118164,23.239999771118164,23.46999931335449,22.649999618530277,22.71999931335449,2768860.0
2025-01-21,MT.AS,22.989999771118164,22.989999771118164,23.13999938964844,22.76000022888184,22.8700008392334,2559432.0
2025-01-22,MT.AS,22.520000457763672,22.520000457763672,22.90999984741211,22.420000076293945,22.82999992370605,2846488.0
2025-01-23,MT.AS,22.96999931335449,22.96999931335449,22.96999931335449,22.299999237060547,22.43000030517578,2184630.0
2025-01-24,MT.AS,23.709999084472656,23.709999084472656,23.959999084472656,23.32999992370605,23.3700008392334,3359533.0
2025-01-27,MT.AS,23.75,23.75,23.84000015258789,23.489999771118164,23.57999992370605,2451796.0
2025-01-28,MT.AS,23.729999542236328,23.729999542236328,23.8700008392334,23.530000686645508,23.63999938964844,1551124.0
2025-01-29,MT.AS,23.790000915527344,23.790000915527344,23.959999084472656,23.34000015258789,23.950000762939453,1677632.0
2025-01-30,MT.AS,24.270000457763672,24.270000457763672,24.459999084472656,23.82999992370605,23.84000015258789,3037848.0
2025-01-31,MT.AS,24.170000076293945,24.170000076293945,24.290000915527344,24.059999465942383,24.239999771118164,2128127.0
2025-02-03,MT.AS,23.76000022888184,23.76000022888184,23.76000022888184,22.440000534057617,22.6200008392334,4376424.0
2025-02-04,MT.AS,24.21999931335449,24.21999931335449,24.290000915527344,23.63999938964844,23.76000022888184,2256501.0
2025-02-05,MT.AS,24.36000061035156,24.36000061035156,24.51000022888184,23.989999771118164,24.15999984741211,2530007.0
2025-02-06,MT.AS,27.61000061035156,27.61000061035156,27.850000381469727,24.8700008392334,24.899999618530277,11236094.0
2025-02-07,MT.AS,27.36000061035156,27.36000061035156,28.170000076293945,27.18000030517578,27.399999618530277,7160096.0
2025-02-10,MT.AS,27.200000762939453,27.200000762939453,27.229999542236328,26.36000061035156,26.5,3104041.0
2025-02-11,MT.AS,26.68000030517578,26.68000030517578,27.18000030517578,26.530000686645508,27.030000686645508,2743889.0
2025-02-12,MT.AS,26.850000381469727,26.850000381469727,26.979999542236328,26.450000762939453,26.559999465942383,2343530.0
2025-02-13,MT.AS,27.700000762939453,27.700000762939453,28.26000022888184,27.190000534057617,28.06999969482422,4408986.0
2025-02-14,MT.AS,27.21999931335449,27.21999931335449,27.649999618530277,26.030000686645508,26.350000381469727,3375349.0
2025-02-17,MT.AS,27.8700008392334,27.8700008392334,27.8700008392334,27.25,27.34000015258789,2248286.0
2025-02-18,MT.AS,27.709999084472656,27.709999084472656,28.01000022888184,27.670000076293945,27.90999984741211,2424499.0
2025-02-19,MT.AS,27.21999931335449,27.21999931335449,27.93000030517578,26.88999938964844,27.649999618530277,3118225.0
2025-02-20,MT.AS,26.81999969482422,26.81999969482422,27.51000022888184,26.81999969482422,27.18000030517578,2493470.0
2025-02-21,MT.AS,27.049999237060547,27.049999237060547,27.270000457763672,26.84000015258789,26.84000015258789,1778340.0
2025-02-24,MT.AS,26.82999992370605,26.82999992370605,27.020000457763672,26.600000381469727,26.81999969482422,1746632.0
2025-02-25,MT.AS,26.540000915527344,26.540000915527344,27.11000061035156,26.40999984741211,26.6200008392334,2474659.0
2025-02-26,MT.AS,27.96999931335449,27.96999931335449,27.989999771118164,26.809999465942383,26.8799991607666,4423260.0
2025-02-27,MT.AS,27.450000762939453,27.450000762939453,27.90999984741211,27.350000381469727,27.81999969482422,2223038.0
2025-02-28,MT.AS,27.440000534057617,27.440000534057617,27.51000022888184,26.950000762939453,27.11000061035156,2533234.0
2025-03-03,MT.AS,28.799999237060547,28.799999237060547,29.059999465942383,27.11000061035156,27.149999618530277,6205320.0
2025-03-04,MT.AS,27.309999465942383,27.309999465942383,28.36000061035156,27.07999992370605,28.1200008392334,4006273.0
2025-03-05,MT.AS,30.170000076293945,30.170000076293945,30.170000076293945,28.780000686645508,28.780000686645508,9002030.0
2025-03-06,MT.AS,32.16999816894531,32.16999816894531,32.18000030517578,30.780000686645508,31.030000686645508,8534283.0
2025-03-07,MT.AS,30.479999542236328,30.479999542236328,31.770000457763672,30.479999542236328,31.479999542236328,4319928.0
2025-03-10,MT.AS,29.030000686645508,29.030000686645508,30.770000457763672,28.979999542236328,30.420000076293945,4429592.0
2025-03-11,MT.AS,28.709999084472656,28.709999084472656,29.399999618530277,28.459999084472656,29.059999465942383,4377535.0
2025-03-12,MT.AS,28.31999969482422,28.31999969482422,29.59000015258789,28.200000762939453,29.32999992370605,4366077.0
2025-03-13,MT.AS,28.59000015258789,28.59000015258789,29.030000686645508,28.1200008392334,28.200000762939453,3326630.0
2025-03-14,MT.AS,29.61000061035156,29.61000061035156,29.82999992370605,28.51000022888184,28.59000015258789,3126155.0
2025-03-17,MT.AS,29.38999938964844,29.38999938964844,29.649999618530277,29.18000030517578,29.649999618530277,1621308.0
2025-03-18,MT.AS,29.86000061035156,29.86000061035156,29.96999931335449,29.459999084472656,29.479999542236328,2034954.0
2025-03-19,MT.AS,30.3700008392334,30.3700008392334,30.38999938964844,29.61000061035156,29.649999618530277,2605929.0
2025-03-20,MT.AS,29.5,29.5,30.299999237060547,29.170000076293945,30.270000457763672,2465064.0
2025-03-21,MT.AS,29.1200008392334,29.1200008392334,29.43000030517578,28.770000457763672,29.13999938964844,4437517.0
2025-03-24,MT.AS,29.5,29.5,30.040000915527344,29.36000061035156,29.790000915527344,1451218.0
2025-03-25,MT.AS,29.479999542236328,29.479999542236328,29.51000022888184,29.11000061035156,29.290000915527344,1879504.0
2025-03-26,MT.AS,28.920000076293945,28.920000076293945,29.190000534057617,28.780000686645508,28.81999969482422,2846106.0
2025-03-27,MT.AS,27.739999771118164,27.739999771118164,28.450000762939453,27.59000015258789,28.31999969482422,3195139.0
2025-03-28,MT.AS,26.81999969482422,26.81999969482422,27.96999931335449,26.809999465942383,27.600000381469727,4563331.0
2025-03-31,MT.AS,26.46999931335449,26.46999931335449,26.56999969482422,26.07999992370605,26.399999618530277,4307777.0
2025-04-01,MT.AS,26.950000762939453,26.950000762939453,27.200000762939453,26.6200008392334,26.739999771118164,3347547.0
2025-04-02,MT.AS,26.6299991607666,26.6299991607666,26.88999938964844,26.40999984741211,26.68000030517578,1863951.0
2025-04-03,MT.AS,24.850000381469727,24.850000381469727,26.100000381469727,24.729999542236328,25.979999542236328,3805595.0
2025-04-04,MT.AS,22.75,22.75,24.459999084472656,21.950000762939453,24.34000015258789,6015490.0
2025-04-07,MT.AS,22.09000015258789,22.09000015258789,23.26000022888184,20.540000915527344,21.21999931335449,6160158.0
2025-04-08,MT.AS,22.6200008392334,22.6200008392334,23.18000030517578,22.06999969482422,22.709999084472656,4836562.0
2025-04-09,MT.AS,21.899999618530277,21.899999618530277,22.309999465942383,21.36000061035156,21.520000457763672,4245336.0
2025-04-10,MT.AS,22.799999237060547,22.799999237060547,24.96999931335449,22.799999237060547,24.899999618530277,4244857.0
2025-04-11,MT.AS,23.049999237060547,23.049999237060547,23.280000686645508,22.479999542236328,23.100000381469727,2554889.0
2025-04-14,MT.AS,23.709999084472656,23.709999084472656,23.950000762939453,23.459999084472656,23.84000015258789,2192325.0
2025-04-15,MT.AS,23.86000061035156,23.86000061035156,23.940000534057617,23.489999771118164,23.729999542236328,1410742.0
2025-04-16,MT.AS,24.020000457763672,24.020000457763672,24.040000915527344,23.280000686645508,23.540000915527344,1387759.0
2025-04-17,MT.AS,23.81999969482422,23.81999969482422,24.190000534057617,23.649999618530277,24.020000457763672,1175366.0
2025-04-22,MT.AS,24.18000030517578,24.18000030517578,24.229999542236328,23.770000457763672,23.850000381469727,1721227.0
2025-04-23,MT.AS,25.46999931335449,25.46999931335449,26.0,24.56999969482422,24.670000076293945,3518214.0
