date,price,action,balance,total_value
2023-03-13 09:00:00+00:00,56.630001068115234,BUY,9941.970001220703,10000.0
2023-03-13 10:00:00+00:00,57.33000183105469,SELL,9998.600002288818,9998.600002288818
2023-03-13 11:00:00+00:00,56.84000015258789,BUY,9941.270000457764,9998.600002288818
2023-03-13 12:00:00+00:00,56.380001068115234,SELL,9998.110000610352,9998.110000610352
2023-03-13 13:00:00+00:00,57.02999877929688,SELL,9998.110000610352,9998.110000610352
2023-03-13 14:00:00+00:00,56.4900016784668,HOLD,9998.110000610352,9998.110000610352
2023-03-13 15:00:00+00:00,56.369998931884766,SELL,9998.110000610352,9998.110000610352
2023-03-13 16:00:00+00:00,56.43000030517578,SELL,9998.110000610352,9998.110000610352
2023-03-14 08:00:00+00:00,56.13999938964844,SELL,9998.110000610352,9998.110000610352
2023-03-14 09:00:00+00:00,55.79999923706055,SELL,9998.110000610352,9998.110000610352
2023-03-14 10:00:00+00:00,55.7599983215332,HOLD,9998.110000610352,9998.110000610352
2023-03-14 11:00:00+00:00,56.34999847412109,HOLD,9998.110000610352,9998.110000610352
2023-03-14 12:00:00+00:00,57.33000183105469,BUY,9941.76000213623,9998.110000610352
2023-03-14 13:00:00+00:00,58.0099983215332,HOLD,9941.76000213623,9999.090003967285
2023-03-14 14:00:00+00:00,57.7599983215332,HOLD,9941.76000213623,9999.770000457764
2023-03-14 15:00:00+00:00,58.27000045776367,BUY,9884.000003814697,9999.520000457764
2023-03-14 16:00:00+00:00,57.84000015258789,SELL,9942.270004272461,10000.540004730225
2023-03-15 08:00:00+00:00,56.0,BUY,9884.430004119873,10000.110004425049
2023-03-15 09:00:00+00:00,53.25,BUY,9828.430004119873,9996.430004119873
2023-03-15 10:00:00+00:00,52.0,SELL,9881.680004119873,9988.180004119873
2023-03-15 11:00:00+00:00,51.31999969482422,SELL,9933.680004119873,9985.680004119873
2023-03-15 12:00:00+00:00,51.54999923706055,SELL,9985.000003814697,9985.000003814697
2023-03-15 13:00:00+00:00,52.43000030517578,BUY,9933.450004577637,9985.000003814697
2023-03-15 14:00:00+00:00,53.380001068115234,HOLD,9933.450004577637,9985.880004882812
2023-03-15 15:00:00+00:00,52.27000045776367,BUY,9880.070003509521,9986.830005645752
2023-03-15 16:00:00+00:00,52.060001373291016,SELL,9932.340003967285,9984.610004425049
2023-03-16 08:00:00+00:00,52.650001525878906,HOLD,9932.340003967285,9984.400005340576
2023-03-16 09:00:00+00:00,52.86000061035156,SELL,9984.990005493164,9984.990005493164
2023-03-16 10:00:00+00:00,52.93999862670898,BUY,9932.130004882812,9984.990005493164
2023-03-16 11:00:00+00:00,52.58000183105469,SELL,9985.070003509521,9985.070003509521
2023-03-16 12:00:00+00:00,52.43999862670898,SELL,9985.070003509521,9985.070003509521
2023-03-16 13:00:00+00:00,52.58000183105469,HOLD,9985.070003509521,9985.070003509521
2023-03-16 14:00:00+00:00,52.29999923706055,BUY,9932.490001678467,9985.070003509521
2023-03-16 15:00:00+00:00,52.75,HOLD,9932.490001678467,9984.790000915527
2023-03-16 16:00:00+00:00,52.77999877929688,BUY,9879.740001678467,9985.240001678467
2023-03-17 08:00:00+00:00,53.709999084472656,BUY,9826.96000289917,9985.29999923706
2023-03-17 09:00:00+00:00,53.130001068115234,BUY,9773.250003814697,9988.090000152588
2023-03-17 10:00:00+00:00,53.2599983215332,BUY,9720.120002746582,9985.770008087158
2023-03-17 11:00:00+00:00,52.400001525878906,SELL,9773.380001068115,9986.419994354248
2023-03-17 12:00:00+00:00,51.86000061035156,HOLD,9773.380001068115,9982.98000717163
2023-03-17 13:00:00+00:00,51.2599983215332,HOLD,9773.380001068115,9980.820003509521
2023-03-17 14:00:00+00:00,50.59000015258789,SELL,9824.639999389648,9978.419994354248
2023-03-17 15:00:00+00:00,50.93000030517578,HOLD,9824.639999389648,9976.409999847412
2023-03-17 16:00:00+00:00,51.34000015258789,SELL,9875.569999694824,9977.430000305176
2023-03-20 08:00:00+00:00,50.02000045776367,BUY,9824.229999542236,9978.25
2023-03-20 09:00:00+00:00,50.060001373291016,SELL,9874.25,9974.290000915527
2023-03-20 10:00:00+00:00,50.7400016784668,HOLD,9874.25,9974.370002746582
2023-03-20 11:00:00+00:00,50.83000183105469,HOLD,9874.25,9975.730003356934
2023-03-20 12:00:00+00:00,51.2599983215332,HOLD,9874.25,9975.91000366211
2023-03-20 13:00:00+00:00,52.15999984741211,HOLD,9874.25,9976.769996643066
2023-03-20 14:00:00+00:00,52.72999954223633,BUY,9822.090000152588,9978.569999694824
2023-03-20 15:00:00+00:00,53.0099983215332,BUY,9769.360000610352,9980.279998779297
2023-03-20 16:00:00+00:00,52.650001525878906,SELL,9822.369998931885,9981.399993896484
2023-03-21 08:00:00+00:00,54.90999984741211,SELL,9875.020000457764,9980.320003509521
2023-03-21 09:00:00+00:00,54.84999847412109,HOLD,9875.020000457764,9984.840000152588
2023-03-21 10:00:00+00:00,54.75,HOLD,9875.020000457764,9984.719997406006
2023-03-21 11:00:00+00:00,54.709999084472656,HOLD,9875.020000457764,9984.520000457764
2023-03-21 12:00:00+00:00,54.619998931884766,BUY,9820.310001373291,9984.439998626709
2023-03-21 13:00:00+00:00,54.90999984741211,BUY,9765.690002441406,9984.169998168945
2023-03-21 14:00:00+00:00,54.540000915527344,HOLD,9765.690002441406,9985.330001831055
2023-03-21 15:00:00+00:00,54.68999862670898,HOLD,9765.690002441406,9983.850006103516
2023-03-21 16:00:00+00:00,54.77999877929688,BUY,9711.000003814697,9984.449996948242
2023-03-22 08:00:00+00:00,55.27000045776367,HOLD,9711.000003814697,9984.899997711182
2023-03-22 09:00:00+00:00,55.63999938964844,HOLD,9711.000003814697,9987.350006103516
2023-03-22 10:00:00+00:00,55.52999877929688,SELL,9766.640003204346,9989.20000076294
2023-03-22 11:00:00+00:00,55.290000915527344,HOLD,9766.640003204346,9988.759998321533
2023-03-22 12:00:00+00:00,55.27999877929688,SELL,9821.930004119873,9987.800006866455
2023-03-22 13:00:00+00:00,55.09000015258789,BUY,9766.650005340576,9987.770000457764
2023-03-22 14:00:00+00:00,54.72999954223633,HOLD,9766.650005340576,9987.010005950928
2023-03-22 15:00:00+00:00,54.58000183105469,HOLD,9766.650005340576,9985.570003509521
2023-03-22 16:00:00+00:00,54.619998931884766,HOLD,9766.650005340576,9984.970012664795
2023-03-23 08:00:00+00:00,54.369998931884766,HOLD,9766.650005340576,9985.130001068115
2023-03-23 09:00:00+00:00,53.41999816894531,HOLD,9766.650005340576,9984.130001068115
2023-03-23 10:00:00+00:00,53.380001068115234,BUY,9713.23000717163,9980.329998016357
2023-03-23 11:00:00+00:00,53.630001068115234,HOLD,9713.23000717163,9980.130012512207
2023-03-23 12:00:00+00:00,53.810001373291016,HOLD,9713.23000717163,9981.380012512207
2023-03-23 13:00:00+00:00,53.61000061035156,HOLD,9713.23000717163,9982.280014038086
2023-03-23 14:00:00+00:00,53.84999847412109,HOLD,9713.23000717163,9981.280010223389
2023-03-23 15:00:00+00:00,53.43999862670898,HOLD,9713.23000717163,9982.479999542236
2023-03-23 16:00:00+00:00,53.27999877929688,SELL,9766.67000579834,9980.430000305176
2023-03-24 08:00:00+00:00,51.58000183105469,SELL,9819.950004577637,9979.790000915527
2023-03-24 09:00:00+00:00,50.470001220703125,SELL,9871.530006408691,9974.6900100708
2023-03-24 10:00:00+00:00,49.595001220703125,BUY,9821.060005187988,9972.470008850098
2023-03-24 11:00:00+00:00,49.709999084472656,HOLD,9821.060005187988,9969.845008850098
2023-03-24 12:00:00+00:00,50.36000061035156,BUY,9771.350006103516,9970.190002441406
2023-03-24 13:00:00+00:00,50.77999877929688,SELL,9821.710006713867,9972.790008544922
2023-03-24 14:00:00+00:00,50.29999923706055,SELL,9872.490005493164,9974.050003051758
2023-03-24 15:00:00+00:00,51.0,SELL,9922.790004730225,9973.090003967285
2023-03-24 16:00:00+00:00,50.61000061035156,SELL,9973.790004730225,9973.790004730225
2023-03-27 07:00:00+00:00,50.79999923706055,BUY,9923.180004119873,9973.790004730225
2023-03-27 08:00:00+00:00,50.810001373291016,SELL,9973.980003356934,9973.980003356934
2023-03-27 09:00:00+00:00,51.119998931884766,HOLD,9973.980003356934,9973.980003356934
2023-03-27 10:00:00+00:00,51.40999984741211,BUY,9922.860004425049,9973.980003356934
2023-03-27 11:00:00+00:00,51.540000915527344,HOLD,9922.860004425049,9974.270004272461
2023-03-27 12:00:00+00:00,51.75,SELL,9974.400005340576,9974.400005340576
2023-03-27 13:00:00+00:00,51.59000015258789,BUY,9922.650005340576,9974.400005340576
2023-03-27 14:00:00+00:00,51.5,BUY,9871.060005187988,9974.240005493164
2023-03-27 15:00:00+00:00,51.86000061035156,BUY,9819.560005187988,9974.060005187988
2023-03-28 07:00:00+00:00,52.470001220703125,SELL,9871.42000579834,9975.140007019043
2023-03-28 08:00:00+00:00,52.40999984741211,SELL,9923.890007019043,9976.360008239746
2023-03-28 09:00:00+00:00,51.540000915527344,HOLD,9923.890007019043,9976.300006866455
2023-03-28 10:00:00+00:00,51.630001068115234,HOLD,9923.890007019043,9975.43000793457
2023-03-28 11:00:00+00:00,51.45000076293945,SELL,9975.520008087158,9975.520008087158
2023-03-28 12:00:00+00:00,51.04999923706055,HOLD,9975.520008087158,9975.520008087158
2023-03-28 13:00:00+00:00,50.97999954223633,HOLD,9975.520008087158,9975.520008087158
2023-03-28 14:00:00+00:00,52.02999877929688,HOLD,9975.520008087158,9975.520008087158
2023-03-28 15:00:00+00:00,52.060001373291016,BUY,9923.490009307861,9975.520008087158
2023-03-29 07:00:00+00:00,52.540000915527344,HOLD,9923.490009307861,9975.550010681152
2023-03-29 08:00:00+00:00,52.560001373291016,SELL,9976.030010223389,9976.030010223389
2023-03-29 09:00:00+00:00,52.91999816894531,SELL,9976.030010223389,9976.030010223389
2023-03-29 10:00:00+00:00,52.88999938964844,HOLD,9976.030010223389,9976.030010223389
2023-03-29 11:00:00+00:00,52.93000030517578,SELL,9976.030010223389,9976.030010223389
2023-03-29 12:00:00+00:00,53.27000045776367,SELL,9976.030010223389,9976.030010223389
2023-03-29 13:00:00+00:00,53.36000061035156,SELL,9976.030010223389,9976.030010223389
2023-03-29 14:00:00+00:00,53.220001220703125,BUY,9922.670009613037,9976.030010223389
2023-03-29 15:00:00+00:00,53.33000183105469,SELL,9975.89001083374,9975.89001083374
2023-03-30 07:00:00+00:00,54.720001220703125,SELL,9975.89001083374,9975.89001083374
2023-03-30 08:00:00+00:00,54.9900016784668,SELL,9975.89001083374,9975.89001083374
2023-03-30 09:00:00+00:00,54.630001068115234,SELL,9975.89001083374,9975.89001083374
2023-03-30 10:00:00+00:00,54.79999923706055,SELL,9975.89001083374,9975.89001083374
2023-03-30 11:00:00+00:00,54.70000076293945,BUY,9921.09001159668,9975.89001083374
2023-03-30 12:00:00+00:00,54.869998931884766,HOLD,9921.09001159668,9975.79001235962
2023-03-30 13:00:00+00:00,54.68000030517578,SELL,9975.960010528564,9975.960010528564
2023-03-30 14:00:00+00:00,54.68999862670898,BUY,9921.280010223389,9975.960010528564
2023-03-30 15:00:00+00:00,54.68999862670898,BUY,9866.59001159668,9975.970008850098
2023-03-31 07:00:00+00:00,54.13999938964844,HOLD,9866.59001159668,9975.970008850098
2023-03-31 08:00:00+00:00,54.79999923706055,SELL,9920.730010986328,9974.870010375977
2023-03-31 09:00:00+00:00,55.04999923706055,HOLD,9920.730010986328,9975.530010223389
2023-03-31 10:00:00+00:00,55.0099983215332,SELL,9975.780010223389,9975.780010223389
2023-03-31 11:00:00+00:00,55.13999938964844,SELL,9975.780010223389,9975.780010223389
2023-03-31 12:00:00+00:00,55.08000183105469,HOLD,9975.780010223389,9975.780010223389
2023-03-31 13:00:00+00:00,55.11000061035156,HOLD,9975.780010223389,9975.780010223389
2023-03-31 14:00:00+00:00,55.220001220703125,HOLD,9975.780010223389,9975.780010223389
2023-03-31 15:00:00+00:00,55.33000183105469,BUY,9920.560009002686,9975.780010223389
2023-04-03 07:00:00+00:00,56.34000015258789,HOLD,9920.560009002686,9975.89001083374
2023-04-03 08:00:00+00:00,56.22999954223633,SELL,9976.900009155273,9976.900009155273
2023-04-03 09:00:00+00:00,56.540000915527344,BUY,9920.670009613037,9976.900009155273
2023-04-03 10:00:00+00:00,56.31999969482422,BUY,9864.13000869751,9977.210010528564
2023-04-03 11:00:00+00:00,56.34000015258789,BUY,9807.810009002686,9976.770008087158
2023-04-03 12:00:00+00:00,56.119998931884766,BUY,9751.470008850098,9976.83000946045
2023-04-03 13:00:00+00:00,56.290000915527344,SELL,9807.590007781982,9975.950004577637
2023-04-03 14:00:00+00:00,55.900001525878906,HOLD,9807.590007781982,9976.460010528564
2023-04-03 15:00:00+00:00,55.77000045776367,BUY,9751.690006256104,9975.29001235962
2023-04-04 07:00:00+00:00,56.43999862670898,SELL,9807.460006713867,9974.770008087158
2023-04-04 08:00:00+00:00,56.52000045776367,HOLD,9807.460006713867,9976.780002593994
2023-04-04 09:00:00+00:00,56.959999084472656,SELL,9863.98000717163,9977.020008087158
2023-04-04 10:00:00+00:00,56.880001068115234,BUY,9807.020008087158,9977.900005340576
2023-04-04 11:00:00+00:00,56.77999877929688,SELL,9863.900009155273,9977.660011291504
2023-04-04 12:00:00+00:00,57.13999938964844,HOLD,9863.900009155273,9977.460006713867
2023-04-04 13:00:00+00:00,56.93000030517578,HOLD,9863.900009155273,9978.18000793457
2023-04-04 14:00:00+00:00,56.59000015258789,HOLD,9863.900009155273,9977.760009765625
2023-04-04 15:00:00+00:00,56.459999084472656,SELL,9920.490009307861,9977.08000946045
2023-04-05 07:00:00+00:00,56.11000061035156,SELL,9976.950008392334,9976.950008392334
2023-04-05 08:00:00+00:00,55.880001068115234,SELL,9976.950008392334,9976.950008392334
2023-04-05 09:00:00+00:00,56.02999877929688,BUY,9921.070007324219,9976.950008392334
2023-04-05 10:00:00+00:00,56.27000045776367,HOLD,9921.070007324219,9977.100006103516
2023-04-05 11:00:00+00:00,56.0,BUY,9864.800006866455,9977.340007781982
2023-04-05 12:00:00+00:00,55.83000183105469,SELL,9920.800006866455,9976.800006866455
2023-04-05 13:00:00+00:00,56.18000030517578,HOLD,9920.800006866455,9976.63000869751
2023-04-05 14:00:00+00:00,55.83000183105469,HOLD,9920.800006866455,9976.98000717163
2023-04-05 15:00:00+00:00,55.970001220703125,SELL,9976.63000869751,9976.63000869751
2023-04-06 07:00:00+00:00,56.83000183105469,HOLD,9976.63000869751,9976.63000869751
2023-04-06 08:00:00+00:00,56.79999923706055,HOLD,9976.63000869751,9976.63000869751
2023-04-06 09:00:00+00:00,57.15999984741211,BUY,9919.83000946045,9976.63000869751
2023-04-06 10:00:00+00:00,57.13999938964844,SELL,9976.990009307861,9976.990009307861
2023-04-06 11:00:00+00:00,57.2400016784668,SELL,9976.990009307861,9976.990009307861
2023-04-06 12:00:00+00:00,57.09999847412109,SELL,9976.990009307861,9976.990009307861
2023-04-06 13:00:00+00:00,57.15999984741211,SELL,9976.990009307861,9976.990009307861
2023-04-06 14:00:00+00:00,57.220001220703125,SELL,9976.990009307861,9976.990009307861
2023-04-06 15:00:00+00:00,57.29999923706055,BUY,9919.770008087158,9976.990009307861
2023-04-11 07:00:00+00:00,57.630001068115234,HOLD,9919.770008087158,9977.070007324219
2023-04-11 08:00:00+00:00,57.47999954223633,SELL,9977.400009155273,9977.400009155273
2023-04-11 09:00:00+00:00,57.27000045776367,HOLD,9977.400009155273,9977.400009155273
2023-04-11 10:00:00+00:00,57.43999862670898,SELL,9977.400009155273,9977.400009155273
2023-04-11 11:00:00+00:00,57.41999816894531,HOLD,9977.400009155273,9977.400009155273
2023-04-11 12:00:00+00:00,57.209999084472656,HOLD,9977.400009155273,9977.400009155273
2023-04-11 13:00:00+00:00,57.08000183105469,BUY,9920.1900100708,9977.400009155273
2023-04-11 14:00:00+00:00,56.970001220703125,HOLD,9920.1900100708,9977.270011901855
2023-04-11 15:00:00+00:00,56.970001220703125,BUY,9863.220008850098,9977.160011291504
2023-04-12 07:00:00+00:00,57.130001068115234,SELL,9920.1900100708,9977.160011291504
2023-04-12 08:00:00+00:00,57.209999084472656,SELL,9977.320011138916,9977.320011138916
2023-04-12 09:00:00+00:00,57.2400016784668,BUY,9920.110012054443,9977.320011138916
2023-04-12 10:00:00+00:00,57.22999954223633,HOLD,9920.110012054443,9977.35001373291
2023-04-12 11:00:00+00:00,57.34999847412109,SELL,9977.34001159668,9977.34001159668
2023-04-12 12:00:00+00:00,57.45000076293945,HOLD,9977.34001159668,9977.34001159668
2023-04-12 13:00:00+00:00,57.33000183105469,SELL,9977.34001159668,9977.34001159668
2023-04-12 14:00:00+00:00,56.95000076293945,BUY,9920.010009765625,9977.34001159668
2023-04-12 15:00:00+00:00,57.16999816894531,BUY,9863.060009002686,9976.960010528564
2023-04-13 07:00:00+00:00,57.560001373291016,HOLD,9863.060009002686,9977.400005340576
2023-04-13 08:00:00+00:00,57.400001525878906,HOLD,9863.060009002686,9978.180011749268
2023-04-13 09:00:00+00:00,57.619998931884766,SELL,9920.460010528564,9977.860012054443
2023-04-13 10:00:00+00:00,57.900001525878906,SELL,9978.08000946045,9978.08000946045
2023-04-13 11:00:00+00:00,57.93000030517578,BUY,9920.18000793457,9978.08000946045
2023-04-13 12:00:00+00:00,57.709999084472656,HOLD,9920.18000793457,9978.110008239746
2023-04-13 13:00:00+00:00,57.459999084472656,SELL,9977.890007019043,9977.890007019043
2023-04-13 14:00:00+00:00,57.58000183105469,HOLD,9977.890007019043,9977.890007019043
2023-04-13 15:00:00+00:00,57.619998931884766,BUY,9920.310005187988,9977.890007019043
2023-04-14 07:00:00+00:00,57.59000015258789,BUY,9862.690006256104,9977.930004119873
2023-04-14 08:00:00+00:00,57.75,HOLD,9862.690006256104,9977.87000656128
2023-04-14 09:00:00+00:00,57.9900016784668,SELL,9920.440006256104,9978.190006256104
2023-04-14 10:00:00+00:00,58.18999862670898,SELL,9978.43000793457,9978.43000793457
2023-04-14 11:00:00+00:00,58.7400016784668,BUY,9920.240009307861,9978.43000793457
2023-04-14 12:00:00+00:00,59.25,HOLD,9920.240009307861,9978.980010986328
2023-04-14 13:00:00+00:00,59.45000076293945,SELL,9979.490009307861,9979.490009307861
2023-04-14 14:00:00+00:00,59.41999816894531,BUY,9920.040008544922,9979.490009307861
2023-04-14 15:00:00+00:00,59.31999969482422,BUY,9860.620010375977,9979.460006713867
2023-04-17 07:00:00+00:00,59.04999923706055,BUY,9801.300010681152,9979.260009765625
2023-04-17 08:00:00+00:00,58.900001525878906,SELL,9860.350009918213,9978.450008392334
2023-04-17 09:00:00+00:00,58.880001068115234,SELL,9919.250011444092,9978.15001296997
2023-04-17 10:00:00+00:00,58.720001220703125,SELL,9978.130012512207,9978.130012512207
2023-04-17 11:00:00+00:00,58.619998931884766,SELL,9978.130012512207,9978.130012512207
2023-04-17 12:00:00+00:00,58.43000030517578,BUY,9919.510013580322,9978.130012512207
2023-04-17 13:00:00+00:00,58.31999969482422,SELL,9977.940013885498,9977.940013885498
2023-04-17 14:00:00+00:00,58.290000915527344,BUY,9919.620014190674,9977.940013885498
2023-04-17 15:00:00+00:00,58.29999923706055,HOLD,9919.620014190674,9977.910015106201
2023-04-18 07:00:00+00:00,58.90999984741211,HOLD,9919.620014190674,9977.920013427734
2023-04-18 08:00:00+00:00,59.18000030517578,BUY,9860.710014343262,9978.530014038086
2023-04-18 09:00:00+00:00,59.400001525878906,SELL,9919.890014648438,9979.070014953613
2023-04-18 10:00:00+00:00,59.47999954223633,HOLD,9919.890014648438,9979.290016174316
2023-04-18 11:00:00+00:00,59.34000015258789,BUY,9860.410015106201,9979.370014190674
2023-04-18 12:00:00+00:00,59.720001220703125,SELL,9919.750015258789,9979.090015411377
2023-04-18 13:00:00+00:00,59.52999877929688,BUY,9860.030014038086,9979.470016479492
2023-04-18 14:00:00+00:00,59.290000915527344,HOLD,9860.030014038086,9979.09001159668
2023-04-18 15:00:00+00:00,59.41999816894531,BUY,9800.740013122559,9978.61001586914
2023-04-19 07:00:00+00:00,59.27000045776367,BUY,9741.320014953613,9979.000007629395
2023-04-19 08:00:00+00:00,59.060001373291016,SELL,9800.590015411377,9978.400016784668
2023-04-19 09:00:00+00:00,59.06999969482422,HOLD,9800.590015411377,9977.77001953125
2023-04-19 10:00:00+00:00,59.27999877929688,HOLD,9800.590015411377,9977.80001449585
2023-04-19 11:00:00+00:00,59.400001525878906,HOLD,9800.590015411377,9978.430011749268
2023-04-19 12:00:00+00:00,59.29999923706055,HOLD,9800.590015411377,9978.790019989014
2023-04-19 13:00:00+00:00,59.459999084472656,BUY,9741.290016174316,9978.490013122559
2023-04-19 14:00:00+00:00,59.77000045776367,SELL,9800.750015258789,9979.130012512207
2023-04-19 15:00:00+00:00,59.709999084472656,BUY,9740.980014801025,9980.06001663208
2023-04-20 07:00:00+00:00,59.810001373291016,BUY,9681.270015716553,9979.820011138916
2023-04-20 08:00:00+00:00,59.59000015258789,SELL,9741.080017089844,9980.320022583008
2023-04-20 09:00:00+00:00,59.38999938964844,BUY,9681.490016937256,9979.440017700195
2023-04-20 10:00:00+00:00,59.060001373291016,HOLD,9681.490016937256,9978.440013885498
2023-04-20 11:00:00+00:00,58.68000030517578,BUY,9622.430015563965,9976.790023803711
2023-04-20 12:00:00+00:00,58.83000183105469,SELL,9681.11001586914,9974.51001739502
2023-04-20 13:00:00+00:00,58.900001525878906,SELL,9739.940017700195,9975.260025024414
2023-04-20 14:00:00+00:00,58.97999954223633,HOLD,9739.940017700195,9975.540023803711
2023-04-20 15:00:00+00:00,58.84000015258789,SELL,9798.920017242432,9975.86001586914
2023-04-21 07:00:00+00:00,58.43999862670898,BUY,9740.080017089844,9975.440017700195
2023-04-21 08:00:00+00:00,58.7599983215332,HOLD,9740.080017089844,9973.84001159668
2023-04-21 09:00:00+00:00,58.43999862670898,SELL,9798.840015411377,9975.120010375977
2023-04-21 10:00:00+00:00,58.33000183105469,SELL,9857.280014038086,9974.160011291504
2023-04-21 11:00:00+00:00,58.2400016784668,HOLD,9857.280014038086,9973.940017700195
2023-04-21 12:00:00+00:00,58.34999847412109,BUY,9799.04001235962,9973.76001739502
2023-04-21 13:00:00+00:00,58.52000045776367,SELL,9857.39001083374,9974.090007781982
2023-04-21 14:00:00+00:00,58.70000076293945,HOLD,9857.39001083374,9974.430011749268
2023-04-21 15:00:00+00:00,58.790000915527344,HOLD,9857.39001083374,9974.79001235962
2023-04-24 07:00:00+00:00,59.209999084472656,HOLD,9857.39001083374,9974.970012664795
2023-04-24 08:00:00+00:00,59.09000015258789,SELL,9916.600009918213,9975.810009002686
2023-04-24 09:00:00+00:00,59.119998931884766,BUY,9857.510009765625,9975.6900100708
2023-04-24 10:00:00+00:00,59.290000915527344,HOLD,9857.510009765625,9975.750007629395
2023-04-24 11:00:00+00:00,59.220001220703125,BUY,9798.220008850098,9976.09001159668
2023-04-24 12:00:00+00:00,59.02000045776367,SELL,9857.4400100708,9975.880012512207
2023-04-24 13:00:00+00:00,59.33000183105469,SELL,9916.460010528564,9975.480010986328
2023-04-24 14:00:00+00:00,59.290000915527344,SELL,9975.79001235962,9975.79001235962
2023-04-24 15:00:00+00:00,59.15999984741211,HOLD,9975.79001235962,9975.79001235962
2023-04-25 07:00:00+00:00,57.91999816894531,HOLD,9975.79001235962,9975.79001235962
2023-04-25 08:00:00+00:00,57.959999084472656,HOLD,9975.79001235962,9975.79001235962
2023-04-25 09:00:00+00:00,58.08000183105469,HOLD,9975.79001235962,9975.79001235962
2023-04-25 10:00:00+00:00,57.84999847412109,HOLD,9975.79001235962,9975.79001235962
2023-04-25 11:00:00+00:00,57.84000015258789,BUY,9917.940013885498,9975.79001235962
2023-04-25 12:00:00+00:00,57.84999847412109,HOLD,9917.940013885498,9975.780014038086
2023-04-25 13:00:00+00:00,57.91999816894531,BUY,9860.090015411377,9975.79001235962
2023-04-25 14:00:00+00:00,57.880001068115234,HOLD,9860.090015411377,9975.930011749268
2023-04-25 15:00:00+00:00,57.7599983215332,HOLD,9860.090015411377,9975.850017547607
2023-04-26 07:00:00+00:00,56.68000030517578,BUY,9802.330017089844,9975.610012054443
2023-04-26 08:00:00+00:00,57.4900016784668,HOLD,9802.330017089844,9972.370018005371
2023-04-26 09:00:00+00:00,57.31999969482422,SELL,9859.82001876831,9974.800022125244
2023-04-26 10:00:00+00:00,57.59000015258789,BUY,9802.500019073486,9974.460018157959
2023-04-26 11:00:00+00:00,57.630001068115234,SELL,9860.090019226074,9975.27001953125
2023-04-26 12:00:00+00:00,57.470001220703125,BUY,9802.460018157959,9975.350021362305
2023-04-26 13:00:00+00:00,57.38999938964844,HOLD,9802.460018157959,9974.870021820068
2023-04-26 14:00:00+00:00,57.459999084472656,BUY,9745.07001876831,9974.630016326904
2023-04-26 15:00:00+00:00,57.75,SELL,9802.530017852783,9974.910015106201
2023-04-27 07:00:00+00:00,58.369998931884766,BUY,9744.780017852783,9975.780017852783
2023-04-27 08:00:00+00:00,58.52000045776367,BUY,9686.410018920898,9978.260013580322
2023-04-27 09:00:00+00:00,58.27999877929688,SELL,9744.930019378662,9979.010021209717
2023-04-27 10:00:00+00:00,58.400001525878906,HOLD,9744.930019378662,9978.05001449585
2023-04-27 11:00:00+00:00,58.61000061035156,HOLD,9744.930019378662,9978.530025482178
2023-04-27 12:00:00+00:00,58.880001068115234,SELL,9803.540019989014,9979.370021820068
2023-04-27 13:00:00+00:00,58.97999954223633,HOLD,9803.540019989014,9980.18002319336
2023-04-27 14:00:00+00:00,58.630001068115234,SELL,9862.52001953125,9980.480018615723
2023-04-27 15:00:00+00:00,58.880001068115234,HOLD,9862.52001953125,9979.78002166748
2023-04-28 07:00:00+00:00,57.91999816894531,SELL,9921.400020599365,9980.28002166748
2023-04-28 08:00:00+00:00,57.33000183105469,BUY,9863.48002243042,9979.32001876831
2023-04-28 09:00:00+00:00,57.97999954223633,SELL,9920.810024261475,9978.14002609253
2023-04-28 10:00:00+00:00,57.68999862670898,BUY,9862.830024719238,9978.790023803711
2023-04-28 11:00:00+00:00,58.040000915527344,HOLD,9862.830024719238,9978.210021972656
2023-04-28 12:00:00+00:00,58.11000061035156,BUY,9804.790023803711,9978.910026550293
2023-04-28 13:00:00+00:00,58.40999984741211,BUY,9746.68002319336,9979.120025634766
2023-04-28 14:00:00+00:00,58.369998931884766,HOLD,9746.68002319336,9980.320022583008
2023-04-28 15:00:00+00:00,58.400001525878906,BUY,9688.310024261475,9980.160018920898
2023-05-02 07:00:00+00:00,58.900001525878906,HOLD,9688.310024261475,9980.31003189087
2023-05-02 08:00:00+00:00,58.95000076293945,SELL,9747.210025787354,9982.81003189087
2023-05-02 09:00:00+00:00,58.900001525878906,HOLD,9747.210025787354,9983.010028839111
2023-05-02 10:00:00+00:00,59.040000915527344,BUY,9688.310024261475,9982.81003189087
2023-05-02 11:00:00+00:00,58.970001220703125,SELL,9747.350025177002,9983.510028839111
2023-05-02 12:00:00+00:00,58.900001525878906,BUY,9688.380023956299,9983.230030059814
2023-05-02 13:00:00+00:00,58.36000061035156,BUY,9629.48002243042,9982.880031585693
2023-05-02 14:00:00+00:00,57.119998931884766,HOLD,9629.48002243042,9979.64002609253
2023-05-02 15:00:00+00:00,57.150001525878906,HOLD,9629.48002243042,9972.200016021729
2023-05-03 07:00:00+00:00,56.9900016784668,HOLD,9629.48002243042,9972.380031585693
2023-05-03 08:00:00+00:00,57.040000915527344,SELL,9686.470024108887,9971.42003250122
2023-05-03 09:00:00+00:00,57.36000061035156,HOLD,9686.470024108887,9971.670028686523
2023-05-03 10:00:00+00:00,57.09999847412109,SELL,9743.830024719238,9973.270027160645
2023-05-03 11:00:00+00:00,57.13999938964844,HOLD,9743.830024719238,9972.230018615723
2023-05-03 12:00:00+00:00,56.4900016784668,BUY,9686.69002532959,9972.390022277832
2023-05-03 13:00:00+00:00,56.93000030517578,HOLD,9686.69002532959,9969.140033721924
2023-05-03 14:00:00+00:00,56.380001068115234,BUY,9629.760025024414,9971.340026855469
2023-05-03 15:00:00+00:00,56.119998931884766,SELL,9686.14002609253,9968.040031433105
2023-05-04 07:00:00+00:00,56.61000061035156,BUY,9630.020027160645,9966.740020751953
2023-05-04 08:00:00+00:00,56.459999084472656,HOLD,9630.020027160645,9969.680030822754
2023-05-04 09:00:00+00:00,56.310001373291016,SELL,9686.480026245117,9968.78002166748
2023-05-04 10:00:00+00:00,55.93000030517578,BUY,9630.170024871826,9968.030033111572
2023-05-04 11:00:00+00:00,56.04999923706055,HOLD,9630.170024871826,9965.75002670288
2023-05-04 12:00:00+00:00,56.470001220703125,HOLD,9630.170024871826,9966.47002029419
2023-05-04 13:00:00+00:00,56.4900016784668,SELL,9686.64002609253,9968.990032196045
2023-05-04 14:00:00+00:00,55.88999938964844,BUY,9630.150024414062,9969.090034484863
2023-05-04 15:00:00+00:00,55.97999954223633,HOLD,9630.150024414062,9965.490020751953
2023-05-05 07:00:00+00:00,56.88999938964844,SELL,9686.130023956299,9966.03002166748
2023-05-05 08:00:00+00:00,57.060001373291016,SELL,9743.020023345947,9970.580020904541
2023-05-05 09:00:00+00:00,57.15999984741211,SELL,9800.080024719238,9971.260028839111
2023-05-05 10:00:00+00:00,57.130001068115234,BUY,9742.920024871826,9971.560024261475
2023-05-05 11:00:00+00:00,57.040000915527344,HOLD,9742.920024871826,9971.440029144287
2023-05-05 12:00:00+00:00,57.38999938964844,BUY,9685.880023956299,9971.080028533936
2023-05-05 13:00:00+00:00,57.43999862670898,HOLD,9685.880023956299,9972.830020904541
2023-05-05 14:00:00+00:00,57.84000015258789,SELL,9743.320022583008,9973.080017089844
2023-05-05 15:00:00+00:00,57.93999862670898,BUY,9685.48002243042,9974.68002319336
2023-05-08 07:00:00+00:00,58.369998931884766,HOLD,9685.48002243042,9975.180015563965
2023-05-08 08:00:00+00:00,58.08000183105469,HOLD,9685.48002243042,9977.330017089844
2023-05-08 09:00:00+00:00,58.15999984741211,HOLD,9685.48002243042,9975.880031585693
2023-05-08 10:00:00+00:00,58.150001525878906,HOLD,9685.48002243042,9976.28002166748
2023-05-08 11:00:00+00:00,58.27000045776367,BUY,9627.330020904541,9976.230030059814
2023-05-08 12:00:00+00:00,58.25,BUY,9569.060020446777,9976.950023651123
2023-05-08 13:00:00+00:00,58.06999969482422,SELL,9627.310020446777,9976.810020446777
2023-05-08 14:00:00+00:00,58.369998931884766,HOLD,9627.310020446777,9975.730018615723
2023-05-08 15:00:00+00:00,58.290000915527344,SELL,9685.680019378662,9977.530014038086
2023-05-09 07:00:00+00:00,58.61000061035156,HOLD,9685.680019378662,9977.130023956299
2023-05-09 08:00:00+00:00,58.630001068115234,SELL,9744.290019989014,9978.73002243042
2023-05-09 09:00:00+00:00,58.400001525878906,BUY,9685.660018920898,9978.810024261475
2023-05-09 10:00:00+00:00,58.290000915527344,HOLD,9685.660018920898,9977.660026550293
2023-05-09 11:00:00+00:00,58.02000045776367,SELL,9743.950019836426,9977.110023498535
2023-05-09 12:00:00+00:00,58.040000915527344,SELL,9801.97002029419,9976.03002166748
2023-05-09 13:00:00+00:00,58.09000015258789,BUY,9743.930019378662,9976.090023040771
2023-05-09 14:00:00+00:00,58.38999938964844,SELL,9802.02001953125,9976.290019989014
2023-05-09 15:00:00+00:00,58.29999923706055,SELL,9860.410018920898,9977.190017700195
2023-05-10 07:00:00+00:00,58.7400016784668,HOLD,9860.410018920898,9977.01001739502
2023-05-10 08:00:00+00:00,58.5099983215332,HOLD,9860.410018920898,9977.890022277832
2023-05-10 09:00:00+00:00,58.52999877929688,HOLD,9860.410018920898,9977.430015563965
2023-05-10 10:00:00+00:00,58.380001068115234,BUY,9801.880020141602,9977.470016479492
2023-05-10 11:00:00+00:00,58.209999084472656,SELL,9860.260021209717,9977.020023345947
2023-05-10 12:00:00+00:00,58.45000076293945,BUY,9802.050022125244,9976.680019378662
2023-05-10 13:00:00+00:00,57.93999862670898,BUY,9743.600021362305,9977.400024414062
2023-05-10 14:00:00+00:00,57.75,BUY,9685.660022735596,9975.36001586914
2023-05-10 15:00:00+00:00,57.869998931884766,BUY,9627.910022735596,9974.410022735596
2023-05-11 07:00:00+00:00,58.43000030517578,BUY,9570.040023803711,9975.130016326904
2023-05-11 08:00:00+00:00,58.150001525878906,HOLD,9570.040023803711,9979.050025939941
2023-05-11 09:00:00+00:00,58.18000030517578,HOLD,9570.040023803711,9977.090034484863
2023-05-11 10:00:00+00:00,58.150001525878906,HOLD,9570.040023803711,9977.300025939941
2023-05-11 11:00:00+00:00,57.470001220703125,BUY,9511.890022277832,9977.090034484863
2023-05-11 12:00:00+00:00,56.86000061035156,BUY,9454.420021057129,9971.650032043457
2023-05-11 13:00:00+00:00,57.22999954223633,SELL,9511.28002166748,9966.160026550293
2023-05-11 14:00:00+00:00,57.47999954223633,BUY,9454.050022125244,9969.120018005371
2023-05-11 15:00:00+00:00,57.290000915527344,BUY,9396.570022583008,9971.370018005371
2023-05-12 07:00:00+00:00,58.18999862670898,SELL,9453.860023498535,9969.470031738281
2023-05-12 08:00:00+00:00,58.75,SELL,9512.050022125244,9977.570011138916
2023-05-12 09:00:00+00:00,58.75,HOLD,9512.050022125244,9982.050022125244
2023-05-12 10:00:00+00:00,58.720001220703125,SELL,9570.800022125244,9982.050022125244
2023-05-12 11:00:00+00:00,58.63999938964844,BUY,9512.080020904541,9981.840030670166
2023-05-12 12:00:00+00:00,58.47999954223633,HOLD,9512.080020904541,9981.200016021729
2023-05-12 13:00:00+00:00,58.43999862670898,SELL,9570.560020446777,9979.920017242432
2023-05-12 14:00:00+00:00,58.70000076293945,BUY,9512.120021820068,9979.64001083374
2023-05-12 15:00:00+00:00,58.5,BUY,9453.420021057129,9981.720027923584
2023-05-15 07:00:00+00:00,58.77000045776367,HOLD,9453.420021057129,9979.920021057129
2023-05-15 08:00:00+00:00,58.20000076293945,HOLD,9453.420021057129,9982.350025177002
2023-05-15 09:00:00+00:00,58.36000061035156,SELL,9511.620021820068,9977.220027923584
2023-05-15 10:00:00+00:00,58.34999847412109,BUY,9453.260021209717,9978.50002670288
2023-05-15 11:00:00+00:00,58.47999954223633,HOLD,9453.260021209717,9978.410007476807
2023-05-15 12:00:00+00:00,58.22999954223633,SELL,9511.740020751953,9979.580017089844
2023-05-15 13:00:00+00:00,58.25,SELL,9569.97002029419,9977.580017089844
2023-05-15 14:00:00+00:00,58.4900016784668,BUY,9511.72002029419,9977.72002029419
2023-05-15 15:00:00+00:00,58.63999938964844,HOLD,9511.72002029419,9979.640033721924
2023-05-16 07:00:00+00:00,58.83000183105469,SELL,9570.360019683838,9980.840015411377
2023-05-16 08:00:00+00:00,58.59000015258789,BUY,9511.530017852783,9982.17003250122
2023-05-16 09:00:00+00:00,58.459999084472656,SELL,9570.120018005371,9980.250019073486
2023-05-16 10:00:00+00:00,58.63999938964844,HOLD,9570.120018005371,9979.34001159668
2023-05-16 11:00:00+00:00,58.619998931884766,HOLD,9570.120018005371,9980.60001373291
2023-05-16 12:00:00+00:00,58.650001525878906,SELL,9628.740016937256,9980.460010528564
2023-05-16 13:00:00+00:00,58.4900016784668,HOLD,9628.740016937256,9980.64002609253
2023-05-16 14:00:00+00:00,58.61000061035156,HOLD,9628.740016937256,9979.680027008057
2023-05-16 15:00:00+00:00,58.54999923706055,SELL,9687.350017547607,9980.400020599365
2023-05-17 07:00:00+00:00,58.09000015258789,BUY,9628.800018310547,9980.10001373291
2023-05-17 08:00:00+00:00,58.34000015258789,HOLD,9628.800018310547,9977.340019226074
2023-05-17 09:00:00+00:00,58.560001373291016,HOLD,9628.800018310547,9978.840019226074
2023-05-17 10:00:00+00:00,58.36000061035156,HOLD,9628.800018310547,9980.160026550293
2023-05-17 11:00:00+00:00,58.40999984741211,SELL,9687.160018920898,9978.960021972656
2023-05-17 12:00:00+00:00,58.52999877929688,SELL,9745.57001876831,9979.210018157959
2023-05-17 13:00:00+00:00,58.650001525878906,SELL,9804.100017547607,9979.690013885498
2023-05-17 14:00:00+00:00,58.54999923706055,SELL,9862.750019073486,9980.050022125244
2023-05-17 15:00:00+00:00,58.61000061035156,BUY,9804.200019836426,9979.850017547607
2023-05-18 07:00:00+00:00,59.720001220703125,BUY,9745.590019226074,9980.03002166748
2023-05-18 08:00:00+00:00,59.65999984741211,BUY,9685.870018005371,9984.470024108887
2023-05-18 09:00:00+00:00,59.79999923706055,HOLD,9685.870018005371,9984.170017242432
2023-05-18 10:00:00+00:00,59.900001525878906,SELL,9745.670017242432,9984.870014190674
2023-05-18 11:00:00+00:00,59.88999938964844,HOLD,9745.670017242432,9985.270023345947
2023-05-18 12:00:00+00:00,59.970001220703125,SELL,9805.56001663208,9985.230014801025
2023-05-18 13:00:00+00:00,59.7599983215332,SELL,9865.530017852783,9985.47002029419
2023-05-18 14:00:00+00:00,59.90999984741211,HOLD,9865.530017852783,9985.05001449585
2023-05-18 15:00:00+00:00,59.75,BUY,9805.620018005371,9985.350017547607
2023-05-19 07:00:00+00:00,59.56999969482422,SELL,9865.370018005371,9984.870018005371
2023-05-19 08:00:00+00:00,59.81999969482422,BUY,9805.800018310547,9984.51001739502
2023-05-19 09:00:00+00:00,60.15999984741211,SELL,9865.620018005371,9985.26001739502
2023-05-19 10:00:00+00:00,60.13999938964844,HOLD,9865.620018005371,9985.940017700195
2023-05-19 11:00:00+00:00,60.11000061035156,HOLD,9865.620018005371,9985.900016784668
2023-05-19 12:00:00+00:00,60.27000045776367,BUY,9805.51001739502,9985.840019226074
2023-05-19 13:00:00+00:00,60.41999816894531,BUY,9745.240016937256,9986.32001876831
2023-05-19 14:00:00+00:00,60.220001220703125,HOLD,9745.240016937256,9986.920009613037
2023-05-19 15:00:00+00:00,59.84999847412109,BUY,9685.020015716553,9986.120021820068
2023-05-22 07:00:00+00:00,56.58000183105469,HOLD,9685.020015716553,9984.270008087158
2023-05-22 08:00:00+00:00,56.7400016784668,BUY,9628.440013885498,9967.920024871826
2023-05-22 09:00:00+00:00,56.720001220703125,BUY,9571.700012207031,9968.880023956299
2023-05-22 10:00:00+00:00,56.540000915527344,BUY,9514.980010986328,9968.740020751953
2023-05-22 11:00:00+00:00,56.34000015258789,SELL,9571.520011901855,9967.300018310547
2023-05-22 12:00:00+00:00,56.29999923706055,SELL,9627.860012054443,9965.90001296997
2023-05-22 13:00:00+00:00,56.38999938964844,BUY,9571.560012817383,9965.660007476807
2023-05-22 14:00:00+00:00,56.619998931884766,BUY,9515.170013427734,9966.290008544922
2023-05-22 15:00:00+00:00,57.47999954223633,HOLD,9515.170013427734,9968.130004882812
2023-05-23 07:00:00+00:00,57.02000045776367,SELL,9572.65001296997,9975.010009765625
2023-05-23 08:00:00+00:00,56.95000076293945,HOLD,9572.65001296997,9971.790016174316
2023-05-23 09:00:00+00:00,56.83000183105469,HOLD,9572.65001296997,9971.300018310547
2023-05-23 10:00:00+00:00,56.93000030517578,HOLD,9572.65001296997,9970.460025787354
2023-05-23 11:00:00+00:00,56.7599983215332,BUY,9515.720012664795,9971.160015106201
2023-05-23 12:00:00+00:00,56.869998931884766,BUY,9458.960014343262,9969.79999923706
2023-05-23 13:00:00+00:00,57.130001068115234,SELL,9515.830013275146,9970.790004730225
2023-05-23 14:00:00+00:00,57.16999816894531,SELL,9572.960014343262,9972.870021820068
2023-05-23 15:00:00+00:00,57.09999847412109,HOLD,9572.960014343262,9973.150001525879
2023-05-24 07:00:00+00:00,56.2400016784668,SELL,9630.060012817383,9972.66000366211
2023-05-24 08:00:00+00:00,56.369998931884766,BUY,9573.820011138916,9967.500022888184
2023-05-24 09:00:00+00:00,56.04999923706055,HOLD,9573.820011138916,9968.41000366211
2023-05-24 10:00:00+00:00,56.0099983215332,HOLD,9573.820011138916,9966.17000579834
2023-05-24 11:00:00+00:00,55.959999084472656,BUY,9517.810012817383,9965.889999389648
2023-05-24 12:00:00+00:00,56.15999984741211,BUY,9461.85001373291,9965.490005493164
2023-05-24 13:00:00+00:00,55.97999954223633,SELL,9518.010013580322,9967.29001235962
2023-05-24 14:00:00+00:00,56.09999847412109,BUY,9462.030014038086,9965.850009918213
2023-05-24 15:00:00+00:00,55.970001220703125,SELL,9518.130012512207,9966.930000305176
2023-05-25 07:00:00+00:00,55.400001525878906,BUY,9462.160011291504,9965.890022277832
2023-05-25 08:00:00+00:00,56.15999984741211,BUY,9406.760009765625,9960.760025024414
2023-05-25 09:00:00+00:00,56.31999969482422,SELL,9462.920009613037,9968.360008239746
2023-05-25 10:00:00+00:00,56.08000183105469,BUY,9406.600009918213,9969.800006866455
2023-05-25 11:00:00+00:00,55.959999084472656,BUY,9350.520008087158,9967.40002822876
2023-05-25 12:00:00+00:00,56.40999984741211,SELL,9406.48000717163,9966.079998016357
2023-05-25 13:00:00+00:00,56.36000061035156,SELL,9462.890007019043,9970.580005645752
2023-05-25 14:00:00+00:00,56.43000030517578,BUY,9406.530006408691,9970.130012512207
2023-05-25 15:00:00+00:00,56.25,BUY,9350.100006103516,9970.83000946045
2023-05-26 07:00:00+00:00,55.66999816894531,HOLD,9350.100006103516,9968.850006103516
2023-05-26 08:00:00+00:00,55.709999084472656,HOLD,9350.100006103516,9962.469985961914
2023-05-26 09:00:00+00:00,55.40999984741211,HOLD,9350.100006103516,9962.909996032715
2023-05-26 10:00:00+00:00,55.77000045776367,BUY,9294.690006256104,9959.610004425049
2023-05-26 11:00:00+00:00,56.130001068115234,BUY,9238.92000579834,9963.930011749268
2023-05-26 12:00:00+00:00,56.18999862670898,HOLD,9238.92000579834,9968.610019683838
2023-05-26 13:00:00+00:00,56.20000076293945,BUY,9182.73000717163,9969.389987945557
2023-05-26 14:00:00+00:00,56.630001068115234,HOLD,9182.73000717163,9969.530017852783
2023-05-26 15:00:00+00:00,56.459999084472656,BUY,9126.100006103516,9975.550022125244
2023-05-29 07:00:00+00:00,56.7400016784668,HOLD,9126.100006103516,9972.999992370605
2023-05-29 08:00:00+00:00,56.47999954223633,SELL,9182.840007781982,9977.200031280518
2023-05-29 09:00:00+00:00,56.150001525878906,BUY,9126.360008239746,9973.560001373291
2023-05-29 10:00:00+00:00,56.16999816894531,BUY,9070.210006713867,9968.61003112793
2023-05-29 11:00:00+00:00,56.06999969482422,BUY,9014.040008544922,9968.929977416992
2023-05-29 12:00:00+00:00,55.93999862670898,BUY,8957.970008850098,9967.230003356934
2023-05-29 13:00:00+00:00,55.900001525878906,SELL,9013.910007476807,9964.88998413086
2023-05-29 14:00:00+00:00,56.02000045776367,HOLD,9013.910007476807,9964.210033416748
2023-05-29 15:00:00+00:00,56.15999984741211,HOLD,9013.910007476807,9966.250015258789
2023-05-30 07:00:00+00:00,56.31999969482422,SELL,9070.070007324219,9968.630004882812
2023-05-30 08:00:00+00:00,56.13999938964844,HOLD,9070.070007324219,9971.190002441406
2023-05-30 09:00:00+00:00,56.09000015258789,SELL,9126.210006713867,9968.309997558594
2023-05-30 10:00:00+00:00,55.63999938964844,HOLD,9126.210006713867,9967.560009002686
2023-05-30 11:00:00+00:00,55.77000045776367,HOLD,9126.210006713867,9960.809997558594
2023-05-30 12:00:00+00:00,55.54999923706055,BUY,9070.440006256104,9962.760013580322
2023-05-30 13:00:00+00:00,55.54999923706055,SELL,9125.990005493164,9959.239994049072
2023-05-30 14:00:00+00:00,55.2400016784668,BUY,9070.440006256104,9959.239994049072
2023-05-30 15:00:00+00:00,55.18000030517578,SELL,9125.68000793457,9954.280033111572
2023-05-31 07:00:00+00:00,55.290000915527344,BUY,9070.500007629395,9953.380012512207
2023-05-31 08:00:00+00:00,55.41999816894531,SELL,9125.790008544922,9955.140022277832
2023-05-31 09:00:00+00:00,55.20000076293945,BUY,9070.370010375977,9957.089981079102
2023-05-31 10:00:00+00:00,55.400001525878906,SELL,9125.570011138916,9953.570022583008
2023-05-31 11:00:00+00:00,55.040000915527344,HOLD,9125.570011138916,9956.5700340271
2023-05-31 12:00:00+00:00,54.75,HOLD,9125.570011138916,9951.170024871826
2023-05-31 13:00:00+00:00,54.34999847412109,BUY,9070.820011138916,9946.820011138916
2023-05-31 14:00:00+00:00,54.25,BUY,9016.470012664795,9940.419986724854
2023-05-31 15:00:00+00:00,54.0,HOLD,9016.470012664795,9938.720012664795
2023-06-01 07:00:00+00:00,54.68999862670898,HOLD,9016.470012664795,9934.470012664795
2023-06-01 08:00:00+00:00,54.91999816894531,HOLD,9016.470012664795,9946.199989318848
2023-06-01 09:00:00+00:00,54.70000076293945,BUY,8961.55001449585,9950.109981536865
2023-06-01 10:00:00+00:00,54.41999816894531,BUY,8906.85001373291,9946.15002822876
2023-06-01 11:00:00+00:00,54.45000076293945,BUY,8852.430015563965,9940.829978942871
2023-06-01 12:00:00+00:00,54.290000915527344,HOLD,8852.430015563965,9941.430030822754
2023-06-01 13:00:00+00:00,54.43999862670898,SELL,8906.720016479492,9938.230033874512
2023-06-01 14:00:00+00:00,54.630001068115234,SELL,8961.160015106201,9941.079990386963
2023-06-01 15:00:00+00:00,54.56999969482422,HOLD,8961.160015106201,9944.500034332275
2023-06-02 07:00:00+00:00,55.400001525878906,SELL,9015.730014801025,9943.420009613037
2023-06-02 08:00:00+00:00,55.56999969482422,BUY,8960.330013275146,9957.530040740967
2023-06-02 09:00:00+00:00,55.68000030517578,SELL,9015.90001296997,9960.590007781982
2023-06-02 10:00:00+00:00,55.880001068115234,BUY,8960.220012664795,9962.460018157959
2023-06-02 11:00:00+00:00,55.68999862670898,HOLD,8960.220012664795,9966.06003189087
2023-06-02 12:00:00+00:00,55.93000030517578,SELL,9015.910011291504,9962.639987945557
2023-06-02 13:00:00+00:00,56.220001220703125,HOLD,9015.910011291504,9966.720016479492
2023-06-02 14:00:00+00:00,56.59000015258789,HOLD,9015.910011291504,9971.650032043457
2023-06-02 15:00:00+00:00,56.5,SELL,9072.500011444092,9977.940013885498
2023-06-05 07:00:00+00:00,56.709999084472656,SELL,9129.000011444092,9976.500011444092
2023-06-05 08:00:00+00:00,56.790000915527344,BUY,9072.29001235962,9979.649997711182
2023-06-05 09:00:00+00:00,56.619998931884766,SELL,9129.080013275146,9980.930027008057
2023-06-05 10:00:00+00:00,56.77000045776367,BUY,9072.460014343262,9978.379997253418
2023-06-05 11:00:00+00:00,56.65999984741211,BUY,9015.690013885498,9980.78002166748
2023-06-05 12:00:00+00:00,56.630001068115234,HOLD,9015.690013885498,9978.910011291504
2023-06-05 13:00:00+00:00,56.08000183105469,SELL,9072.320014953613,9978.400032043457
2023-06-05 14:00:00+00:00,55.810001373291016,HOLD,9072.320014953613,9969.600044250488
2023-06-05 15:00:00+00:00,55.84999847412109,SELL,9128.130016326904,9965.28003692627
2023-06-06 07:00:00+00:00,56.08000183105469,HOLD,9128.130016326904,9965.87999343872
2023-06-06 08:00:00+00:00,55.65999984741211,HOLD,9128.130016326904,9969.330043792725
2023-06-06 09:00:00+00:00,55.790000915527344,SELL,9183.790016174316,9963.030014038086
2023-06-06 10:00:00+00:00,55.709999084472656,BUY,9128.000015258789,9964.8500289917
2023-06-06 11:00:00+00:00,55.83000183105469,SELL,9183.710014343262,9963.650001525879
2023-06-06 12:00:00+00:00,56.0,HOLD,9183.710014343262,9965.330039978027
2023-06-06 13:00:00+00:00,56.20000076293945,SELL,9239.710014343262,9967.710014343262
2023-06-06 14:00:00+00:00,56.43000030517578,BUY,9183.510013580322,9970.310024261475
2023-06-06 15:00:00+00:00,56.619998931884766,SELL,9239.940013885498,9973.530017852783
2023-06-07 07:00:00+00:00,56.25,SELL,9296.560012817383,9976.0
2023-06-07 08:00:00+00:00,56.380001068115234,BUY,9240.310012817383,9971.560012817383
2023-06-07 09:00:00+00:00,56.20000076293945,BUY,9183.930011749268,9973.25002670288
2023-06-07 10:00:00+00:00,56.59999847412109,SELL,9240.130012512207,9970.73002243042
2023-06-07 11:00:00+00:00,56.720001220703125,SELL,9296.730010986328,9975.929992675781
2023-06-07 12:00:00+00:00,56.720001220703125,BUY,9240.010009765625,9977.370025634766
2023-06-07 13:00:00+00:00,56.68000030517578,SELL,9296.730010986328,9977.370025634766
2023-06-07 14:00:00+00:00,56.72999954223633,HOLD,9296.730010986328,9976.890014648438
2023-06-07 15:00:00+00:00,56.77999877929688,BUY,9240.000011444092,9977.490005493164
2023-06-08 07:00:00+00:00,57.2599983215332,BUY,9183.220012664795,9978.139995574951
2023-06-08 08:00:00+00:00,57.54999923706055,SELL,9240.480010986328,9984.85998916626
2023-06-08 09:00:00+00:00,57.56999969482422,SELL,9298.030010223389,9988.630001068115
2023-06-08 10:00:00+00:00,57.47999954223633,SELL,9355.600009918213,9988.87000656128
2023-06-08 11:00:00+00:00,57.709999084472656,BUY,9298.120010375977,9987.880004882812
2023-06-08 12:00:00+00:00,57.619998931884766,HOLD,9298.120010375977,9990.639999389648
2023-06-08 13:00:00+00:00,57.15999984741211,BUY,9240.500011444092,9989.559997558594
2023-06-08 14:00:00+00:00,57.150001525878906,HOLD,9240.500011444092,9983.58000946045
2023-06-08 15:00:00+00:00,57.11000061035156,SELL,9297.65001296997,9983.450031280518
2023-06-09 07:00:00+00:00,56.95000076293945,BUY,9240.54001235962,9982.97002029419
2023-06-09 08:00:00+00:00,56.7400016784668,BUY,9183.59001159668,9980.890022277832
2023-06-09 09:00:00+00:00,56.84000015258789,SELL,9240.330013275146,9977.950035095215
2023-06-09 10:00:00+00:00,56.290000915527344,HOLD,9240.330013275146,9979.250015258789
2023-06-09 11:00:00+00:00,56.130001068115234,SELL,9296.620014190674,9972.100025177002
2023-06-09 12:00:00+00:00,55.95000076293945,BUY,9240.490013122559,9970.180027008057
2023-06-09 13:00:00+00:00,55.90999984741211,HOLD,9240.490013122559,9967.840023040771
2023-06-09 14:00:00+00:00,56.02999877929688,BUY,9184.580013275146,9967.320011138916
2023-06-09 15:00:00+00:00,55.970001220703125,SELL,9240.610012054443,9968.999996185303
2023-06-12 07:00:00+00:00,57.130001068115234,BUY,9184.64001083374,9968.220027923584
2023-06-12 08:00:00+00:00,56.970001220703125,HOLD,9184.64001083374,9984.460025787354
2023-06-12 09:00:00+00:00,56.84000015258789,BUY,9127.670009613037,9982.220027923584
2023-06-12 10:00:00+00:00,56.61000061035156,SELL,9184.510009765625,9980.270011901855
2023-06-12 11:00:00+00:00,56.68999862670898,HOLD,9184.510009765625,9977.050018310547
2023-06-12 12:00:00+00:00,56.65999984741211,HOLD,9184.510009765625,9978.16999053955
2023-06-12 13:00:00+00:00,57.0099983215332,SELL,9241.170009613037,9977.750007629395
2023-06-12 14:00:00+00:00,56.7599983215332,HOLD,9241.170009613037,9982.299987792969
2023-06-12 15:00:00+00:00,56.540000915527344,SELL,9297.93000793457,9979.049987792969
2023-06-13 07:00:00+00:00,56.27999877929688,HOLD,9297.93000793457,9976.410018920898
2023-06-13 08:00:00+00:00,56.290000915527344,HOLD,9297.93000793457,9973.289993286133
2023-06-13 09:00:00+00:00,56.22999954223633,SELL,9354.220008850098,9973.410018920898
2023-06-13 10:00:00+00:00,56.36000061035156,HOLD,9354.220008850098,9972.750003814697
2023-06-13 11:00:00+00:00,56.34000015258789,BUY,9297.860008239746,9974.180015563965
2023-06-13 12:00:00+00:00,56.56999969482422,SELL,9354.200008392334,9973.9400100708
2023-06-13 13:00:00+00:00,56.77000045776367,SELL,9410.770008087158,9976.4700050354
2023-06-13 14:00:00+00:00,56.70000076293945,HOLD,9410.770008087158,9978.470012664795
2023-06-13 15:00:00+00:00,56.68000030517578,BUY,9354.070007324219,9977.770015716553
2023-06-14 07:00:00+00:00,57.2599983215332,BUY,9297.390007019043,9977.550010681152
2023-06-14 08:00:00+00:00,57.47999954223633,BUY,9240.13000869751,9984.509986877441
2023-06-14 09:00:00+00:00,57.5099983215332,HOLD,9240.13000869751,9987.370002746582
2023-06-14 10:00:00+00:00,57.709999084472656,SELL,9297.640007019043,9987.759986877441
2023-06-14 11:00:00+00:00,57.68999862670898,HOLD,9297.640007019043,9990.159996032715
2023-06-14 12:00:00+00:00,57.40999984741211,BUY,9239.950008392334,9989.91999053955
2023-06-14 13:00:00+00:00,57.59000015258789,HOLD,9239.950008392334,9986.280006408691
2023-06-14 14:00:00+00:00,57.63999938964844,SELL,9297.540008544922,9988.620010375977
2023-06-14 15:00:00+00:00,57.560001373291016,HOLD,9297.540008544922,9989.220001220703
2023-06-15 07:00:00+00:00,56.58000183105469,BUY,9239.98000717163,9988.260025024414
2023-06-15 08:00:00+00:00,56.52000045776367,SELL,9296.560009002686,9975.520030975342
2023-06-15 09:00:00+00:00,56.58000183105469,HOLD,9296.560009002686,9974.80001449585
2023-06-15 10:00:00+00:00,56.34999847412109,HOLD,9296.560009002686,9975.520030975342
2023-06-15 11:00:00+00:00,56.2599983215332,SELL,9352.910007476807,9972.759990692139
2023-06-15 12:00:00+00:00,56.06999969482422,BUY,9296.650009155273,9971.769989013672
2023-06-15 13:00:00+00:00,56.220001220703125,HOLD,9296.650009155273,9969.490005493164
2023-06-15 14:00:00+00:00,56.2599983215332,SELL,9352.870010375977,9971.290023803711
2023-06-15 15:00:00+00:00,56.380001068115234,SELL,9409.13000869751,9971.729991912842
2023-06-16 07:00:00+00:00,56.400001525878906,SELL,9465.510009765625,9972.930019378662
2023-06-16 08:00:00+00:00,56.619998931884766,SELL,9521.910011291504,9973.110023498535
2023-06-16 09:00:00+00:00,56.25,BUY,9465.29001235962,9974.870002746582
2023-06-16 10:00:00+00:00,56.29999923706055,HOLD,9465.29001235962,9971.54001235962
2023-06-16 11:00:00+00:00,56.09000015258789,BUY,9408.990013122559,9971.990005493164
2023-06-16 12:00:00+00:00,56.29999923706055,SELL,9465.080013275146,9969.890014648438
2023-06-16 13:00:00+00:00,56.380001068115234,HOLD,9465.080013275146,9971.780006408691
2023-06-16 14:00:00+00:00,56.630001068115234,SELL,9521.460014343262,9972.500022888184
2023-06-16 15:00:00+00:00,56.56999969482422,SELL,9578.090015411377,9974.500022888184
2023-06-19 07:00:00+00:00,57.18999862670898,BUY,9521.520015716553,9974.080013275146
2023-06-19 08:00:00+00:00,57.08000183105469,HOLD,9521.520015716553,9979.040004730225
2023-06-19 09:00:00+00:00,57.27999877929688,SELL,9578.600017547607,9978.16003036499
2023-06-19 10:00:00+00:00,56.9900016784668,HOLD,9578.600017547607,9979.560009002686
2023-06-19 11:00:00+00:00,57.04999923706055,BUY,9521.61001586914,9977.530029296875
2023-06-19 12:00:00+00:00,56.959999084472656,BUY,9464.56001663208,9978.010009765625
2023-06-19 13:00:00+00:00,56.88999938964844,BUY,9407.600017547607,9977.200008392334
2023-06-19 14:00:00+00:00,56.86000061035156,HOLD,9407.600017547607,9976.500011444092
2023-06-19 15:00:00+00:00,56.77999877929688,HOLD,9407.600017547607,9976.200023651123
2023-06-20 07:00:00+00:00,56.709999084472656,SELL,9464.380016326904,9975.400005340576
2023-06-20 08:00:00+00:00,56.290000915527344,BUY,9407.670017242432,9974.770008087158
2023-06-20 09:00:00+00:00,56.36000061035156,SELL,9463.960018157959,9970.570026397705
2023-06-20 10:00:00+00:00,56.5099983215332,SELL,9520.32001876831,9971.200023651123
2023-06-20 11:00:00+00:00,56.52999877929688,SELL,9576.830017089844,9972.400005340576
2023-06-20 12:00:00+00:00,56.83000183105469,BUY,9520.300018310547,9972.540008544922
2023-06-20 13:00:00+00:00,56.7599983215332,HOLD,9520.300018310547,9974.940032958984
2023-06-20 14:00:00+00:00,56.84000015258789,HOLD,9520.300018310547,9974.380004882812
2023-06-20 15:00:00+00:00,56.70000076293945,SELL,9577.140018463135,9975.02001953125
2023-06-21 07:00:00+00:00,57.22999954223633,BUY,9520.440017700195,9974.040023803711
2023-06-21 08:00:00+00:00,57.52000045776367,BUY,9463.210018157959,9978.280014038086
2023-06-21 09:00:00+00:00,57.40999984741211,SELL,9520.730018615723,9980.890022277832
2023-06-21 10:00:00+00:00,57.31999969482422,SELL,9578.140018463135,9980.01001739502
2023-06-21 11:00:00+00:00,57.18000030517578,BUY,9520.82001876831,9979.380016326904
2023-06-21 12:00:00+00:00,57.02000045776367,BUY,9463.640018463135,9978.260021209717
2023-06-21 13:00:00+00:00,56.880001068115234,BUY,9406.620018005371,9976.820022583008
2023-06-21 14:00:00+00:00,57.119998931884766,SELL,9463.500019073486,9975.420028686523
2023-06-21 15:00:00+00:00,56.970001220703125,SELL,9520.620018005371,9977.58000946045
2023-06-22 07:00:00+00:00,55.54999923706055,BUY,9463.650016784668,9976.380027770996
2023-06-22 08:00:00+00:00,55.93000030517578,SELL,9519.200016021729,9963.600009918213
2023-06-22 09:00:00+00:00,55.9900016784668,SELL,9575.130016326904,9966.640018463135
2023-06-22 10:00:00+00:00,55.77000045776367,SELL,9631.120018005371,9967.060028076172
2023-06-22 11:00:00+00:00,55.970001220703125,HOLD,9631.120018005371,9965.740020751953
2023-06-22 12:00:00+00:00,56.0099983215332,HOLD,9631.120018005371,9966.94002532959
2023-06-22 13:00:00+00:00,56.0,HOLD,9631.120018005371,9967.18000793457
2023-06-22 14:00:00+00:00,55.810001373291016,SELL,9687.120018005371,9967.120018005371
2023-06-22 15:00:00+00:00,55.7400016784668,BUY,9631.31001663208,9966.170024871826
2023-06-23 07:00:00+00:00,54.45000076293945,SELL,9687.050018310547,9965.75002670288
2023-06-23 08:00:00+00:00,54.91999816894531,SELL,9741.500019073486,9959.300022125244
2023-06-23 09:00:00+00:00,54.869998931884766,HOLD,9741.500019073486,9961.180011749268
2023-06-23 10:00:00+00:00,54.84000015258789,HOLD,9741.500019073486,9960.980014801025
2023-06-23 11:00:00+00:00,54.970001220703125,SELL,9796.340019226074,9960.860019683838
2023-06-23 12:00:00+00:00,54.66999816894531,SELL,9851.310020446777,9961.250022888184
2023-06-23 13:00:00+00:00,54.869998931884766,SELL,9905.980018615723,9960.650016784668
2023-06-23 14:00:00+00:00,55.040000915527344,HOLD,9905.980018615723,9960.850017547607
2023-06-23 15:00:00+00:00,54.88999938964844,SELL,9961.02001953125,9961.02001953125
2023-06-26 07:00:00+00:00,54.2400016784668,BUY,9906.130020141602,9961.02001953125
2023-06-26 08:00:00+00:00,54.310001373291016,BUY,9851.890018463135,9960.370021820068
2023-06-26 09:00:00+00:00,54.66999816894531,BUY,9797.580017089844,9960.510021209717
2023-06-26 10:00:00+00:00,54.63999938964844,HOLD,9797.580017089844,9961.59001159668
2023-06-26 11:00:00+00:00,54.900001525878906,HOLD,9797.580017089844,9961.500015258789
2023-06-26 12:00:00+00:00,54.84999847412109,BUY,9742.680015563965,9962.28002166748
2023-06-26 13:00:00+00:00,55.2400016784668,BUY,9687.830017089844,9962.08000946045
2023-06-26 14:00:00+00:00,55.11000061035156,BUY,9632.590015411377,9964.030025482178
2023-06-26 15:00:00+00:00,55.150001525878906,SELL,9687.700016021729,9963.250019073486
2023-06-27 07:00:00+00:00,55.400001525878906,BUY,9632.55001449585,9963.450023651123
2023-06-27 08:00:00+00:00,55.380001068115234,SELL,9687.950016021729,9964.950023651123
2023-06-27 09:00:00+00:00,55.459999084472656,HOLD,9687.950016021729,9964.850021362305
2023-06-27 10:00:00+00:00,55.65999984741211,SELL,9743.410015106201,9965.250011444092
2023-06-27 11:00:00+00:00,55.16999816894531,HOLD,9743.410015106201,9966.05001449585
2023-06-27 12:00:00+00:00,55.369998931884766,SELL,9798.580013275146,9964.090007781982
2023-06-27 13:00:00+00:00,55.4900016784668,BUY,9743.210014343262,9964.6900100708
2023-06-27 14:00:00+00:00,55.95000076293945,HOLD,9743.210014343262,9965.170021057129
2023-06-27 15:00:00+00:00,55.84000015258789,BUY,9687.260013580322,9967.01001739502
2023-06-28 07:00:00+00:00,55.630001068115234,BUY,9631.420013427734,9966.460014343262
2023-06-28 08:00:00+00:00,55.720001220703125,HOLD,9631.420013427734,9965.200019836426
2023-06-28 09:00:00+00:00,55.619998931884766,HOLD,9631.420013427734,9965.740020751953
2023-06-28 10:00:00+00:00,55.84000015258789,BUY,9575.80001449585,9965.140007019043
2023-06-28 11:00:00+00:00,55.88999938964844,BUY,9519.960014343262,9966.680015563965
2023-06-28 12:00:00+00:00,55.97999954223633,BUY,9464.070014953613,9967.08000946045
2023-06-28 13:00:00+00:00,55.959999084472656,BUY,9408.090015411377,9967.89001083374
2023-06-28 14:00:00+00:00,55.93999862670898,HOLD,9408.090015411377,9967.690006256104
2023-06-28 15:00:00+00:00,55.900001525878906,BUY,9352.150016784668,9967.490001678467
2023-06-29 07:00:00+00:00,56.45000076293945,SELL,9408.050018310547,9967.050033569336
2023-06-29 08:00:00+00:00,56.790000915527344,SELL,9464.500019073486,9972.550025939941
2023-06-29 09:00:00+00:00,56.709999084472656,BUY,9407.710018157959,9975.610027313232
2023-06-29 10:00:00+00:00,56.7400016784668,HOLD,9407.710018157959,9974.810009002686
2023-06-29 11:00:00+00:00,56.68999862670898,SELL,9464.450019836426,9975.110034942627
2023-06-29 12:00:00+00:00,56.810001373291016,BUY,9407.760021209717,9974.660007476807
2023-06-29 13:00:00+00:00,56.91999816894531,HOLD,9407.760021209717,9975.860034942627
2023-06-29 14:00:00+00:00,56.959999084472656,SELL,9464.680019378662,9976.96000289917
2023-06-29 15:00:00+00:00,56.79999923706055,HOLD,9464.680019378662,9977.320011138916
2023-06-30 07:00:00+00:00,57.27000045776367,HOLD,9464.680019378662,9975.880012512207
2023-06-30 08:00:00+00:00,57.54999923706055,HOLD,9464.680019378662,9980.110023498535
2023-06-30 09:00:00+00:00,57.81999969482422,HOLD,9464.680019378662,9982.630012512207
2023-06-30 10:00:00+00:00,57.810001373291016,BUY,9406.860019683838,9985.06001663208
2023-06-30 11:00:00+00:00,58.06999969482422,SELL,9464.670021057129,9984.960033416748
2023-06-30 12:00:00+00:00,58.2599983215332,BUY,9406.600021362305,9987.300018310547
2023-06-30 13:00:00+00:00,58.060001373291016,BUY,9348.340023040771,9989.200004577637
2023-06-30 14:00:00+00:00,57.91999816894531,SELL,9406.400024414062,9987.000038146973
2023-06-30 15:00:00+00:00,57.66999816894531,HOLD,9406.400024414062,9985.600006103516
2023-07-03 07:00:00+00:00,58.209999084472656,BUY,9348.730026245117,9983.100006103516
2023-07-03 08:00:00+00:00,58.59000015258789,SELL,9406.94002532959,9989.040016174316
2023-07-03 09:00:00+00:00,58.68999862670898,SELL,9465.530025482178,9992.840026855469
2023-07-03 10:00:00+00:00,58.88999938964844,BUY,9406.840026855469,9993.740013122559
2023-07-03 11:00:00+00:00,58.61000061035156,SELL,9465.730026245117,9995.740020751953
2023-07-03 12:00:00+00:00,58.27999877929688,SELL,9524.340026855469,9993.220031738281
2023-07-03 13:00:00+00:00,58.290000915527344,HOLD,9524.340026855469,9990.580017089844
2023-07-03 14:00:00+00:00,58.36000061035156,BUY,9466.050025939941,9990.660034179688
2023-07-03 15:00:00+00:00,58.36000061035156,HOLD,9466.050025939941,9991.290031433105
2023-07-04 07:00:00+00:00,58.56999969482422,SELL,9524.410026550293,9991.290031433105
2023-07-04 08:00:00+00:00,58.459999084472656,BUY,9465.840026855469,9992.970024108887
2023-07-04 09:00:00+00:00,58.470001220703125,HOLD,9465.840026855469,9991.980018615723
2023-07-04 10:00:00+00:00,58.40999984741211,HOLD,9465.840026855469,9992.070037841797
2023-07-04 11:00:00+00:00,58.2400016784668,HOLD,9465.840026855469,9991.530025482178
2023-07-04 12:00:00+00:00,58.060001373291016,HOLD,9465.840026855469,9990.00004196167
2023-07-04 13:00:00+00:00,58.02000045776367,HOLD,9465.840026855469,9988.380039215088
2023-07-04 14:00:00+00:00,57.90999984741211,SELL,9523.860027313232,9988.020030975342
2023-07-04 15:00:00+00:00,57.90999984741211,SELL,9581.770027160645,9987.14002609253
2023-07-05 07:00:00+00:00,57.560001373291016,SELL,9639.680027008057,9987.14002609253
2023-07-05 08:00:00+00:00,57.38999938964844,BUY,9582.120025634766,9985.040035247803
2023-07-05 09:00:00+00:00,57.33000183105469,BUY,9524.730026245117,9983.850021362305
2023-07-05 10:00:00+00:00,57.34000015258789,SELL,9582.060028076172,9983.370040893555
2023-07-05 11:00:00+00:00,57.34000015258789,SELL,9639.40002822876,9983.440029144287
2023-07-05 12:00:00+00:00,57.27999877929688,SELL,9696.740028381348,9983.440029144287
2023-07-05 13:00:00+00:00,57.130001068115234,SELL,9754.020027160645,9983.140022277832
2023-07-05 14:00:00+00:00,57.18000030517578,BUY,9696.89002609253,9982.540031433105
2023-07-05 15:00:00+00:00,57.459999084472656,SELL,9754.070026397705,9982.790027618408
2023-07-06 07:00:00+00:00,55.65999984741211,BUY,9696.610027313232,9983.910022735596
2023-07-06 08:00:00+00:00,55.61000061035156,BUY,9640.95002746582,9974.910026550293
2023-07-06 09:00:00+00:00,55.540000915527344,BUY,9585.340026855469,9974.61003112793
2023-07-06 10:00:00+00:00,55.18999862670898,SELL,9640.880027770996,9974.12003326416
2023-07-06 11:00:00+00:00,55.18000030517578,BUY,9585.690029144287,9972.02001953125
2023-07-06 12:00:00+00:00,55.02999877929688,HOLD,9585.690029144287,9971.950031280518
2023-07-06 13:00:00+00:00,54.84000015258789,BUY,9530.66003036499,9970.900020599365
2023-07-06 14:00:00+00:00,54.540000915527344,HOLD,9530.66003036499,9969.380031585693
2023-07-06 15:00:00+00:00,54.56999969482422,SELL,9585.200031280518,9966.980037689209
2023-07-07 07:00:00+00:00,54.93000030517578,BUY,9530.630031585693,9967.190029144287
2023-07-07 08:00:00+00:00,55.119998931884766,BUY,9475.700031280518,9970.0700340271
2023-07-07 09:00:00+00:00,55.4900016784668,SELL,9530.820030212402,9971.78002166748
2023-07-07 10:00:00+00:00,55.36000061035156,SELL,9586.31003189087,9974.740043640137
2023-07-07 11:00:00+00:00,55.36000061035156,BUY,9530.950031280518,9973.83003616333
2023-07-07 12:00:00+00:00,55.27999877929688,SELL,9586.31003189087,9973.83003616333
2023-07-07 13:00:00+00:00,55.31999969482422,BUY,9531.030033111572,9973.270023345947
2023-07-07 14:00:00+00:00,55.36000061035156,SELL,9586.350032806396,9973.590030670166
2023-07-07 15:00:00+00:00,55.13999938964844,SELL,9641.710033416748,9973.870037078857
2023-07-10 07:00:00+00:00,55.36000061035156,HOLD,9641.710033416748,9972.550029754639
2023-07-10 08:00:00+00:00,55.70000076293945,SELL,9697.0700340271,9973.870037078857
2023-07-10 09:00:00+00:00,55.7400016784668,SELL,9752.770034790039,9975.570037841797
2023-07-10 10:00:00+00:00,55.540000915527344,SELL,9808.510036468506,9975.730041503906
2023-07-10 11:00:00+00:00,55.52999877929688,HOLD,9808.510036468506,9975.130039215088
2023-07-10 12:00:00+00:00,55.619998931884766,HOLD,9808.510036468506,9975.100032806396
2023-07-10 13:00:00+00:00,55.77000045776367,SELL,9864.13003540039,9975.37003326416
2023-07-10 14:00:00+00:00,55.61000061035156,BUY,9808.360034942627,9975.670036315918
2023-07-10 15:00:00+00:00,55.41999816894531,HOLD,9808.360034942627,9975.190036773682
2023-07-11 07:00:00+00:00,55.40999984741211,HOLD,9808.360034942627,9974.620029449463
2023-07-11 08:00:00+00:00,55.41999816894531,SELL,9863.770034790039,9974.590034484863
2023-07-11 09:00:00+00:00,55.79999923706055,HOLD,9863.770034790039,9974.61003112793
2023-07-11 10:00:00+00:00,55.709999084472656,BUY,9807.970035552979,9975.37003326416
2023-07-11 11:00:00+00:00,55.79999923706055,HOLD,9807.970035552979,9975.100032806396
2023-07-11 12:00:00+00:00,56.25,BUY,9752.170036315918,9975.37003326416
2023-07-11 13:00:00+00:00,56.150001525878906,SELL,9808.420036315918,9977.170036315918
2023-07-11 14:00:00+00:00,56.18999862670898,SELL,9864.570037841797,9976.870040893555
2023-07-11 15:00:00+00:00,56.15999984741211,BUY,9808.380039215088,9976.950035095215
2023-07-12 07:00:00+00:00,56.16999816894531,SELL,9864.5400390625,9976.860038757324
2023-07-12 08:00:00+00:00,56.09999847412109,SELL,9920.710037231445,9976.88003540039
2023-07-12 09:00:00+00:00,56.18000030517578,HOLD,9920.710037231445,9976.810035705566
2023-07-12 10:00:00+00:00,56.13999938964844,BUY,9864.53003692627,9976.890037536621
2023-07-12 11:00:00+00:00,56.150001525878906,HOLD,9864.53003692627,9976.810035705566
2023-07-12 12:00:00+00:00,56.18000030517578,HOLD,9864.53003692627,9976.830039978027
2023-07-12 13:00:00+00:00,56.52000045776367,SELL,9920.710037231445,9976.890037536621
2023-07-12 14:00:00+00:00,56.75,HOLD,9920.710037231445,9977.230037689209
2023-07-12 15:00:00+00:00,56.75,SELL,9977.460037231445,9977.460037231445
2023-07-13 07:00:00+00:00,56.83000183105469,HOLD,9977.460037231445,9977.460037231445
2023-07-13 08:00:00+00:00,56.93999862670898,HOLD,9977.460037231445,9977.460037231445
2023-07-13 09:00:00+00:00,56.790000915527344,SELL,9977.460037231445,9977.460037231445
2023-07-13 10:00:00+00:00,56.77999877929688,HOLD,9977.460037231445,9977.460037231445
2023-07-13 11:00:00+00:00,56.90999984741211,SELL,9977.460037231445,9977.460037231445
2023-07-13 12:00:00+00:00,56.93000030517578,BUY,9920.550037384033,9977.460037231445
2023-07-13 13:00:00+00:00,57.18000030517578,BUY,9863.620037078857,9977.480037689209
2023-07-13 14:00:00+00:00,56.880001068115234,SELL,9920.800037384033,9977.980037689209
2023-07-13 15:00:00+00:00,56.75,SELL,9977.680038452148,9977.680038452148
2023-07-14 07:00:00+00:00,56.79999923706055,BUY,9920.930038452148,9977.680038452148
2023-07-14 08:00:00+00:00,56.84000015258789,SELL,9977.730037689209,9977.730037689209
2023-07-14 09:00:00+00:00,56.75,BUY,9920.890037536621,9977.730037689209
2023-07-14 10:00:00+00:00,56.959999084472656,HOLD,9920.890037536621,9977.640037536621
2023-07-14 11:00:00+00:00,56.95000076293945,HOLD,9920.890037536621,9977.850036621094
2023-07-14 12:00:00+00:00,57.27999877929688,BUY,9863.940036773682,9977.84003829956
2023-07-14 13:00:00+00:00,56.900001525878906,SELL,9921.220035552979,9978.500034332275
2023-07-14 14:00:00+00:00,56.70000076293945,HOLD,9921.220035552979,9978.120037078857
2023-07-14 15:00:00+00:00,56.650001525878906,SELL,9977.920036315918,9977.920036315918
2023-07-17 07:00:00+00:00,56.93000030517578,SELL,9977.920036315918,9977.920036315918
2023-07-17 08:00:00+00:00,56.84000015258789,BUY,9920.990036010742,9977.920036315918
2023-07-17 09:00:00+00:00,56.77000045776367,BUY,9864.150035858154,9977.83003616333
2023-07-17 10:00:00+00:00,56.709999084472656,BUY,9807.38003540039,9977.690036773682
2023-07-17 11:00:00+00:00,56.63999938964844,BUY,9750.670036315918,9977.510032653809
2023-07-17 12:00:00+00:00,56.65999984741211,BUY,9694.03003692627,9977.230033874512
2023-07-17 13:00:00+00:00,56.869998931884766,BUY,9637.370037078857,9977.33003616333
2023-07-17 14:00:00+00:00,56.7400016784668,BUY,9580.500038146973,9978.590030670166
2023-07-17 15:00:00+00:00,56.63999938964844,SELL,9637.24003982544,9977.68004989624
2023-07-18 07:00:00+00:00,57.0,BUY,9580.600040435791,9977.08003616333
2023-07-18 08:00:00+00:00,57.209999084472656,SELL,9637.600040435791,9979.600040435791
2023-07-18 09:00:00+00:00,57.130001068115234,BUY,9580.390041351318,9980.860034942627
2023-07-18 10:00:00+00:00,57.13999938964844,HOLD,9580.390041351318,9980.300048828125
2023-07-18 11:00:00+00:00,56.95000076293945,SELL,9637.530040740967,9980.370037078857
2023-07-18 12:00:00+00:00,56.869998931884766,BUY,9580.580039978027,9979.230045318604
2023-07-18 13:00:00+00:00,57.290000915527344,BUY,9523.710041046143,9978.67003250122
2023-07-18 14:00:00+00:00,57.470001220703125,HOLD,9523.710041046143,9982.030048370361
2023-07-18 15:00:00+00:00,57.58000183105469,SELL,9581.180042266846,9983.470050811768
2023-07-19 07:00:00+00:00,57.83000183105469,BUY,9523.600040435791,9984.240055084229
2023-07-19 08:00:00+00:00,58.040000915527344,SELL,9581.430042266846,9986.240055084229
2023-07-19 09:00:00+00:00,58.04999923706055,HOLD,9581.430042266846,9987.710048675537
2023-07-19 10:00:00+00:00,58.06999969482422,SELL,9639.480041503906,9987.78003692627
2023-07-19 11:00:00+00:00,57.810001373291016,SELL,9697.55004119873,9987.900039672852
2023-07-19 12:00:00+00:00,57.810001373291016,SELL,9755.360042572021,9986.600048065186
2023-07-19 13:00:00+00:00,58.08000183105469,HOLD,9755.360042572021,9986.600048065186
2023-07-19 14:00:00+00:00,57.959999084472656,SELL,9813.440044403076,9987.68004989624
2023-07-19 15:00:00+00:00,58.02999877929688,SELL,9871.400043487549,9987.320041656494
2023-07-20 07:00:00+00:00,58.29999923706055,HOLD,9871.400043487549,9987.460041046143
2023-07-20 08:00:00+00:00,58.27000045776367,SELL,9929.70004272461,9988.00004196167
2023-07-20 09:00:00+00:00,58.0,BUY,9871.430042266846,9987.970043182373
2023-07-20 10:00:00+00:00,57.95000076293945,SELL,9929.430042266846,9987.430042266846
2023-07-20 11:00:00+00:00,58.04999923706055,HOLD,9929.430042266846,9987.380043029785
2023-07-20 12:00:00+00:00,58.040000915527344,HOLD,9929.430042266846,9987.480041503906
2023-07-20 13:00:00+00:00,58.31999969482422,BUY,9871.390041351318,9987.470043182373
2023-07-20 14:00:00+00:00,58.040000915527344,HOLD,9871.390041351318,9988.030040740967
2023-07-20 15:00:00+00:00,58.04999923706055,HOLD,9871.390041351318,9987.470043182373
2023-07-21 07:00:00+00:00,57.81999969482422,SELL,9929.440040588379,9987.49003982544
2023-07-21 08:00:00+00:00,58.04999923706055,HOLD,9929.440040588379,9987.260040283203
2023-07-21 09:00:00+00:00,58.150001525878906,HOLD,9929.440040588379,9987.49003982544
2023-07-21 10:00:00+00:00,58.060001373291016,BUY,9871.2900390625,9987.590042114258
2023-07-21 11:00:00+00:00,58.02000045776367,HOLD,9871.2900390625,9987.410041809082
2023-07-21 12:00:00+00:00,58.150001525878906,HOLD,9871.2900390625,9987.330039978027
2023-07-21 13:00:00+00:00,57.93000030517578,HOLD,9871.2900390625,9987.590042114258
2023-07-21 14:00:00+00:00,58.0099983215332,SELL,9929.220039367676,9987.150039672852
2023-07-21 15:00:00+00:00,57.95000076293945,HOLD,9929.220039367676,9987.230037689209
2023-07-24 07:00:00+00:00,57.470001220703125,SELL,9987.170040130615,9987.170040130615
2023-07-24 08:00:00+00:00,57.70000076293945,SELL,9987.170040130615,9987.170040130615
2023-07-24 09:00:00+00:00,57.84000015258789,HOLD,9987.170040130615,9987.170040130615
2023-07-24 10:00:00+00:00,57.91999816894531,BUY,9929.330039978027,9987.170040130615
2023-07-24 11:00:00+00:00,57.93999862670898,HOLD,9929.330039978027,9987.250038146973
2023-07-24 12:00:00+00:00,57.93000030517578,HOLD,9929.330039978027,9987.270038604736
2023-07-24 13:00:00+00:00,58.18999862670898,BUY,9871.400039672852,9987.260040283203
2023-07-24 14:00:00+00:00,58.27999877929688,BUY,9813.210041046143,9987.78003692627
2023-07-24 15:00:00+00:00,58.380001068115234,BUY,9754.930042266846,9988.050037384033
2023-07-25 07:00:00+00:00,58.650001525878906,HOLD,9754.930042266846,9988.450046539307
2023-07-25 08:00:00+00:00,58.61000061035156,SELL,9813.580043792725,9989.530048370361
2023-07-25 09:00:00+00:00,58.560001373291016,SELL,9872.190044403076,9989.41004562378
2023-07-25 10:00:00+00:00,58.52000045776367,BUY,9813.630043029785,9989.310047149658
2023-07-25 11:00:00+00:00,58.4900016784668,BUY,9755.110042572021,9989.190044403076
2023-07-25 12:00:00+00:00,58.709999084472656,BUY,9696.620040893555,9989.070049285889
2023-07-25 13:00:00+00:00,58.470001220703125,HOLD,9696.620040893555,9990.170036315918
2023-07-25 14:00:00+00:00,58.38999938964844,SELL,9755.090042114258,9988.97004699707
2023-07-25 15:00:00+00:00,58.56999969482422,HOLD,9755.090042114258,9988.650039672852
2023-07-26 07:00:00+00:00,58.34999847412109,HOLD,9755.090042114258,9989.370040893555
2023-07-26 08:00:00+00:00,58.13999938964844,SELL,9813.440040588379,9988.490036010742
2023-07-26 09:00:00+00:00,58.0099983215332,SELL,9871.580039978027,9987.860038757324
2023-07-26 10:00:00+00:00,57.97999954223633,SELL,9929.59003829956,9987.600036621094
2023-07-26 11:00:00+00:00,57.970001220703125,HOLD,9929.59003829956,9987.570037841797
2023-07-26 12:00:00+00:00,57.810001373291016,SELL,9987.560039520264,9987.560039520264
2023-07-26 13:00:00+00:00,57.90999984741211,SELL,9987.560039520264,9987.560039520264
2023-07-26 14:00:00+00:00,57.869998931884766,HOLD,9987.560039520264,9987.560039520264
2023-07-26 15:00:00+00:00,58.11000061035156,BUY,9929.690040588379,9987.560039520264
2023-07-27 07:00:00+00:00,59.86000061035156,BUY,9871.580039978027,9987.80004119873
2023-07-27 08:00:00+00:00,60.5,HOLD,9871.580039978027,9991.30004119873
2023-07-27 09:00:00+00:00,60.150001525878906,SELL,9932.080039978027,9992.580039978027
2023-07-27 10:00:00+00:00,60.209999084472656,SELL,9992.230041503906,9992.230041503906
2023-07-27 11:00:00+00:00,59.95000076293945,BUY,9932.020042419434,9992.230041503906
2023-07-27 12:00:00+00:00,59.54999923706055,SELL,9991.970043182373,9991.970043182373
2023-07-27 13:00:00+00:00,59.58000183105469,HOLD,9991.970043182373,9991.970043182373
2023-07-27 14:00:00+00:00,59.88999938964844,BUY,9932.390041351318,9991.970043182373
2023-07-27 15:00:00+00:00,59.79999923706055,BUY,9872.50004196167,9992.280040740967
2023-07-28 07:00:00+00:00,60.06999969482422,BUY,9812.70004272461,9992.100040435791
2023-07-28 08:00:00+00:00,60.65999984741211,HOLD,9812.70004272461,9992.910041809082
2023-07-28 09:00:00+00:00,60.650001525878906,BUY,9752.040042877197,9994.680042266846
2023-07-28 10:00:00+00:00,60.41999816894531,HOLD,9752.040042877197,9994.640048980713
2023-07-28 11:00:00+00:00,60.43000030517578,HOLD,9752.040042877197,9993.720035552979
2023-07-28 12:00:00+00:00,60.4900016784668,BUY,9691.610042572021,9993.7600440979
2023-07-28 13:00:00+00:00,60.13999938964844,HOLD,9691.610042572021,9994.060050964355
2023-07-28 14:00:00+00:00,60.08000183105469,SELL,9751.75004196167,9992.310039520264
2023-07-28 15:00:00+00:00,60.290000915527344,HOLD,9751.75004196167,9992.070049285889
2023-07-31 07:00:00+00:00,59.93999862670898,BUY,9691.460041046143,9992.91004562378
2023-07-31 08:00:00+00:00,60.20000076293945,SELL,9751.400039672852,9991.160034179688
2023-07-31 09:00:00+00:00,60.220001220703125,BUY,9691.200038909912,9992.20004272461
2023-07-31 10:00:00+00:00,60.2400016784668,SELL,9751.420040130615,9992.300045013428
2023-07-31 11:00:00+00:00,60.16999816894531,BUY,9691.180038452148,9992.380046844482
2023-07-31 12:00:00+00:00,60.22999954223633,HOLD,9691.180038452148,9992.030029296875
2023-07-31 13:00:00+00:00,60.18999862670898,BUY,9630.950038909912,9992.33003616333
2023-07-31 14:00:00+00:00,60.18000030517578,BUY,9570.760040283203,9992.090030670166
2023-07-31 15:00:00+00:00,60.130001068115234,BUY,9510.580039978027,9992.020042419434
2023-08-01 07:00:00+00:00,59.93000030517578,HOLD,9510.580039978027,9991.62004852295
2023-08-01 08:00:00+00:00,59.65999984741211,HOLD,9510.580039978027,9990.020042419434
2023-08-01 09:00:00+00:00,59.41999816894531,SELL,9570.24003982544,9987.860038757324
2023-08-01 10:00:00+00:00,59.41999816894531,SELL,9629.660037994385,9986.180027008057
2023-08-01 11:00:00+00:00,59.2599983215332,SELL,9689.08003616333,9986.180027008057
2023-08-01 12:00:00+00:00,59.5,BUY,9629.820037841797,9985.380027770996
2023-08-01 13:00:00+00:00,59.43000030517578,SELL,9689.320037841797,9986.820037841797
2023-08-01 14:00:00+00:00,59.11000061035156,BUY,9629.890037536621,9986.470039367676
2023-08-01 15:00:00+00:00,58.97999954223633,BUY,9570.78003692627,9984.55004119873
2023-08-02 07:00:00+00:00,57.90999984741211,SELL,9629.760036468506,9983.640033721924
2023-08-02 08:00:00+00:00,57.61000061035156,HOLD,9629.760036468506,9977.220035552979
2023-08-02 09:00:00+00:00,57.7400016784668,SELL,9687.370037078857,9975.420040130615
2023-08-02 10:00:00+00:00,58.13999938964844,SELL,9745.110038757324,9976.070045471191
2023-08-02 11:00:00+00:00,57.97999954223633,SELL,9803.250038146973,9977.670036315918
2023-08-02 12:00:00+00:00,57.7599983215332,BUY,9745.270038604736,9977.190036773682
2023-08-02 13:00:00+00:00,57.790000915527344,HOLD,9745.270038604736,9976.31003189087
2023-08-02 14:00:00+00:00,57.27999877929688,SELL,9803.060039520264,9976.430042266846
2023-08-02 15:00:00+00:00,57.43000030517578,HOLD,9803.060039520264,9974.900035858154
2023-08-03 07:00:00+00:00,57.13999938964844,BUY,9745.630039215088,9975.350040435791
2023-08-03 08:00:00+00:00,57.209999084472656,HOLD,9745.630039215088,9974.190036773682
2023-08-03 09:00:00+00:00,57.68000030517578,HOLD,9745.630039215088,9974.470035552979
2023-08-03 10:00:00+00:00,57.77000045776367,BUY,9687.950038909912,9976.350040435791
2023-08-03 11:00:00+00:00,57.84999847412109,BUY,9630.180038452148,9976.80004119873
2023-08-03 12:00:00+00:00,58.08000183105469,HOLD,9630.180038452148,9977.280029296875
2023-08-03 13:00:00+00:00,58.060001373291016,BUY,9572.100036621094,9978.660049438477
2023-08-03 14:00:00+00:00,58.150001525878906,BUY,9514.040035247803,9978.52004623413
2023-08-03 15:00:00+00:00,58.209999084472656,SELL,9572.190036773682,9979.240047454834
2023-08-04 07:00:00+00:00,58.95000076293945,BUY,9513.980037689209,9979.66003036499
2023-08-04 08:00:00+00:00,59.119998931884766,BUY,9455.03003692627,9985.580043792725
2023-08-04 09:00:00+00:00,59.27000045776367,BUY,9395.910037994385,9987.110027313232
2023-08-04 10:00:00+00:00,59.09000015258789,BUY,9336.640037536621,9988.610042572021
2023-08-04 11:00:00+00:00,58.95000076293945,SELL,9395.730037689209,9986.630039215088
2023-08-04 12:00:00+00:00,59.060001373291016,BUY,9336.78003692627,9985.230045318604
2023-08-04 13:00:00+00:00,59.18000030517578,SELL,9395.84003829956,9986.44005203247
2023-08-04 14:00:00+00:00,59.54999923706055,HOLD,9395.84003829956,9987.640041351318
2023-08-04 15:00:00+00:00,59.209999084472656,BUY,9336.2900390625,9991.340030670166
2023-08-07 07:00:00+00:00,59.54999923706055,SELL,9395.500038146973,9987.6000289917
2023-08-07 08:00:00+00:00,59.13999938964844,BUY,9335.950038909912,9991.000030517578
2023-08-07 09:00:00+00:00,59.34999847412109,SELL,9395.09003829956,9986.490032196045
2023-08-07 10:00:00+00:00,59.150001525878906,HOLD,9395.09003829956,9988.590023040771
2023-08-07 11:00:00+00:00,59.41999816894531,BUY,9335.940036773682,9986.59005355835
2023-08-07 12:00:00+00:00,59.68000030517578,HOLD,9335.940036773682,9989.56001663208
2023-08-07 13:00:00+00:00,59.59000015258789,BUY,9276.260036468506,9992.420040130615
2023-08-07 14:00:00+00:00,59.68000030517578,SELL,9335.850036621094,9991.34003829956
2023-08-07 15:00:00+00:00,59.52999877929688,HOLD,9335.850036621094,9992.330039978027
2023-08-08 07:00:00+00:00,58.709999084472656,SELL,9395.38003540039,9990.68002319336
2023-08-08 08:00:00+00:00,58.540000915527344,SELL,9454.090034484863,9982.480026245117
2023-08-08 09:00:00+00:00,57.630001068115234,HOLD,9454.090034484863,9980.95004272461
2023-08-08 10:00:00+00:00,57.45000076293945,SELL,9511.720035552979,9972.7600440979
2023-08-08 11:00:00+00:00,57.18999862670898,BUY,9454.270034790039,9971.320041656494
2023-08-08 12:00:00+00:00,57.54999923706055,SELL,9511.460033416748,9968.98002243042
2023-08-08 13:00:00+00:00,57.47999954223633,SELL,9569.010032653809,9971.860027313232
2023-08-08 14:00:00+00:00,57.63999938964844,BUY,9511.530033111572,9971.370029449463
2023-08-08 15:00:00+00:00,57.540000915527344,HOLD,9511.530033111572,9972.65002822876
2023-08-09 07:00:00+00:00,58.83000183105469,HOLD,9511.530033111572,9971.850040435791
2023-08-09 08:00:00+00:00,59.0,SELL,9570.360034942627,9982.17004776001
2023-08-09 09:00:00+00:00,58.90999984741211,HOLD,9570.360034942627,9983.360034942627
2023-08-09 10:00:00+00:00,58.900001525878906,BUY,9511.450035095215,9982.730033874512
2023-08-09 11:00:00+00:00,58.880001068115234,SELL,9570.350036621094,9982.650047302246
2023-08-09 12:00:00+00:00,58.650001525878906,SELL,9629.230037689209,9982.5100440979
2023-08-09 13:00:00+00:00,58.93999862670898,BUY,9570.58003616333,9981.130046844482
2023-08-09 14:00:00+00:00,58.77999877929688,BUY,9511.640037536621,9983.160026550293
2023-08-09 15:00:00+00:00,58.4900016784668,SELL,9570.420036315918,9981.880027770996
2023-08-10 07:00:00+00:00,59.41999816894531,HOLD,9570.420036315918,9979.850048065186
2023-08-10 08:00:00+00:00,59.61000061035156,HOLD,9570.420036315918,9986.360023498535
2023-08-10 09:00:00+00:00,59.630001068115234,SELL,9630.03003692627,9987.690040588379
2023-08-10 10:00:00+00:00,59.59000015258789,BUY,9570.400035858154,9987.810043334961
2023-08-10 11:00:00+00:00,59.33000183105469,BUY,9510.810035705566,9987.53003692627
2023-08-10 12:00:00+00:00,59.68000030517578,SELL,9570.140037536621,9985.450050354004
2023-08-10 13:00:00+00:00,60.20000076293945,HOLD,9570.140037536621,9987.900039672852
2023-08-10 14:00:00+00:00,60.290000915527344,HOLD,9570.140037536621,9991.540042877197
2023-08-10 15:00:00+00:00,60.16999816894531,SELL,9630.430038452148,9992.170043945312
2023-08-11 07:00:00+00:00,59.970001220703125,BUY,9570.260040283203,9991.45002746582
2023-08-11 08:00:00+00:00,59.790000915527344,BUY,9510.2900390625,9990.050048828125
2023-08-11 09:00:00+00:00,59.79999923706055,SELL,9570.080039978027,9988.610046386719
2023-08-11 10:00:00+00:00,59.720001220703125,SELL,9629.880039215088,9988.680034637451
2023-08-11 11:00:00+00:00,59.709999084472656,HOLD,9629.880039215088,9988.200046539307
2023-08-11 12:00:00+00:00,59.27000045776367,BUY,9570.170040130615,9988.140033721924
2023-08-11 13:00:00+00:00,59.25,HOLD,9570.170040130615,9985.060043334961
2023-08-11 14:00:00+00:00,59.380001068115234,SELL,9629.420040130615,9984.920040130615
2023-08-11 15:00:00+00:00,59.41999816894531,SELL,9688.80004119873,9985.700046539307
2023-08-14 07:00:00+00:00,59.900001525878906,BUY,9629.380043029785,9985.900032043457
2023-08-14 08:00:00+00:00,60.0099983215332,BUY,9569.480041503906,9988.780052185059
2023-08-14 09:00:00+00:00,60.0,SELL,9629.49003982544,9989.550029754639
2023-08-14 10:00:00+00:00,59.97999954223633,HOLD,9629.49003982544,9989.49003982544
2023-08-14 11:00:00+00:00,59.880001068115234,SELL,9689.470039367676,9989.370037078857
2023-08-14 12:00:00+00:00,59.83000183105469,HOLD,9689.470039367676,9988.870044708252
2023-08-14 13:00:00+00:00,59.560001373291016,HOLD,9689.470039367676,9988.62004852295
2023-08-14 14:00:00+00:00,59.68000030517578,BUY,9629.910037994385,9987.27004623413
2023-08-14 15:00:00+00:00,59.630001068115234,SELL,9689.59003829956,9987.99003982544
2023-08-15 07:00:00+00:00,59.15999984741211,SELL,9749.220039367676,9987.740043640137
2023-08-15 08:00:00+00:00,59.040000915527344,HOLD,9749.220039367676,9985.860038757324
2023-08-15 09:00:00+00:00,58.959999084472656,BUY,9690.180038452148,9985.380043029785
2023-08-15 10:00:00+00:00,58.77000045776367,BUY,9631.220039367676,9984.980033874512
2023-08-15 11:00:00+00:00,58.86000061035156,BUY,9572.450038909912,9983.840042114258
2023-08-15 12:00:00+00:00,58.91999816894531,HOLD,9572.450038909912,9984.470043182373
2023-08-15 13:00:00+00:00,58.91999816894531,BUY,9513.530040740967,9984.89002609253
2023-08-15 14:00:00+00:00,58.52999877929688,SELL,9572.450038909912,9984.89002609253
2023-08-15 15:00:00+00:00,58.77999877929688,SELL,9630.980037689209,9982.16003036499
2023-08-16 07:00:00+00:00,58.84000015258789,SELL,9689.760036468506,9983.66003036499
2023-08-16 08:00:00+00:00,58.86000061035156,SELL,9748.600036621094,9983.960037231445
2023-08-16 09:00:00+00:00,58.59999847412109,HOLD,9748.600036621094,9984.0400390625
2023-08-16 10:00:00+00:00,58.75,SELL,9807.200035095215,9983.000030517578
2023-08-16 11:00:00+00:00,58.709999084472656,SELL,9865.950035095215,9983.450035095215
2023-08-16 12:00:00+00:00,58.650001525878906,SELL,9924.660034179688,9983.37003326416
2023-08-16 13:00:00+00:00,58.72999954223633,BUY,9866.010032653809,9983.310035705566
2023-08-16 14:00:00+00:00,58.75,HOLD,9866.010032653809,9983.470031738281
2023-08-16 15:00:00+00:00,58.61000061035156,HOLD,9866.010032653809,9983.510032653809
2023-08-17 07:00:00+00:00,58.56999969482422,BUY,9807.400032043457,9983.230033874512
2023-08-17 08:00:00+00:00,58.66999816894531,SELL,9865.970031738281,9983.11003112793
2023-08-17 09:00:00+00:00,58.84999847412109,SELL,9924.640029907227,9983.310028076172
2023-08-17 10:00:00+00:00,59.130001068115234,HOLD,9924.640029907227,9983.490028381348
2023-08-17 11:00:00+00:00,59.27000045776367,SELL,9983.770030975342,9983.770030975342
2023-08-17 12:00:00+00:00,59.119998931884766,HOLD,9983.770030975342,9983.770030975342
2023-08-17 13:00:00+00:00,58.54999923706055,HOLD,9983.770030975342,9983.770030975342
2023-08-17 14:00:00+00:00,58.650001525878906,SELL,9983.770030975342,9983.770030975342
2023-08-17 15:00:00+00:00,58.5099983215332,SELL,9983.770030975342,9983.770030975342
2023-08-18 07:00:00+00:00,57.91999816894531,SELL,9983.770030975342,9983.770030975342
2023-08-18 08:00:00+00:00,58.02000045776367,HOLD,9983.770030975342,9983.770030975342
2023-08-18 09:00:00+00:00,57.68999862670898,SELL,9983.770030975342,9983.770030975342
2023-08-18 10:00:00+00:00,57.79999923706055,HOLD,9983.770030975342,9983.770030975342
2023-08-18 11:00:00+00:00,57.709999084472656,SELL,9983.770030975342,9983.770030975342
2023-08-18 12:00:00+00:00,57.84000015258789,HOLD,9983.770030975342,9983.770030975342
2023-08-18 13:00:00+00:00,57.7599983215332,BUY,9925.930030822754,9983.770030975342
2023-08-18 14:00:00+00:00,58.119998931884766,BUY,9868.17003250122,9983.690029144287
2023-08-18 15:00:00+00:00,58.220001220703125,SELL,9926.290031433105,9984.41003036499
2023-08-21 07:00:00+00:00,58.93999862670898,SELL,9984.510032653809,9984.510032653809
2023-08-21 08:00:00+00:00,58.79999923706055,HOLD,9984.510032653809,9984.510032653809
2023-08-21 09:00:00+00:00,58.97999954223633,SELL,9984.510032653809,9984.510032653809
2023-08-21 10:00:00+00:00,59.02999877929688,BUY,9925.530033111572,9984.510032653809
2023-08-21 11:00:00+00:00,59.02999877929688,SELL,9984.56003189087,9984.56003189087
2023-08-21 12:00:00+00:00,58.84999847412109,SELL,9984.56003189087,9984.56003189087
2023-08-21 13:00:00+00:00,58.52000045776367,BUY,9925.710033416748,9984.56003189087
2023-08-21 14:00:00+00:00,58.40999984741211,SELL,9984.230033874512,9984.230033874512
2023-08-21 15:00:00+00:00,58.369998931884766,BUY,9925.8200340271,9984.230033874512
2023-08-22 07:00:00+00:00,59.119998931884766,HOLD,9925.8200340271,9984.190032958984
2023-08-22 08:00:00+00:00,59.119998931884766,HOLD,9925.8200340271,9984.940032958984
2023-08-22 09:00:00+00:00,59.13999938964844,BUY,9866.700035095215,9984.940032958984
2023-08-22 10:00:00+00:00,59.2599983215332,BUY,9807.560035705566,9984.980033874512
2023-08-22 11:00:00+00:00,59.310001373291016,SELL,9866.8200340271,9985.340030670166
2023-08-22 12:00:00+00:00,59.27999877929688,SELL,9926.13003540039,9985.440036773682
2023-08-22 13:00:00+00:00,59.0099983215332,BUY,9866.850036621094,9985.410034179688
2023-08-22 14:00:00+00:00,58.7599983215332,HOLD,9866.850036621094,9984.87003326416
2023-08-22 15:00:00+00:00,58.61000061035156,BUY,9808.09003829956,9984.37003326416
2023-08-23 07:00:00+00:00,58.77999877929688,BUY,9749.480037689209,9983.920040130615
2023-08-23 08:00:00+00:00,58.95000076293945,BUY,9690.700038909912,9984.600032806396
2023-08-23 09:00:00+00:00,58.90999984741211,HOLD,9690.700038909912,9985.45004272461
2023-08-23 10:00:00+00:00,58.540000915527344,SELL,9749.610038757324,9985.250038146973
2023-08-23 11:00:00+00:00,58.63999938964844,BUY,9691.070037841797,9983.770042419434
2023-08-23 12:00:00+00:00,58.5,BUY,9632.430038452148,9984.270034790039
2023-08-23 13:00:00+00:00,58.40999984741211,SELL,9690.930038452148,9983.430038452148
2023-08-23 14:00:00+00:00,58.540000915527344,HOLD,9690.930038452148,9982.980037689209
2023-08-23 15:00:00+00:00,58.5099983215332,BUY,9632.390037536621,9983.630043029785
2023-08-24 07:00:00+00:00,58.9900016784668,SELL,9690.900035858154,9983.45002746582
2023-08-24 08:00:00+00:00,58.86000061035156,BUY,9631.910034179688,9985.850044250488
2023-08-24 09:00:00+00:00,58.630001068115234,BUY,9573.050033569336,9985.070037841797
2023-08-24 10:00:00+00:00,58.54999923706055,HOLD,9573.050033569336,9983.460041046143
2023-08-24 11:00:00+00:00,58.68000030517578,HOLD,9573.050033569336,9982.90002822876
2023-08-24 12:00:00+00:00,58.709999084472656,SELL,9631.730033874512,9983.810035705566
2023-08-24 13:00:00+00:00,58.83000183105469,BUY,9573.020034790039,9983.990028381348
2023-08-24 14:00:00+00:00,58.5099983215332,SELL,9631.850036621094,9984.830047607422
2023-08-24 15:00:00+00:00,58.5,BUY,9573.34003829956,9982.910026550293
2023-08-25 07:00:00+00:00,58.43000030517578,SELL,9631.84003829956,9982.84003829956
2023-08-25 08:00:00+00:00,58.52999877929688,SELL,9690.270038604736,9982.420040130615
2023-08-25 09:00:00+00:00,58.54999923706055,SELL,9748.800037384033,9982.92003250122
2023-08-25 10:00:00+00:00,58.81999969482422,BUY,9690.250038146973,9983.000034332275
2023-08-25 11:00:00+00:00,58.91999816894531,BUY,9631.430038452148,9984.350036621094
2023-08-25 12:00:00+00:00,58.90999984741211,BUY,9572.510040283203,9984.95002746582
2023-08-25 13:00:00+00:00,58.52999877929688,BUY,9513.600040435791,9984.880039215088
2023-08-25 14:00:00+00:00,58.29999923706055,BUY,9455.070041656494,9981.840030670166
2023-08-25 15:00:00+00:00,58.40999984741211,BUY,9396.770042419434,9979.770034790039
2023-08-28 07:00:00+00:00,59.06999969482422,SELL,9455.180042266846,9980.870040893555
2023-08-28 08:00:00+00:00,59.13999938964844,HOLD,9455.180042266846,9986.810039520264
2023-08-28 09:00:00+00:00,59.150001525878906,BUY,9396.040042877197,9987.440036773682
2023-08-28 10:00:00+00:00,59.09000015258789,SELL,9455.190044403076,9987.540058135986
2023-08-28 11:00:00+00:00,59.27000045776367,BUY,9396.100044250488,9987.000045776367
2023-08-28 12:00:00+00:00,59.40999984741211,HOLD,9396.100044250488,9988.800048828125
2023-08-28 13:00:00+00:00,59.630001068115234,SELL,9455.5100440979,9990.20004272461
2023-08-28 14:00:00+00:00,59.630001068115234,SELL,9515.140045166016,9992.180053710938
2023-08-28 15:00:00+00:00,59.459999084472656,SELL,9574.77004623413,9992.180053710938
2023-08-29 07:00:00+00:00,59.61000061035156,BUY,9515.310047149658,9990.99003982544
2023-08-29 08:00:00+00:00,59.63999938964844,SELL,9574.92004776001,9992.19005203247
2023-08-29 09:00:00+00:00,59.77999877929688,BUY,9515.280048370361,9992.400043487549
2023-08-29 10:00:00+00:00,59.88999938964844,HOLD,9515.280048370361,9993.520038604736
2023-08-29 11:00:00+00:00,59.86000061035156,SELL,9575.17004776001,9994.400043487549
2023-08-29 12:00:00+00:00,59.77000045776367,BUY,9515.310047149658,9994.19005203247
2023-08-29 13:00:00+00:00,59.93000030517578,SELL,9575.080047607422,9993.470050811768
2023-08-29 14:00:00+00:00,59.93999862670898,SELL,9635.010047912598,9994.590049743652
2023-08-29 15:00:00+00:00,59.88999938964844,HOLD,9635.010047912598,9994.650039672852
2023-08-30 07:00:00+00:00,60.59000015258789,SELL,9694.900047302246,9994.350044250488
2023-08-30 08:00:00+00:00,60.25,BUY,9634.310047149658,9997.850048065186
2023-08-30 09:00:00+00:00,60.220001220703125,HOLD,9634.310047149658,9995.810047149658
2023-08-30 10:00:00+00:00,60.36000061035156,HOLD,9634.310047149658,9995.630054473877
2023-08-30 11:00:00+00:00,60.16999816894531,SELL,9694.67004776001,9996.470050811768
2023-08-30 12:00:00+00:00,60.290000915527344,HOLD,9694.67004776001,9995.520038604736
2023-08-30 13:00:00+00:00,60.34000015258789,SELL,9754.960048675537,9996.120052337646
2023-08-30 14:00:00+00:00,60.08000183105469,SELL,9815.300048828125,9996.320049285889
2023-08-30 15:00:00+00:00,60.0,HOLD,9815.300048828125,9995.540054321289
2023-08-31 07:00:00+00:00,60.630001068115234,HOLD,9815.300048828125,9995.300048828125
2023-08-31 08:00:00+00:00,60.18000030517578,HOLD,9815.300048828125,9997.19005203247
2023-08-31 09:00:00+00:00,59.84999847412109,HOLD,9815.300048828125,9995.840049743652
2023-08-31 10:00:00+00:00,59.97999954223633,HOLD,9815.300048828125,9994.850044250488
2023-08-31 11:00:00+00:00,60.209999084472656,HOLD,9815.300048828125,9995.240047454834
2023-08-31 12:00:00+00:00,60.18999862670898,HOLD,9815.300048828125,9995.930046081543
2023-08-31 13:00:00+00:00,60.04999923706055,BUY,9755.110050201416,9995.870044708252
2023-08-31 14:00:00+00:00,59.77999877929688,HOLD,9755.110050201416,9995.310047149658
2023-08-31 15:00:00+00:00,59.68000030517578,HOLD,9755.110050201416,9994.230045318604
2023-09-01 07:00:00+00:00,60.119998931884766,HOLD,9755.110050201416,9993.83005142212
2023-09-01 08:00:00+00:00,60.09999847412109,SELL,9815.2300491333,9995.590045928955
2023-09-01 09:00:00+00:00,59.959999084472656,HOLD,9815.2300491333,9995.530044555664
2023-09-01 10:00:00+00:00,60.040000915527344,SELL,9875.190048217773,9995.110046386719
2023-09-01 11:00:00+00:00,59.95000076293945,BUY,9815.150047302246,9995.270050048828
2023-09-01 12:00:00+00:00,59.540000915527344,BUY,9755.200046539307,9995.000049591064
2023-09-01 13:00:00+00:00,59.65999984741211,HOLD,9755.200046539307,9993.360050201416
2023-09-01 14:00:00+00:00,59.560001373291016,BUY,9695.540046691895,9993.840045928955
2023-09-01 15:00:00+00:00,59.63999938964844,SELL,9755.100048065186,9993.34005355835
2023-09-04 07:00:00+00:00,60.16999816894531,HOLD,9755.100048065186,9993.66004562378
2023-09-04 08:00:00+00:00,60.02000045776367,BUY,9694.93004989624,9995.780040740967
2023-09-04 09:00:00+00:00,60.02000045776367,HOLD,9694.93004989624,9995.030052185059
2023-09-04 10:00:00+00:00,60.0,HOLD,9694.93004989624,9995.030052185059
2023-09-04 11:00:00+00:00,59.810001373291016,BUY,9634.93004989624,9994.93004989624
2023-09-04 12:00:00+00:00,59.83000183105469,BUY,9575.12004852295,9993.790058135986
2023-09-04 13:00:00+00:00,59.709999084472656,BUY,9515.290046691895,9993.930061340332
2023-09-04 14:00:00+00:00,59.27999877929688,SELL,9575.000045776367,9992.970039367676
2023-09-04 15:00:00+00:00,59.369998931884766,SELL,9634.280044555664,9989.960037231445
2023-09-05 07:00:00+00:00,58.84000015258789,SELL,9693.650043487549,9990.500038146973
2023-09-05 08:00:00+00:00,59.09999847412109,SELL,9752.490043640137,9987.850044250488
2023-09-05 09:00:00+00:00,59.560001373291016,HOLD,9752.490043640137,9988.890037536621
2023-09-05 10:00:00+00:00,59.88999938964844,SELL,9812.050045013428,9990.7300491333
2023-09-05 11:00:00+00:00,59.84000015258789,BUY,9752.16004562378,9991.720043182373
2023-09-05 12:00:00+00:00,59.880001068115234,BUY,9692.320045471191,9991.52004623413
2023-09-05 13:00:00+00:00,59.70000076293945,SELL,9752.200046539307,9991.720050811768
2023-09-05 14:00:00+00:00,59.47999954223633,HOLD,9752.200046539307,9991.000049591064
2023-09-05 15:00:00+00:00,59.45000076293945,HOLD,9752.200046539307,9990.120044708252
2023-09-06 07:00:00+00:00,58.90999984741211,HOLD,9752.200046539307,9990.000049591064
2023-09-06 08:00:00+00:00,58.75,HOLD,9752.200046539307,9987.840045928955
2023-09-06 09:00:00+00:00,58.470001220703125,BUY,9693.450046539307,9987.200046539307
2023-09-06 10:00:00+00:00,58.369998931884766,BUY,9634.980045318604,9985.800052642822
2023-09-06 11:00:00+00:00,58.130001068115234,HOLD,9634.980045318604,9985.200038909912
2023-09-06 12:00:00+00:00,58.2599983215332,HOLD,9634.980045318604,9983.760051727295
2023-09-06 13:00:00+00:00,58.52999877929688,SELL,9693.240043640137,9984.540035247803
2023-09-06 14:00:00+00:00,58.560001373291016,SELL,9751.770042419434,9985.890037536621
2023-09-06 15:00:00+00:00,58.59000015258789,BUY,9693.210041046143,9986.010047912598
2023-09-07 07:00:00+00:00,58.56999969482422,HOLD,9693.210041046143,9986.160041809082
2023-09-07 08:00:00+00:00,58.7599983215332,BUY,9634.640041351318,9986.060039520264
2023-09-07 09:00:00+00:00,58.720001220703125,BUY,9575.880043029785,9987.200031280518
2023-09-07 10:00:00+00:00,58.65999984741211,SELL,9634.600044250488,9986.920051574707
2023-09-07 11:00:00+00:00,58.45000076293945,SELL,9693.2600440979,9986.560043334961
2023-09-07 12:00:00+00:00,58.400001525878906,BUY,9634.810043334961,9985.510047912598
2023-09-07 13:00:00+00:00,58.68000030517578,BUY,9576.410041809082,9985.210052490234
2023-09-07 14:00:00+00:00,58.54999923706055,BUY,9517.730041503906,9987.170043945312
2023-09-07 15:00:00+00:00,58.52999877929688,HOLD,9517.730041503906,9986.13003540039
2023-09-08 07:00:00+00:00,58.630001068115234,BUY,9459.20004272461,9985.970031738281
2023-09-08 08:00:00+00:00,57.93999862670898,SELL,9517.830043792725,9986.870052337646
2023-09-08 09:00:00+00:00,57.56999969482422,HOLD,9517.830043792725,9981.350032806396
2023-09-08 10:00:00+00:00,57.97999954223633,SELL,9575.400043487549,9978.390041351318
2023-09-08 11:00:00+00:00,57.75,SELL,9633.380043029785,9981.260040283203
2023-09-08 12:00:00+00:00,58.119998931884766,HOLD,9633.380043029785,9979.880043029785
2023-09-08 13:00:00+00:00,58.25,SELL,9691.50004196167,9982.100036621094
2023-09-08 14:00:00+00:00,58.4900016784668,BUY,9633.25004196167,9982.75004196167
2023-09-08 15:00:00+00:00,58.43999862670898,HOLD,9633.25004196167,9984.19005203247
2023-09-11 07:00:00+00:00,59.310001373291016,BUY,9574.810043334961,9983.890033721924
2023-09-11 08:00:00+00:00,58.9900016784668,HOLD,9574.810043334961,9989.980052947998
2023-09-11 09:00:00+00:00,59.25,HOLD,9574.810043334961,9987.740055084229
2023-09-11 10:00:00+00:00,59.369998931884766,SELL,9634.060043334961,9989.560043334961
2023-09-11 11:00:00+00:00,59.130001068115234,HOLD,9634.060043334961,9990.28003692627
2023-09-11 12:00:00+00:00,59.34000015258789,BUY,9574.930042266846,9988.840049743652
2023-09-11 13:00:00+00:00,59.5,SELL,9634.270042419434,9990.310043334961
2023-09-11 14:00:00+00:00,59.59999847412109,HOLD,9634.270042419434,9991.270042419434
2023-09-11 15:00:00+00:00,59.41999816894531,BUY,9574.670043945312,9991.87003326416
2023-09-12 07:00:00+00:00,59.68999862670898,BUY,9515.250045776367,9990.61003112793
2023-09-12 08:00:00+00:00,59.66999816894531,BUY,9455.560047149658,9992.770034790039
2023-09-12 09:00:00+00:00,59.68999862670898,SELL,9515.230045318604,9992.590030670166
2023-09-12 10:00:00+00:00,59.83000183105469,BUY,9455.540046691895,9992.750034332275
2023-09-12 11:00:00+00:00,59.54999923706055,BUY,9395.71004486084,9994.010063171387
2023-09-12 12:00:00+00:00,59.68000030517578,SELL,9455.2600440979,9991.210037231445
2023-09-12 13:00:00+00:00,59.61000061035156,SELL,9514.940044403076,9992.380046844482
2023-09-12 14:00:00+00:00,59.84000015258789,HOLD,9514.940044403076,9991.820049285889
2023-09-12 15:00:00+00:00,59.84000015258789,HOLD,9514.940044403076,9993.66004562378
2023-09-13 07:00:00+00:00,60.09999847412109,BUY,9455.100044250488,9993.66004562378
2023-09-13 08:00:00+00:00,59.86000061035156,BUY,9395.000045776367,9996.000030517578
2023-09-13 09:00:00+00:00,60.02999877929688,HOLD,9395.000045776367,9993.600051879883
2023-09-13 10:00:00+00:00,59.81999969482422,BUY,9334.97004699707,9995.300033569336
2023-09-13 11:00:00+00:00,59.93999862670898,HOLD,9334.97004699707,9992.990043640137
2023-09-13 12:00:00+00:00,60.04999923706055,BUY,9275.030048370361,9994.31003189087
2023-09-13 13:00:00+00:00,60.2400016784668,BUY,9214.9800491333,9995.630039215088
2023-09-13 14:00:00+00:00,60.16999816894531,SELL,9275.220050811768,9998.10007095337
2023-09-13 15:00:00+00:00,59.9900016784668,HOLD,9275.220050811768,9997.260028839111
2023-09-14 07:00:00+00:00,60.09999847412109,BUY,9215.2300491333,9995.10007095337
2023-09-14 08:00:00+00:00,60.2599983215332,SELL,9275.330047607422,9996.530029296875
2023-09-14 09:00:00+00:00,60.47999954223633,SELL,9335.590045928955,9998.45002746582
2023-09-14 10:00:00+00:00,60.68999862670898,HOLD,9335.590045928955,10000.870040893555
2023-09-14 11:00:00+00:00,60.41999816894531,SELL,9396.280044555664,10003.180030822754
2023-09-14 12:00:00+00:00,61.400001525878906,BUY,9335.860046386719,10000.480026245117
2023-09-14 13:00:00+00:00,61.43999862670898,HOLD,9335.860046386719,10011.260063171387
2023-09-14 14:00:00+00:00,61.540000915527344,BUY,9274.42004776001,10011.700031280518
2023-09-14 15:00:00+00:00,61.310001373291016,SELL,9335.960048675537,10012.900058746338
2023-09-15 07:00:00+00:00,61.88999938964844,HOLD,9335.960048675537,10010.370063781738
2023-09-15 08:00:00+00:00,61.900001525878906,HOLD,9335.960048675537,10016.75004196167
2023-09-15 09:00:00+00:00,62.09999847412109,HOLD,9335.960048675537,10016.860065460205
2023-09-15 10:00:00+00:00,62.08000183105469,SELL,9398.060047149658,10019.06003189087
2023-09-15 11:00:00+00:00,61.95000076293945,BUY,9335.980045318604,10018.860065460205
2023-09-15 12:00:00+00:00,61.66999816894531,SELL,9397.930046081543,10017.430053710938
2023-09-15 13:00:00+00:00,61.52000045776367,SELL,9459.600044250488,10014.630027770996
2023-09-15 14:00:00+00:00,61.33000183105469,SELL,9521.120044708252,10013.280048370361
2023-09-15 15:00:00+00:00,61.459999084472656,BUY,9459.790042877197,10011.76005935669
2023-09-18 07:00:00+00:00,61.209999084472656,BUY,9398.330043792725,10012.930034637451
2023-09-18 08:00:00+00:00,60.65999984741211,SELL,9459.540042877197,10010.430034637451
2023-09-18 09:00:00+00:00,60.290000915527344,HOLD,9459.540042877197,10005.480041503906
2023-09-18 10:00:00+00:00,60.40999984741211,HOLD,9459.540042877197,10002.150051116943
2023-09-18 11:00:00+00:00,59.970001220703125,SELL,9519.95004272461,10003.230041503906
2023-09-18 12:00:00+00:00,60.22999954223633,SELL,9579.920043945312,9999.710052490234
2023-09-18 13:00:00+00:00,60.18999862670898,BUY,9519.690044403076,10001.530040740967
2023-09-18 14:00:00+00:00,59.97999954223633,SELL,9579.880043029785,10001.210033416748
2023-09-18 15:00:00+00:00,60.040000915527344,BUY,9519.900043487549,9999.74003982544
2023-09-19 07:00:00+00:00,60.720001220703125,HOLD,9519.900043487549,10000.220050811768
2023-09-19 08:00:00+00:00,60.900001525878906,SELL,9580.620044708252,10005.660053253174
2023-09-19 09:00:00+00:00,60.970001220703125,BUY,9519.720043182373,10006.920055389404
2023-09-19 10:00:00+00:00,60.97999954223633,SELL,9580.690044403076,10007.480052947998
2023-09-19 11:00:00+00:00,61.040000915527344,SELL,9641.670043945312,10007.55004119873
2023-09-19 12:00:00+00:00,60.790000915527344,HOLD,9641.670043945312,10007.910049438477
2023-09-19 13:00:00+00:00,60.90999984741211,HOLD,9641.670043945312,10006.410049438477
2023-09-19 14:00:00+00:00,61.02999877929688,HOLD,9641.670043945312,10007.130043029785
2023-09-19 15:00:00+00:00,61.060001373291016,BUY,9580.640045166016,10007.850036621094
2023-09-20 07:00:00+00:00,61.77999877929688,BUY,9519.580043792725,10008.060054779053
2023-09-20 08:00:00+00:00,61.88999938964844,BUY,9457.800045013428,10013.8200340271
2023-09-20 09:00:00+00:00,62.119998931884766,HOLD,9457.800045013428,10014.810039520264
2023-09-20 10:00:00+00:00,62.130001068115234,BUY,9395.680046081543,10016.88003540039
2023-09-20 11:00:00+00:00,62.25,HOLD,9395.680046081543,10016.980056762695
2023-09-20 12:00:00+00:00,62.400001525878906,HOLD,9395.680046081543,10018.180046081543
2023-09-20 13:00:00+00:00,62.59999847412109,BUY,9333.280044555664,10019.680061340332
2023-09-20 14:00:00+00:00,62.2599983215332,BUY,9270.680046081543,10021.880027770996
2023-09-20 15:00:00+00:00,62.08000183105469,BUY,9208.42004776001,10017.800025939941
2023-09-21 07:00:00+00:00,61.84999847412109,SELL,9270.500049591064,10015.46007156372
2023-09-21 08:00:00+00:00,61.720001220703125,HOLD,9270.500049591064,10012.700031280518
2023-09-21 09:00:00+00:00,61.65999984741211,HOLD,9270.500049591064,10011.140064239502
2023-09-21 10:00:00+00:00,61.400001525878906,SELL,9332.160049438477,10010.42004776001
2023-09-21 11:00:00+00:00,61.41999816894531,SELL,9393.560050964355,10007.560066223145
2023-09-21 12:00:00+00:00,61.40999984741211,HOLD,9393.560050964355,10007.760032653809
2023-09-21 13:00:00+00:00,61.52999877929688,BUY,9332.150051116943,10007.660049438477
2023-09-21 14:00:00+00:00,61.54999923706055,BUY,9270.620052337646,10008.980037689209
2023-09-21 15:00:00+00:00,61.619998931884766,BUY,9209.070053100586,10009.220043182373
2023-09-22 07:00:00+00:00,60.77999877929688,SELL,9270.69005203247,10010.130039215088
2023-09-22 08:00:00+00:00,60.59000015258789,BUY,9209.910053253174,10000.050037384033
2023-09-22 09:00:00+00:00,60.84999847412109,SELL,9270.500053405762,9997.580055236816
2023-09-22 10:00:00+00:00,60.83000183105469,SELL,9331.350051879883,10000.700035095215
2023-09-22 11:00:00+00:00,60.880001068115234,HOLD,9331.350051879883,10000.480072021484
2023-09-22 12:00:00+00:00,60.86000061035156,SELL,9392.230052947998,10001.03006362915
2023-09-22 13:00:00+00:00,60.77999877929688,SELL,9453.09005355835,10000.830059051514
2023-09-22 14:00:00+00:00,60.77999877929688,BUY,9392.310054779053,10000.110042572021
2023-09-22 15:00:00+00:00,60.86000061035156,BUY,9331.530055999756,10000.110042572021
2023-09-25 07:00:00+00:00,61.36000061035156,SELL,9392.390056610107,10000.990062713623
2023-09-25 08:00:00+00:00,60.900001525878906,BUY,9331.030055999756,10005.990062713623
2023-09-25 09:00:00+00:00,61.209999084472656,HOLD,9331.030055999756,10000.930072784424
2023-09-25 10:00:00+00:00,61.27000045776367,HOLD,9331.030055999756,10004.340045928955
2023-09-25 11:00:00+00:00,60.88999938964844,SELL,9392.30005645752,10005.000061035156
2023-09-25 12:00:00+00:00,60.650001525878906,SELL,9453.190055847168,10001.200050354004
2023-09-25 13:00:00+00:00,60.43000030517578,BUY,9392.540054321289,9999.040069580078
2023-09-25 14:00:00+00:00,60.18000030517578,HOLD,9392.540054321289,9996.840057373047
2023-09-25 15:00:00+00:00,60.369998931884766,HOLD,9392.540054321289,9994.340057373047
2023-09-26 07:00:00+00:00,59.90999984741211,SELL,9452.910053253174,9996.240043640137
2023-09-26 08:00:00+00:00,60.459999084472656,SELL,9512.820053100586,9992.100051879883
2023-09-26 09:00:00+00:00,60.130001068115234,HOLD,9512.820053100586,9996.500045776367
2023-09-26 10:00:00+00:00,60.38999938964844,SELL,9572.950054168701,9993.860061645508
2023-09-26 11:00:00+00:00,60.33000183105469,SELL,9633.34005355835,9995.68004989624
2023-09-26 12:00:00+00:00,60.25,SELL,9693.670055389404,9995.320064544678
2023-09-26 13:00:00+00:00,60.27999877929688,BUY,9633.420055389404,9994.920055389404
2023-09-26 14:00:00+00:00,60.27000045776367,BUY,9573.140056610107,9995.100048065186
2023-09-26 15:00:00+00:00,60.150001525878906,HOLD,9573.140056610107,9995.030059814453
2023-09-27 07:00:00+00:00,60.4900016784668,BUY,9512.990055084229,9994.19006729126
2023-09-27 08:00:00+00:00,60.43000030517578,HOLD,9512.990055084229,9996.910068511963
2023-09-27 09:00:00+00:00,60.369998931884766,BUY,9452.560054779053,9996.430057525635
2023-09-27 10:00:00+00:00,59.970001220703125,BUY,9392.190055847168,9995.890045166016
2023-09-27 11:00:00+00:00,59.93999862670898,SELL,9452.160057067871,9991.8900680542
2023-09-27 12:00:00+00:00,59.9900016784668,HOLD,9452.160057067871,9991.620044708252
2023-09-27 13:00:00+00:00,59.95000076293945,SELL,9512.150058746338,9992.070072174072
2023-09-27 14:00:00+00:00,59.79999923706055,SELL,9572.100059509277,9991.750064849854
2023-09-27 15:00:00+00:00,59.9900016784668,HOLD,9572.100059509277,9990.700054168701
2023-09-28 07:00:00+00:00,60.0099983215332,BUY,9512.11005783081,9992.030071258545
2023-09-28 08:00:00+00:00,59.93000030517578,SELL,9572.120056152344,9992.190044403076
2023-09-28 09:00:00+00:00,60.15999984741211,HOLD,9572.120056152344,9991.630058288574
2023-09-28 10:00:00+00:00,60.33000183105469,BUY,9511.960056304932,9993.240055084229
2023-09-28 11:00:00+00:00,60.27000045776367,SELL,9572.290058135986,9994.60007095337
2023-09-28 12:00:00+00:00,60.22999954223633,HOLD,9572.290058135986,9994.180061340332
2023-09-28 13:00:00+00:00,60.220001220703125,SELL,9632.520057678223,9993.90005493164
2023-09-28 14:00:00+00:00,60.54999923706055,BUY,9572.30005645752,9993.840065002441
2023-09-28 15:00:00+00:00,60.560001373291016,HOLD,9572.30005645752,9996.150051116943
2023-09-29 07:00:00+00:00,60.220001220703125,BUY,9511.740055084229,9996.220066070557
2023-09-29 08:00:00+00:00,60.290000915527344,BUY,9451.520053863525,9993.500064849854
2023-09-29 09:00:00+00:00,60.52999877929688,SELL,9511.810054779053,9994.130062103271
2023-09-29 10:00:00+00:00,60.77000045776367,BUY,9451.280055999756,9996.050045013428
2023-09-29 11:00:00+00:00,60.54999923706055,BUY,9390.510055541992,9998.210060119629
2023-09-29 12:00:00+00:00,60.59000015258789,BUY,9329.960056304932,9996.010047912598
2023-09-29 13:00:00+00:00,60.5099983215332,BUY,9269.370056152344,9996.450057983398
2023-09-29 14:00:00+00:00,60.43000030517578,SELL,9329.880054473877,9995.490036010742
2023-09-29 15:00:00+00:00,60.470001220703125,SELL,9390.310054779053,9994.61005783081
2023-10-02 07:00:00+00:00,60.7400016784668,BUY,9329.84005355835,9995.010066986084
2023-10-02 08:00:00+00:00,60.72999954223633,HOLD,9329.84005355835,9997.980072021484
2023-10-02 09:00:00+00:00,60.41999816894531,SELL,9390.570053100586,9997.87004852295
2023-10-02 10:00:00+00:00,60.470001220703125,BUY,9330.15005493164,9994.770034790039
2023-10-02 11:00:00+00:00,60.38999938964844,SELL,9390.620056152344,9995.320068359375
2023-10-02 12:00:00+00:00,60.27999877929688,BUY,9330.230056762695,9994.520050048828
2023-10-02 13:00:00+00:00,59.970001220703125,BUY,9269.950057983398,9993.310043334961
2023-10-02 14:00:00+00:00,59.5,SELL,9329.920059204102,9989.590072631836
2023-10-02 15:00:00+00:00,59.63999938964844,SELL,9389.420059204102,9984.420059204102
2023-10-03 07:00:00+00:00,59.400001525878906,HOLD,9389.420059204102,9985.820053100586
2023-10-03 08:00:00+00:00,59.68000030517578,BUY,9330.020057678223,9983.42007446289
2023-10-03 09:00:00+00:00,59.4900016784668,HOLD,9330.020057678223,9986.500061035156
2023-10-03 10:00:00+00:00,59.31999969482422,BUY,9270.530055999756,9984.410076141357
2023-10-03 11:00:00+00:00,58.93000030517578,BUY,9211.210056304932,9982.370052337646
2023-10-03 12:00:00+00:00,58.7599983215332,HOLD,9211.210056304932,9977.300060272217
2023-10-03 13:00:00+00:00,58.959999084472656,SELL,9269.970054626465,9975.090034484863
2023-10-03 14:00:00+00:00,58.79999923706055,HOLD,9269.970054626465,9977.490043640137
2023-10-03 15:00:00+00:00,58.810001373291016,BUY,9211.170055389404,9975.570045471191
2023-10-04 07:00:00+00:00,58.56999969482422,HOLD,9211.170055389404,9975.700073242188
2023-10-04 08:00:00+00:00,58.68000030517578,BUY,9152.60005569458,9972.58005142212
2023-10-04 09:00:00+00:00,58.83000183105469,SELL,9211.280055999756,9974.120059967041
2023-10-04 10:00:00+00:00,58.83000183105469,SELL,9270.11005783081,9976.070079803467
2023-10-04 11:00:00+00:00,58.79999923706055,SELL,9328.940059661865,9976.070079803467
2023-10-04 12:00:00+00:00,58.84000015258789,HOLD,9328.940059661865,9975.740051269531
2023-10-04 13:00:00+00:00,58.54999923706055,BUY,9270.100059509277,9976.180061340332
2023-10-04 14:00:00+00:00,58.459999084472656,HOLD,9270.100059509277,9972.700050354004
2023-10-04 15:00:00+00:00,58.54999923706055,SELL,9328.56005859375,9971.62004852295
2023-10-05 07:00:00+00:00,58.970001220703125,HOLD,9328.56005859375,9972.610050201416
2023-10-05 08:00:00+00:00,58.81999969482422,HOLD,9328.56005859375,9977.230072021484
2023-10-05 09:00:00+00:00,58.709999084472656,HOLD,9328.56005859375,9975.580055236816
2023-10-05 10:00:00+00:00,58.970001220703125,BUY,9269.850059509277,9974.37004852295
2023-10-05 11:00:00+00:00,59.16999816894531,HOLD,9269.850059509277,9977.490074157715
2023-10-05 12:00:00+00:00,58.97999954223633,BUY,9210.680061340332,9979.890037536621
2023-10-05 13:00:00+00:00,59.27000045776367,BUY,9151.700061798096,9977.420055389404
2023-10-05 14:00:00+00:00,59.29999923706055,SELL,9210.97006225586,9981.480068206787
2023-10-05 15:00:00+00:00,59.18000030517578,BUY,9151.670063018799,9981.870052337646
2023-10-06 07:00:00+00:00,59.84000015258789,SELL,9210.850063323975,9980.19006729126
2023-10-06 08:00:00+00:00,59.68999862670898,SELL,9270.690063476562,9988.770065307617
2023-10-06 09:00:00+00:00,59.81999969482422,BUY,9211.000064849854,9986.97004699707
2023-10-06 10:00:00+00:00,59.880001068115234,BUY,9151.18006515503,9988.660060882568
2023-10-06 11:00:00+00:00,60.060001373291016,BUY,9091.300064086914,9989.500080108643
2023-10-06 12:00:00+00:00,59.47999954223633,BUY,9031.240062713623,9992.20008468628
2023-10-06 13:00:00+00:00,59.650001525878906,SELL,9090.72006225586,9982.920055389404
2023-10-06 14:00:00+00:00,59.619998931884766,SELL,9150.370063781738,9985.470085144043
2023-10-06 15:00:00+00:00,59.9900016784668,SELL,9209.990062713623,9985.050048828125
2023-10-09 07:00:00+00:00,59.08000183105469,BUY,9150.000061035156,9989.860084533691
2023-10-09 08:00:00+00:00,59.27000045776367,SELL,9209.080062866211,9977.120086669922
2023-10-09 09:00:00+00:00,59.02000045776367,BUY,9149.810062408447,9979.590068817139
2023-10-09 10:00:00+00:00,58.95000076293945,BUY,9090.790061950684,9976.090068817139
2023-10-09 11:00:00+00:00,58.880001068115234,SELL,9149.740062713623,9975.040073394775
2023-10-09 12:00:00+00:00,58.68999862670898,BUY,9090.860061645508,9974.060077667236
2023-10-09 13:00:00+00:00,58.970001220703125,SELL,9149.550060272217,9971.210041046143
2023-10-09 14:00:00+00:00,58.810001373291016,BUY,9090.580059051514,9975.13007736206
2023-10-09 15:00:00+00:00,58.959999084472656,SELL,9149.390060424805,9972.730079650879
2023-10-10 07:00:00+00:00,59.86000061035156,HOLD,9149.390060424805,9974.830047607422
2023-10-10 08:00:00+00:00,59.900001525878906,BUY,9089.530059814453,9987.430068969727
2023-10-10 09:00:00+00:00,59.81999969482422,HOLD,9089.530059814453,9988.030082702637
2023-10-10 10:00:00+00:00,59.93999862670898,SELL,9149.350059509277,9986.830055236816
2023-10-10 11:00:00+00:00,59.720001220703125,HOLD,9149.350059509277,9988.510040283203
2023-10-10 12:00:00+00:00,59.79999923706055,BUY,9089.630058288574,9985.430076599121
2023-10-10 13:00:00+00:00,60.0,SELL,9149.430057525635,9986.630046844482
2023-10-10 14:00:00+00:00,59.97999954223633,SELL,9209.430057525635,9989.430057525635
2023-10-10 15:00:00+00:00,59.970001220703125,HOLD,9209.430057525635,9989.170051574707
2023-10-11 07:00:00+00:00,59.7400016784668,HOLD,9209.430057525635,9989.040073394775
2023-10-11 08:00:00+00:00,59.77999877929688,SELL,9269.170059204102,9986.050079345703
2023-10-11 09:00:00+00:00,59.84000015258789,BUY,9209.390060424805,9986.530044555664
2023-10-11 10:00:00+00:00,59.86000061035156,BUY,9149.550060272217,9987.310062408447
2023-10-11 11:00:00+00:00,60.13999938964844,SELL,9209.410060882568,9987.590068817139
2023-10-11 12:00:00+00:00,60.36000061035156,BUY,9149.27006149292,9991.230052947998
2023-10-11 13:00:00+00:00,60.41999816894531,BUY,9088.910060882568,9994.310070037842
2023-10-11 14:00:00+00:00,60.38999938964844,SELL,9149.330059051514,9995.210033416748
2023-10-11 15:00:00+00:00,60.20000076293945,HOLD,9149.330059051514,9994.790050506592
2023-10-12 07:00:00+00:00,59.79999923706055,SELL,9209.530059814453,9992.130069732666
2023-10-12 08:00:00+00:00,59.97999954223633,BUY,9149.730060577393,9986.93004989624
2023-10-12 09:00:00+00:00,60.0099983215332,HOLD,9149.730060577393,9989.450054168701
2023-10-12 10:00:00+00:00,60.15999984741211,BUY,9089.72006225586,9989.870037078857
2023-10-12 11:00:00+00:00,59.91999816894531,SELL,9149.880062103271,9992.120059967041
2023-10-12 12:00:00+00:00,59.72999954223633,SELL,9209.800060272217,9988.760036468506
2023-10-12 13:00:00+00:00,59.290000915527344,SELL,9269.530059814453,9986.290054321289
2023-10-12 14:00:00+00:00,59.43000030517578,HOLD,9269.530059814453,9981.010070800781
2023-10-12 15:00:00+00:00,59.45000076293945,SELL,9328.960060119629,9982.690063476562
2023-10-13 07:00:00+00:00,58.77999877929688,HOLD,9328.960060119629,9982.910068511963
2023-10-13 08:00:00+00:00,58.369998931884766,BUY,9270.180061340332,9975.540046691895
2023-10-13 09:00:00+00:00,57.18999862670898,HOLD,9270.180061340332,9970.62004852295
2023-10-13 10:00:00+00:00,57.68000030517578,HOLD,9270.180061340332,9956.46004486084
2023-10-13 11:00:00+00:00,57.59000015258789,BUY,9212.500061035156,9962.340065002441
2023-10-13 12:00:00+00:00,57.66999816894531,HOLD,9212.500061035156,9961.170063018799
2023-10-13 13:00:00+00:00,57.720001220703125,SELL,9270.170059204102,9962.210037231445
2023-10-13 14:00:00+00:00,57.65999984741211,SELL,9327.890060424805,9962.810073852539
2023-10-13 15:00:00+00:00,57.65999984741211,SELL,9385.550060272217,9962.150058746338
2023-10-16 07:00:00+00:00,57.5,BUY,9327.890060424805,9962.150058746338
2023-10-16 08:00:00+00:00,57.68999862670898,BUY,9270.390060424805,9960.390060424805
2023-10-16 09:00:00+00:00,57.95000076293945,HOLD,9270.390060424805,9962.670043945312
2023-10-16 10:00:00+00:00,58.13999938964844,HOLD,9270.390060424805,9965.790069580078
2023-10-16 11:00:00+00:00,58.040000915527344,BUY,9212.250061035156,9968.070053100586
2023-10-16 12:00:00+00:00,58.09999847412109,HOLD,9212.250061035156,9966.770072937012
2023-10-16 13:00:00+00:00,58.02000045776367,HOLD,9212.250061035156,9967.55004119873
2023-10-16 14:00:00+00:00,58.11000061035156,BUY,9154.230060577393,9966.510066986084
2023-10-16 15:00:00+00:00,57.790000915527344,SELL,9212.340061187744,9967.770069122314
2023-10-17 07:00:00+00:00,58.060001373291016,SELL,9270.130062103271,9963.6100730896
2023-10-17 08:00:00+00:00,57.400001525878906,HOLD,9270.130062103271,9966.850078582764
2023-10-17 09:00:00+00:00,57.619998931884766,SELL,9327.53006362915,9958.930080413818
2023-10-17 10:00:00+00:00,57.65999984741211,BUY,9269.910064697266,9961.350051879883
2023-10-17 11:00:00+00:00,57.52000045776367,SELL,9327.570064544678,9961.830062866211
2023-10-17 12:00:00+00:00,57.369998931884766,BUY,9270.050064086914,9960.290069580078
2023-10-17 13:00:00+00:00,57.43999862670898,HOLD,9270.050064086914,9958.490051269531
2023-10-17 14:00:00+00:00,57.59000015258789,BUY,9212.610065460205,9959.330047607422
2023-10-17 15:00:00+00:00,57.630001068115234,HOLD,9212.610065460205,9961.280067443848
2023-10-18 07:00:00+00:00,57.66999816894531,SELL,9270.24006652832,9961.800079345703
2023-10-18 08:00:00+00:00,57.970001220703125,HOLD,9270.24006652832,9962.280044555664
2023-10-18 09:00:00+00:00,57.810001373291016,HOLD,9270.24006652832,9965.880081176758
2023-10-18 10:00:00+00:00,57.459999084472656,BUY,9212.43006515503,9963.960083007812
2023-10-18 11:00:00+00:00,57.560001373291016,HOLD,9212.43006515503,9959.410053253174
2023-10-18 12:00:00+00:00,57.4900016784668,SELL,9269.99006652832,9960.710083007812
2023-10-18 13:00:00+00:00,57.2599983215332,HOLD,9269.99006652832,9959.870086669922
2023-10-18 14:00:00+00:00,57.38999938964844,SELL,9327.250064849854,9957.110046386719
2023-10-18 15:00:00+00:00,57.2400016784668,HOLD,9327.250064849854,9958.540058135986
2023-10-19 07:00:00+00:00,56.34000015258789,BUY,9270.010063171387,9956.890083312988
2023-10-19 08:00:00+00:00,56.400001525878906,SELL,9326.350063323975,9946.090065002441
2023-10-19 09:00:00+00:00,56.709999084472656,BUY,9269.950061798096,9946.750080108643
2023-10-19 10:00:00+00:00,56.91999816894531,SELL,9326.660060882568,9950.470050811768
2023-10-19 11:00:00+00:00,56.70000076293945,SELL,9383.580059051514,9952.780040740967
2023-10-19 12:00:00+00:00,56.619998931884766,HOLD,9383.580059051514,9950.580066680908
2023-10-19 13:00:00+00:00,56.59000015258789,BUY,9326.960060119629,9949.780048370361
2023-10-19 14:00:00+00:00,56.720001220703125,BUY,9270.370059967041,9949.450061798096
2023-10-19 15:00:00+00:00,56.72999954223633,HOLD,9270.370059967041,9951.010074615479
2023-10-20 07:00:00+00:00,55.93000030517578,SELL,9327.100059509277,9951.130054473877
2023-10-20 08:00:00+00:00,56.0099983215332,HOLD,9327.100059509277,9942.330062866211
2023-10-20 09:00:00+00:00,56.130001068115234,SELL,9383.11005783081,9943.210041046143
2023-10-20 10:00:00+00:00,55.959999084472656,BUY,9326.980056762695,9944.410068511963
2023-10-20 11:00:00+00:00,55.91999816894531,HOLD,9326.980056762695,9942.540046691895
2023-10-20 12:00:00+00:00,55.84000015258789,SELL,9382.90005493164,9942.100036621094
2023-10-20 13:00:00+00:00,55.83000183105469,BUY,9327.060054779053,9941.30005645752
2023-10-20 14:00:00+00:00,55.75,HOLD,9327.060054779053,9941.190074920654
2023-10-20 15:00:00+00:00,55.61000061035156,BUY,9271.310054779053,9940.310054779053
2023-10-23 07:00:00+00:00,55.34000015258789,SELL,9326.920055389404,9938.630062103271
2023-10-23 08:00:00+00:00,55.77000045776367,SELL,9382.260055541992,9935.660057067871
2023-10-23 09:00:00+00:00,55.31999969482422,HOLD,9382.260055541992,9939.960060119629
2023-10-23 10:00:00+00:00,55.68000030517578,BUY,9326.940055847168,9935.460052490234
2023-10-23 11:00:00+00:00,55.7599983215332,SELL,9382.620056152344,9939.420059204102
2023-10-23 12:00:00+00:00,55.77999877929688,BUY,9326.86005783081,9940.220039367676
2023-10-23 13:00:00+00:00,55.72999954223633,BUY,9271.080059051514,9940.440044403076
2023-10-23 14:00:00+00:00,56.150001525878906,HOLD,9271.080059051514,9939.84005355835
2023-10-23 15:00:00+00:00,56.209999084472656,SELL,9327.230060577393,9944.88007736206
2023-10-24 07:00:00+00:00,55.84000015258789,HOLD,9327.230060577393,9945.540050506592
2023-10-24 08:00:00+00:00,55.959999084472656,HOLD,9327.230060577393,9941.47006225586
2023-10-24 09:00:00+00:00,56.09000015258789,BUY,9271.27006149292,9942.790050506592
2023-10-24 10:00:00+00:00,55.93000030517578,HOLD,9271.27006149292,9944.350063323975
2023-10-24 11:00:00+00:00,56.02000045776367,HOLD,9271.27006149292,9942.43006515503
2023-10-24 12:00:00+00:00,56.02000045776367,BUY,9215.250061035156,9943.510066986084
2023-10-24 13:00:00+00:00,55.97999954223633,BUY,9159.230060577393,9943.510066986084
2023-10-24 14:00:00+00:00,56.0,BUY,9103.250061035156,9942.950054168701
2023-10-24 15:00:00+00:00,55.810001373291016,HOLD,9103.250061035156,9943.250061035156
2023-10-25 07:00:00+00:00,55.75,BUY,9047.440059661865,9940.400081634521
2023-10-25 08:00:00+00:00,56.04999923706055,SELL,9103.190059661865,9939.440059661865
2023-10-25 09:00:00+00:00,55.86000061035156,HOLD,9103.190059661865,9943.940048217773
2023-10-25 10:00:00+00:00,56.150001525878906,BUY,9047.330059051514,9941.090068817139
2023-10-25 11:00:00+00:00,56.0,HOLD,9047.330059051514,9945.730083465576
2023-10-25 12:00:00+00:00,56.0,SELL,9103.330059051514,9943.330059051514
2023-10-25 13:00:00+00:00,55.900001525878906,SELL,9159.330059051514,9943.330059051514
2023-10-25 14:00:00+00:00,55.9900016784668,SELL,9215.230060577393,9941.930080413818
2023-10-25 15:00:00+00:00,56.15999984741211,SELL,9271.22006225586,9943.100082397461
2023-10-26 07:00:00+00:00,53.63999938964844,BUY,9215.060062408447,9945.140060424805
2023-10-26 08:00:00+00:00,53.81999969482422,HOLD,9215.060062408447,9912.380054473877
2023-10-26 09:00:00+00:00,53.900001525878906,SELL,9268.880062103271,9914.720058441162
2023-10-26 10:00:00+00:00,53.869998931884766,BUY,9214.980060577393,9915.680080413818
2023-10-26 11:00:00+00:00,53.7599983215332,HOLD,9214.980060577393,9915.290046691895
2023-10-26 12:00:00+00:00,54.5,SELL,9268.740058898926,9913.860038757324
2023-10-26 13:00:00+00:00,54.56999969482422,BUY,9214.240058898926,9922.740058898926
2023-10-26 14:00:00+00:00,54.86000061035156,SELL,9268.81005859375,9923.65005493164
2023-10-26 15:00:00+00:00,54.75,BUY,9213.950057983398,9927.130065917969
2023-10-27 07:00:00+00:00,54.869998931884766,HOLD,9213.950057983398,9925.700057983398
2023-10-27 08:00:00+00:00,55.36000061035156,SELL,9268.820056915283,9927.2600440979
2023-10-27 09:00:00+00:00,55.16999816894531,HOLD,9268.820056915283,9933.140064239502
2023-10-27 10:00:00+00:00,55.130001068115234,HOLD,9268.820056915283,9930.860034942627
2023-10-27 11:00:00+00:00,54.77999877929688,SELL,9323.950057983398,9930.380069732666
2023-10-27 12:00:00+00:00,55.18000030517578,SELL,9378.730056762695,9926.530044555664
2023-10-27 13:00:00+00:00,55.04999923706055,BUY,9323.55005645752,9930.530059814453
2023-10-27 14:00:00+00:00,54.880001068115234,HOLD,9323.55005645752,9929.100048065186
2023-10-27 15:00:00+00:00,54.68999862670898,BUY,9268.670055389404,9927.230068206787
2023-10-30 08:00:00+00:00,53.83000183105469,HOLD,9268.670055389404,9924.950038909912
2023-10-30 09:00:00+00:00,54.040000915527344,BUY,9214.84005355835,9914.63007736206
2023-10-30 10:00:00+00:00,54.04999923706055,HOLD,9214.84005355835,9917.360065460205
2023-10-30 11:00:00+00:00,53.9900016784668,HOLD,9214.84005355835,9917.490043640137
2023-10-30 12:00:00+00:00,53.880001068115234,HOLD,9214.84005355835,9916.710075378418
2023-10-30 13:00:00+00:00,53.86000061035156,BUY,9160.960052490234,9915.280067443848
2023-10-30 14:00:00+00:00,53.68999862670898,HOLD,9160.960052490234,9915.000061035156
2023-10-30 15:00:00+00:00,53.869998931884766,HOLD,9160.960052490234,9912.62003326416
2023-10-30 16:00:00+00:00,53.65999984741211,SELL,9214.83005142212,9915.140037536621
2023-10-31 08:00:00+00:00,54.40999984741211,HOLD,9214.83005142212,9912.410049438477
2023-10-31 09:00:00+00:00,54.43000030517578,BUY,9160.420051574707,9922.160049438477
2023-10-31 10:00:00+00:00,54.54999923706055,HOLD,9160.420051574707,9922.440055847168
2023-10-31 11:00:00+00:00,54.619998931884766,BUY,9105.870052337646,9924.120040893555
2023-10-31 12:00:00+00:00,54.619998931884766,BUY,9051.250053405762,9925.170036315918
2023-10-31 13:00:00+00:00,54.459999084472656,SELL,9105.870052337646,9925.170036315918
2023-10-31 14:00:00+00:00,54.52000045776367,BUY,9051.410053253174,9922.770038604736
2023-10-31 15:00:00+00:00,54.40999984741211,HOLD,9051.410053253174,9923.730060577393
2023-10-31 16:00:00+00:00,54.36000061035156,HOLD,9051.410053253174,9921.970050811768
2023-11-01 08:00:00+00:00,54.540000915527344,SELL,9105.770053863525,9921.170063018799
2023-11-01 09:00:00+00:00,54.36000061035156,SELL,9160.310054779053,9923.870067596436
2023-11-01 10:00:00+00:00,54.310001373291016,HOLD,9160.310054779053,9921.350063323975
2023-11-01 11:00:00+00:00,54.209999084472656,HOLD,9160.310054779053,9920.650074005127
2023-11-01 12:00:00+00:00,54.369998931884766,BUY,9106.10005569458,9919.25004196167
2023-11-01 13:00:00+00:00,54.56999969482422,HOLD,9106.10005569458,9921.650039672852
2023-11-01 14:00:00+00:00,54.63999938964844,SELL,9160.670055389404,9924.650051116943
2023-11-01 15:00:00+00:00,54.59999847412109,SELL,9215.310054779053,9925.630046844482
2023-11-01 16:00:00+00:00,54.40999984741211,BUY,9160.710056304932,9925.110034942627
2023-11-02 08:00:00+00:00,55.380001068115234,HOLD,9160.710056304932,9922.450054168701
2023-11-02 09:00:00+00:00,55.40999984741211,HOLD,9160.710056304932,9936.030071258545
2023-11-02 10:00:00+00:00,55.54999923706055,BUY,9105.30005645752,9936.450054168701
2023-11-02 11:00:00+00:00,55.34999847412109,HOLD,9105.30005645752,9938.550045013428
2023-11-02 12:00:00+00:00,55.38999938964844,HOLD,9105.30005645752,9935.550033569336
2023-11-02 13:00:00+00:00,55.72999954223633,BUY,9049.910057067871,9936.150047302246
2023-11-02 14:00:00+00:00,55.959999084472656,HOLD,9049.910057067871,9941.590049743652
2023-11-02 15:00:00+00:00,55.619998931884766,HOLD,9049.910057067871,9945.270042419434
2023-11-02 16:00:00+00:00,55.58000183105469,SELL,9105.530055999756,9939.830039978027
2023-11-03 08:00:00+00:00,56.11000061035156,SELL,9161.11005783081,9939.230083465576
2023-11-03 09:00:00+00:00,55.9900016784668,SELL,9217.220058441162,9946.650066375732
2023-11-03 10:00:00+00:00,56.09999847412109,BUY,9161.230056762695,9945.09008026123
2023-11-03 11:00:00+00:00,56.130001068115234,SELL,9217.330055236816,9946.63003540039
2023-11-03 12:00:00+00:00,56.209999084472656,HOLD,9217.330055236816,9947.020069122314
2023-11-03 13:00:00+00:00,56.959999084472656,SELL,9273.540054321289,9948.060043334961
2023-11-03 14:00:00+00:00,56.650001525878906,SELL,9330.500053405762,9957.060043334961
2023-11-03 15:00:00+00:00,56.75,HOLD,9330.500053405762,9953.65007019043
2023-11-03 16:00:00+00:00,56.68999862670898,HOLD,9330.500053405762,9954.750053405762
2023-11-06 08:00:00+00:00,56.90999984741211,BUY,9273.810054779053,9954.09003829956
2023-11-06 09:00:00+00:00,56.75,SELL,9330.720054626465,9956.730052947998
2023-11-06 10:00:00+00:00,56.709999084472656,HOLD,9330.720054626465,9954.970054626465
2023-11-06 11:00:00+00:00,56.68000030517578,SELL,9387.430053710938,9954.530044555664
2023-11-06 12:00:00+00:00,56.72999954223633,SELL,9444.110054016113,9954.230056762695
2023-11-06 13:00:00+00:00,56.83000183105469,HOLD,9444.110054016113,9954.68004989624
2023-11-06 14:00:00+00:00,56.77999877929688,SELL,9500.940055847168,9955.580070495605
2023-11-06 15:00:00+00:00,56.720001220703125,BUY,9444.160057067871,9955.180046081543
2023-11-06 16:00:00+00:00,56.81999969482422,BUY,9387.440055847168,9954.6400680542
2023-11-07 08:00:00+00:00,56.77999877929688,HOLD,9387.440055847168,9955.64005279541
2023-11-07 09:00:00+00:00,56.52000045776367,HOLD,9387.440055847168,9955.240043640137
2023-11-07 10:00:00+00:00,56.45000076293945,SELL,9443.960056304932,9952.640060424805
2023-11-07 11:00:00+00:00,56.29999923706055,BUY,9387.510055541992,9952.010063171387
2023-11-07 12:00:00+00:00,56.22999954223633,SELL,9443.810054779053,9950.510047912598
2023-11-07 13:00:00+00:00,56.02999877929688,HOLD,9443.810054779053,9949.88005065918
2023-11-07 14:00:00+00:00,56.13999938964844,BUY,9387.780055999756,9948.080043792725
2023-11-07 15:00:00+00:00,56.220001220703125,HOLD,9387.780055999756,9949.18004989624
2023-11-07 16:00:00+00:00,56.08000183105469,HOLD,9387.780055999756,9949.980068206787
2023-11-08 08:00:00+00:00,55.70000076293945,HOLD,9387.780055999756,9948.580074310303
2023-11-08 09:00:00+00:00,55.75,HOLD,9387.780055999756,9944.78006362915
2023-11-08 10:00:00+00:00,55.77999877929688,BUY,9332.030055999756,9945.280055999756
2023-11-08 11:00:00+00:00,55.86000061035156,BUY,9276.250057220459,9945.610042572021
2023-11-08 12:00:00+00:00,55.959999084472656,BUY,9220.390056610107,9946.570064544678
2023-11-08 13:00:00+00:00,56.040000915527344,SELL,9276.35005569458,9947.870044708252
2023-11-08 14:00:00+00:00,56.33000183105469,BUY,9220.310054779053,9948.830066680908
2023-11-08 15:00:00+00:00,56.119998931884766,HOLD,9220.310054779053,9952.600078582764
2023-11-08 16:00:00+00:00,56.04999923706055,BUY,9164.190055847168,9949.870040893555
2023-11-09 08:00:00+00:00,55.65999984741211,SELL,9220.240055084229,9948.890045166016
2023-11-09 09:00:00+00:00,56.02999877929688,BUY,9164.580055236816,9943.820053100586
2023-11-09 10:00:00+00:00,56.22999954223633,SELL,9220.610054016113,9949.000038146973
2023-11-09 11:00:00+00:00,55.97999954223633,SELL,9276.84005355835,9951.600048065186
2023-11-09 12:00:00+00:00,55.86000061035156,HOLD,9276.84005355835,9948.600048065186
2023-11-09 13:00:00+00:00,55.869998931884766,HOLD,9276.84005355835,9947.160060882568
2023-11-09 14:00:00+00:00,55.880001068115234,BUY,9220.970054626465,9947.280040740967
2023-11-09 15:00:00+00:00,55.869998931884766,BUY,9165.09005355835,9947.410068511963
2023-11-09 16:00:00+00:00,56.0099983215332,BUY,9109.220054626465,9947.270038604736
2023-11-10 08:00:00+00:00,55.88999938964844,BUY,9053.210056304932,9949.370029449463
2023-11-10 09:00:00+00:00,55.84000015258789,SELL,9109.10005569458,9947.450046539307
2023-11-10 10:00:00+00:00,55.810001373291016,BUY,9053.260055541992,9946.700057983398
2023-11-10 11:00:00+00:00,55.7400016784668,SELL,9109.070056915283,9946.220077514648
2023-11-10 12:00:00+00:00,55.810001373291016,HOLD,9109.070056915283,9945.170082092285
2023-11-10 13:00:00+00:00,55.790000915527344,SELL,9164.880058288574,9946.220077514648
2023-11-10 14:00:00+00:00,55.52999877929688,BUY,9109.090057373047,9945.940071105957
2023-11-10 15:00:00+00:00,55.400001525878906,BUY,9053.56005859375,9942.0400390625
2023-11-10 16:00:00+00:00,55.560001373291016,BUY,8998.160057067871,9939.960083007812
2023-11-13 08:00:00+00:00,56.040000915527344,BUY,8942.60005569458,9942.680080413818
2023-11-13 09:00:00+00:00,55.880001068115234,SELL,8998.640056610107,9951.320072174072
2023-11-13 10:00:00+00:00,55.810001373291016,SELL,9054.520057678223,9948.600074768066
2023-11-13 11:00:00+00:00,55.63999938964844,HOLD,9054.520057678223,9947.480079650879
2023-11-13 12:00:00+00:00,55.59000015258789,BUY,8998.880058288574,9944.760047912598
2023-11-13 13:00:00+00:00,55.65999984741211,SELL,9054.470058441162,9943.910060882568
2023-11-13 14:00:00+00:00,55.65999984741211,HOLD,9054.470058441162,9945.030055999756
2023-11-13 15:00:00+00:00,55.7400016784668,BUY,8998.81005859375,9945.030055999756
2023-11-13 16:00:00+00:00,55.900001525878906,SELL,9054.550060272217,9946.390087127686
2023-11-14 08:00:00+00:00,55.5,HOLD,9054.550060272217,9948.95008468628
2023-11-14 09:00:00+00:00,55.18000030517578,BUY,8999.050060272217,9942.550060272217
2023-11-14 10:00:00+00:00,54.93000030517578,BUY,8943.870059967041,9937.110065460205
2023-11-14 11:00:00+00:00,54.900001525878906,HOLD,8943.870059967041,9932.610065460205
2023-11-14 12:00:00+00:00,54.86000061035156,BUY,8888.970058441162,9932.070087432861
2023-11-14 13:00:00+00:00,54.95000076293945,SELL,8943.830059051514,9931.310070037842
2023-11-14 14:00:00+00:00,55.58000183105469,HOLD,8943.830059051514,9932.930072784424
2023-11-14 15:00:00+00:00,55.7599983215332,BUY,8888.250057220459,9944.270092010498
2023-11-14 16:00:00+00:00,56.060001373291016,HOLD,8888.250057220459,9947.69002532959
2023-11-15 08:00:00+00:00,56.20000076293945,BUY,8832.190055847168,9953.390083312988
2023-11-15 09:00:00+00:00,55.97999954223633,SELL,8888.390056610107,9956.190071105957
2023-11-15 10:00:00+00:00,56.20000076293945,SELL,8944.370056152344,9952.010047912598
2023-11-15 11:00:00+00:00,56.40999984741211,SELL,9000.570056915283,9955.970069885254
2023-11-15 12:00:00+00:00,56.43999862670898,HOLD,9000.570056915283,9959.540054321289
2023-11-15 13:00:00+00:00,56.369998931884766,SELL,9057.010055541992,9960.050033569336
2023-11-15 14:00:00+00:00,56.31999969482422,HOLD,9057.010055541992,9958.930038452148
2023-11-15 15:00:00+00:00,56.41999816894531,HOLD,9057.010055541992,9958.13005065918
2023-11-15 16:00:00+00:00,56.5,BUY,9000.590057373047,9959.730026245117
2023-11-16 08:00:00+00:00,56.380001068115234,BUY,8944.090057373047,9961.090057373047
2023-11-16 09:00:00+00:00,56.130001068115234,BUY,8887.710056304932,9958.930076599121
2023-11-16 10:00:00+00:00,56.22999954223633,BUY,8831.580055236816,9954.180076599121
2023-11-16 11:00:00+00:00,56.220001220703125,HOLD,8831.580055236816,9956.180046081543
2023-11-16 12:00:00+00:00,56.27999877929688,SELL,8887.80005645752,9955.980079650879
2023-11-16 13:00:00+00:00,56.59000015258789,BUY,8831.520057678223,9957.12003326416
2023-11-16 14:00:00+00:00,56.27000045776367,HOLD,8831.520057678223,9963.32006072998
2023-11-16 15:00:00+00:00,56.08000183105469,HOLD,8831.520057678223,9956.920066833496
2023-11-16 16:00:00+00:00,56.08000183105469,BUY,8775.440055847168,9953.120094299316
2023-11-17 08:00:00+00:00,56.40999984741211,HOLD,8775.440055847168,9953.120094299316
2023-11-17 09:00:00+00:00,56.619998931884766,SELL,8831.85005569458,9960.050052642822
2023-11-17 10:00:00+00:00,56.709999084472656,BUY,8775.230056762695,9964.250034332275
2023-11-17 11:00:00+00:00,56.459999084472656,BUY,8718.520057678223,9966.140037536621
2023-11-17 12:00:00+00:00,56.61000061035156,SELL,8774.980056762695,9960.640037536621
2023-11-17 13:00:00+00:00,56.720001220703125,HOLD,8774.980056762695,9963.790069580078
2023-11-17 14:00:00+00:00,56.79999923706055,BUY,8718.260055541992,9966.100082397461
2023-11-17 15:00:00+00:00,56.7599983215332,HOLD,8718.260055541992,9967.860038757324
2023-11-17 16:00:00+00:00,56.68999862670898,SELL,8775.020053863525,9966.980018615723
2023-11-20 08:00:00+00:00,56.75,SELL,8831.710052490234,9965.510025024414
2023-11-20 09:00:00+00:00,56.75,HOLD,8831.710052490234,9966.710052490234
2023-11-20 10:00:00+00:00,56.70000076293945,HOLD,8831.710052490234,9966.710052490234
2023-11-20 11:00:00+00:00,56.59999847412109,SELL,8888.410053253174,9965.710067749023
2023-11-20 12:00:00+00:00,56.5099983215332,SELL,8945.010051727295,9963.810024261475
2023-11-20 13:00:00+00:00,56.77000045776367,SELL,9001.520050048828,9962.190021514893
2023-11-20 14:00:00+00:00,56.68000030517578,HOLD,9001.520050048828,9966.61005783081
2023-11-20 15:00:00+00:00,56.7599983215332,HOLD,9001.520050048828,9965.080055236816
2023-11-20 16:00:00+00:00,56.83000183105469,BUY,8944.760051727295,9966.440021514893
2023-11-21 08:00:00+00:00,56.58000183105469,SELL,9001.59005355835,9967.70008468628
2023-11-21 09:00:00+00:00,56.459999084472656,BUY,8945.010051727295,9963.45008468628
2023-11-21 10:00:00+00:00,56.41999816894531,SELL,9001.470050811768,9961.290035247803
2023-11-21 11:00:00+00:00,56.369998931884766,BUY,8945.050052642822,9960.610019683838
2023-11-21 12:00:00+00:00,56.2400016784668,BUY,8888.680053710938,9959.710033416748
2023-11-21 13:00:00+00:00,56.2400016784668,SELL,8944.920055389404,9957.240085601807
2023-11-21 14:00:00+00:00,56.31999969482422,BUY,8888.680053710938,9957.240085601807
2023-11-21 15:00:00+00:00,56.459999084472656,SELL,8945.000053405762,9958.760047912598
2023-11-21 16:00:00+00:00,56.45000076293945,BUY,8888.540054321289,9961.28003692627
2023-11-22 08:00:00+00:00,56.68999862670898,HOLD,8888.540054321289,9961.090068817139
2023-11-22 09:00:00+00:00,56.43000030517578,HOLD,8888.540054321289,9965.65002822876
2023-11-22 10:00:00+00:00,56.650001525878906,BUY,8832.110054016113,9960.710060119629
2023-11-22 11:00:00+00:00,56.41999816894531,HOLD,8832.110054016113,9965.110084533691
2023-11-22 12:00:00+00:00,56.52999877929688,SELL,8888.530052185059,9960.51001739502
2023-11-22 13:00:00+00:00,56.619998931884766,SELL,8945.060050964355,9962.6000289917
2023-11-22 14:00:00+00:00,56.459999084472656,HOLD,8945.060050964355,9964.220031738281
2023-11-22 15:00:00+00:00,56.709999084472656,BUY,8888.600051879883,9961.340034484863
2023-11-22 16:00:00+00:00,56.56999969482422,BUY,8831.89005279541,9966.090034484863
2023-11-23 08:00:00+00:00,56.88999938964844,HOLD,8831.89005279541,9963.290046691895
2023-11-23 09:00:00+00:00,56.880001068115234,SELL,8888.780052185059,9969.690040588379
2023-11-23 10:00:00+00:00,56.68999862670898,SELL,8945.660053253174,9969.500072479248
2023-11-23 11:00:00+00:00,56.59999847412109,BUY,8888.970054626465,9966.080028533936
2023-11-23 12:00:00+00:00,56.79999923706055,SELL,8945.570053100586,9964.370025634766
2023-11-23 13:00:00+00:00,56.84999847412109,BUY,8888.770053863525,9967.970039367676
2023-11-23 14:00:00+00:00,56.81999969482422,BUY,8831.920055389404,9968.920024871826
2023-11-23 15:00:00+00:00,56.790000915527344,HOLD,8831.920055389404,9968.320049285889
2023-11-23 16:00:00+00:00,56.79999923706055,BUY,8775.130054473877,9967.720073699951
2023-11-24 08:00:00+00:00,56.900001525878906,SELL,8831.930053710938,9967.930038452148
2023-11-24 09:00:00+00:00,57.04999923706055,BUY,8775.030052185059,9969.930084228516
2023-11-24 10:00:00+00:00,57.27000045776367,BUY,8717.980052947998,9973.08003616333
2023-11-24 11:00:00+00:00,57.060001373291016,HOLD,8717.980052947998,9977.920063018799
2023-11-24 12:00:00+00:00,56.97999954223633,SELL,8775.040054321289,9973.3000831604
2023-11-24 13:00:00+00:00,56.9900016784668,HOLD,8775.040054321289,9971.620044708252
2023-11-24 14:00:00+00:00,57.060001373291016,SELL,8832.030055999756,9971.830089569092
2023-11-24 15:00:00+00:00,57.02000045776367,BUY,8774.970054626465,9973.230083465576
2023-11-24 16:00:00+00:00,56.970001220703125,SELL,8831.990055084229,9972.390064239502
2023-11-27 08:00:00+00:00,56.7400016784668,HOLD,8831.990055084229,9971.390079498291
2023-11-27 09:00:00+00:00,56.630001068115234,BUY,8775.250053405762,9966.790088653564
2023-11-27 10:00:00+00:00,56.619998931884766,HOLD,8775.250053405762,9964.480075836182
2023-11-27 11:00:00+00:00,56.560001373291016,SELL,8831.870052337646,9964.270030975342
2023-11-27 12:00:00+00:00,56.58000183105469,HOLD,8831.870052337646,9963.070079803467
2023-11-27 13:00:00+00:00,56.4900016784668,SELL,8888.450054168701,9963.47008895874
2023-11-27 14:00:00+00:00,56.52999877929688,BUY,8831.960052490234,9961.76008605957
2023-11-27 15:00:00+00:00,56.36000061035156,SELL,8888.490051269531,9962.560028076172
2023-11-27 16:00:00+00:00,56.43999862670898,BUY,8832.13005065918,9959.330062866211
2023-11-28 08:00:00+00:00,56.33000183105469,BUY,8775.69005203247,9960.93002319336
2023-11-28 09:00:00+00:00,56.34999847412109,BUY,8719.360050201416,9958.62009048462
2023-11-28 10:00:00+00:00,56.310001373291016,HOLD,8719.360050201416,9959.06001663208
2023-11-28 11:00:00+00:00,56.119998931884766,SELL,8775.670051574707,9958.180080413818
2023-11-28 12:00:00+00:00,56.18000030517578,SELL,8831.790050506592,9954.190029144287
2023-11-28 13:00:00+00:00,56.09999847412109,HOLD,8831.790050506592,9955.390056610107
2023-11-28 14:00:00+00:00,56.08000183105469,HOLD,8831.790050506592,9953.790019989014
2023-11-28 15:00:00+00:00,56.33000183105469,HOLD,8831.790050506592,9953.390087127686
2023-11-28 16:00:00+00:00,56.459999084472656,SELL,8888.120052337646,9958.390087127686
2023-11-29 08:00:00+00:00,56.68999862670898,HOLD,8888.120052337646,9960.860034942627
2023-11-29 09:00:00+00:00,56.790000915527344,BUY,8831.430053710938,9965.230026245117
2023-11-29 10:00:00+00:00,56.72999954223633,BUY,8774.64005279541,9967.230072021484
2023-11-29 11:00:00+00:00,56.72999954223633,HOLD,8774.64005279541,9965.970043182373
2023-11-29 12:00:00+00:00,56.84000015258789,HOLD,8774.64005279541,9965.970043182373
2023-11-29 13:00:00+00:00,56.84000015258789,HOLD,8774.64005279541,9968.280055999756
2023-11-29 14:00:00+00:00,56.810001373291016,BUY,8717.800052642822,9968.280055999756
2023-11-29 15:00:00+00:00,57.09000015258789,HOLD,8717.800052642822,9967.620082855225
2023-11-29 16:00:00+00:00,56.93999862670898,SELL,8774.89005279541,9973.780055999756
2023-11-30 08:00:00+00:00,57.27000045776367,HOLD,8774.89005279541,9970.630023956299
2023-11-30 09:00:00+00:00,57.43000030517578,BUY,8717.620052337646,9977.560062408447
2023-11-30 10:00:00+00:00,57.5099983215332,SELL,8775.050052642822,9981.080059051514
2023-11-30 11:00:00+00:00,57.4900016784668,HOLD,8775.050052642822,9982.76001739502
2023-11-30 12:00:00+00:00,57.66999816894531,SELL,8832.540054321289,9982.340087890625
2023-11-30 13:00:00+00:00,57.790000915527344,SELL,8890.210052490234,9985.940017700195
2023-11-30 14:00:00+00:00,57.86000061035156,HOLD,8890.210052490234,9988.220069885254
2023-11-30 15:00:00+00:00,57.810001373291016,HOLD,8890.210052490234,9989.550064086914
2023-11-30 16:00:00+00:00,57.88999938964844,HOLD,8890.210052490234,9988.600078582764
2023-12-01 08:00:00+00:00,57.970001220703125,HOLD,8890.210052490234,9990.120040893555
2023-12-01 09:00:00+00:00,57.93000030517578,BUY,8832.240051269531,9991.640075683594
2023-12-01 10:00:00+00:00,57.90999984741211,SELL,8890.170051574707,9990.840057373047
2023-12-01 11:00:00+00:00,57.810001373291016,BUY,8832.260051727295,9990.460048675537
2023-12-01 12:00:00+00:00,57.790000915527344,SELL,8890.070053100586,9988.460079193115
2023-12-01 13:00:00+00:00,57.68999862670898,SELL,8947.860054016113,9988.080070495605
2023-12-01 14:00:00+00:00,57.84000015258789,SELL,9005.550052642822,9986.280029296875
2023-12-01 15:00:00+00:00,57.790000915527344,SELL,9063.39005279541,9988.830055236816
2023-12-01 16:00:00+00:00,57.91999816894531,SELL,9121.180053710938,9988.030067443848
2023-12-04 08:00:00+00:00,58.220001220703125,HOLD,9121.180053710938,9989.980026245117
2023-12-04 09:00:00+00:00,58.27000045776367,BUY,9062.960052490234,9994.480072021484
2023-12-04 10:00:00+00:00,58.43999862670898,BUY,9004.69005203247,9995.280059814453
2023-12-04 11:00:00+00:00,58.33000183105469,HOLD,9004.69005203247,9998.170028686523
2023-12-04 12:00:00+00:00,58.290000915527344,SELL,9063.020053863525,9996.3000831604
2023-12-04 13:00:00+00:00,58.25,HOLD,9063.020053863525,9995.660068511963
2023-12-04 14:00:00+00:00,58.400001525878906,BUY,9004.770053863525,9995.020053863525
2023-12-04 15:00:00+00:00,58.380001068115234,HOLD,9004.770053863525,9997.570079803467
2023-12-04 16:00:00+00:00,58.45000076293945,BUY,8946.39005279541,9997.230072021484
2023-12-05 08:00:00+00:00,58.52999877929688,BUY,8887.94005203247,9998.49006652832
2023-12-05 09:00:00+00:00,58.75,BUY,8829.410053253174,10000.010028839111
2023-12-05 10:00:00+00:00,58.7400016784668,HOLD,8829.410053253174,10004.410053253174
2023-12-05 11:00:00+00:00,58.79999923706055,BUY,8770.670051574707,10004.21008682251
2023-12-05 12:00:00+00:00,58.97999954223633,SELL,8829.470050811768,10005.470035552979
2023-12-05 13:00:00+00:00,59.2400016784668,BUY,8770.490051269531,10009.070041656494
2023-12-05 14:00:00+00:00,59.540000915527344,SELL,8829.730052947998,10014.530086517334
2023-12-05 15:00:00+00:00,59.650001525878906,BUY,8770.19005203247,10020.530071258545
2023-12-05 16:00:00+00:00,59.77000045776367,SELL,8829.84005355835,10022.840084075928
2023-12-06 08:00:00+00:00,59.970001220703125,BUY,8770.070053100586,10025.240062713623
2023-12-06 09:00:00+00:00,59.91999816894531,BUY,8710.100051879883,10029.440078735352
2023-12-06 10:00:00+00:00,59.97999954223633,BUY,8650.180053710938,10028.34001159668
2023-12-06 11:00:00+00:00,60.29999923706055,BUY,8590.200054168701,10029.720043182373
2023-12-06 12:00:00+00:00,60.27999877929688,BUY,8529.90005493164,10037.400035858154
2023-12-06 13:00:00+00:00,60.790000915527344,HOLD,8529.90005493164,10036.900024414062
2023-12-06 14:00:00+00:00,60.84000015258789,BUY,8469.110054016113,10049.650077819824
2023-12-06 15:00:00+00:00,60.68000030517578,HOLD,8469.110054016113,10050.950057983398
2023-12-06 16:00:00+00:00,60.709999084472656,SELL,8529.790054321289,10046.790061950684
2023-12-07 08:00:00+00:00,60.36000061035156,BUY,8469.080055236816,10047.540031433105
2023-12-07 09:00:00+00:00,60.58000183105469,SELL,8529.440055847168,10038.440071105957
2023-12-07 10:00:00+00:00,60.619998931884766,BUY,8468.860054016113,10043.940101623535
2023-12-07 11:00:00+00:00,60.66999816894531,BUY,8408.240055084229,10044.980026245117
2023-12-07 12:00:00+00:00,60.720001220703125,BUY,8347.570056915283,10046.330005645752
2023-12-07 13:00:00+00:00,60.72999954223633,SELL,8408.290058135986,10047.73009109497
2023-12-07 14:00:00+00:00,61.09999847412109,SELL,8469.020057678223,10048.000045776367
2023-12-07 15:00:00+00:00,61.18999862670898,HOLD,8469.020057678223,10057.620018005371
2023-12-07 16:00:00+00:00,61.11000061035156,BUY,8407.830059051514,10059.960021972656
2023-12-08 08:00:00+00:00,61.540000915527344,HOLD,8407.830059051514,10057.800075531006
2023-12-08 09:00:00+00:00,61.70000076293945,BUY,8346.290058135986,10069.410083770752
2023-12-08 10:00:00+00:00,61.54999923706055,SELL,8407.990058898926,10073.890079498291
2023-12-08 11:00:00+00:00,61.459999084472656,BUY,8346.440059661865,10069.84003829956
2023-12-08 12:00:00+00:00,61.40999984741211,HOLD,8346.440059661865,10067.3200340271
2023-12-08 13:00:00+00:00,61.52999877929688,HOLD,8346.440059661865,10065.920055389404
2023-12-08 14:00:00+00:00,61.790000915527344,BUY,8284.910060882568,10069.280025482178
2023-12-08 15:00:00+00:00,61.84999847412109,SELL,8346.700061798096,10076.820087432861
2023-12-08 16:00:00+00:00,61.869998931884766,BUY,8284.850063323975,10078.500019073486
2023-12-11 08:00:00+00:00,61.43999862670898,BUY,8222.98006439209,10079.080032348633
2023-12-11 09:00:00+00:00,61.41999816894531,BUY,8161.540065765381,10066.18002319336
2023-12-11 10:00:00+00:00,61.2599983215332,SELL,8222.960063934326,10065.560009002686
2023-12-11 11:00:00+00:00,61.380001068115234,BUY,8161.700065612793,10060.760013580322
2023-12-11 12:00:00+00:00,61.560001373291016,SELL,8223.080066680908,10064.480098724365
2023-12-11 13:00:00+00:00,61.43999862670898,HOLD,8223.080066680908,10069.880107879639
2023-12-11 14:00:00+00:00,61.380001068115234,HOLD,8223.080066680908,10066.280025482178
2023-12-11 15:00:00+00:00,61.31999969482422,BUY,8161.700065612793,10064.480098724365
2023-12-11 16:00:00+00:00,61.33000183105469,BUY,8100.380065917969,10062.620056152344
2023-12-12 08:00:00+00:00,61.2400016784668,HOLD,8100.380065917969,10062.940124511719
2023-12-12 09:00:00+00:00,61.2599983215332,SELL,8161.620067596436,10060.060119628906
2023-12-12 10:00:00+00:00,60.95000076293945,HOLD,8161.620067596436,10060.680015563965
2023-12-12 11:00:00+00:00,60.77999877929688,SELL,8222.570068359375,10051.070091247559
2023-12-12 12:00:00+00:00,60.88999938964844,BUY,8161.790069580078,10045.970031738281
2023-12-12 13:00:00+00:00,60.880001068115234,HOLD,8161.790069580078,10049.38005065918
2023-12-12 14:00:00+00:00,60.93000030517578,SELL,8222.670070648193,10049.07010269165
2023-12-12 15:00:00+00:00,60.900001525878906,BUY,8161.740070343018,10050.570079803467
2023-12-12 16:00:00+00:00,60.7599983215332,BUY,8100.840068817139,10049.640117645264
2023-12-13 08:00:00+00:00,60.90999984741211,SELL,8161.600067138672,10045.160015106201
2023-12-13 09:00:00+00:00,60.790000915527344,HOLD,8161.600067138672,10049.810062408447
2023-12-13 10:00:00+00:00,60.630001068115234,HOLD,8161.600067138672,10046.09009552002
2023-12-13 11:00:00+00:00,60.810001373291016,HOLD,8161.600067138672,10041.130100250244
2023-12-13 12:00:00+00:00,60.68999862670898,HOLD,8161.600067138672,10046.710109710693
2023-12-13 13:00:00+00:00,60.68999862670898,BUY,8100.910068511963,10042.99002456665
2023-12-13 14:00:00+00:00,60.650001525878906,BUY,8040.220069885254,10042.99002456665
2023-12-13 15:00:00+00:00,60.43999862670898,BUY,7979.570068359375,10041.670120239258
2023-12-13 16:00:00+00:00,60.290000915527344,SELL,8040.010066986084,10034.53002166748
2023-12-14 08:00:00+00:00,62.29999923706055,SELL,8100.300067901611,10029.580097198486
2023-12-14 09:00:00+00:00,62.86000061035156,BUY,8038.000068664551,10093.900043487549
2023-12-14 10:00:00+00:00,63.06999969482422,HOLD,8038.000068664551,10112.380088806152
2023-12-14 11:00:00+00:00,62.58000183105469,SELL,8101.070068359375,10119.31005859375
2023-12-14 12:00:00+00:00,63.04999923706055,HOLD,8101.070068359375,10103.630126953125
2023-12-14 13:00:00+00:00,63.220001220703125,SELL,8164.120067596436,10118.670043945312
2023-12-14 14:00:00+00:00,62.52999877929688,HOLD,8164.120067596436,10123.940105438232
2023-12-14 15:00:00+00:00,62.65999984741211,BUY,8101.590068817139,10102.550029754639
2023-12-14 16:00:00+00:00,62.93999862670898,SELL,8164.250068664551,10106.710063934326
2023-12-15 08:00:00+00:00,63.29999923706055,SELL,8227.19006729126,10115.39002609253
2023-12-15 09:00:00+00:00,63.459999084472656,HOLD,8227.19006729126,10126.190044403076
2023-12-15 10:00:00+00:00,63.93000030517578,HOLD,8227.19006729126,10130.99003982544
2023-12-15 11:00:00+00:00,63.619998931884766,SELL,8291.120067596436,10145.090076446533
2023-12-15 12:00:00+00:00,63.18000030517578,BUY,8227.50006866455,10136.100036621094
2023-12-15 13:00:00+00:00,63.0,SELL,8290.680068969727,10122.900077819824
2023-12-15 14:00:00+00:00,63.2400016784668,SELL,8353.680068969727,10117.680068969727
2023-12-15 15:00:00+00:00,63.36000061035156,SELL,8416.920070648193,10124.400115966797
2023-12-15 16:00:00+00:00,63.27999877929688,HOLD,8416.920070648193,10127.640087127686
2023-12-18 08:00:00+00:00,63.08000183105469,BUY,8353.640071868896,10125.480037689209
2023-12-18 09:00:00+00:00,63.040000915527344,BUY,8290.560070037842,10119.880123138428
2023-12-18 10:00:00+00:00,62.77999877929688,SELL,8353.60007095337,10118.720096588135
2023-12-18 11:00:00+00:00,62.810001373291016,BUY,8290.820072174072,10111.440036773682
2023-12-18 12:00:00+00:00,62.47999954223633,HOLD,8290.820072174072,10112.310111999512
2023-12-18 13:00:00+00:00,62.36000061035156,SELL,8353.300071716309,10102.740058898926
2023-12-18 14:00:00+00:00,62.27000045776367,SELL,8415.66007232666,10099.380088806152
2023-12-18 15:00:00+00:00,62.15999984741211,HOLD,8415.66007232666,10096.95008468628
2023-12-18 16:00:00+00:00,62.31999969482422,HOLD,8415.66007232666,10093.980068206787
2023-12-19 08:00:00+00:00,62.29999923706055,SELL,8477.980072021484,10098.300064086914
2023-12-19 09:00:00+00:00,62.25,SELL,8540.280071258545,10097.780052185059
2023-12-19 10:00:00+00:00,62.369998931884766,BUY,8478.030071258545,10096.530071258545
2023-12-19 11:00:00+00:00,62.5099983215332,BUY,8415.66007232666,10099.650043487549
2023-12-19 12:00:00+00:00,62.400001525878906,SELL,8478.170070648193,10103.430027008057
2023-12-19 13:00:00+00:00,62.41999816894531,BUY,8415.770069122314,10100.570110321045
2023-12-19 14:00:00+00:00,62.52999877929688,SELL,8478.19006729126,10101.110019683838
2023-12-19 15:00:00+00:00,62.27999877929688,HOLD,8478.19006729126,10103.970035552979
2023-12-19 16:00:00+00:00,62.2599983215332,SELL,8540.470066070557,10097.470035552979
2023-12-20 08:00:00+00:00,62.91999816894531,SELL,8602.73006439209,10096.970024108887
2023-12-20 09:00:00+00:00,62.83000183105469,HOLD,8602.73006439209,10112.810020446777
2023-12-20 10:00:00+00:00,62.470001220703125,SELL,8665.560066223145,10110.650108337402
2023-12-20 11:00:00+00:00,62.45000076293945,BUY,8603.090065002441,10102.370094299316
2023-12-20 12:00:00+00:00,62.61000061035156,BUY,8540.640064239502,10101.890083312988
2023-12-20 13:00:00+00:00,62.86000061035156,BUY,8478.03006362915,10105.890079498291
2023-12-20 14:00:00+00:00,63.0099983215332,BUY,8415.170063018799,10112.390079498291
2023-12-20 15:00:00+00:00,62.90999984741211,BUY,8352.160064697266,10116.440017700195
2023-12-20 16:00:00+00:00,62.93999862670898,HOLD,8352.160064697266,10113.640060424805
2023-12-21 08:00:00+00:00,62.59000015258789,BUY,8289.220066070557,10114.480026245117
2023-12-21 09:00:00+00:00,62.380001068115234,SELL,8351.810066223145,10104.330070495605
2023-12-21 10:00:00+00:00,62.22999954223633,BUY,8289.43006515503,10098.450096130371
2023-12-21 11:00:00+00:00,62.16999816894531,SELL,8351.660064697266,10094.100051879883
2023-12-21 12:00:00+00:00,62.130001068115234,HOLD,8351.660064697266,10092.420013427734
2023-12-21 13:00:00+00:00,62.400001525878906,HOLD,8351.660064697266,10091.300094604492
2023-12-21 14:00:00+00:00,62.54999923706055,SELL,8414.060066223145,10098.860107421875
2023-12-21 15:00:00+00:00,62.77000045776367,BUY,8351.510066986084,10102.91004562378
2023-12-21 16:00:00+00:00,62.79999923706055,HOLD,8351.510066986084,10109.070079803467
2023-12-22 08:00:00+00:00,62.93999862670898,SELL,8414.310066223145,10109.91004562378
2023-12-22 09:00:00+00:00,63.119998931884766,BUY,8351.370067596436,10113.690029144287
2023-12-22 10:00:00+00:00,63.31999969482422,SELL,8414.49006652832,10118.730037689209
2023-12-22 11:00:00+00:00,63.15999984741211,BUY,8351.170066833496,10124.130058288574
2023-12-22 12:00:00+00:00,63.16999816894531,SELL,8414.330066680908,10119.650062561035
2023-12-22 13:00:00+00:00,63.130001068115234,HOLD,8414.330066680908,10119.920017242432
2023-12-22 14:00:00+00:00,63.06999969482422,SELL,8477.460067749023,10118.84009552002
2023-12-22 15:00:00+00:00,63.02000045776367,SELL,8540.530067443848,10117.280059814453
2023-12-22 16:00:00+00:00,63.02999877929688,SELL,8603.550067901611,10116.03007888794
2023-12-27 08:00:00+00:00,63.34000015258789,HOLD,8603.550067901611,10116.270038604736
2023-12-27 09:00:00+00:00,63.25,HOLD,8603.550067901611,10123.71007156372
2023-12-27 10:00:00+00:00,63.290000915527344,BUY,8540.300067901611,10121.550067901611
2023-12-27 11:00:00+00:00,63.27999877929688,SELL,8603.590068817139,10122.550090789795
2023-12-27 12:00:00+00:00,63.34999847412109,HOLD,8603.590068817139,10122.310039520264
2023-12-27 13:00:00+00:00,63.08000183105469,BUY,8540.240070343018,10123.990032196045
2023-12-27 14:00:00+00:00,62.84000015258789,HOLD,8540.240070343018,10117.240116119385
2023-12-27 15:00:00+00:00,62.84999847412109,SELL,8603.080070495605,10111.240074157715
2023-12-27 16:00:00+00:00,62.97999954223633,HOLD,8603.080070495605,10111.480033874512
2023-12-28 08:00:00+00:00,62.84999847412109,HOLD,8603.080070495605,10114.600059509277
2023-12-28 09:00:00+00:00,62.7599983215332,BUY,8540.230072021484,10111.480033874512
2023-12-28 10:00:00+00:00,62.709999084472656,SELL,8602.990070343018,10109.230030059814
2023-12-28 11:00:00+00:00,62.52999877929688,HOLD,8602.990070343018,10108.030048370361
2023-12-28 12:00:00+00:00,62.59999847412109,SELL,8665.520069122314,10103.710041046143
2023-12-28 13:00:00+00:00,62.47999954223633,HOLD,8665.520069122314,10105.3200340271
2023-12-28 14:00:00+00:00,62.540000915527344,HOLD,8665.520069122314,10102.56005859375
2023-12-28 15:00:00+00:00,62.400001525878906,SELL,8728.060070037842,10103.940090179443
2023-12-28 16:00:00+00:00,62.400001525878906,BUY,8665.660068511963,10100.860103607178
2023-12-29 08:00:00+00:00,62.66999816894531,SELL,8728.060070037842,10100.860103607178
2023-12-29 09:00:00+00:00,62.619998931884766,HOLD,8728.060070037842,10106.800029754639
2023-12-29 10:00:00+00:00,62.619998931884766,HOLD,8728.060070037842,10105.700046539307
2023-12-29 11:00:00+00:00,62.70000076293945,BUY,8665.440071105957,10105.700046539307
2023-12-29 12:00:00+00:00,62.790000915527344,HOLD,8665.440071105957,10107.540088653564
2023-12-29 13:00:00+00:00,62.81999969482422,BUY,8602.65007019043,10109.610092163086
2023-12-29 14:00:00+00:00,62.72999954223633,HOLD,8602.65007019043,10110.330062866211
2023-12-29 15:00:00+00:00,62.68999862670898,BUY,8539.920070648193,10108.170059204102
2023-12-29 16:00:00+00:00,62.43999862670898,SELL,8602.610069274902,10107.170036315918
2024-01-02 08:00:00+00:00,63.7599983215332,HOLD,8602.610069274902,10101.170036315918
2024-01-02 09:00:00+00:00,63.470001220703125,HOLD,8602.610069274902,10132.8500289917
2024-01-02 10:00:00+00:00,63.560001373291016,HOLD,8602.610069274902,10125.890098571777
2024-01-02 11:00:00+00:00,63.119998931884766,BUY,8539.050067901611,10128.050102233887
2024-01-02 12:00:00+00:00,62.900001525878906,BUY,8475.930068969727,10117.05004119873
2024-01-02 13:00:00+00:00,62.970001220703125,HOLD,8475.930068969727,10111.330108642578
2024-01-02 14:00:00+00:00,63.22999954223633,SELL,8538.90007019043,10113.150100708008
2024-01-02 15:00:00+00:00,63.31999969482422,BUY,8475.670070648193,10119.650058746338
2024-01-02 16:00:00+00:00,63.34999847412109,SELL,8538.990070343018,10121.990062713623
2024-01-03 08:00:00+00:00,63.119998931884766,SELL,8602.340068817139,10122.740032196045
2024-01-03 09:00:00+00:00,62.22999954223633,HOLD,8602.340068817139,10117.220043182373
2024-01-03 10:00:00+00:00,62.5,SELL,8664.570068359375,10095.86005783081
2024-01-03 11:00:00+00:00,62.22999954223633,BUY,8602.070068359375,10102.070068359375
2024-01-03 12:00:00+00:00,62.040000915527344,HOLD,8602.070068359375,10095.590057373047
2024-01-03 13:00:00+00:00,61.88999938964844,SELL,8664.110069274902,10091.030090332031
2024-01-03 14:00:00+00:00,61.61000061035156,HOLD,8664.110069274902,10087.580055236816
2024-01-03 15:00:00+00:00,61.63999938964844,BUY,8602.50006866455,10081.140083312988
2024-01-03 16:00:00+00:00,61.63999938964844,BUY,8540.860069274902,10081.860054016113
2024-01-04 08:00:00+00:00,61.79999923706055,SELL,8602.50006866455,10081.860054016113
2024-01-04 09:00:00+00:00,61.81999969482422,BUY,8540.70006942749,10085.700050354004
2024-01-04 10:00:00+00:00,61.81999969482422,HOLD,8540.70006942749,10086.200061798096
2024-01-04 11:00:00+00:00,61.7599983215332,BUY,8478.880069732666,10086.200061798096
2024-01-04 12:00:00+00:00,62.15999984741211,HOLD,8478.880069732666,10084.64002609253
2024-01-04 13:00:00+00:00,62.130001068115234,SELL,8541.040069580078,10095.04006576538
2024-01-04 14:00:00+00:00,62.70000076293945,BUY,8478.910068511963,10094.290096282959
2024-01-04 15:00:00+00:00,62.88999938964844,SELL,8541.610069274902,10109.110088348389
2024-01-04 16:00:00+00:00,62.790000915527344,SELL,8604.50006866455,10113.860054016113
2024-01-05 08:00:00+00:00,62.66999816894531,SELL,8667.290069580078,10111.460090637207
2024-01-05 09:00:00+00:00,62.29999923706055,BUY,8604.620071411133,10108.70002746582
2024-01-05 10:00:00+00:00,62.09999847412109,SELL,8666.920070648193,10099.820053100586
2024-01-05 11:00:00+00:00,62.380001068115234,HOLD,8666.920070648193,10095.220035552979
2024-01-05 12:00:00+00:00,62.310001373291016,HOLD,8666.920070648193,10101.660095214844
2024-01-05 13:00:00+00:00,62.79999923706055,HOLD,8666.920070648193,10100.050102233887
2024-01-05 14:00:00+00:00,63.04999923706055,BUY,8604.120071411133,10111.320053100586
2024-01-05 15:00:00+00:00,63.0,SELL,8667.170070648193,10117.320053100586
2024-01-05 16:00:00+00:00,62.86000061035156,SELL,8730.170070648193,10116.170070648193
2024-01-08 08:00:00+00:00,63.0099983215332,BUY,8667.310070037842,10113.090084075928
2024-01-08 09:00:00+00:00,62.84000015258789,SELL,8730.320068359375,10116.540031433105
2024-01-08 10:00:00+00:00,62.869998931884766,BUY,8667.480068206787,10112.800071716309
2024-01-08 11:00:00+00:00,62.84000015258789,BUY,8604.610069274902,10113.490043640137
2024-01-08 12:00:00+00:00,62.959999084472656,BUY,8541.770069122314,10112.770072937012
2024-01-08 13:00:00+00:00,63.02999877929688,HOLD,8541.770069122314,10115.77004623413
2024-01-08 14:00:00+00:00,63.040000915527344,SELL,8604.800067901611,10117.520038604736
2024-01-08 15:00:00+00:00,62.9900016784668,HOLD,8604.800067901611,10117.760089874268
2024-01-08 16:00:00+00:00,63.0,SELL,8667.790069580078,10116.560108184814
2024-01-09 08:00:00+00:00,62.75,BUY,8604.790069580078,10116.790069580078
2024-01-09 09:00:00+00:00,62.75,HOLD,8604.790069580078,10110.790069580078
2024-01-09 10:00:00+00:00,62.77000045776367,BUY,8542.040069580078,10110.790069580078
2024-01-09 11:00:00+00:00,62.5099983215332,SELL,8604.810070037842,10111.29008102417
2024-01-09 12:00:00+00:00,62.619998931884766,BUY,8542.300071716309,10105.050029754639
2024-01-09 13:00:00+00:00,62.47999954223633,SELL,8604.920070648193,10107.800045013428
2024-01-09 14:00:00+00:00,62.38999938964844,HOLD,8604.920070648193,10104.440059661865
2024-01-09 15:00:00+00:00,62.619998931884766,HOLD,8604.920070648193,10102.280055999756
2024-01-09 16:00:00+00:00,62.619998931884766,BUY,8542.300071716309,10107.800045013428
2024-01-10 08:00:00+00:00,62.54999923706055,HOLD,8542.300071716309,10107.800045013428
2024-01-10 09:00:00+00:00,62.709999084472656,HOLD,8542.300071716309,10106.050052642822
2024-01-10 10:00:00+00:00,62.540000915527344,BUY,8479.590072631836,10110.050048828125
2024-01-10 11:00:00+00:00,62.2599983215332,HOLD,8479.590072631836,10105.630096435547
2024-01-10 12:00:00+00:00,62.2400016784668,HOLD,8479.590072631836,10098.3500289917
2024-01-10 13:00:00+00:00,62.27999877929688,SELL,8541.830074310303,10097.830116271973
2024-01-10 14:00:00+00:00,62.41999816894531,BUY,8479.550075531006,10098.830043792725
2024-01-10 15:00:00+00:00,62.29999923706055,BUY,8417.13007736206,10102.470027923584
2024-01-10 16:00:00+00:00,62.34000015258789,HOLD,8417.13007736206,10099.230056762695
2024-01-11 08:00:00+00:00,62.31999969482422,SELL,8479.470077514648,10100.310081481934
2024-01-11 09:00:00+00:00,61.7599983215332,SELL,8541.790077209473,10099.790069580078
2024-01-11 10:00:00+00:00,61.7599983215332,SELL,8603.550075531006,10085.790035247803
2024-01-11 11:00:00+00:00,61.75,SELL,8665.310073852539,10085.790035247803
2024-01-11 12:00:00+00:00,61.66999816894531,HOLD,8665.310073852539,10085.560073852539
2024-01-11 13:00:00+00:00,61.619998931884766,BUY,8603.640075683594,10083.720031738281
2024-01-11 14:00:00+00:00,61.08000183105469,BUY,8542.020076751709,10082.520050048828
2024-01-11 15:00:00+00:00,60.45000076293945,HOLD,8542.020076751709,10069.020122528076
2024-01-11 16:00:00+00:00,60.65999984741211,BUY,8481.57007598877,10053.270095825195
2024-01-12 08:00:00+00:00,61.369998931884766,BUY,8420.910076141357,10058.730072021484
2024-01-12 09:00:00+00:00,61.20000076293945,BUY,8359.540077209473,10077.900047302246
2024-01-12 10:00:00+00:00,61.38999938964844,BUY,8298.340076446533,10073.140098571777
2024-01-12 11:00:00+00:00,61.13999938964844,BUY,8236.950077056885,10078.650058746338
2024-01-12 12:00:00+00:00,61.040000915527344,HOLD,8236.950077056885,10071.150058746338
2024-01-12 13:00:00+00:00,61.27999877929688,SELL,8297.990077972412,10068.150104522705
2024-01-12 14:00:00+00:00,61.13999938964844,HOLD,8297.990077972412,10075.110042572021
2024-01-12 15:00:00+00:00,61.060001373291016,BUY,8236.850078582764,10071.050060272217
2024-01-12 16:00:00+00:00,60.88999938964844,BUY,8175.790077209473,10068.650119781494
2024-01-15 08:00:00+00:00,60.75,SELL,8236.680076599121,10063.380058288574
2024-01-15 09:00:00+00:00,60.970001220703125,BUY,8175.930076599121,10059.180076599121
2024-01-15 10:00:00+00:00,61.15999984741211,SELL,8236.900077819824,10066.000114440918
2024-01-15 11:00:00+00:00,61.09999847412109,BUY,8175.740077972412,10071.700073242188
2024-01-15 12:00:00+00:00,61.25,SELL,8236.840076446533,10069.840030670166
2024-01-15 13:00:00+00:00,61.29999923706055,SELL,8298.090076446533,10074.340076446533
2024-01-15 14:00:00+00:00,61.27000045776367,HOLD,8298.090076446533,10075.790054321289
2024-01-15 15:00:00+00:00,61.27000045776367,SELL,8359.360076904297,10074.92008972168
2024-01-15 16:00:00+00:00,61.16999816894531,HOLD,8359.360076904297,10074.92008972168
2024-01-16 08:00:00+00:00,60.66999816894531,SELL,8420.530075073242,10072.120025634766
2024-01-16 09:00:00+00:00,60.56999969482422,HOLD,8420.530075073242,10058.620025634766
2024-01-16 10:00:00+00:00,60.38999938964844,BUY,8359.960075378418,10055.920066833496
2024-01-16 11:00:00+00:00,60.63999938964844,HOLD,8359.960075378418,10050.880058288574
2024-01-16 12:00:00+00:00,60.869998931884766,HOLD,8359.960075378418,10057.880058288574
2024-01-16 13:00:00+00:00,60.59999847412109,BUY,8299.090076446533,10064.320045471191
2024-01-16 14:00:00+00:00,60.650001525878906,BUY,8238.490077972412,10056.490032196045
2024-01-16 15:00:00+00:00,60.7599983215332,BUY,8177.840076446533,10057.99012374878
2024-01-16 16:00:00+00:00,60.790000915527344,HOLD,8177.840076446533,10061.400024414062
2024-01-17 08:00:00+00:00,59.68000030517578,BUY,8117.050075531006,10062.33010482788
2024-01-17 09:00:00+00:00,60.0,SELL,8176.730075836182,10026.81008529663
2024-01-17 10:00:00+00:00,59.959999084472656,HOLD,8176.730075836182,10036.730075836182
2024-01-17 11:00:00+00:00,59.709999084472656,HOLD,8176.730075836182,10035.490047454834
2024-01-17 12:00:00+00:00,59.84999847412109,SELL,8236.440074920654,10027.740047454834
2024-01-17 13:00:00+00:00,59.86000061035156,HOLD,8236.440074920654,10031.940029144287
2024-01-17 14:00:00+00:00,59.91999816894531,BUY,8176.580074310303,10032.240093231201
2024-01-17 15:00:00+00:00,60.0099983215332,BUY,8116.660076141357,10034.100017547607
2024-01-17 16:00:00+00:00,60.209999084472656,SELL,8176.670074462891,10036.98002243042
2024-01-18 08:00:00+00:00,60.5,SELL,8236.880073547363,10043.180046081543
2024-01-18 09:00:00+00:00,60.52999877929688,SELL,8297.380073547363,10051.880073547363
2024-01-18 10:00:00+00:00,60.91999816894531,HOLD,8297.380073547363,10052.750038146973
2024-01-18 11:00:00+00:00,60.81999969482422,BUY,8236.460075378418,10064.060020446777
2024-01-18 12:00:00+00:00,60.83000183105469,SELL,8297.280075073242,10061.060066223145
2024-01-18 13:00:00+00:00,60.7400016784668,HOLD,8297.280075073242,10061.350128173828
2024-01-18 14:00:00+00:00,60.84000015258789,BUY,8236.540073394775,10058.74012374878
2024-01-18 15:00:00+00:00,60.56999969482422,SELL,8297.380073547363,10061.740077972412
2024-01-18 16:00:00+00:00,60.630001068115234,SELL,8357.950073242188,10053.910064697266
2024-01-19 08:00:00+00:00,61.119998931884766,BUY,8297.320072174072,10055.590103149414
2024-01-19 09:00:00+00:00,61.040000915527344,BUY,8236.200073242188,10069.80004119873
2024-01-19 10:00:00+00:00,60.88999938964844,HOLD,8236.200073242188,10067.400100708008
2024-01-19 11:00:00+00:00,60.90999984741211,BUY,8175.310073852539,10062.90005493164
2024-01-19 12:00:00+00:00,60.970001220703125,BUY,8114.400074005127,10063.520069122314
2024-01-19 13:00:00+00:00,60.72999954223633,HOLD,8114.400074005127,10065.440113067627
2024-01-19 14:00:00+00:00,60.790000915527344,HOLD,8114.400074005127,10057.76005935669
2024-01-19 15:00:00+00:00,60.650001525878906,SELL,8175.190074920654,10059.680103302002
2024-01-19 16:00:00+00:00,60.630001068115234,HOLD,8175.190074920654,10055.3401222229
2024-01-22 08:00:00+00:00,62.09000015258789,HOLD,8175.190074920654,10054.720108032227
2024-01-22 09:00:00+00:00,61.84000015258789,SELL,8237.280075073242,10099.980079650879
2024-01-22 10:00:00+00:00,61.880001068115234,HOLD,8237.280075073242,10092.480079650879
2024-01-22 11:00:00+00:00,61.75,BUY,8175.400074005127,10093.6801071167
2024-01-22 12:00:00+00:00,61.810001373291016,HOLD,8175.400074005127,10089.650074005127
2024-01-22 13:00:00+00:00,61.77000045776367,HOLD,8175.400074005127,10091.510116577148
2024-01-22 14:00:00+00:00,61.72999954223633,SELL,8237.17007446289,10090.2700881958
2024-01-22 15:00:00+00:00,61.619998931884766,SELL,8298.900074005127,10089.07006072998
2024-01-22 16:00:00+00:00,61.47999954223633,HOLD,8298.900074005127,10085.880043029785
2024-01-23 08:00:00+00:00,61.16999816894531,SELL,8360.380073547363,10081.82006072998
2024-01-23 09:00:00+00:00,61.220001220703125,HOLD,8360.380073547363,10073.140022277832
2024-01-23 10:00:00+00:00,61.18000030517578,SELL,8421.600074768066,10074.54010772705
2024-01-23 11:00:00+00:00,61.130001068115234,BUY,8360.42007446289,10073.460083007812
2024-01-23 12:00:00+00:00,61.150001525878906,BUY,8299.290073394775,10072.060104370117
2024-01-23 13:00:00+00:00,60.95000076293945,HOLD,8299.290073394775,10072.640117645264
2024-01-23 14:00:00+00:00,61.09999847412109,BUY,8238.340072631836,10066.84009552002
2024-01-23 15:00:00+00:00,60.95000076293945,HOLD,8238.340072631836,10071.340026855469
2024-01-23 16:00:00+00:00,61.18999862670898,BUY,8177.3900718688965,10066.84009552002
2024-01-24 08:00:00+00:00,61.880001068115234,BUY,8116.2000732421875,10074.280029296875
2024-01-24 09:00:00+00:00,61.970001220703125,HOLD,8116.2000732421875,10096.360107421875
2024-01-24 10:00:00+00:00,61.97999954223633,SELL,8178.170074462891,10099.240112304688
2024-01-24 11:00:00+00:00,62.04999923706055,HOLD,8178.170074462891,10099.550060272217
2024-01-24 12:00:00+00:00,61.97999954223633,BUY,8116.12007522583,10101.720050811768
2024-01-24 13:00:00+00:00,61.93000030517578,HOLD,8116.12007522583,10099.480060577393
2024-01-24 14:00:00+00:00,62.040000915527344,BUY,8054.190074920654,10097.880084991455
2024-01-24 15:00:00+00:00,61.93999862670898,HOLD,8054.190074920654,10101.510105133057
2024-01-24 16:00:00+00:00,62.060001373291016,HOLD,8054.190074920654,10098.21002960205
2024-01-25 08:00:00+00:00,61.4900016784668,BUY,7992.130073547363,10102.170120239258
2024-01-25 09:00:00+00:00,61.810001373291016,HOLD,7992.130073547363,10082.790130615234
2024-01-25 10:00:00+00:00,61.560001373291016,SELL,8053.940074920654,10093.670120239258
2024-01-25 11:00:00+00:00,61.36000061035156,HOLD,8053.940074920654,10085.420120239258
2024-01-25 12:00:00+00:00,61.41999816894531,HOLD,8053.940074920654,10078.820095062256
2024-01-25 13:00:00+00:00,61.83000183105469,BUY,7992.520076751709,10080.80001449585
2024-01-25 14:00:00+00:00,61.7599983215332,HOLD,7992.520076751709,10094.740139007568
2024-01-25 15:00:00+00:00,61.5099983215332,HOLD,7992.520076751709,10092.360019683838
2024-01-25 16:00:00+00:00,61.63999938964844,SELL,8054.030075073242,10083.860019683838
2024-01-26 08:00:00+00:00,62.040000915527344,SELL,8115.670074462891,10088.15005493164
2024-01-26 09:00:00+00:00,62.130001068115234,SELL,8177.710075378418,10100.950103759766
2024-01-26 10:00:00+00:00,62.2400016784668,BUY,8115.580074310303,10103.74010848999
2024-01-26 11:00:00+00:00,62.369998931884766,HOLD,8115.580074310303,10107.26012802124
2024-01-26 12:00:00+00:00,62.41999816894531,HOLD,8115.580074310303,10111.420040130615
2024-01-26 13:00:00+00:00,62.59000015258789,HOLD,8115.580074310303,10113.020015716553
2024-01-26 14:00:00+00:00,62.540000915527344,SELL,8178.170074462891,10118.460079193115
2024-01-26 15:00:00+00:00,62.43999862670898,HOLD,8178.170074462891,10116.910102844238
2024-01-26 16:00:00+00:00,62.41999816894531,HOLD,8178.170074462891,10113.81003189087
2024-01-29 08:00:00+00:00,62.52999877929688,HOLD,8178.170074462891,10113.190017700195
2024-01-29 09:00:00+00:00,62.150001525878906,BUY,8115.640075683594,10116.600036621094
2024-01-29 10:00:00+00:00,62.16999816894531,BUY,8053.490074157715,10104.440124511719
2024-01-29 11:00:00+00:00,62.27999877929688,BUY,7991.3200759887695,10105.10001373291
2024-01-29 12:00:00+00:00,62.02999877929688,BUY,7929.040077209473,10108.840034484863
2024-01-29 13:00:00+00:00,62.09000015258789,SELL,7991.0700759887695,10100.090034484863
2024-01-29 14:00:00+00:00,62.02000045776367,SELL,8053.160076141357,10102.130081176758
2024-01-29 15:00:00+00:00,61.959999084472656,HOLD,8053.160076141357,10099.820091247559
2024-01-29 16:00:00+00:00,62.04999923706055,BUY,7991.200077056885,10097.840045928955
2024-01-30 08:00:00+00:00,62.09000015258789,SELL,8053.250076293945,10100.900051116943
2024-01-30 09:00:00+00:00,62.09999847412109,HOLD,8053.250076293945,10102.220081329346
2024-01-30 10:00:00+00:00,62.16999816894531,HOLD,8053.250076293945,10102.550025939941
2024-01-30 11:00:00+00:00,62.20000076293945,HOLD,8053.250076293945,10104.86001586914
2024-01-30 12:00:00+00:00,62.060001373291016,BUY,7991.050075531006,10105.850101470947
2024-01-30 13:00:00+00:00,62.0,HOLD,7991.050075531006,10101.0901222229
2024-01-30 14:00:00+00:00,62.310001373291016,SELL,8053.050075531006,10099.050075531006
2024-01-30 15:00:00+00:00,62.150001525878906,BUY,7990.740074157715,10109.28012084961
2024-01-30 16:00:00+00:00,62.20000076293945,BUY,7928.590072631836,10103.840126037598
2024-01-31 08:00:00+00:00,62.36000061035156,BUY,7866.3900718688965,10105.590099334717
2024-01-31 09:00:00+00:00,62.52999877929688,SELL,7928.750072479248,10111.350093841553
2024-01-31 10:00:00+00:00,62.720001220703125,BUY,7866.220073699951,10117.300029754639
2024-01-31 11:00:00+00:00,63.08000183105469,SELL,7928.940074920654,10124.140117645264
2024-01-31 12:00:00+00:00,62.970001220703125,SELL,7992.020076751709,10136.740139007568
2024-01-31 13:00:00+00:00,62.77999877929688,BUY,7929.050075531006,10133.000118255615
2024-01-31 14:00:00+00:00,62.34000015258789,BUY,7866.270076751709,10126.350032806396
2024-01-31 15:00:00+00:00,62.27999877929688,SELL,7928.610076904297,10110.510082244873
2024-01-31 16:00:00+00:00,62.400001525878906,BUY,7866.330078125,10108.410034179688
2024-02-01 08:00:00+00:00,57.15999984741211,BUY,7803.930076599121,10112.73013305664
2024-02-01 09:00:00+00:00,56.900001525878906,SELL,7861.090076446533,9918.85007095337
2024-02-01 10:00:00+00:00,57.43000030517578,HOLD,7861.090076446533,9909.490131378174
2024-02-01 11:00:00+00:00,57.630001068115234,SELL,7918.520076751709,9928.570087432861
2024-02-01 12:00:00+00:00,58.2400016784668,HOLD,7918.520076751709,9935.570114135742
2024-02-01 13:00:00+00:00,58.43999862670898,HOLD,7918.520076751709,9956.920135498047
2024-02-01 14:00:00+00:00,57.66999816894531,HOLD,7918.520076751709,9963.920028686523
2024-02-01 15:00:00+00:00,57.150001525878906,BUY,7860.850078582764,9936.970012664795
2024-02-01 16:00:00+00:00,57.02999877929688,BUY,7803.700077056885,9918.250133514404
2024-02-02 08:00:00+00:00,56.869998931884766,HOLD,7803.700077056885,9913.81003189087
2024-02-02 09:00:00+00:00,56.959999084472656,SELL,7860.5700759887695,9907.890037536621
2024-02-02 10:00:00+00:00,56.5099983215332,BUY,7803.610076904297,9911.130043029785
2024-02-02 11:00:00+00:00,56.220001220703125,BUY,7747.100078582764,9894.480014801025
2024-02-02 12:00:00+00:00,56.4900016784668,BUY,7690.880077362061,9883.460124969482
2024-02-02 13:00:00+00:00,56.290000915527344,BUY,7634.390075683594,9893.990142822266
2024-02-02 14:00:00+00:00,56.02000045776367,SELL,7690.680076599121,9885.990112304688
2024-02-02 15:00:00+00:00,56.2599983215332,BUY,7634.660076141357,9875.460094451904
2024-02-02 16:00:00+00:00,56.06999969482422,BUY,7578.400077819824,9885.060009002686
2024-02-05 08:00:00+00:00,56.52000045776367,HOLD,7578.400077819824,9877.270065307617
2024-02-05 09:00:00+00:00,56.36000061035156,HOLD,7578.400077819824,9895.720096588135
2024-02-05 10:00:00+00:00,56.45000076293945,BUY,7522.040077209473,9889.160102844238
2024-02-05 11:00:00+00:00,56.720001220703125,HOLD,7522.040077209473,9892.94010925293
2024-02-05 12:00:00+00:00,56.58000183105469,HOLD,7522.040077209473,9904.280128479004
2024-02-05 13:00:00+00:00,56.25,SELL,7578.620079040527,9898.40015411377
2024-02-05 14:00:00+00:00,56.08000183105469,HOLD,7578.620079040527,9884.870079040527
2024-02-05 15:00:00+00:00,56.08000183105469,SELL,7634.700080871582,9877.90015411377
2024-02-05 16:00:00+00:00,56.15999984741211,HOLD,7634.700080871582,9877.90015411377
2024-02-06 08:00:00+00:00,55.369998931884766,SELL,7690.860080718994,9881.100074768066
2024-02-06 09:00:00+00:00,55.52999877929688,BUY,7635.490081787109,9850.2900390625
2024-02-06 10:00:00+00:00,55.209999084472656,BUY,7579.9600830078125,9856.690032958984
2024-02-06 11:00:00+00:00,55.34999847412109,HOLD,7579.9600830078125,9843.570045471191
2024-02-06 12:00:00+00:00,55.540000915527344,BUY,7524.610084533691,9849.310020446777
2024-02-06 13:00:00+00:00,55.290000915527344,HOLD,7524.610084533691,9857.29012298584
2024-02-06 14:00:00+00:00,55.43000030517578,SELL,7579.900085449219,9846.79012298584
2024-02-06 15:00:00+00:00,55.20000076293945,SELL,7635.3300857543945,9852.530097961426
2024-02-06 16:00:00+00:00,55.18000030517578,HOLD,7635.3300857543945,9843.330116271973
2024-02-07 08:00:00+00:00,55.63999938964844,SELL,7690.51008605957,9842.530097961426
2024-02-07 09:00:00+00:00,55.470001220703125,BUY,7634.870086669922,9860.47006225586
2024-02-07 10:00:00+00:00,54.880001068115234,BUY,7579.400085449219,9853.670135498047
2024-02-07 11:00:00+00:00,55.34999847412109,SELL,7634.280086517334,9829.480129241943
2024-02-07 12:00:00+00:00,55.08000183105469,SELL,7689.630084991455,9848.280025482178
2024-02-07 13:00:00+00:00,55.22999954223633,SELL,7744.71008682251,9837.750156402588
2024-02-07 14:00:00+00:00,54.79999923706055,BUY,7689.480087280273,9843.45006942749
2024-02-07 15:00:00+00:00,54.91999816894531,BUY,7634.680088043213,9826.680057525635
2024-02-07 16:00:00+00:00,54.869998931884766,BUY,7579.760089874268,9831.480014801025
2024-02-08 08:00:00+00:00,54.52999877929688,BUY,7524.890090942383,9829.430046081543
2024-02-08 09:00:00+00:00,54.54999923706055,HOLD,7524.890090942383,9815.150039672852
2024-02-08 10:00:00+00:00,54.52999877929688,BUY,7470.340091705322,9815.990058898926
2024-02-08 11:00:00+00:00,54.619998931884766,BUY,7415.810092926025,9815.130039215088
2024-02-08 12:00:00+00:00,54.900001525878906,SELL,7470.43009185791,9819.090045928955
2024-02-08 13:00:00+00:00,54.970001220703125,HOLD,7470.43009185791,9831.130157470703
2024-02-08 14:00:00+00:00,54.869998931884766,HOLD,7470.43009185791,9834.140144348145
2024-02-08 15:00:00+00:00,54.84000015258789,BUY,7415.560092926025,9829.840045928955
2024-02-08 16:00:00+00:00,54.61000061035156,SELL,7470.400093078613,9828.520099639893
2024-02-09 08:00:00+00:00,53.91999816894531,SELL,7525.010093688965,9818.63011932373
2024-02-09 09:00:00+00:00,53.65999984741211,BUY,7471.0900955200195,9789.650016784668
2024-02-09 10:00:00+00:00,53.79999923706055,SELL,7524.750095367432,9778.47008895874
2024-02-09 11:00:00+00:00,53.56999969482422,SELL,7578.550094604492,9784.350063323975
2024-02-09 12:00:00+00:00,53.72999954223633,HOLD,7578.550094604492,9774.920082092285
2024-02-09 13:00:00+00:00,53.63999938964844,BUY,7524.820095062256,9781.480075836182
2024-02-09 14:00:00+00:00,53.33000183105469,SELL,7578.460094451904,9777.70006942749
2024-02-09 15:00:00+00:00,53.31999969482422,HOLD,7578.460094451904,9764.990169525146
2024-02-09 16:00:00+00:00,53.34000015258789,SELL,7631.7800941467285,9764.580081939697
2024-02-12 08:00:00+00:00,53.91999816894531,SELL,7685.120094299316,9765.380100250244
2024-02-12 09:00:00+00:00,54.09999847412109,SELL,7739.040092468262,9788.000022888184
2024-02-12 10:00:00+00:00,54.09000015258789,HOLD,7739.040092468262,9794.840034484863
2024-02-12 11:00:00+00:00,54.02999877929688,BUY,7684.950092315674,9794.460098266602
2024-02-12 12:00:00+00:00,54.13999938964844,HOLD,7684.950092315674,9792.120044708252
2024-02-12 13:00:00+00:00,53.970001220703125,BUY,7630.810092926025,9796.410068511963
2024-02-12 14:00:00+00:00,54.27999877929688,SELL,7684.7800941467285,9789.61014175415
2024-02-12 15:00:00+00:00,53.959999084472656,BUY,7630.500095367432,9801.700046539307
2024-02-12 16:00:00+00:00,53.959999084472656,BUY,7576.540096282959,9788.900058746338
2024-02-13 08:00:00+00:00,54.209999084472656,HOLD,7576.540096282959,9788.900058746338
2024-02-13 09:00:00+00:00,54.43000030517578,HOLD,7576.540096282959,9799.150058746338
2024-02-13 10:00:00+00:00,54.59999847412109,SELL,7630.970096588135,9808.170108795166
2024-02-13 11:00:00+00:00,54.380001068115234,BUY,7576.370098114014,9814.970035552979
2024-02-13 12:00:00+00:00,54.25,HOLD,7576.370098114014,9805.950141906738
2024-02-13 13:00:00+00:00,54.06999969482422,HOLD,7576.370098114014,9800.620098114014
2024-02-13 14:00:00+00:00,53.88999938964844,SELL,7630.440097808838,9793.240085601807
2024-02-13 15:00:00+00:00,53.79999923706055,BUY,7576.550098419189,9786.040073394775
2024-02-13 16:00:00+00:00,53.810001373291016,SELL,7630.35009765625,9782.350067138672
2024-02-14 08:00:00+00:00,53.560001373291016,HOLD,7630.35009765625,9782.75015258789
2024-02-14 09:00:00+00:00,53.720001220703125,SELL,7683.910099029541,9772.75015258789
2024-02-14 10:00:00+00:00,53.86000061035156,HOLD,7683.910099029541,9778.990146636963
2024-02-14 11:00:00+00:00,53.90999984741211,SELL,7737.770099639893,9784.450122833252
2024-02-14 12:00:00+00:00,54.15999984741211,HOLD,7737.770099639893,9786.350093841553
2024-02-14 13:00:00+00:00,54.11000061035156,BUY,7683.6100997924805,9795.850093841553
2024-02-14 14:00:00+00:00,54.11000061035156,HOLD,7683.6100997924805,9793.900123596191
2024-02-14 15:00:00+00:00,53.93000030517578,SELL,7737.720100402832,9793.900123596191
2024-02-14 16:00:00+00:00,53.91999816894531,HOLD,7737.720100402832,9787.060111999512
2024-02-15 08:00:00+00:00,53.91999816894531,HOLD,7737.720100402832,9786.680030822754
2024-02-15 09:00:00+00:00,54.119998931884766,HOLD,7737.720100402832,9786.680030822754
2024-02-15 10:00:00+00:00,53.97999954223633,SELL,7791.840099334717,9794.280059814453
2024-02-15 11:00:00+00:00,53.9900016784668,HOLD,7791.840099334717,9789.100082397461
2024-02-15 12:00:00+00:00,54.09999847412109,SELL,7845.830101013184,9789.470161437988
2024-02-15 13:00:00+00:00,53.65999984741211,BUY,7791.7301025390625,9793.430046081543
2024-02-15 14:00:00+00:00,53.88999938964844,SELL,7845.390102386475,9777.15009689331
2024-02-15 15:00:00+00:00,53.790000915527344,SELL,7899.280101776123,9785.430080413818
2024-02-15 16:00:00+00:00,53.95000076293945,BUY,7845.490100860596,9781.93013381958
2024-02-16 08:00:00+00:00,54.59000015258789,BUY,7791.540100097656,9787.690128326416
2024-02-16 09:00:00+00:00,54.65999984741211,SELL,7846.130100250244,9811.370105743408
2024-02-16 10:00:00+00:00,54.86000061035156,HOLD,7846.130100250244,9813.89009475708
2024-02-16 11:00:00+00:00,54.790000915527344,BUY,7791.270099639893,9821.0901222229
2024-02-16 12:00:00+00:00,54.83000183105469,BUY,7736.480098724365,9818.500133514404
2024-02-16 13:00:00+00:00,54.75,SELL,7791.31010055542,9820.020168304443
2024-02-16 14:00:00+00:00,54.63999938964844,HOLD,7791.31010055542,9817.06010055542
2024-02-16 15:00:00+00:00,54.52000045776367,HOLD,7791.31010055542,9812.990077972412
2024-02-16 16:00:00+00:00,54.45000076293945,HOLD,7791.31010055542,9808.550117492676
2024-02-19 08:00:00+00:00,54.75,SELL,7845.760101318359,9805.96012878418
2024-02-19 09:00:00+00:00,54.5099983215332,SELL,7900.510101318359,9816.76010131836
2024-02-19 10:00:00+00:00,54.63999938964844,BUY,7846.000102996826,9808.360042572021
2024-02-19 11:00:00+00:00,54.68999862670898,SELL,7900.640102386475,9813.04008102417
2024-02-19 12:00:00+00:00,54.790000915527344,HOLD,7900.640102386475,9814.790054321289
2024-02-19 13:00:00+00:00,54.7599983215332,HOLD,7900.640102386475,9818.290134429932
2024-02-19 14:00:00+00:00,54.86000061035156,HOLD,7900.640102386475,9817.240043640137
2024-02-19 15:00:00+00:00,54.95000076293945,HOLD,7900.640102386475,9820.74012374878
2024-02-19 16:00:00+00:00,54.9900016784668,HOLD,7900.640102386475,9823.890129089355
2024-02-20 08:00:00+00:00,55.22999954223633,HOLD,7900.640102386475,9825.290161132812
2024-02-20 09:00:00+00:00,55.2599983215332,SELL,7955.870101928711,9833.690086364746
2024-02-20 10:00:00+00:00,55.27000045776367,BUY,7900.610103607178,9834.71004486084
2024-02-20 11:00:00+00:00,55.33000183105469,BUY,7845.340103149414,9835.060119628906
2024-02-20 12:00:00+00:00,55.41999816894531,SELL,7900.670104980469,9837.220169067383
2024-02-20 13:00:00+00:00,55.13999938964844,HOLD,7900.670104980469,9840.370040893555
2024-02-20 14:00:00+00:00,55.27000045776367,BUY,7845.53010559082,9830.570083618164
2024-02-20 15:00:00+00:00,55.31999969482422,SELL,7900.800106048584,9835.250122070312
2024-02-20 16:00:00+00:00,55.5,BUY,7845.48010635376,9837.000095367432
2024-02-21 08:00:00+00:00,55.630001068115234,HOLD,7845.48010635376,9843.48010635376
2024-02-21 09:00:00+00:00,55.84999847412109,SELL,7901.110107421875,9848.160144805908
2024-02-21 10:00:00+00:00,55.90999984741211,BUY,7845.260108947754,9855.860054016113
2024-02-21 11:00:00+00:00,55.81999969482422,SELL,7901.170108795166,9858.02010345459
2024-02-21 12:00:00+00:00,55.970001220703125,SELL,7956.99010848999,9854.870098114014
2024-02-21 13:00:00+00:00,55.83000183105469,SELL,8012.960109710693,9859.970149993896
2024-02-21 14:00:00+00:00,56.0099983215332,BUY,7957.130107879639,9855.350170135498
2024-02-21 15:00:00+00:00,56.02999877929688,HOLD,7957.130107879639,9861.470050811768
2024-02-21 16:00:00+00:00,55.95000076293945,HOLD,7957.130107879639,9862.150066375732
2024-02-22 08:00:00+00:00,56.43999862670898,SELL,8013.080108642578,9859.43013381958
2024-02-22 09:00:00+00:00,56.09999847412109,BUY,7956.640110015869,9875.600063323975
2024-02-22 10:00:00+00:00,56.310001373291016,HOLD,7956.640110015869,9864.040058135986
2024-02-22 11:00:00+00:00,56.38999938964844,HOLD,7956.640110015869,9871.180156707764
2024-02-22 12:00:00+00:00,56.29999923706055,SELL,8013.030109405518,9873.900089263916
2024-02-22 13:00:00+00:00,56.25,BUY,7956.730110168457,9870.930084228516
2024-02-22 14:00:00+00:00,56.43000030517578,HOLD,7956.730110168457,9869.230110168457
2024-02-22 15:00:00+00:00,56.27999877929688,HOLD,7956.730110168457,9875.350120544434
2024-02-22 16:00:00+00:00,56.36000061035156,BUY,7900.45011138916,9870.25006866455
2024-02-23 08:00:00+00:00,56.68999862670898,HOLD,7900.45011138916,9873.050132751465
2024-02-23 09:00:00+00:00,56.290000915527344,BUY,7843.760112762451,9884.600063323975
2024-02-23 10:00:00+00:00,56.130001068115234,BUY,7787.470111846924,9870.200145721436
2024-02-23 11:00:00+00:00,56.58000183105469,SELL,7843.600112915039,9864.280151367188
2024-02-23 12:00:00+00:00,56.58000183105469,HOLD,7843.600112915039,9880.480178833008
2024-02-23 13:00:00+00:00,56.65999984741211,SELL,7900.180114746094,9880.480178833008
2024-02-23 14:00:00+00:00,56.709999084472656,HOLD,7900.180114746094,9883.280109405518
2024-02-23 15:00:00+00:00,56.54999923706055,BUY,7843.470115661621,9885.030082702637
2024-02-23 16:00:00+00:00,56.540000915527344,HOLD,7843.470115661621,9879.2700881958
2024-02-26 08:00:00+00:00,55.97999954223633,HOLD,7843.470115661621,9878.910148620605
2024-02-26 09:00:00+00:00,55.720001220703125,BUY,7787.490116119385,9858.750099182129
2024-02-26 10:00:00+00:00,55.54999923706055,SELL,7843.210117340088,9849.1301612854
2024-02-26 11:00:00+00:00,55.7599983215332,HOLD,7843.210117340088,9843.010089874268
2024-02-26 12:00:00+00:00,55.56999969482422,HOLD,7843.210117340088,9850.570056915283
2024-02-26 13:00:00+00:00,55.4900016784668,HOLD,7843.210117340088,9843.73010635376
2024-02-26 14:00:00+00:00,55.54999923706055,BUY,7787.720115661621,9840.850177764893
2024-02-26 15:00:00+00:00,55.40999984741211,SELL,7843.270114898682,9843.070087432861
2024-02-26 16:00:00+00:00,55.52999877929688,HOLD,7843.270114898682,9838.030109405518
2024-02-27 08:00:00+00:00,55.34000015258789,SELL,7898.8001136779785,9842.35007095337
2024-02-27 09:00:00+00:00,55.310001373291016,SELL,7954.140113830566,9835.700119018555
2024-02-27 10:00:00+00:00,55.27000045776367,HOLD,7954.140113830566,9834.680160522461
2024-02-27 11:00:00+00:00,55.369998931884766,BUY,7898.870113372803,9833.320129394531
2024-02-27 12:00:00+00:00,55.47999954223633,BUY,7843.500114440918,9836.82007598877
2024-02-27 13:00:00+00:00,55.43999862670898,HOLD,7843.500114440918,9840.780097961426
2024-02-27 14:00:00+00:00,55.40999984741211,HOLD,7843.500114440918,9839.340065002441
2024-02-27 15:00:00+00:00,55.52000045776367,SELL,7898.91011428833,9838.260108947754
2024-02-27 16:00:00+00:00,55.58000183105469,SELL,7954.430114746094,9842.110130310059
2024-02-28 08:00:00+00:00,55.83000183105469,BUY,7898.850112915039,9844.150177001953
2024-02-28 09:00:00+00:00,55.77000045776367,HOLD,7898.850112915039,9852.900177001953
2024-02-28 10:00:00+00:00,55.58000183105469,HOLD,7898.850112915039,9850.800128936768
2024-02-28 11:00:00+00:00,55.34999847412109,HOLD,7898.850112915039,9844.150177001953
2024-02-28 12:00:00+00:00,55.2400016784668,BUY,7843.500114440918,9836.100059509277
2024-02-28 13:00:00+00:00,55.16999816894531,SELL,7898.740116119385,9832.140174865723
2024-02-28 14:00:00+00:00,55.34999847412109,SELL,7953.91011428833,9829.69005203247
2024-02-28 15:00:00+00:00,55.25,HOLD,7953.91011428833,9835.810062408447
2024-02-28 16:00:00+00:00,55.470001220703125,BUY,7898.66011428833,9832.41011428833
2024-02-29 08:00:00+00:00,55.52000045776367,BUY,7843.190113067627,9840.11015701294
2024-02-29 09:00:00+00:00,55.540000915527344,SELL,7898.710113525391,9841.91012954712
2024-02-29 10:00:00+00:00,55.52000045776367,BUY,7843.170112609863,9842.610145568848
2024-02-29 11:00:00+00:00,55.54999923706055,SELL,7898.690113067627,9841.890129089355
2024-02-29 12:00:00+00:00,55.380001068115234,SELL,7954.2401123046875,9842.940086364746
2024-02-29 13:00:00+00:00,55.630001068115234,BUY,7898.860111236572,9837.160148620605
2024-02-29 14:00:00+00:00,55.5,HOLD,7898.860111236572,9845.910148620605
2024-02-29 15:00:00+00:00,55.2599983215332,HOLD,7898.860111236572,9841.360111236572
2024-02-29 16:00:00+00:00,55.31999969482422,BUY,7843.600112915039,9832.960052490234
2024-03-01 08:00:00+00:00,55.97999954223633,SELL,7898.920112609863,9835.120101928711
2024-03-01 09:00:00+00:00,56.09000015258789,SELL,7954.9001121521,9858.220096588135
2024-03-01 10:00:00+00:00,55.91999816894531,HOLD,7954.9001121521,9861.960117340088
2024-03-01 11:00:00+00:00,56.220001220703125,HOLD,7954.9001121521,9856.18004989624
2024-03-01 12:00:00+00:00,56.150001525878906,SELL,8011.120113372803,9866.380153656006
2024-03-01 13:00:00+00:00,56.18000030517578,BUY,7954.970111846924,9864.070163726807
2024-03-01 14:00:00+00:00,55.880001068115234,SELL,8011.1501121521,9865.0901222229
2024-03-01 15:00:00+00:00,56.15999984741211,SELL,8067.030113220215,9855.190147399902
2024-03-01 16:00:00+00:00,56.02000045776367,SELL,8123.190113067627,9864.150108337402
2024-03-04 08:00:00+00:00,57.02999877929688,HOLD,8123.190113067627,9859.8101272583
2024-03-04 09:00:00+00:00,56.70000076293945,BUY,8066.16011428833,9891.12007522583
2024-03-04 10:00:00+00:00,57.0099983215332,HOLD,8066.16011428833,9880.560138702393
2024-03-04 11:00:00+00:00,57.040000915527344,SELL,8123.170112609863,9890.480060577393
2024-03-04 12:00:00+00:00,56.91999816894531,BUY,8066.130111694336,9891.410140991211
2024-03-04 13:00:00+00:00,56.9900016784668,BUY,8009.210113525391,9887.570053100586
2024-03-04 14:00:00+00:00,57.18999862670898,BUY,7952.220111846924,9889.880168914795
2024-03-04 15:00:00+00:00,57.27000045776367,HOLD,7952.220111846924,9896.68006515503
2024-03-04 16:00:00+00:00,57.310001373291016,SELL,8009.4901123046875,9899.400127410889
2024-03-05 08:00:00+00:00,56.7400016784668,SELL,8066.8001136779785,9900.720157623291
2024-03-05 09:00:00+00:00,56.88999938964844,HOLD,8066.8001136779785,9882.480167388916
2024-03-05 10:00:00+00:00,57.22999954223633,SELL,8123.690113067627,9887.280094146729
2024-03-05 11:00:00+00:00,57.18000030517578,BUY,8066.460113525391,9897.820098876953
2024-03-05 12:00:00+00:00,57.18999862670898,BUY,8009.280113220215,9896.220123291016
2024-03-05 13:00:00+00:00,57.04999923706055,BUY,7952.090114593506,9896.550067901611
2024-03-05 14:00:00+00:00,57.38999938964844,HOLD,7952.090114593506,9891.790088653564
2024-03-05 15:00:00+00:00,57.380001068115234,SELL,8009.480113983154,9903.350093841553
2024-03-05 16:00:00+00:00,57.25,BUY,7952.100112915039,9903.020149230957
2024-03-06 08:00:00+00:00,57.70000076293945,SELL,8009.350112915039,9898.600112915039
2024-03-06 09:00:00+00:00,57.68999862670898,BUY,7951.6501121521,9913.450138092041
2024-03-06 10:00:00+00:00,57.65999984741211,HOLD,7951.6501121521,9913.110065460205
2024-03-06 11:00:00+00:00,57.650001525878906,HOLD,7951.6501121521,9912.090106964111
2024-03-06 12:00:00+00:00,57.709999084472656,SELL,8009.3001136779785,9911.750164031982
2024-03-06 13:00:00+00:00,57.7599983215332,BUY,7951.590114593506,9913.730083465576
2024-03-06 14:00:00+00:00,57.619998931884766,HOLD,7951.590114593506,9915.430057525635
2024-03-06 15:00:00+00:00,57.290000915527344,HOLD,7951.590114593506,9910.670078277588
2024-03-06 16:00:00+00:00,57.400001525878906,BUY,7894.3001136779785,9899.450145721436
2024-03-07 08:00:00+00:00,57.59999847412109,SELL,7951.700115203857,9903.30016708374
2024-03-07 09:00:00+00:00,57.75,BUY,7894.100116729736,9910.100063323975
2024-03-07 10:00:00+00:00,57.77000045776367,BUY,7836.350116729736,9915.350116729736
2024-03-07 11:00:00+00:00,57.77000045776367,BUY,7778.580116271973,9916.070133209229
2024-03-07 12:00:00+00:00,57.869998931884766,SELL,7836.350116729736,9916.070133209229
2024-03-07 13:00:00+00:00,58.0099983215332,SELL,7894.220115661621,9919.670078277588
2024-03-07 14:00:00+00:00,58.40999984741211,BUY,7836.210117340088,9924.570056915283
2024-03-07 15:00:00+00:00,58.5099983215332,SELL,7894.6201171875,9938.970111846924
2024-03-07 16:00:00+00:00,58.47999954223633,BUY,7836.110118865967,9942.470058441162
2024-03-08 08:00:00+00:00,58.900001525878906,SELL,7894.590118408203,9941.390102386475
2024-03-08 09:00:00+00:00,58.630001068115234,SELL,7953.490119934082,9956.090171813965
2024-03-08 10:00:00+00:00,58.709999084472656,SELL,8012.120121002197,9946.91015625
2024-03-08 11:00:00+00:00,58.5099983215332,SELL,8070.83012008667,9949.550090789795
2024-03-08 12:00:00+00:00,58.5099983215332,SELL,8129.340118408203,9943.150066375732
2024-03-08 13:00:00+00:00,59.040000915527344,SELL,8187.850116729736,9943.150066375732
2024-03-08 14:00:00+00:00,59.02000045776367,SELL,8246.890117645264,9959.050144195557
2024-03-08 15:00:00+00:00,59.13999938964844,HOLD,8246.890117645264,9958.47013092041
2024-03-08 16:00:00+00:00,59.0,HOLD,8246.890117645264,9961.950099945068
2024-03-11 08:00:00+00:00,59.06999969482422,HOLD,8246.890117645264,9957.890117645264
2024-03-11 09:00:00+00:00,58.970001220703125,HOLD,8246.890117645264,9959.920108795166
2024-03-11 10:00:00+00:00,59.119998931884766,BUY,8187.920116424561,9957.020153045654
2024-03-11 11:00:00+00:00,59.08000183105469,BUY,8128.800117492676,9961.520084381104
2024-03-11 12:00:00+00:00,58.880001068115234,HOLD,8128.800117492676,9960.280174255371
2024-03-11 13:00:00+00:00,59.130001068115234,HOLD,8128.800117492676,9954.080150604248
2024-03-11 14:00:00+00:00,59.08000183105469,SELL,8187.930118560791,9961.830150604248
2024-03-11 15:00:00+00:00,59.119998931884766,HOLD,8187.930118560791,9960.330173492432
2024-03-11 16:00:00+00:00,59.15999984741211,HOLD,8187.930118560791,9961.530086517334
2024-03-12 08:00:00+00:00,59.58000183105469,HOLD,8187.930118560791,9962.730113983154
2024-03-12 09:00:00+00:00,59.56999969482422,BUY,8128.350116729736,9975.330173492432
2024-03-12 10:00:00+00:00,59.720001220703125,SELL,8187.920116424561,9975.020107269287
2024-03-12 11:00:00+00:00,59.810001373291016,SELL,8247.640117645264,9979.520153045654
2024-03-12 12:00:00+00:00,59.79999923706055,SELL,8307.450119018555,9982.130157470703
2024-03-12 13:00:00+00:00,60.0,SELL,8367.250118255615,9981.85009765625
2024-03-12 14:00:00+00:00,59.86000061035156,HOLD,8367.250118255615,9987.250118255615
2024-03-12 15:00:00+00:00,59.93999862670898,HOLD,8367.250118255615,9983.470134735107
2024-03-12 16:00:00+00:00,59.70000076293945,BUY,8307.310119628906,9985.630081176758
2024-03-13 08:00:00+00:00,61.310001373291016,SELL,8367.010120391846,9978.910140991211
2024-03-13 09:00:00+00:00,61.61000061035156,SELL,8428.320121765137,10022.380157470703
2024-03-13 10:00:00+00:00,61.470001220703125,SELL,8489.930122375488,10030.180137634277
2024-03-13 11:00:00+00:00,61.34000015258789,BUY,8428.460121154785,10026.680152893066
2024-03-13 12:00:00+00:00,61.43999862670898,HOLD,8428.460121154785,10023.30012512207
2024-03-13 13:00:00+00:00,61.54999923706055,BUY,8367.020122528076,10025.900085449219
2024-03-13 14:00:00+00:00,61.380001068115234,BUY,8305.470123291016,10028.870101928711
2024-03-13 15:00:00+00:00,61.130001068115234,HOLD,8305.470123291016,10024.110153198242
2024-03-13 16:00:00+00:00,61.04999923706055,BUY,8244.3401222229,10017.110153198242
2024-03-14 08:00:00+00:00,61.130001068115234,SELL,8305.390121459961,10014.790100097656
2024-03-14 09:00:00+00:00,61.22999954223633,HOLD,8305.390121459961,10017.030151367188
2024-03-14 10:00:00+00:00,61.040000915527344,BUY,8244.160121917725,10019.830108642578
2024-03-14 11:00:00+00:00,61.09999847412109,SELL,8305.200122833252,10014.320148468018
2024-03-14 12:00:00+00:00,60.900001525878906,SELL,8366.300121307373,10016.000080108643
2024-03-14 13:00:00+00:00,60.400001525878906,SELL,8427.200122833252,10010.600162506104
2024-03-14 14:00:00+00:00,60.22999954223633,BUY,8366.800121307373,9997.600162506104
2024-03-14 15:00:00+00:00,60.380001068115234,HOLD,8366.800121307373,9993.010108947754
2024-03-14 16:00:00+00:00,60.47999954223633,BUY,8306.420120239258,9997.060150146484
2024-03-15 08:00:00+00:00,60.66999816894531,SELL,8366.900119781494,9999.860107421875
2024-03-15 09:00:00+00:00,60.52999877929688,BUY,8306.230121612549,10004.990070343018
2024-03-15 10:00:00+00:00,60.70000076293945,SELL,8366.760120391846,10001.070087432861
2024-03-15 11:00:00+00:00,60.79999923706055,HOLD,8366.760120391846,10005.660140991211
2024-03-15 12:00:00+00:00,60.75,BUY,8305.960121154785,10008.36009979248
2024-03-15 13:00:00+00:00,61.0099983215332,BUY,8245.210121154785,10006.960121154785
2024-03-15 14:00:00+00:00,61.380001068115234,BUY,8184.200122833252,10014.500072479248
2024-03-15 15:00:00+00:00,61.5099983215332,HOLD,8184.200122833252,10025.600154876709
2024-03-15 16:00:00+00:00,61.56999969482422,SELL,8245.710121154785,10029.500072479248
2024-03-18 08:00:00+00:00,61.58000183105469,SELL,8307.28012084961,10031.240112304688
2024-03-18 09:00:00+00:00,61.459999084472656,BUY,8245.700119018555,10031.52017211914
2024-03-18 10:00:00+00:00,61.36000061035156,HOLD,8245.700119018555,10028.040092468262
2024-03-18 11:00:00+00:00,61.63999938964844,HOLD,8245.700119018555,10025.14013671875
2024-03-18 12:00:00+00:00,61.59999847412109,SELL,8307.340118408203,10033.26010131836
2024-03-18 13:00:00+00:00,61.380001068115234,BUY,8245.740119934082,10032.140075683594
2024-03-18 14:00:00+00:00,61.369998931884766,BUY,8184.360118865967,10025.760150909424
2024-03-18 15:00:00+00:00,61.470001220703125,SELL,8245.730117797852,10025.46008682251
2024-03-18 16:00:00+00:00,61.470001220703125,BUY,8184.260116577148,10028.360153198242
2024-03-19 08:00:00+00:00,61.97999954223633,BUY,8122.790115356445,10028.360153198242
2024-03-19 09:00:00+00:00,61.84000015258789,SELL,8184.770114898682,10044.170101165771
2024-03-19 10:00:00+00:00,62.02999877929688,SELL,8246.61011505127,10039.970119476318
2024-03-19 11:00:00+00:00,62.06999969482422,SELL,8308.640113830566,10045.480079650879
2024-03-19 12:00:00+00:00,62.2400016784668,SELL,8370.71011352539,10046.600105285645
2024-03-19 13:00:00+00:00,62.22999954223633,BUY,8308.470111846924,10051.190158843994
2024-03-19 14:00:00+00:00,62.22999954223633,HOLD,8308.470111846924,10050.910099029541
2024-03-19 15:00:00+00:00,62.04999923706055,HOLD,8308.470111846924,10050.910099029541
2024-03-19 16:00:00+00:00,62.09999847412109,BUY,8246.420112609863,10045.87009048462
2024-03-20 08:00:00+00:00,62.060001373291016,SELL,8308.520111083984,10047.320068359375
2024-03-20 09:00:00+00:00,61.970001220703125,BUY,8246.460109710693,10046.200149536133
2024-03-20 10:00:00+00:00,61.79999923706055,SELL,8308.430110931396,10043.590145111084
2024-03-20 11:00:00+00:00,61.66999816894531,HOLD,8308.430110931396,10038.830089569092
2024-03-20 12:00:00+00:00,61.54999923706055,BUY,8246.760112762451,10035.190059661865
2024-03-20 13:00:00+00:00,61.77999877929688,BUY,8185.210113525391,10031.710090637207
2024-03-20 14:00:00+00:00,61.77000045776367,SELL,8246.990112304688,10038.610076904297
2024-03-20 15:00:00+00:00,61.84000015258789,BUY,8185.220111846924,10038.320125579834
2024-03-20 16:00:00+00:00,61.83000183105469,HOLD,8185.220111846924,10040.42011642456
2024-03-21 08:00:00+00:00,62.58000183105469,HOLD,8185.220111846924,10040.120166778564
2024-03-21 09:00:00+00:00,62.38999938964844,BUY,8122.640110015869,10062.620166778564
2024-03-21 10:00:00+00:00,62.18000030517578,BUY,8060.250110626221,10056.73009109497
2024-03-21 11:00:00+00:00,62.400001525878906,BUY,7998.070110321045,10050.010120391846
2024-03-21 12:00:00+00:00,62.2400016784668,BUY,7935.670108795166,10057.270160675049
2024-03-21 13:00:00+00:00,62.68999862670898,SELL,7997.910110473633,10051.830165863037
2024-03-21 14:00:00+00:00,62.84999847412109,BUY,7935.220111846924,10066.68006515503
2024-03-21 15:00:00+00:00,62.65999984741211,SELL,7998.070110321045,10072.120059967041
2024-03-21 16:00:00+00:00,62.59000015258789,BUY,7935.410110473633,10065.850105285645
2024-03-22 08:00:00+00:00,63.380001068115234,SELL,7998.000110626221,10063.470115661621
2024-03-22 09:00:00+00:00,63.56999969482422,HOLD,7998.000110626221,10089.540145874023
2024-03-22 10:00:00+00:00,63.52999877929688,SELL,8061.570110321045,10095.81010055542
2024-03-22 11:00:00+00:00,63.290000915527344,HOLD,8061.570110321045,10094.530071258545
2024-03-22 12:00:00+00:00,63.119998931884766,SELL,8124.860111236572,10086.85013961792
2024-03-22 13:00:00+00:00,63.0099983215332,BUY,8061.7401123046875,10081.580078125
2024-03-22 14:00:00+00:00,62.869998931884766,BUY,7998.730113983154,10078.06005859375
2024-03-22 15:00:00+00:00,62.84999847412109,SELL,8061.600112915039,10073.440078735352
2024-03-22 16:00:00+00:00,62.84000015258789,SELL,8124.45011138916,10072.800064086914
2024-03-25 08:00:00+00:00,62.95000076293945,HOLD,8124.45011138916,10072.490116119385
2024-03-25 09:00:00+00:00,62.84999847412109,BUY,8061.500110626221,10075.900135040283
2024-03-25 10:00:00+00:00,62.77000045776367,BUY,7998.6501121521,10072.700061798096
2024-03-25 11:00:00+00:00,62.70000076293945,HOLD,7998.6501121521,10070.0601272583
2024-03-25 12:00:00+00:00,62.61000061035156,SELL,8061.350112915039,10067.750137329102
2024-03-25 13:00:00+00:00,62.68000030517578,BUY,7998.7401123046875,10064.870132446289
2024-03-25 14:00:00+00:00,62.70000076293945,HOLD,7998.7401123046875,10067.180122375488
2024-03-25 15:00:00+00:00,62.58000183105469,BUY,7936.040111541748,10067.84013748169
2024-03-25 16:00:00+00:00,62.65999984741211,HOLD,7936.040111541748,10063.760173797607
2024-03-26 08:00:00+00:00,63.68000030517578,BUY,7873.380111694336,10066.48010635376
2024-03-26 09:00:00+00:00,63.900001525878906,BUY,7809.70011138916,10102.180122375488
2024-03-26 10:00:00+00:00,63.790000915527344,HOLD,7809.70011138916,10110.1001663208
2024-03-26 11:00:00+00:00,64.08999633789062,BUY,7745.910110473633,10106.140144348145
2024-03-26 12:00:00+00:00,63.880001068115234,BUY,7681.820114135742,10117.239974975586
2024-03-26 13:00:00+00:00,64.19999694824219,BUY,7617.940113067627,10109.260154724121
2024-03-26 14:00:00+00:00,64.38999938964844,HOLD,7617.940113067627,10121.739994049072
2024-03-26 15:00:00+00:00,64.13999938964844,BUY,7553.5501136779785,10129.150089263916
2024-03-26 16:00:00+00:00,64.12999725341797,BUY,7489.41011428833,10119.150089263916
2024-03-27 08:00:00+00:00,64.51000213623047,HOLD,7489.41011428833,10118.740001678467
2024-03-27 09:00:00+00:00,64.62999725341797,SELL,7553.920116424561,10134.32020187378
2024-03-27 10:00:00+00:00,64.68000030517578,SELL,7618.5501136779785,10139.12000656128
2024-03-27 11:00:00+00:00,64.72000122070312,BUY,7553.870113372803,10141.070125579834
2024-03-27 12:00:00+00:00,64.8499984741211,BUY,7489.1501121521,10142.670162200928
2024-03-27 13:00:00+00:00,65.08999633789062,SELL,7554.000110626221,10148.000049591064
2024-03-27 14:00:00+00:00,65.18000030517578,HOLD,7554.000110626221,10157.599964141846
2024-03-27 15:00:00+00:00,64.94999694824219,BUY,7488.820110321045,10161.200122833252
2024-03-27 16:00:00+00:00,64.58999633789062,HOLD,7488.820110321045,10151.769985198975
2024-03-28 08:00:00+00:00,65.55000305175781,SELL,7553.410106658936,10137.00996017456
2024-03-28 09:00:00+00:00,65.68000030517578,SELL,7618.960109710693,10175.410228729248
2024-03-28 10:00:00+00:00,65.66999816894531,HOLD,7618.960109710693,10180.480121612549
2024-03-28 11:00:00+00:00,65.72000122070312,HOLD,7618.960109710693,10180.09003829956
2024-03-28 12:00:00+00:00,65.66999816894531,SELL,7684.6801109313965,10182.040157318115
2024-03-28 13:00:00+00:00,65.7300033569336,BUY,7619.010112762451,10180.140041351318
2024-03-28 14:00:00+00:00,65.83000183105469,BUY,7553.280109405518,10182.480243682861
2024-03-28 15:00:00+00:00,65.8499984741211,BUY,7487.450107574463,10186.480182647705
2024-03-28 16:00:00+00:00,65.87000274658203,BUY,7421.600109100342,10187.300045013428
2024-04-02 07:00:00+00:00,66.51000213623047,HOLD,7421.600109100342,10188.140224456787
2024-04-02 08:00:00+00:00,66.05999755859375,BUY,7355.090106964111,10215.020198822021
2024-04-02 09:00:00+00:00,65.87000274658203,BUY,7289.030109405518,10195.670001983643
2024-04-02 10:00:00+00:00,65.8499984741211,BUY,7223.160106658936,10187.310230255127
2024-04-02 11:00:00+00:00,66.0,BUY,7157.310108184814,10186.410037994385
2024-04-02 12:00:00+00:00,65.87000274658203,HOLD,7157.310108184814,10193.310108184814
2024-04-02 13:00:00+00:00,65.36000061035156,BUY,7091.440105438232,10187.330234527588
2024-04-02 14:00:00+00:00,65.33000183105469,SELL,7156.800106048584,10163.360134124756
2024-04-02 15:00:00+00:00,65.43000030517578,SELL,7222.130107879639,10161.9801902771
2024-04-03 07:00:00+00:00,65.7300033569336,SELL,7287.560108184814,10166.480121612549
2024-04-03 08:00:00+00:00,65.88999938964844,HOLD,7287.560108184814,10179.680255889893
2024-04-03 09:00:00+00:00,66.08999633789062,SELL,7353.450107574463,10186.720081329346
2024-04-03 10:00:00+00:00,66.31999969482422,SELL,7419.5401039123535,10195.31995010376
2024-04-03 11:00:00+00:00,66.30999755859375,HOLD,7419.5401039123535,10204.98009109497
2024-04-03 12:00:00+00:00,66.29000091552734,SELL,7485.850101470947,10204.560001373291
2024-04-03 13:00:00+00:00,66.69999694824219,HOLD,7485.850101470947,10203.740139007568
2024-04-03 14:00:00+00:00,66.83000183105469,SELL,7552.550098419189,10220.549976348877
2024-04-03 15:00:00+00:00,66.54000091552734,SELL,7619.380100250244,10225.750171661377
2024-04-04 07:00:00+00:00,67.33000183105469,HOLD,7619.380100250244,10214.44013595581
2024-04-04 08:00:00+00:00,67.37000274658203,SELL,7686.710102081299,10245.250171661377
2024-04-04 09:00:00+00:00,67.23999786376953,BUY,7619.340099334717,10246.770206451416
2024-04-04 10:00:00+00:00,67.37000274658203,HOLD,7619.340099334717,10241.700016021729
2024-04-04 11:00:00+00:00,67.30999755859375,BUY,7551.970096588135,10246.770206451416
2024-04-04 12:00:00+00:00,67.48999786376953,SELL,7619.2800941467285,10244.369998931885
2024-04-04 13:00:00+00:00,67.41000366210938,HOLD,7619.2800941467285,10251.39001083374
2024-04-04 14:00:00+00:00,67.22000122070312,BUY,7551.870090484619,10248.270236968994
2024-04-04 15:00:00+00:00,67.20999908447266,BUY,7484.650089263916,10240.670139312744
2024-04-05 07:00:00+00:00,66.31999969482422,SELL,7551.860088348389,10240.260051727295
2024-04-05 08:00:00+00:00,65.97000122070312,BUY,7485.540088653564,10204.660076141357
2024-04-05 09:00:00+00:00,66.06999969482422,BUY,7419.570087432861,10190.310138702393
2024-04-05 10:00:00+00:00,66.01000213623047,HOLD,7419.570087432861,10194.510074615479
2024-04-05 11:00:00+00:00,66.01000213623047,HOLD,7419.570087432861,10191.990177154541
2024-04-05 12:00:00+00:00,66.25,HOLD,7419.570087432861,10191.990177154541
2024-04-05 13:00:00+00:00,66.3499984741211,HOLD,7419.570087432861,10202.070087432861
2024-04-05 14:00:00+00:00,66.47000122070312,SELL,7485.920085906982,10206.270023345947
2024-04-05 15:00:00+00:00,66.51000213623047,BUY,7419.450084686279,10211.19013595581
2024-04-08 07:00:00+00:00,66.91999816894531,SELL,7485.96008682251,10212.870174407959
2024-04-08 08:00:00+00:00,67.01000213623047,SELL,7552.880084991455,10229.680011749268
2024-04-08 09:00:00+00:00,67.13999938964844,HOLD,7552.880084991455,10233.280170440674
2024-04-08 10:00:00+00:00,67.16000366210938,BUY,7485.740085601807,10238.480060577393
2024-04-08 11:00:00+00:00,67.1500015258789,BUY,7418.580081939697,10239.300235748291
2024-04-08 12:00:00+00:00,67.2300033569336,SELL,7485.730083465576,10238.880146026611
2024-04-08 13:00:00+00:00,67.16000366210938,HOLD,7485.730083465576,10242.160221099854
2024-04-08 14:00:00+00:00,67.12999725341797,SELL,7552.890087127686,10239.29023361206
2024-04-08 15:00:00+00:00,67.04000091552734,SELL,7620.0200843811035,10238.089977264404
2024-04-09 07:00:00+00:00,67.19000244140625,HOLD,7620.0200843811035,10234.58012008667
2024-04-09 08:00:00+00:00,67.01000213623047,HOLD,7620.0200843811035,10240.430179595947
2024-04-09 09:00:00+00:00,67.01000213623047,BUY,7553.010082244873,10233.410167694092
2024-04-09 10:00:00+00:00,66.88999938964844,HOLD,7553.010082244873,10233.410167694092
2024-04-09 11:00:00+00:00,67.20999908447266,BUY,7486.120082855225,10228.61005783081
2024-04-09 12:00:00+00:00,67.30999755859375,BUY,7418.910083770752,10241.730045318604
2024-04-09 13:00:00+00:00,67.01000213623047,SELL,7486.220081329346,10245.92998123169
2024-04-09 14:00:00+00:00,66.68000030517578,SELL,7553.230083465576,10233.630168914795
2024-04-09 15:00:00+00:00,66.62999725341797,HOLD,7553.230083465576,10220.430095672607
2024-04-10 07:00:00+00:00,67.1500015258789,HOLD,7553.230083465576,10218.429973602295
2024-04-10 08:00:00+00:00,67.4800033569336,HOLD,7553.230083465576,10239.230144500732
2024-04-10 09:00:00+00:00,67.45999908447266,SELL,7620.71008682251,10252.43021774292
2024-04-10 10:00:00+00:00,67.51000213623047,SELL,7688.170085906982,10251.650051116943
2024-04-10 11:00:00+00:00,67.5,HOLD,7688.170085906982,10253.55016708374
2024-04-10 12:00:00+00:00,66.61000061035156,BUY,7620.670085906982,10253.170085906982
2024-04-10 13:00:00+00:00,66.31999969482422,SELL,7687.280086517334,10218.460109710693
2024-04-10 14:00:00+00:00,66.79000091552734,HOLD,7687.280086517334,10207.440074920654
2024-04-10 15:00:00+00:00,66.81999969482422,BUY,7620.490085601807,10225.300121307373
2024-04-11 07:00:00+00:00,67.0999984741211,HOLD,7620.490085601807,10226.470073699951
2024-04-11 08:00:00+00:00,66.37000274658203,SELL,7687.590084075928,10237.39002609253
2024-04-11 09:00:00+00:00,66.36000061035156,HOLD,7687.590084075928,10209.650188446045
2024-04-11 10:00:00+00:00,66.0,BUY,7621.230083465576,10209.270107269287
2024-04-11 11:00:00+00:00,65.8499984741211,SELL,7687.230083465576,10195.230083465576
2024-04-11 12:00:00+00:00,65.91000366210938,SELL,7753.080081939697,10189.530025482178
2024-04-11 13:00:00+00:00,65.93000030517578,SELL,7818.990085601807,10191.750217437744
2024-04-11 14:00:00+00:00,65.19999694824219,SELL,7884.920085906982,10192.470096588135
2024-04-11 15:00:00+00:00,65.33000183105469,SELL,7950.120082855225,10166.919979095459
2024-04-12 07:00:00+00:00,66.05999755859375,SELL,8015.450084686279,10171.340145111084
2024-04-12 08:00:00+00:00,66.22000122070312,HOLD,8015.450084686279,10195.430004119873
2024-04-12 09:00:00+00:00,66.12999725341797,SELL,8081.670085906982,10200.710124969482
2024-04-12 10:00:00+00:00,66.0199966430664,SELL,8147.8000831604,10197.829998016357
2024-04-12 11:00:00+00:00,66.0199966430664,BUY,8081.780086517334,10194.419979095459
2024-04-12 12:00:00+00:00,65.41999816894531,BUY,8015.760089874268,10194.419979095459
2024-04-12 13:00:00+00:00,65.63999938964844,SELL,8081.180088043213,10174.620029449463
2024-04-12 14:00:00+00:00,65.19999694824219,HOLD,8081.180088043213,10181.660068511963
2024-04-12 15:00:00+00:00,65.33000183105469,SELL,8146.380084991455,10167.579990386963
2024-04-15 07:00:00+00:00,65.83000183105469,SELL,8211.71008682251,10171.61014175415
2024-04-15 08:00:00+00:00,65.81999969482422,HOLD,8211.71008682251,10186.61014175415
2024-04-15 09:00:00+00:00,65.7699966430664,SELL,8277.530086517334,10186.310077667236
2024-04-15 10:00:00+00:00,65.98999786376953,HOLD,8277.530086517334,10184.85998916626
2024-04-15 11:00:00+00:00,66.3499984741211,SELL,8343.520084381104,10191.24002456665
2024-04-15 12:00:00+00:00,66.25,HOLD,8343.520084381104,10201.320041656494
2024-04-15 13:00:00+00:00,66.33000183105469,SELL,8409.770084381104,10198.520084381104
2024-04-15 14:00:00+00:00,65.72000122070312,HOLD,8409.770084381104,10200.68013381958
2024-04-15 15:00:00+00:00,65.61000061035156,HOLD,8409.770084381104,10184.210117340088
2024-04-16 07:00:00+00:00,64.44999694824219,BUY,8344.160083770752,10181.240100860596
2024-04-16 08:00:00+00:00,64.36000061035156,HOLD,8344.160083770752,10148.759998321533
2024-04-16 09:00:00+00:00,64.36000061035156,BUY,8279.8000831604,10146.240100860596
2024-04-16 10:00:00+00:00,64.31999969482422,HOLD,8279.8000831604,10146.240100860596
2024-04-16 11:00:00+00:00,64.68000030517578,BUY,8215.480083465576,10145.080074310303
2024-04-16 12:00:00+00:00,64.45999908447266,HOLD,8215.480083465576,10155.88009262085
2024-04-16 13:00:00+00:00,63.88999938964844,HOLD,8215.480083465576,10149.280055999756
2024-04-16 14:00:00+00:00,63.77000045776367,HOLD,8215.480083465576,10132.18006515503
2024-04-16 15:00:00+00:00,63.720001220703125,HOLD,8215.480083465576,10128.580097198486
2024-04-17 07:00:00+00:00,64.4000015258789,HOLD,8215.480083465576,10127.08012008667
2024-04-17 08:00:00+00:00,64.55000305175781,HOLD,8215.480083465576,10147.480129241943
2024-04-17 09:00:00+00:00,64.47000122070312,BUY,8150.930080413818,10151.98017501831
2024-04-17 10:00:00+00:00,64.61000061035156,HOLD,8150.930080413818,10149.500118255615
2024-04-17 11:00:00+00:00,64.69999694824219,BUY,8086.320079803467,10153.840099334717
2024-04-17 12:00:00+00:00,64.6500015258789,SELL,8151.020076751709,10156.719982147217
2024-04-17 13:00:00+00:00,64.72000122070312,BUY,8086.37007522583,10155.170124053955
2024-04-17 14:00:00+00:00,64.33999633789062,HOLD,8086.37007522583,10157.41011428833
2024-04-17 15:00:00+00:00,64.33000183105469,SELL,8150.710071563721,10145.24995803833
2024-04-18 07:00:00+00:00,65.0,BUY,8086.380069732666,10144.940128326416
2024-04-18 08:00:00+00:00,64.75,HOLD,8086.380069732666,10166.380069732666
2024-04-18 09:00:00+00:00,64.86000061035156,BUY,8021.630069732666,10158.380069732666
2024-04-18 10:00:00+00:00,64.97000122070312,SELL,8086.490070343018,10162.010089874268
2024-04-18 11:00:00+00:00,65.12000274658203,HOLD,8086.490070343018,10165.530109405518
2024-04-18 12:00:00+00:00,65.01000213623047,BUY,8021.370067596436,10170.330158233643
2024-04-18 13:00:00+00:00,65.08000183105469,BUY,7956.360065460205,10166.700138092041
2024-04-18 14:00:00+00:00,65.33999633789062,SELL,8021.44006729126,10169.080127716064
2024-04-18 15:00:00+00:00,65.43000030517578,BUY,7956.100070953369,10177.65994644165
2024-04-19 07:00:00+00:00,64.58999633789062,SELL,8021.530071258545,10180.720081329346
2024-04-19 08:00:00+00:00,64.58999633789062,BUY,7956.940074920654,10152.999950408936
2024-04-19 09:00:00+00:00,65.02999877929688,BUY,7892.350078582764,10152.999950408936
2024-04-19 10:00:00+00:00,65.02999877929688,BUY,7827.320079803467,10168.400035858154
2024-04-19 11:00:00+00:00,65.23999786376953,SELL,7892.350078582764,10168.400035858154
2024-04-19 12:00:00+00:00,65.4000015258789,SELL,7957.590076446533,10175.750003814697
2024-04-19 13:00:00+00:00,65.33999633789062,HOLD,7957.590076446533,10181.190128326416
2024-04-19 14:00:00+00:00,65.52999877929688,HOLD,7957.590076446533,10179.149951934814
2024-04-19 15:00:00+00:00,65.41999816894531,BUY,7892.060077667236,10185.610034942627
2024-04-22 07:00:00+00:00,65.8499984741211,HOLD,7892.060077667236,10181.760013580322
2024-04-22 08:00:00+00:00,66.31999969482422,BUY,7826.210079193115,10196.810024261475
2024-04-22 09:00:00+00:00,66.20999908447266,BUY,7759.890079498291,10213.730068206787
2024-04-22 10:00:00+00:00,66.33000183105469,HOLD,7759.890079498291,10209.66004562378
2024-04-22 11:00:00+00:00,66.55999755859375,BUY,7693.560077667236,10214.100147247314
2024-04-22 12:00:00+00:00,66.62000274658203,BUY,7627.000080108643,10222.839984893799
2024-04-22 13:00:00+00:00,66.62999725341797,HOLD,7627.000080108643,10225.180187225342
2024-04-22 14:00:00+00:00,66.55000305175781,BUY,7560.370082855225,10225.569972991943
2024-04-22 15:00:00+00:00,66.5,HOLD,7560.370082855225,10222.370204925537
2024-04-23 07:00:00+00:00,67.2300033569336,BUY,7493.870082855225,10220.370082855225
2024-04-23 08:00:00+00:00,67.13999938964844,BUY,7426.640079498291,10250.300220489502
2024-04-23 09:00:00+00:00,67.4800033569336,SELL,7493.780078887939,10246.520053863525
2024-04-23 10:00:00+00:00,67.7699966430664,BUY,7426.300075531006,10260.460216522217
2024-04-23 11:00:00+00:00,67.5999984741211,SELL,7494.070072174072,10272.639934539795
2024-04-23 12:00:00+00:00,67.58999633789062,SELL,7561.670070648193,10265.670009613037
2024-04-23 13:00:00+00:00,67.6500015258789,HOLD,7561.670070648193,10265.269924163818
2024-04-23 14:00:00+00:00,68.05999755859375,SELL,7629.320072174072,10267.67013168335
2024-04-23 15:00:00+00:00,68.2300033569336,SELL,7697.380069732666,10283.659976959229
2024-04-24 07:00:00+00:00,68.02999877929688,HOLD,7697.380069732666,10290.120197296143
2024-04-24 08:00:00+00:00,68.1500015258789,HOLD,7697.380069732666,10282.520023345947
2024-04-24 09:00:00+00:00,68.18000030517578,BUY,7629.230068206787,10287.080127716064
2024-04-24 10:00:00+00:00,67.9800033569336,HOLD,7629.230068206787,10288.250080108643
2024-04-24 11:00:00+00:00,68.0199966430664,SELL,7697.210071563721,10280.450199127197
2024-04-24 12:00:00+00:00,67.62999725341797,BUY,7629.190074920654,10281.969944000244
2024-04-24 13:00:00+00:00,67.47000122070312,BUY,7561.560077667236,10266.759967803955
2024-04-24 14:00:00+00:00,67.44000244140625,SELL,7629.030078887939,10260.360126495361
2024-04-24 15:00:00+00:00,67.55999755859375,BUY,7561.590076446533,10259.190174102783
2024-04-25 07:00:00+00:00,67.93000030517578,SELL,7629.150074005127,10263.989978790283
2024-04-25 08:00:00+00:00,68.11000061035156,SELL,7697.080074310303,10278.420085906982
2024-04-25 09:00:00+00:00,68.12000274658203,SELL,7765.190074920654,10285.260097503662
2024-04-25 10:00:00+00:00,68.44000244140625,HOLD,7765.190074920654,10285.63017654419
2024-04-25 11:00:00+00:00,69.19000244140625,HOLD,7765.190074920654,10297.470165252686
2024-04-25 12:00:00+00:00,68.36000061035156,BUY,7696.000072479248,10325.220165252686
2024-04-25 13:00:00+00:00,67.81999969482422,SELL,7764.3600730896,10293.680095672607
2024-04-25 14:00:00+00:00,68.69999694824219,SELL,7832.180072784424,10273.700061798096
2024-04-25 15:00:00+00:00,68.36000061035156,HOLD,7832.180072784424,10305.379962921143
2024-04-26 07:00:00+00:00,68.19000244140625,HOLD,7832.180072784424,10293.14009475708
2024-04-26 08:00:00+00:00,68.20999908447266,SELL,7900.37007522583,10287.020160675049
2024-04-26 09:00:00+00:00,68.0,SELL,7968.580074310303,10287.720043182373
2024-04-26 10:00:00+00:00,67.61000061035156,SELL,8036.580074310303,10280.580074310303
2024-04-26 11:00:00+00:00,67.76000213623047,HOLD,8036.580074310303,10267.710094451904
2024-04-26 12:00:00+00:00,68.04000091552734,BUY,7968.820072174072,10272.660144805908
2024-04-26 13:00:00+00:00,67.58000183105469,SELL,8036.8600730896,10282.180103302002
2024-04-26 14:00:00+00:00,66.83000183105469,BUY,7969.280071258545,10267.000133514404
2024-04-26 15:00:00+00:00,66.77999877929688,HOLD,7969.280071258545,10241.500133514404
2024-04-29 07:00:00+00:00,68.19000244140625,HOLD,7969.280071258545,10239.800029754639
2024-04-29 08:00:00+00:00,68.12999725341797,SELL,8037.470073699951,10287.740154266357
2024-04-29 09:00:00+00:00,67.8499984741211,HOLD,8037.470073699951,10285.759983062744
2024-04-29 10:00:00+00:00,67.77999877929688,BUY,7969.62007522583,10276.520023345947
2024-04-29 11:00:00+00:00,67.7300033569336,BUY,7901.840076446533,10274.140033721924
2024-04-29 12:00:00+00:00,67.61000061035156,HOLD,7901.840076446533,10272.390193939209
2024-04-29 13:00:00+00:00,67.5199966430664,BUY,7834.230075836182,10268.190097808838
2024-04-29 14:00:00+00:00,67.63999938964844,SELL,7901.750072479248,10264.949954986572
2024-04-29 15:00:00+00:00,67.54000091552734,BUY,7834.1100730896,10269.150051116943
2024-04-30 07:00:00+00:00,68.33999633789062,SELL,7901.650074005127,10265.550106048584
2024-04-30 08:00:00+00:00,67.76000213623047,BUY,7833.310077667236,10293.549945831299
2024-04-30 09:00:00+00:00,67.93000030517578,HOLD,7833.310077667236,10272.670154571533
2024-04-30 10:00:00+00:00,67.91999816894531,BUY,7765.380077362061,10278.790088653564
2024-04-30 11:00:00+00:00,67.83999633789062,SELL,7833.300075531006,10278.420009613037
2024-04-30 12:00:00+00:00,67.68000030517578,BUY,7765.460079193115,10275.539943695068
2024-04-30 13:00:00+00:00,67.5199966430664,SELL,7833.140079498291,10269.62009048462
2024-04-30 14:00:00+00:00,67.48999786376953,BUY,7765.620082855225,10263.859958648682
2024-04-30 15:00:00+00:00,67.45999908447266,HOLD,7765.620082855225,10262.750003814697
2024-05-02 07:00:00+00:00,67.37000274658203,HOLD,7765.620082855225,10261.640048980713
2024-05-02 08:00:00+00:00,67.16000366210938,SELL,7832.990085601807,10258.31018447876
2024-05-02 09:00:00+00:00,67.11000061035156,SELL,7900.150089263916,10250.750217437744
2024-05-02 10:00:00+00:00,67.27999877929688,SELL,7967.260089874268,10249.00011062622
2024-05-02 11:00:00+00:00,67.30000305175781,SELL,8034.540088653564,10254.780048370361
2024-05-02 12:00:00+00:00,67.7699966430664,BUY,7967.240085601807,10255.440189361572
2024-05-02 13:00:00+00:00,67.77999877929688,BUY,7899.47008895874,10271.419971466064
2024-05-02 14:00:00+00:00,67.66999816894531,BUY,7831.690090179443,10271.77004623413
2024-05-02 15:00:00+00:00,67.4800033569336,SELL,7899.360088348389,10267.810024261475
2024-05-03 07:00:00+00:00,67.94999694824219,BUY,7831.880084991455,10261.160205841064
2024-05-03 08:00:00+00:00,68.06999969482422,SELL,7899.830081939697,10278.079975128174
2024-05-03 09:00:00+00:00,68.08999633789062,SELL,7967.9000816345215,10282.280071258545
2024-05-03 10:00:00+00:00,67.87999725341797,HOLD,7967.9000816345215,10282.959957122803
2024-05-03 11:00:00+00:00,67.94999694824219,SELL,8035.780078887939,10275.819988250732
2024-05-03 12:00:00+00:00,67.94999694824219,SELL,8103.730075836182,10278.129978179932
2024-05-03 13:00:00+00:00,67.80000305175781,SELL,8171.680072784424,10278.129978179932
2024-05-03 14:00:00+00:00,67.55000305175781,HOLD,8171.680072784424,10273.480167388916
2024-05-03 15:00:00+00:00,67.66999816894531,BUY,8104.130069732666,10265.730167388916
2024-05-06 07:00:00+00:00,67.58000183105469,SELL,8171.800067901611,10269.570011138916
2024-05-06 08:00:00+00:00,67.86000061035156,BUY,8104.220066070557,10266.780124664307
2024-05-06 09:00:00+00:00,68.0199966430664,SELL,8172.080066680908,10275.740085601807
2024-05-06 10:00:00+00:00,68.18000030517578,SELL,8240.100063323975,10280.699962615967
2024-05-06 11:00:00+00:00,68.19999694824219,SELL,8308.28006362915,10285.500072479248
2024-05-06 12:00:00+00:00,68.19999694824219,HOLD,8308.28006362915,10286.079975128174
2024-05-06 13:00:00+00:00,68.1500015258789,HOLD,8308.28006362915,10286.079975128174
2024-05-06 14:00:00+00:00,68.25,BUY,8240.130062103271,10284.630107879639
2024-05-06 15:00:00+00:00,68.2300033569336,HOLD,8240.130062103271,10287.630062103271
2024-05-07 07:00:00+00:00,68.73999786376953,HOLD,8240.130062103271,10287.03016281128
2024-05-07 08:00:00+00:00,68.97000122070312,SELL,8308.870059967041,10302.329998016357
2024-05-07 09:00:00+00:00,69.16000366210938,HOLD,8308.870059967041,10309.000095367432
2024-05-07 10:00:00+00:00,69.20999908447266,BUY,8239.710056304932,10314.510166168213
2024-05-07 11:00:00+00:00,69.22000122070312,BUY,8170.500057220459,10316.010028839111
2024-05-07 12:00:00+00:00,69.4000015258789,HOLD,8170.500057220459,10316.320095062256
2024-05-07 13:00:00+00:00,69.5199966430664,BUY,8101.10005569458,10321.900104522705
2024-05-07 14:00:00+00:00,69.61000061035156,SELL,8170.6200523376465,10325.739948272705
2024-05-07 15:00:00+00:00,69.62000274658203,BUY,8101.010051727295,10328.530071258545
2024-05-08 07:00:00+00:00,69.75,HOLD,8101.010051727295,10328.85013961792
2024-05-08 08:00:00+00:00,69.58000183105469,BUY,8031.260051727295,10333.010051727295
2024-05-08 09:00:00+00:00,69.76000213623047,BUY,7961.68004989624,10327.4001121521
2024-05-08 10:00:00+00:00,69.5999984741211,HOLD,7961.68004989624,10333.520122528076
2024-05-08 11:00:00+00:00,69.41000366210938,HOLD,7961.68004989624,10328.079998016357
2024-05-08 12:00:00+00:00,69.29000091552734,SELL,8031.09005355835,10321.620174407959
2024-05-08 13:00:00+00:00,69.54000091552734,SELL,8100.380054473877,10317.660083770752
2024-05-08 14:00:00+00:00,69.63999938964844,BUY,8030.84005355835,10325.660083770752
2024-05-08 15:00:00+00:00,69.86000061035156,SELL,8100.480052947998,10328.960033416748
2024-05-09 07:00:00+00:00,70.19999694824219,HOLD,8100.480052947998,10336.000072479248
2024-05-09 08:00:00+00:00,70.19999694824219,SELL,8170.68004989624,10346.879955291748
2024-05-09 09:00:00+00:00,70.06999969482422,BUY,8100.480052947998,10346.879955291748
2024-05-09 10:00:00+00:00,70.31999969482422,SELL,8170.550052642822,10342.720043182373
2024-05-09 11:00:00+00:00,70.16999816894531,SELL,8240.870052337646,10350.470043182373
2024-05-09 12:00:00+00:00,70.30999755859375,BUY,8170.700054168701,10345.969997406006
2024-05-09 13:00:00+00:00,70.5999984741211,SELL,8241.010051727295,10350.309978485107
2024-05-09 14:00:00+00:00,70.62999725341797,BUY,8170.410053253174,10359.010005950928
2024-05-09 15:00:00+00:00,70.55999755859375,BUY,8099.780055999756,10359.93996810913
2024-05-10 07:00:00+00:00,71.01000213623047,BUY,8029.220058441162,10357.699977874756
2024-05-10 08:00:00+00:00,71.2300033569336,SELL,8100.230060577393,10372.550128936768
2024-05-10 09:00:00+00:00,71.22000122070312,BUY,8029.000057220459,10379.590167999268
2024-05-10 10:00:00+00:00,71.12000274658203,HOLD,8029.000057220459,10379.260097503662
2024-05-10 11:00:00+00:00,71.30000305175781,BUY,7957.880054473877,10375.960147857666
2024-05-10 12:00:00+00:00,71.41000366210938,BUY,7886.580051422119,10382.080158233643
2024-05-10 13:00:00+00:00,71.52999877929688,HOLD,7886.580051422119,10385.930179595947
2024-05-10 14:00:00+00:00,71.19000244140625,BUY,7815.050052642822,10390.13000869751
2024-05-10 15:00:00+00:00,71.33999633789062,SELL,7886.2400550842285,10377.890140533447
2024-05-13 07:00:00+00:00,71.58000183105469,SELL,7957.580051422119,10383.1399269104
2024-05-13 08:00:00+00:00,71.91000366210938,SELL,8029.160053253174,10391.300113677979
2024-05-13 09:00:00+00:00,71.86000061035156,BUY,7957.250049591064,10402.190174102783
2024-05-13 10:00:00+00:00,71.62000274658203,BUY,7885.390048980713,10400.490070343018
2024-05-13 11:00:00+00:00,71.5999984741211,HOLD,7885.390048980713,10392.090145111084
2024-05-13 12:00:00+00:00,71.37999725341797,HOLD,7885.390048980713,10391.389995574951
2024-05-13 13:00:00+00:00,71.44999694824219,HOLD,7885.390048980713,10383.689952850342
2024-05-13 14:00:00+00:00,71.36000061035156,SELL,7956.840045928955,10386.13994216919
2024-05-13 15:00:00+00:00,71.55999755859375,BUY,7885.4800453186035,10383.080066680908
2024-05-14 07:00:00+00:00,71.3499984741211,BUY,7813.92004776001,10390.079959869385
2024-05-14 08:00:00+00:00,71.02999877929688,SELL,7885.270046234131,10382.51999282837
2024-05-14 09:00:00+00:00,71.27999877929688,HOLD,7885.270046234131,10371.320003509521
2024-05-14 10:00:00+00:00,71.38999938964844,SELL,7956.550045013428,10380.070003509521
2024-05-14 11:00:00+00:00,71.45999908447266,BUY,7885.160045623779,10383.810024261475
2024-05-14 12:00:00+00:00,71.61000061035156,SELL,7956.620044708252,10386.260013580322
2024-05-14 13:00:00+00:00,71.63999938964844,HOLD,7956.620044708252,10391.360065460205
2024-05-14 14:00:00+00:00,71.79000091552734,HOLD,7956.620044708252,10392.380023956299
2024-05-14 15:00:00+00:00,71.69000244140625,SELL,8028.410045623779,10397.480075836182
2024-05-15 07:00:00+00:00,71.72000122070312,SELL,8100.100048065186,10394.180126190186
2024-05-15 08:00:00+00:00,71.87999725341797,BUY,8028.380046844482,10395.140087127686
2024-05-15 09:00:00+00:00,71.93000030517578,BUY,7956.500049591064,10400.419956207275
2024-05-15 10:00:00+00:00,71.9800033569336,BUY,7884.570049285889,10402.120059967041
2024-05-15 11:00:00+00:00,71.7300033569336,BUY,7812.590045928955,10403.870166778564
2024-05-15 12:00:00+00:00,71.63999938964844,SELL,7884.320049285889,10394.870166778564
2024-05-15 13:00:00+00:00,71.77999877929688,BUY,7812.68004989624,10391.720027923584
2024-05-15 14:00:00+00:00,71.80000305175781,BUY,7740.900051116943,10396.760005950928
2024-05-15 15:00:00+00:00,71.86000061035156,SELL,7812.700054168701,10397.500164031982
2024-05-16 07:00:00+00:00,71.45999908447266,BUY,7740.84005355835,10399.660076141357
2024-05-16 08:00:00+00:00,71.38999938964844,BUY,7669.380054473877,10384.860019683838
2024-05-16 09:00:00+00:00,71.4000015258789,HOLD,7669.380054473877,10382.200031280518
2024-05-16 10:00:00+00:00,71.7300033569336,HOLD,7669.380054473877,10382.580112457275
2024-05-16 11:00:00+00:00,71.80999755859375,HOLD,7669.380054473877,10395.120182037354
2024-05-16 12:00:00+00:00,71.7300033569336,BUY,7597.570056915283,10398.15996170044
2024-05-16 13:00:00+00:00,71.72000122070312,SELL,7669.300060272217,10395.040187835693
2024-05-16 14:00:00+00:00,71.76000213623047,SELL,7741.02006149292,10394.660106658936
2024-05-16 15:00:00+00:00,71.6500015258789,SELL,7812.78006362915,10396.140140533447
2024-05-17 07:00:00+00:00,72.0,SELL,7884.430065155029,10392.180118560791
2024-05-17 08:00:00+00:00,71.97000122070312,SELL,7956.430065155029,10404.43006515503
2024-05-17 09:00:00+00:00,72.16999816894531,BUY,7884.460063934326,10403.410106658936
2024-05-17 10:00:00+00:00,71.88999938964844,HOLD,7884.460063934326,10410.409999847412
2024-05-17 11:00:00+00:00,71.7300033569336,HOLD,7884.460063934326,10400.610042572021
2024-05-17 12:00:00+00:00,71.77999877929688,BUY,7812.730060577393,10395.010181427002
2024-05-17 13:00:00+00:00,71.94000244140625,HOLD,7812.730060577393,10396.81001663208
2024-05-17 14:00:00+00:00,72.13999938964844,BUY,7740.790058135986,10402.570148468018
2024-05-17 15:00:00+00:00,72.1500015258789,BUY,7668.650058746338,10409.970035552979
2024-05-20 07:00:00+00:00,72.56999969482422,BUY,7596.500057220459,10410.350116729736
2024-05-20 08:00:00+00:00,72.54000091552734,BUY,7523.930057525635,10426.730045318604
2024-05-20 09:00:00+00:00,72.54000091552734,BUY,7451.390056610107,10425.530094146729
2024-05-20 10:00:00+00:00,72.87999725341797,BUY,7378.85005569458,10425.530094146729
2024-05-20 11:00:00+00:00,72.87999725341797,BUY,7305.970058441162,10439.809940338135
2024-05-20 12:00:00+00:00,72.9800033569336,HOLD,7305.970058441162,10439.809940338135
2024-05-20 13:00:00+00:00,72.87999725341797,BUY,7232.9900550842285,10444.110202789307
2024-05-20 14:00:00+00:00,72.95999908447266,HOLD,7232.9900550842285,10439.70993423462
2024-05-20 15:00:00+00:00,73.04000091552734,HOLD,7232.9900550842285,10443.230014801025
2024-05-21 07:00:00+00:00,67.43000030517578,SELL,7306.030055999756,10446.750095367432
2024-05-21 08:00:00+00:00,67.7300033569336,BUY,7238.60005569458,10205.520069122314
2024-05-21 09:00:00+00:00,67.2699966430664,HOLD,7238.60005569458,10218.720203399658
2024-05-21 10:00:00+00:00,67.33000183105469,SELL,7305.8700523376465,10198.479907989502
2024-05-21 11:00:00+00:00,67.3499984741211,SELL,7373.200054168701,10201.060131072998
2024-05-21 12:00:00+00:00,67.1500015258789,HOLD,7373.200054168701,10201.899990081787
2024-05-21 13:00:00+00:00,67.27999877929688,SELL,7440.35005569458,10193.500118255615
2024-05-21 14:00:00+00:00,67.94999694824219,HOLD,7440.35005569458,10198.830005645752
2024-05-21 15:00:00+00:00,67.98999786376953,BUY,7372.400058746338,10226.29993057251
2024-05-22 07:00:00+00:00,68.0,BUY,7304.410060882568,10227.979969024658
2024-05-22 08:00:00+00:00,67.9800033569336,SELL,7372.410060882568,10228.410060882568
2024-05-22 09:00:00+00:00,68.13999938964844,BUY,7304.430057525635,10227.57020187378
2024-05-22 10:00:00+00:00,68.12000274658203,HOLD,7304.430057525635,10234.450031280518
2024-05-22 11:00:00+00:00,67.83999633789062,SELL,7372.550060272217,10233.590175628662
2024-05-22 12:00:00+00:00,67.86000061035156,SELL,7440.390056610107,10221.829906463623
2024-05-22 13:00:00+00:00,67.91000366210938,BUY,7372.530055999756,10222.650081634521
2024-05-22 14:00:00+00:00,67.68000030517578,HOLD,7372.530055999756,10224.75020980835
2024-05-22 15:00:00+00:00,67.55999755859375,HOLD,7372.530055999756,10215.090068817139
2024-05-23 07:00:00+00:00,67.62999725341797,SELL,7440.09005355835,10210.049953460693
2024-05-23 08:00:00+00:00,67.0999984741211,SELL,7507.720050811768,10212.919940948486
2024-05-23 09:00:00+00:00,67.0999984741211,HOLD,7507.720050811768,10191.719989776611
2024-05-23 10:00:00+00:00,67.20999908447266,BUY,7440.6200523376465,10191.719989776611
2024-05-23 11:00:00+00:00,67.11000061035156,SELL,7507.830051422119,10196.230014801025
2024-05-23 12:00:00+00:00,67.06999969482422,SELL,7574.940052032471,10192.230075836182
2024-05-23 13:00:00+00:00,66.93000030517578,BUY,7507.8700523376465,10190.670040130615
2024-05-23 14:00:00+00:00,67.0,BUY,7440.940052032471,10185.070064544678
2024-05-23 15:00:00+00:00,67.11000061035156,SELL,7507.940052032471,10187.94005203247
2024-05-24 07:00:00+00:00,66.54000091552734,HOLD,7507.940052032471,10192.340076446533
2024-05-24 08:00:00+00:00,66.83999633789062,BUY,7441.400051116943,10169.540088653564
2024-05-24 09:00:00+00:00,66.66999816894531,SELL,7508.240047454834,10181.839900970459
2024-05-24 10:00:00+00:00,66.54000091552734,HOLD,7508.240047454834,10175.039974212646
2024-05-24 11:00:00+00:00,66.5999984741211,SELL,7574.780048370361,10169.840084075928
2024-05-24 12:00:00+00:00,66.58999633789062,BUY,7508.18004989624,10172.179988861084
2024-05-24 13:00:00+00:00,66.7699966430664,SELL,7574.770046234131,10171.779903411865
2024-05-24 14:00:00+00:00,67.13999938964844,HOLD,7574.770046234131,10178.79991531372
2024-05-24 15:00:00+00:00,67.18000030517578,SELL,7641.910045623779,10193.23002243042
2024-05-27 07:00:00+00:00,67.16000366210938,HOLD,7641.910045623779,10194.750057220459
2024-05-27 08:00:00+00:00,67.0199966430664,SELL,7709.070049285889,10193.990184783936
2024-05-27 09:00:00+00:00,66.87999725341797,HOLD,7709.070049285889,10188.809925079346
2024-05-27 10:00:00+00:00,66.94000244140625,BUY,7642.190052032471,10183.629947662354
2024-05-27 11:00:00+00:00,66.83999633789062,SELL,7709.130054473877,10185.910144805908
2024-05-27 12:00:00+00:00,67.01000213623047,BUY,7642.290058135986,10182.20991897583
2024-05-27 13:00:00+00:00,66.94999694824219,BUY,7575.280055999756,10188.670139312744
2024-05-27 14:00:00+00:00,67.02999877929688,HOLD,7575.280055999756,10186.329936981201
2024-05-27 15:00:00+00:00,66.94000244140625,HOLD,7575.280055999756,10189.450008392334
2024-05-28 07:00:00+00:00,67.3499984741211,BUY,7508.34005355835,10185.9401512146
2024-05-28 08:00:00+00:00,67.5,HOLD,7508.34005355835,10202.339992523193
2024-05-28 09:00:00+00:00,67.5199966430664,SELL,7575.84005355835,10208.34005355835
2024-05-28 10:00:00+00:00,67.54000091552734,HOLD,7575.84005355835,10209.11992263794
2024-05-28 11:00:00+00:00,67.62000274658203,SELL,7643.380054473877,10209.900089263916
2024-05-28 12:00:00+00:00,67.4800033569336,HOLD,7643.380054473877,10212.940158843994
2024-05-28 13:00:00+00:00,67.58000183105469,SELL,7710.860057830811,10207.620182037354
2024-05-28 14:00:00+00:00,67.6500015258789,SELL,7778.440059661865,10211.320125579834
2024-05-28 15:00:00+00:00,67.7699966430664,SELL,7846.090061187744,10213.840114593506
2024-05-29 07:00:00+00:00,67.4800033569336,BUY,7778.320064544678,10218.039943695068
2024-05-29 08:00:00+00:00,67.52999877929688,SELL,7845.800067901611,10207.600185394287
2024-05-29 09:00:00+00:00,67.3499984741211,BUY,7778.270069122314,10209.350025177002
2024-05-29 10:00:00+00:00,67.12999725341797,SELL,7845.620067596436,10202.870014190674
2024-05-29 11:00:00+00:00,67.01000213623047,BUY,7778.490070343018,10195.169971466064
2024-05-29 12:00:00+00:00,66.69000244140625,HOLD,7778.490070343018,10190.850147247314
2024-05-29 13:00:00+00:00,66.77999877929688,HOLD,7778.490070343018,10179.330158233643
2024-05-29 14:00:00+00:00,66.87000274658203,HOLD,7778.490070343018,10182.570026397705
2024-05-29 15:00:00+00:00,66.91999816894531,BUY,7711.620067596436,10185.81016921997
2024-05-30 07:00:00+00:00,66.87999725341797,HOLD,7711.620067596436,10187.659999847412
2024-05-30 08:00:00+00:00,66.88999938964844,HOLD,7711.620067596436,10186.1799659729
2024-05-30 09:00:00+00:00,66.94999694824219,BUY,7644.730068206787,10186.550045013428
2024-05-30 10:00:00+00:00,67.23999786376953,HOLD,7644.730068206787,10188.82995223999
2024-05-30 11:00:00+00:00,67.3499984741211,HOLD,7644.730068206787,10199.84998703003
2024-05-30 12:00:00+00:00,67.31999969482422,HOLD,7644.730068206787,10204.030010223389
2024-05-30 13:00:00+00:00,67.3499984741211,HOLD,7644.730068206787,10202.890056610107
2024-05-30 14:00:00+00:00,67.52999877929688,BUY,7577.380069732666,10204.030010223389
2024-05-30 15:00:00+00:00,67.69999694824219,HOLD,7577.380069732666,10211.050022125244
2024-05-31 07:00:00+00:00,67.80999755859375,BUY,7509.680072784424,10217.679950714111
2024-05-31 08:00:00+00:00,67.79000091552734,BUY,7441.87007522583,10222.079975128174
2024-05-31 09:00:00+00:00,68.05999755859375,BUY,7374.080074310303,10221.260112762451
2024-05-31 10:00:00+00:00,68.0,HOLD,7374.080074310303,10232.59997177124
2024-05-31 11:00:00+00:00,67.75,SELL,7442.080074310303,10230.080074310303
2024-05-31 12:00:00+00:00,67.91000366210938,HOLD,7442.080074310303,10219.830074310303
2024-05-31 13:00:00+00:00,67.55999755859375,SELL,7509.990077972412,10226.390224456787
2024-05-31 14:00:00+00:00,67.68000030517578,HOLD,7509.990077972412,10212.389980316162
2024-05-31 15:00:00+00:00,67.62000274658203,BUY,7442.310077667236,10217.190090179443
2024-06-03 07:00:00+00:00,68.37999725341797,BUY,7374.690074920654,10214.7301902771
2024-06-03 08:00:00+00:00,68.51000213623047,BUY,7306.310077667236,10246.649959564209
2024-06-03 09:00:00+00:00,68.4000015258789,SELL,7374.820079803467,10252.240169525146
2024-06-03 10:00:00+00:00,68.37999725341797,HOLD,7374.820079803467,10247.62014389038
2024-06-03 11:00:00+00:00,68.16999816894531,BUY,7306.440082550049,10246.779964447021
2024-06-03 12:00:00+00:00,68.27999877929688,SELL,7374.610080718994,10237.750003814697
2024-06-03 13:00:00+00:00,68.0999984741211,HOLD,7374.610080718994,10242.370029449463
2024-06-03 14:00:00+00:00,68.02999877929688,BUY,7306.510082244873,10234.81001663208
2024-06-03 15:00:00+00:00,68.19000244140625,SELL,7374.54008102417,10231.800029754639
2024-06-04 07:00:00+00:00,67.08000183105469,SELL,7442.730083465576,10238.520183563232
2024-06-04 08:00:00+00:00,66.61000061035156,BUY,7375.6500816345215,10193.010158538818
2024-06-04 09:00:00+00:00,66.5199966430664,SELL,7442.260082244873,10173.270107269287
2024-06-04 10:00:00+00:00,66.51000213623047,HOLD,7442.260082244873,10169.579944610596
2024-06-04 11:00:00+00:00,66.98999786376953,SELL,7508.7700843811035,10169.170169830322
2024-06-04 12:00:00+00:00,66.9800033569336,HOLD,7508.7700843811035,10188.369998931885
2024-06-04 13:00:00+00:00,67.30999755859375,SELL,7575.750087738037,10187.970218658447
2024-06-04 14:00:00+00:00,66.88999938964844,BUY,7508.440090179443,10200.839992523193
2024-06-04 15:00:00+00:00,66.91000366210938,HOLD,7508.440090179443,10184.04006576538
2024-06-05 07:00:00+00:00,66.54000091552734,SELL,7575.350093841553,10184.840236663818
2024-06-05 08:00:00+00:00,66.30999755859375,HOLD,7575.350093841553,10170.41012954712
2024-06-05 09:00:00+00:00,66.70999908447266,SELL,7641.6600914001465,10161.439998626709
2024-06-05 10:00:00+00:00,66.75,SELL,7708.370090484619,10176.640056610107
2024-06-05 11:00:00+00:00,66.83000183105469,SELL,7775.120090484619,10178.12009048462
2024-06-05 12:00:00+00:00,66.87999725341797,BUY,7708.290088653564,10181.000156402588
2024-06-05 13:00:00+00:00,66.4800033569336,BUY,7641.4100914001465,10182.84998703003
2024-06-05 14:00:00+00:00,66.08000183105469,SELL,7707.89009475708,10167.650218963623
2024-06-05 15:00:00+00:00,66.19999694824219,BUY,7641.810092926025,10152.850162506104
2024-06-06 07:00:00+00:00,65.95999908447266,HOLD,7641.810092926025,10157.409976959229
2024-06-06 08:00:00+00:00,66.04000091552734,BUY,7575.850093841553,10148.290058135986
2024-06-06 09:00:00+00:00,66.56999969482422,HOLD,7575.850093841553,10151.41012954712
2024-06-06 10:00:00+00:00,66.80999755859375,SELL,7642.420093536377,10172.080081939697
2024-06-06 11:00:00+00:00,66.63999938964844,SELL,7709.230091094971,10181.20000076294
2024-06-06 12:00:00+00:00,66.79000091552734,SELL,7775.870090484619,10174.910068511963
2024-06-06 13:00:00+00:00,66.93000030517578,BUY,7709.080089569092,10180.310123443604
2024-06-06 14:00:00+00:00,66.81999969482422,HOLD,7709.080089569092,10185.490100860596
2024-06-06 15:00:00+00:00,66.95999908447266,BUY,7642.260089874268,10181.420078277588
2024-06-07 07:00:00+00:00,66.86000061035156,HOLD,7642.260089874268,10186.740055084229
2024-06-07 08:00:00+00:00,66.30000305175781,SELL,7709.120090484619,10182.940113067627
2024-06-07 09:00:00+00:00,66.55000305175781,SELL,7775.420093536377,10162.220203399658
2024-06-07 10:00:00+00:00,66.23999786376953,HOLD,7775.420093536377,10171.220203399658
2024-06-07 11:00:00+00:00,66.26000213623047,SELL,7841.6600914001465,10160.06001663208
2024-06-07 12:00:00+00:00,66.47000122070312,HOLD,7841.6600914001465,10160.760166168213
2024-06-07 13:00:00+00:00,66.62000274658203,BUY,7775.190090179443,10168.110134124756
2024-06-07 14:00:00+00:00,66.45999908447266,BUY,7708.570087432861,10173.510189056396
2024-06-07 15:00:00+00:00,66.36000061035156,SELL,7775.030086517334,10167.59005355835
2024-06-10 07:00:00+00:00,63.459999084472656,SELL,7841.390087127686,10163.99010848999
2024-06-10 08:00:00+00:00,63.27000045776367,BUY,7777.930088043213,10062.490055084229
2024-06-10 09:00:00+00:00,62.93999862670898,HOLD,7777.930088043213,10055.650104522705
2024-06-10 10:00:00+00:00,63.16999816894531,BUY,7714.990089416504,10043.770038604736
2024-06-10 11:00:00+00:00,63.2599983215332,SELL,7778.160087585449,10052.28002166748
2024-06-10 12:00:00+00:00,63.0,HOLD,7778.160087585449,10055.520027160645
2024-06-10 13:00:00+00:00,62.77000045776367,BUY,7715.160087585449,10046.16008758545
2024-06-10 14:00:00+00:00,62.77999877929688,SELL,7777.930088043213,10037.650104522705
2024-06-10 15:00:00+00:00,63.04999923706055,SELL,7840.71008682251,10038.0100440979
2024-06-11 07:00:00+00:00,63.06999969482422,BUY,7777.660087585449,10047.460060119629
2024-06-11 08:00:00+00:00,62.79999923706055,HOLD,7777.660087585449,10048.180076599121
2024-06-11 09:00:00+00:00,62.2599983215332,BUY,7714.860088348389,10038.460060119629
2024-06-11 10:00:00+00:00,61.83000183105469,BUY,7652.6000900268555,10018.480026245117
2024-06-11 11:00:00+00:00,61.33000183105469,HOLD,7652.6000900268555,10002.140159606934
2024-06-11 12:00:00+00:00,61.130001068115234,BUY,7591.270088195801,9983.140159606934
2024-06-11 13:00:00+00:00,60.93999862670898,SELL,7652.400089263916,9975.340129852295
2024-06-11 14:00:00+00:00,60.45000076293945,HOLD,7652.400089263916,9968.120037078857
2024-06-11 15:00:00+00:00,60.630001068115234,SELL,7712.8500900268555,9949.500118255615
2024-06-12 07:00:00+00:00,62.040000915527344,SELL,7773.480091094971,9956.16012954712
2024-06-12 08:00:00+00:00,61.650001525878906,HOLD,7773.480091094971,10006.920124053955
2024-06-12 09:00:00+00:00,61.45000076293945,BUY,7711.830089569092,9992.880146026611
2024-06-12 10:00:00+00:00,61.540000915527344,SELL,7773.280090332031,9985.480117797852
2024-06-12 11:00:00+00:00,61.68999862670898,SELL,7834.820091247559,9988.720123291016
2024-06-12 12:00:00+00:00,62.0099983215332,HOLD,7834.820091247559,9993.970043182373
2024-06-12 13:00:00+00:00,61.84999847412109,BUY,7772.810092926025,10005.17003250122
2024-06-12 14:00:00+00:00,61.93000030517578,BUY,7710.960094451904,9999.410037994385
2024-06-12 15:00:00+00:00,61.900001525878906,SELL,7772.89009475708,10002.370105743408
2024-06-13 07:00:00+00:00,61.56999969482422,HOLD,7772.89009475708,10001.29014968872
2024-06-13 08:00:00+00:00,61.20000076293945,HOLD,7772.89009475708,9989.410083770752
2024-06-13 09:00:00+00:00,60.97999954223633,BUY,7711.690093994141,9976.0901222229
2024-06-13 10:00:00+00:00,60.720001220703125,SELL,7772.670093536377,9967.950077056885
2024-06-13 11:00:00+00:00,61.18999862670898,HOLD,7772.670093536377,9958.59013748169
2024-06-13 12:00:00+00:00,60.68000030517578,SELL,7833.860092163086,9975.5100440979
2024-06-13 13:00:00+00:00,60.15999984741211,SELL,7894.540092468262,9957.660102844238
2024-06-13 14:00:00+00:00,59.41999816894531,BUY,7834.38009262085,9939.980087280273
2024-06-13 15:00:00+00:00,59.540000915527344,SELL,7893.800090789795,9914.080028533936
2024-06-14 07:00:00+00:00,58.540000915527344,BUY,7834.260089874268,9918.160121917725
2024-06-14 08:00:00+00:00,58.0099983215332,HOLD,7834.260089874268,9883.160121917725
2024-06-14 09:00:00+00:00,57.900001525878906,SELL,7892.270088195801,9864.61003112793
2024-06-14 10:00:00+00:00,57.75,SELL,7950.17008972168,9860.870140075684
2024-06-14 11:00:00+00:00,57.650001525878906,BUY,7892.42008972168,9855.92008972168
2024-06-14 12:00:00+00:00,57.7400016784668,BUY,7834.770088195801,9852.520141601562
2024-06-14 13:00:00+00:00,57.79999923706055,SELL,7892.510089874268,9855.670146942139
2024-06-14 14:00:00+00:00,57.79999923706055,SELL,7950.310089111328,9857.710063934326
2024-06-14 15:00:00+00:00,58.22999954223633,BUY,7892.510089874268,9857.710063934326
2024-06-17 07:00:00+00:00,58.83000183105469,BUY,7834.280090332031,9872.330074310303
2024-06-17 08:00:00+00:00,58.52000045776367,HOLD,7834.280090332031,9893.330154418945
2024-06-17 09:00:00+00:00,58.459999084472656,HOLD,7834.280090332031,9882.48010635376
2024-06-17 10:00:00+00:00,58.41999816894531,HOLD,7834.280090332031,9880.380058288574
2024-06-17 11:00:00+00:00,58.72999954223633,HOLD,7834.280090332031,9878.980026245117
2024-06-17 12:00:00+00:00,58.90999984741211,HOLD,7834.280090332031,9889.830074310303
2024-06-17 13:00:00+00:00,59.15999984741211,BUY,7775.370090484619,9896.130084991455
2024-06-17 14:00:00+00:00,59.2599983215332,SELL,7834.530090332031,9905.130084991455
2024-06-17 15:00:00+00:00,59.16999816894531,SELL,7893.790088653564,9908.630031585693
2024-06-18 07:00:00+00:00,59.16999816894531,SELL,7952.96008682251,9905.570026397705
2024-06-18 08:00:00+00:00,58.93000030517578,BUY,7893.790088653564,9905.570026397705
2024-06-18 09:00:00+00:00,59.119998931884766,BUY,7834.860088348389,9897.410099029541
2024-06-18 10:00:00+00:00,59.400001525878906,BUY,7775.740089416504,9904.060050964355
2024-06-18 11:00:00+00:00,59.33000183105469,BUY,7716.340087890625,9914.140144348145
2024-06-18 12:00:00+00:00,59.34999847412109,BUY,7657.01008605957,9911.550155639648
2024-06-18 13:00:00+00:00,59.65999984741211,BUY,7597.660087585449,9912.310028076172
2024-06-18 14:00:00+00:00,59.59000015258789,BUY,7538.000087738037,9924.400081634521
2024-06-18 15:00:00+00:00,59.31999969482422,SELL,7597.590087890625,9921.600093841553
2024-06-19 07:00:00+00:00,59.540000915527344,BUY,7538.270088195801,9911.07007598877
2024-06-19 08:00:00+00:00,59.220001220703125,SELL,7597.810089111328,9919.870124816895
2024-06-19 09:00:00+00:00,59.2599983215332,BUY,7538.590087890625,9907.39013671875
2024-06-19 10:00:00+00:00,59.25,BUY,7479.330089569092,9908.990020751953
2024-06-19 11:00:00+00:00,59.380001068115234,BUY,7420.080089569092,9908.580089569092
2024-06-19 12:00:00+00:00,59.209999084472656,HOLD,7420.080089569092,9914.040134429932
2024-06-19 13:00:00+00:00,59.02000045776367,SELL,7479.290088653564,9906.900051116943
2024-06-19 14:00:00+00:00,58.709999084472656,BUY,7420.270088195801,9899.110107421875
2024-06-19 15:00:00+00:00,58.61000061035156,BUY,7361.560089111328,9886.090049743652
2024-06-20 07:00:00+00:00,59.27999877929688,HOLD,7361.560089111328,9881.790115356445
2024-06-20 08:00:00+00:00,59.290000915527344,BUY,7302.280090332031,9910.600036621094
2024-06-20 09:00:00+00:00,59.619998931884766,BUY,7242.990089416504,9911.040130615234
2024-06-20 10:00:00+00:00,59.619998931884766,BUY,7183.370090484619,9925.890041351318
2024-06-20 11:00:00+00:00,59.52000045776367,SELL,7242.990089416504,9925.890041351318
2024-06-20 12:00:00+00:00,59.470001220703125,BUY,7183.47008895874,9921.39011001587
2024-06-20 13:00:00+00:00,60.0099983215332,BUY,7124.000087738037,9919.090145111084
2024-06-20 14:00:00+00:00,60.31999969482422,HOLD,7124.000087738037,9944.470008850098
2024-06-20 15:00:00+00:00,60.060001373291016,BUY,7063.680088043213,9959.040073394775
2024-06-21 07:00:00+00:00,59.790000915527344,BUY,7003.620086669922,9946.560153961182
2024-06-21 08:00:00+00:00,59.2599983215332,SELL,7063.410087585449,9933.330131530762
2024-06-21 09:00:00+00:00,58.93999862670898,BUY,7004.150089263916,9907.890007019043
2024-06-21 10:00:00+00:00,59.02000045776367,HOLD,7004.150089263916,9892.210021972656
2024-06-21 11:00:00+00:00,59.20000076293945,HOLD,7004.150089263916,9896.130111694336
2024-06-21 12:00:00+00:00,59.34000015258789,BUY,6944.950088500977,9904.95012664795
2024-06-21 13:00:00+00:00,59.06999969482422,SELL,7004.290088653564,9911.950096130371
2024-06-21 14:00:00+00:00,59.459999084472656,HOLD,7004.290088653564,9898.720073699951
2024-06-21 15:00:00+00:00,59.33000183105469,HOLD,7004.290088653564,9917.830043792725
2024-06-24 07:00:00+00:00,60.119998931884766,BUY,6944.96008682251,9911.460178375244
2024-06-24 08:00:00+00:00,60.27999877929688,BUY,6884.840087890625,9950.960033416748
2024-06-24 09:00:00+00:00,60.43000030517578,BUY,6824.560089111328,9959.120025634766
2024-06-24 10:00:00+00:00,60.68999862670898,HOLD,6824.560089111328,9966.920104980469
2024-06-24 11:00:00+00:00,60.720001220703125,BUY,6763.870090484619,9980.440017700195
2024-06-24 12:00:00+00:00,60.650001525878906,BUY,6703.150089263916,9982.030155181885
2024-06-24 13:00:00+00:00,61.2400016784668,BUY,6642.500087738037,9978.250171661377
2024-06-24 14:00:00+00:00,61.369998931884766,HOLD,6642.500087738037,10010.700180053711
2024-06-24 15:00:00+00:00,61.36000061035156,SELL,6703.870086669922,10017.8500289917
2024-06-25 07:00:00+00:00,61.08000183105469,BUY,6642.51008605957,10017.310119628906
2024-06-25 08:00:00+00:00,60.90999984741211,BUY,6581.430084228516,10001.910186767578
2024-06-25 09:00:00+00:00,60.470001220703125,SELL,6642.340084075928,9992.390075683594
2024-06-25 10:00:00+00:00,60.61000061035156,HOLD,6642.340084075928,9968.1901512146
2024-06-25 11:00:00+00:00,60.52000045776367,SELL,6702.950084686279,9975.890117645264
2024-06-25 12:00:00+00:00,60.58000183105469,HOLD,6702.950084686279,9971.030109405518
2024-06-25 13:00:00+00:00,60.369998931884766,SELL,6763.530086517334,9974.270183563232
2024-06-25 14:00:00+00:00,60.29999923706055,SELL,6823.900085449219,9963.140029907227
2024-06-25 15:00:00+00:00,60.540000915527344,BUY,6763.600086212158,9959.500045776367
2024-06-26 07:00:00+00:00,61.040000915527344,HOLD,6763.600086212158,9972.220134735107
2024-06-26 08:00:00+00:00,60.790000915527344,BUY,6702.560085296631,9998.720134735107
2024-06-26 09:00:00+00:00,60.709999084472656,HOLD,6702.560085296631,9985.220134735107
2024-06-26 10:00:00+00:00,60.400001525878906,HOLD,6702.560085296631,9980.900035858154
2024-06-26 11:00:00+00:00,60.2599983215332,BUY,6642.160083770752,9964.160167694092
2024-06-26 12:00:00+00:00,59.9900016784668,HOLD,6642.160083770752,9956.459991455078
2024-06-26 13:00:00+00:00,60.13999938964844,BUY,6582.170082092285,9941.610176086426
2024-06-26 14:00:00+00:00,60.18000030517578,BUY,6522.030082702637,9950.010047912598
2024-06-26 15:00:00+00:00,60.2400016784668,HOLD,6522.030082702637,9952.290100097656
2024-06-27 07:00:00+00:00,60.290000915527344,HOLD,6522.030082702637,9955.710178375244
2024-06-27 08:00:00+00:00,60.02999877929688,SELL,6582.320083618164,9958.560134887695
2024-06-27 09:00:00+00:00,59.91999816894531,SELL,6642.350082397461,9944.000015258789
2024-06-27 10:00:00+00:00,59.84000015258789,BUY,6582.430084228516,9937.949981689453
2024-06-27 11:00:00+00:00,59.75,HOLD,6582.430084228516,9933.470092773438
2024-06-27 12:00:00+00:00,59.7599983215332,BUY,6522.680084228516,9928.430084228516
2024-06-27 13:00:00+00:00,59.9900016784668,SELL,6582.440082550049,9928.999988555908
2024-06-27 14:00:00+00:00,59.97999954223633,HOLD,6582.440082550049,9941.88017654419
2024-06-27 15:00:00+00:00,59.970001220703125,SELL,6642.420082092285,9941.320056915283
2024-06-28 07:00:00+00:00,59.65999984741211,SELL,6702.390083312988,9940.770149230957
2024-06-28 08:00:00+00:00,59.77999877929688,SELL,6762.0500831604,9924.030075073242
2024-06-28 09:00:00+00:00,59.790000915527344,SELL,6821.830081939697,9930.390018463135
2024-06-28 10:00:00+00:00,59.91999816894531,SELL,6881.620082855225,9930.91012954712
2024-06-28 11:00:00+00:00,59.43999862670898,SELL,6941.54008102417,9937.539989471436
2024-06-28 12:00:00+00:00,59.29999923706055,SELL,7000.980079650879,9913.54001235962
2024-06-28 13:00:00+00:00,59.380001068115234,HOLD,7000.980079650879,9906.680042266846
2024-06-28 14:00:00+00:00,59.38999938964844,HOLD,7000.980079650879,9910.600131988525
2024-06-28 15:00:00+00:00,59.43999862670898,SELL,7060.370079040527,9911.090049743652
2024-07-01 07:00:00+00:00,61.20000076293945,HOLD,7060.370079040527,9913.490013122559
2024-07-01 08:00:00+00:00,61.43000030517578,HOLD,7060.370079040527,9997.970115661621
2024-07-01 09:00:00+00:00,61.52000045776367,BUY,6998.940078735352,10009.010093688965
2024-07-01 10:00:00+00:00,61.880001068115234,HOLD,6998.940078735352,10013.420101165771
2024-07-01 11:00:00+00:00,61.900001525878906,SELL,7060.820079803467,10031.060131072998
2024-07-01 12:00:00+00:00,61.810001373291016,HOLD,7060.820079803467,10032.020153045654
2024-07-01 13:00:00+00:00,61.880001068115234,BUY,6999.010078430176,10027.700145721436
2024-07-01 14:00:00+00:00,61.52999877929688,SELL,7060.890079498291,10031.130130767822
2024-07-01 15:00:00+00:00,61.650001525878906,SELL,7122.420078277588,10014.330020904541
2024-07-02 07:00:00+00:00,61.18999862670898,SELL,7184.070079803467,10019.970149993896
2024-07-02 08:00:00+00:00,61.41999816894531,BUY,7122.880081176758,9998.81001663208
2024-07-02 09:00:00+00:00,60.869998931884766,HOLD,7122.880081176758,10009.619995117188
2024-07-02 10:00:00+00:00,60.75,HOLD,7122.880081176758,9983.770030975342
2024-07-02 11:00:00+00:00,60.540000915527344,BUY,7062.130081176758,9978.130081176758
2024-07-02 12:00:00+00:00,61.0099983215332,HOLD,7062.130081176758,9968.05012512207
2024-07-02 13:00:00+00:00,61.18999862670898,BUY,7001.120082855225,9990.610000610352
2024-07-02 14:00:00+00:00,61.15999984741211,BUY,6939.930084228516,9999.430015563965
2024-07-02 15:00:00+00:00,61.130001068115234,BUY,6878.7700843811035,9997.930076599121
2024-07-03 07:00:00+00:00,62.43999862670898,BUY,6817.640083312988,9996.40013885498
2024-07-03 08:00:00+00:00,62.70000076293945,BUY,6755.200084686279,10064.520011901855
2024-07-03 09:00:00+00:00,62.90999984741211,SELL,6817.900085449219,10078.30012512207
2024-07-03 10:00:00+00:00,62.959999084472656,BUY,6754.990085601807,10089.220077514648
2024-07-03 11:00:00+00:00,63.06999969482422,SELL,6817.950084686279,10091.870037078857
2024-07-03 12:00:00+00:00,62.81999969482422,HOLD,6817.950084686279,10097.590068817139
2024-07-03 13:00:00+00:00,62.79999923706055,BUY,6755.130084991455,10084.590068817139
2024-07-03 14:00:00+00:00,62.810001373291016,SELL,6817.930084228516,10083.530044555664
2024-07-03 15:00:00+00:00,62.88999938964844,HOLD,6817.930084228516,10084.050155639648
2024-07-04 07:00:00+00:00,63.93999862670898,BUY,6755.040084838867,10088.210052490234
2024-07-04 08:00:00+00:00,64.22000122070312,BUY,6691.100086212158,10143.860012054443
2024-07-04 09:00:00+00:00,63.79999923706055,BUY,6626.880084991455,10158.980152130127
2024-07-04 10:00:00+00:00,64.12999725341797,HOLD,6626.880084991455,10135.880043029785
2024-07-04 11:00:00+00:00,64.2300033569336,HOLD,6626.880084991455,10154.029933929443
2024-07-04 12:00:00+00:00,64.27999877929688,BUY,6562.6500816345215,10159.530269622803
2024-07-04 13:00:00+00:00,64.36000061035156,BUY,6498.370082855225,10162.330013275146
2024-07-04 14:00:00+00:00,63.93000030517578,HOLD,6498.370082855225,10166.890117645264
2024-07-04 15:00:00+00:00,63.970001220703125,SELL,6562.3000831604,10142.380100250244
2024-07-05 07:00:00+00:00,63.77999877929688,BUY,6498.330081939697,10144.620151519775
2024-07-05 08:00:00+00:00,63.54999923706055,HOLD,6498.330081939697,10133.79001235962
2024-07-05 09:00:00+00:00,63.709999084472656,HOLD,6498.330081939697,10120.680038452148
2024-07-05 10:00:00+00:00,63.77000045776367,HOLD,6498.330081939697,10129.800029754639
2024-07-05 11:00:00+00:00,63.65999984741211,HOLD,6498.330081939697,10133.220108032227
2024-07-05 12:00:00+00:00,63.84999847412109,BUY,6434.670082092285,10126.950073242188
2024-07-05 13:00:00+00:00,63.41999816894531,SELL,6498.520080566406,10137.969993591309
2024-07-05 14:00:00+00:00,63.709999084472656,HOLD,6498.520080566406,10113.459976196289
2024-07-05 15:00:00+00:00,63.709999084472656,BUY,6434.810081481934,10129.990028381348
2024-07-08 07:00:00+00:00,63.59000015258789,SELL,6498.520080566406,10129.990028381348
2024-07-08 08:00:00+00:00,63.900001525878906,BUY,6434.930080413818,10123.150089263916
2024-07-08 09:00:00+00:00,63.77000045776367,SELL,6498.830081939697,10141.130168914795
2024-07-08 10:00:00+00:00,63.40999984741211,SELL,6562.600082397461,10133.720108032227
2024-07-08 11:00:00+00:00,63.43999862670898,BUY,6499.190082550049,10113.560073852539
2024-07-08 12:00:00+00:00,63.18999862670898,HOLD,6499.190082550049,10115.270004272461
2024-07-08 13:00:00+00:00,63.060001373291016,HOLD,6499.190082550049,10101.020004272461
2024-07-08 14:00:00+00:00,62.68999862670898,SELL,6562.25008392334,10093.610160827637
2024-07-08 15:00:00+00:00,62.619998931884766,BUY,6499.560085296631,10072.890007019043
2024-07-09 07:00:00+00:00,61.54999923706055,SELL,6562.180084228516,10068.900024414062
2024-07-09 08:00:00+00:00,61.619998931884766,HOLD,6562.180084228516,10008.980041503906
2024-07-09 09:00:00+00:00,61.34999847412109,BUY,6500.560085296631,10012.900024414062
2024-07-09 10:00:00+00:00,61.290000915527344,BUY,6439.21008682251,9997.509998321533
2024-07-09 11:00:00+00:00,61.2400016784668,SELL,6500.500087738037,9994.030139923096
2024-07-09 12:00:00+00:00,60.68000030517578,SELL,6561.740089416504,9991.180183410645
2024-07-09 13:00:00+00:00,60.72999954223633,SELL,6622.42008972168,9959.820106506348
2024-07-09 14:00:00+00:00,60.56999969482422,HOLD,6622.42008972168,9962.570064544678
2024-07-09 15:00:00+00:00,60.720001220703125,HOLD,6622.42008972168,9953.770072937012
2024-07-10 07:00:00+00:00,61.29999923706055,SELL,6683.140090942383,9962.020156860352
2024-07-10 08:00:00+00:00,61.380001068115234,HOLD,6683.140090942383,9993.340049743652
2024-07-10 09:00:00+00:00,61.79999923706055,BUY,6621.760089874268,9997.660148620605
2024-07-10 10:00:00+00:00,61.84000015258789,BUY,6559.960090637207,10020.760047912598
2024-07-10 11:00:00+00:00,61.61000061035156,HOLD,6559.960090637207,10023.000099182129
2024-07-10 12:00:00+00:00,61.65999984741211,SELL,6621.570091247559,10010.120124816895
2024-07-10 13:00:00+00:00,61.59999847412109,HOLD,6621.570091247559,10012.870082855225
2024-07-10 14:00:00+00:00,61.5,SELL,6683.17008972168,10009.570007324219
2024-07-10 15:00:00+00:00,61.650001525878906,SELL,6744.67008972168,10004.17008972168
2024-07-11 07:00:00+00:00,62.02000045776367,SELL,6806.320091247559,10012.120170593262
2024-07-11 08:00:00+00:00,62.13999938964844,HOLD,6806.320091247559,10031.36011505127
2024-07-11 09:00:00+00:00,62.27999877929688,SELL,6868.460090637207,10037.600059509277
2024-07-11 10:00:00+00:00,62.18999862670898,HOLD,6868.460090637207,10044.740028381348
2024-07-11 11:00:00+00:00,62.119998931884766,BUY,6806.270092010498,10040.150020599365
2024-07-11 12:00:00+00:00,61.7599983215332,BUY,6744.150093078613,10036.510036468506
2024-07-11 13:00:00+00:00,61.900001525878906,SELL,6805.9100914001465,10017.430004119873
2024-07-11 14:00:00+00:00,62.18000030517578,BUY,6744.010089874268,10024.71017074585
2024-07-11 15:00:00+00:00,62.02999877929688,SELL,6806.190090179443,10039.550106048584
2024-07-12 07:00:00+00:00,62.34000015258789,BUY,6744.1600914001465,10031.75002670288
2024-07-12 08:00:00+00:00,62.34999847412109,SELL,6806.500091552734,10048.180099487305
2024-07-12 09:00:00+00:00,62.310001373291016,SELL,6868.8500900268555,10048.700012207031
2024-07-12 10:00:00+00:00,62.4900016784668,SELL,6931.1600914001465,10046.660160064697
2024-07-12 11:00:00+00:00,62.400001525878906,SELL,6993.650093078613,10055.660175323486
2024-07-12 12:00:00+00:00,62.470001220703125,SELL,7056.050094604492,10051.25016784668
2024-07-12 13:00:00+00:00,62.27000045776367,HOLD,7056.050094604492,10054.610153198242
2024-07-12 14:00:00+00:00,62.459999084472656,BUY,6993.7800941467285,10045.010116577148
2024-07-12 15:00:00+00:00,62.59999847412109,BUY,6931.320095062256,10054.320049285889
2024-07-15 07:00:00+00:00,62.20000076293945,HOLD,6931.320095062256,10061.32001876831
2024-07-15 08:00:00+00:00,62.2400016784668,HOLD,6931.320095062256,10041.320133209229
2024-07-15 09:00:00+00:00,62.310001373291016,BUY,6869.080093383789,10043.320178985596
2024-07-15 10:00:00+00:00,62.34000015258789,HOLD,6869.080093383789,10046.89016342163
2024-07-15 11:00:00+00:00,62.66999816894531,HOLD,6869.080093383789,10048.420101165771
2024-07-15 12:00:00+00:00,62.4900016784668,SELL,6931.750091552734,10065.25
2024-07-15 13:00:00+00:00,62.63999938964844,SELL,6994.240093231201,10056.250175476074
2024-07-15 14:00:00+00:00,62.52000045776367,HOLD,6994.240093231201,10063.600063323975
2024-07-15 15:00:00+00:00,62.7400016784668,HOLD,6994.240093231201,10057.720115661621
2024-07-16 07:00:00+00:00,62.040000915527344,SELL,7056.980094909668,10068.500175476074
2024-07-16 08:00:00+00:00,62.36000061035156,BUY,6994.940093994141,10034.90013885498
2024-07-16 09:00:00+00:00,62.27999877929688,HOLD,6994.940093994141,10050.580123901367
2024-07-16 10:00:00+00:00,62.20000076293945,BUY,6932.660095214844,10046.660034179688
2024-07-16 11:00:00+00:00,62.16999816894531,HOLD,6932.660095214844,10042.660133361816
2024-07-16 12:00:00+00:00,62.25,SELL,6994.830093383789,10041.16000366211
2024-07-16 13:00:00+00:00,62.29999923706055,HOLD,6994.830093383789,10045.080093383789
2024-07-16 14:00:00+00:00,62.540000915527344,SELL,7057.13009262085,10047.530055999756
2024-07-16 15:00:00+00:00,62.41999816894531,HOLD,7057.13009262085,10059.050136566162
2024-07-17 07:00:00+00:00,62.70000076293945,SELL,7119.550090789795,10053.290004730225
2024-07-17 08:00:00+00:00,63.0099983215332,HOLD,7119.550090789795,10066.45012664795
2024-07-17 09:00:00+00:00,63.0,HOLD,7119.550090789795,10081.020011901855
2024-07-17 10:00:00+00:00,62.900001525878906,HOLD,7119.550090789795,10080.550090789795
2024-07-17 11:00:00+00:00,62.77999877929688,BUY,7056.650089263916,10075.850162506104
2024-07-17 12:00:00+00:00,62.84999847412109,HOLD,7056.650089263916,10070.090030670166
2024-07-17 13:00:00+00:00,63.119998931884766,BUY,6993.800090789795,10073.450016021729
2024-07-17 14:00:00+00:00,63.0099983215332,HOLD,6993.800090789795,10086.680038452148
2024-07-17 15:00:00+00:00,62.93999862670898,SELL,7056.810089111328,10081.290008544922
2024-07-18 07:00:00+00:00,63.2400016784668,SELL,7119.750087738037,10077.93002319336
2024-07-18 08:00:00+00:00,63.52000045776367,SELL,7182.990089416504,10092.030166625977
2024-07-18 09:00:00+00:00,63.43000030517578,HOLD,7182.990089416504,10104.910110473633
2024-07-18 10:00:00+00:00,63.43000030517578,HOLD,7182.990089416504,10100.77010345459
2024-07-18 11:00:00+00:00,63.20000076293945,HOLD,7182.990089416504,10100.77010345459
2024-07-18 12:00:00+00:00,63.41999816894531,SELL,7246.190090179443,10090.190124511719
2024-07-18 13:00:00+00:00,63.61000061035156,SELL,7309.610088348389,10100.090007781982
2024-07-18 14:00:00+00:00,63.369998931884766,SELL,7373.22008895874,10108.450115203857
2024-07-18 15:00:00+00:00,63.720001220703125,BUY,7309.8500900268555,10098.130043029785
2024-07-19 07:00:00+00:00,62.91999816894531,BUY,7246.130088806152,10113.530143737793
2024-07-19 08:00:00+00:00,63.06999969482422,HOLD,7246.130088806152,10077.530006408691
2024-07-19 09:00:00+00:00,62.97999954223633,SELL,7309.200088500977,10084.280075073242
2024-07-19 10:00:00+00:00,62.79999923706055,BUY,7246.22008895874,10080.320068359375
2024-07-19 11:00:00+00:00,63.0,HOLD,7246.22008895874,10072.220054626465
2024-07-19 12:00:00+00:00,62.77000045776367,BUY,7183.22008895874,10081.22008895874
2024-07-19 13:00:00+00:00,62.810001373291016,SELL,7245.990089416504,10070.64011001587
2024-07-19 14:00:00+00:00,62.93999862670898,BUY,7183.180088043213,10072.4401512146
2024-07-19 15:00:00+00:00,62.790000915527344,SELL,7246.120086669922,10078.420024871826
2024-07-22 07:00:00+00:00,63.18000030517578,SELL,7308.910087585449,10071.670127868652
2024-07-22 08:00:00+00:00,63.93999862670898,SELL,7372.090087890625,10088.830101013184
2024-07-22 09:00:00+00:00,64.0,SELL,7436.030086517334,10121.510028839111
2024-07-22 10:00:00+00:00,64.08000183105469,HOLD,7436.030086517334,10124.030086517334
2024-07-22 11:00:00+00:00,64.0,BUY,7371.950084686279,10127.39016342163
2024-07-22 12:00:00+00:00,64.2699966430664,HOLD,7371.950084686279,10123.95008468628
2024-07-22 13:00:00+00:00,64.26000213623047,SELL,7436.220081329346,10135.559940338135
2024-07-22 14:00:00+00:00,64.48999786376953,HOLD,7436.220081329346,10135.140171051025
2024-07-22 15:00:00+00:00,64.18000030517578,HOLD,7436.220081329346,10144.799991607666
2024-07-23 07:00:00+00:00,64.37999725341797,SELL,7500.4000816345215,10131.780094146729
2024-07-23 08:00:00+00:00,64.66999816894531,BUY,7436.0200843811035,10139.979969024658
2024-07-23 09:00:00+00:00,64.80999755859375,SELL,7500.690082550049,10152.160007476807
2024-07-23 10:00:00+00:00,64.97000122070312,HOLD,7500.690082550049,10157.899982452393
2024-07-23 11:00:00+00:00,64.7300033569336,HOLD,7500.690082550049,10164.460132598877
2024-07-23 12:00:00+00:00,64.30000305175781,BUY,7435.960079193115,10154.620220184326
2024-07-23 13:00:00+00:00,64.26000213623047,BUY,7371.660076141357,10136.560207366943
2024-07-23 14:00:00+00:00,64.56999969482422,SELL,7435.920078277588,10134.840167999268
2024-07-23 15:00:00+00:00,64.5,SELL,7500.490077972412,10147.860065460205
2024-07-24 07:00:00+00:00,63.25,HOLD,7500.490077972412,10144.990077972412
2024-07-24 08:00:00+00:00,63.43000030517578,BUY,7437.240077972412,10093.740077972412
2024-07-24 09:00:00+00:00,63.7599983215332,SELL,7500.670078277588,10101.300090789795
2024-07-24 10:00:00+00:00,64.3499984741211,SELL,7564.430076599121,10114.83000946045
2024-07-24 11:00:00+00:00,64.36000061035156,HOLD,7564.430076599121,10138.430015563965
2024-07-24 12:00:00+00:00,64.13999938964844,HOLD,7564.430076599121,10138.830101013184
2024-07-24 13:00:00+00:00,64.0999984741211,HOLD,7564.430076599121,10130.030052185059
2024-07-24 14:00:00+00:00,64.31999969482422,SELL,7628.530075073242,10128.430015563965
2024-07-24 15:00:00+00:00,64.2699966430664,BUY,7564.210075378418,10137.010063171387
2024-07-25 07:00:00+00:00,63.38999938964844,SELL,7628.480072021484,10135.009941101074
2024-07-25 08:00:00+00:00,63.650001525878906,HOLD,7628.480072021484,10100.690048217773
2024-07-25 09:00:00+00:00,63.20000076293945,SELL,7692.130073547363,10110.830131530762
2024-07-25 10:00:00+00:00,63.02999877929688,HOLD,7692.130073547363,10093.730102539062
2024-07-25 11:00:00+00:00,63.18000030517578,BUY,7629.100074768066,10087.270027160645
2024-07-25 12:00:00+00:00,63.91999816894531,BUY,7565.920074462891,10093.120086669922
2024-07-25 13:00:00+00:00,64.26000213623047,BUY,7502.000076293945,10122.720001220703
2024-07-25 14:00:00+00:00,64.44000244140625,BUY,7437.740074157715,10136.660163879395
2024-07-25 15:00:00+00:00,64.61000061035156,HOLD,7437.740074157715,10144.220176696777
2024-07-26 07:00:00+00:00,64.66999816894531,SELL,7502.350074768066,10151.36009979248
2024-07-26 08:00:00+00:00,64.9800033569336,SELL,7567.020072937012,10153.819999694824
2024-07-26 09:00:00+00:00,64.86000061035156,HOLD,7567.020072937012,10166.220207214355
2024-07-26 10:00:00+00:00,64.45999908447266,BUY,7502.16007232666,10161.420097351074
2024-07-26 11:00:00+00:00,64.45999908447266,SELL,7566.620071411133,10145.020034790039
2024-07-26 12:00:00+00:00,64.61000061035156,BUY,7502.16007232666,10145.020034790039
2024-07-26 13:00:00+00:00,64.51000213623047,HOLD,7502.16007232666,10151.170097351074
2024-07-26 14:00:00+00:00,64.63999938964844,HOLD,7502.16007232666,10147.07015991211
2024-07-26 15:00:00+00:00,64.52999877929688,HOLD,7502.16007232666,10152.400047302246
2024-07-29 07:00:00+00:00,64.22000122070312,BUY,7437.630073547363,10147.890022277832
2024-07-29 08:00:00+00:00,64.2300033569336,SELL,7501.850074768066,10134.870124816895
2024-07-29 09:00:00+00:00,64.58999633789062,HOLD,7501.850074768066,10135.280212402344
2024-07-29 10:00:00+00:00,64.44000244140625,BUY,7437.260078430176,10150.039924621582
2024-07-29 11:00:00+00:00,64.25,HOLD,7437.260078430176,10143.740180969238
2024-07-29 12:00:00+00:00,64.1500015258789,HOLD,7437.260078430176,10135.760078430176
2024-07-29 13:00:00+00:00,63.619998931884766,HOLD,7437.260078430176,10131.56014251709
2024-07-29 14:00:00+00:00,63.68000030517578,SELL,7500.880077362061,10109.300033569336
2024-07-29 15:00:00+00:00,63.83000183105469,HOLD,7500.880077362061,10111.760089874268
2024-07-30 07:00:00+00:00,64.05999755859375,SELL,7564.710079193115,10117.910152435303
2024-07-30 08:00:00+00:00,64.0199966430664,HOLD,7564.710079193115,10127.109981536865
2024-07-30 09:00:00+00:00,64.20999908447266,HOLD,7564.710079193115,10125.509944915771
2024-07-30 10:00:00+00:00,64.26000213623047,BUY,7500.500080108643,10133.110042572021
2024-07-30 11:00:00+00:00,64.25,BUY,7436.240077972412,10135.160167694092
2024-07-30 12:00:00+00:00,64.37999725341797,BUY,7371.990077972412,10134.740077972412
2024-07-30 13:00:00+00:00,64.56999969482422,BUY,7307.610080718994,10140.329959869385
2024-07-30 14:00:00+00:00,64.3499984741211,HOLD,7307.610080718994,10148.69006729126
2024-07-30 15:00:00+00:00,64.20999908447266,HOLD,7307.610080718994,10139.010013580322
2024-07-31 07:00:00+00:00,63.77999877929688,BUY,7243.4000816345215,10132.850040435791
2024-07-31 08:00:00+00:00,64.05999755859375,HOLD,7243.4000816345215,10113.50002670288
2024-07-31 09:00:00+00:00,63.97999954223633,SELL,7307.460079193115,10126.09997177124
2024-07-31 10:00:00+00:00,64.33000183105469,HOLD,7307.460079193115,10122.580059051514
2024-07-31 11:00:00+00:00,63.900001525878906,SELL,7371.79008102417,10137.980159759521
2024-07-31 12:00:00+00:00,63.75,HOLD,7371.79008102417,10119.490146636963
2024-07-31 13:00:00+00:00,63.08000183105469,BUY,7308.04008102417,10113.04008102417
2024-07-31 14:00:00+00:00,63.18999862670898,BUY,7244.960079193115,10083.560161590576
2024-07-31 15:00:00+00:00,63.400001525878906,HOLD,7244.960079193115,10088.51001739502
2024-08-01 07:00:00+00:00,62.290000915527344,HOLD,7244.960079193115,10097.960147857666
2024-08-01 08:00:00+00:00,62.02000045776367,BUY,7182.670078277588,10048.010120391846
2024-08-01 09:00:00+00:00,62.45000076293945,SELL,7244.690078735352,10035.590099334717
2024-08-01 10:00:00+00:00,62.5099983215332,HOLD,7244.690078735352,10054.940113067627
2024-08-01 11:00:00+00:00,62.25,SELL,7307.200077056885,10057.640003204346
2024-08-01 12:00:00+00:00,61.97999954223633,HOLD,7307.200077056885,10046.200077056885
2024-08-01 13:00:00+00:00,62.060001373291016,SELL,7369.180076599121,10034.320056915283
2024-08-01 14:00:00+00:00,61.31999969482422,BUY,7307.12007522583,10037.760135650635
2024-08-01 15:00:00+00:00,61.369998931884766,BUY,7245.800075531006,10005.200061798096
2024-08-02 07:00:00+00:00,60.709999084472656,SELL,7307.170074462891,10007.45002746582
2024-08-02 08:00:00+00:00,60.90999984741211,BUY,7246.460075378418,9978.410034179688
2024-08-02 09:00:00+00:00,59.9900016784668,HOLD,7246.460075378418,9987.410068511963
2024-08-02 10:00:00+00:00,60.11000061035156,BUY,7186.470073699951,9946.010150909424
2024-08-02 11:00:00+00:00,60.18000030517578,SELL,7246.580074310303,9951.530101776123
2024-08-02 12:00:00+00:00,60.02999877929688,SELL,7306.7600746154785,9954.680088043213
2024-08-02 13:00:00+00:00,59.86000061035156,SELL,7366.790073394775,9948.080020904541
2024-08-02 14:00:00+00:00,59.33000183105469,SELL,7426.650074005127,9940.770099639893
2024-08-02 15:00:00+00:00,59.59000015258789,HOLD,7426.650074005127,9918.510150909424
2024-08-05 07:00:00+00:00,58.0099983215332,BUY,7367.060073852539,9929.430080413818
2024-08-05 08:00:00+00:00,58.20000076293945,SELL,7425.070072174072,9861.490001678467
2024-08-05 09:00:00+00:00,58.08000183105469,SELL,7483.270072937012,9869.47010421753
2024-08-05 10:00:00+00:00,57.79999923706055,BUY,7425.190071105957,9864.550148010254
2024-08-05 11:00:00+00:00,57.43999862670898,HOLD,7425.190071105957,9852.7900390625
2024-08-05 12:00:00+00:00,57.36000061035156,SELL,7482.630069732666,9837.670013427734
2024-08-05 13:00:00+00:00,57.5099983215332,SELL,7539.990070343018,9834.39009475708
2024-08-05 14:00:00+00:00,58.119998931884766,BUY,7482.480072021484,9840.390003204346
2024-08-05 15:00:00+00:00,58.52999877929688,HOLD,7482.480072021484,9865.40002822876
2024-08-06 07:00:00+00:00,58.70000076293945,HOLD,7482.480072021484,9882.210021972656
2024-08-06 08:00:00+00:00,58.36000061035156,HOLD,7482.480072021484,9889.180103302002
2024-08-06 09:00:00+00:00,58.08000183105469,HOLD,7482.480072021484,9875.240097045898
2024-08-06 10:00:00+00:00,58.209999084472656,SELL,7540.560073852539,9863.760147094727
2024-08-06 11:00:00+00:00,57.95000076293945,BUY,7482.350074768066,9868.960037231445
2024-08-06 12:00:00+00:00,57.59999847412109,BUY,7424.400074005127,9858.300106048584
2024-08-06 13:00:00+00:00,57.93999862670898,SELL,7482.000072479248,9843.600009918213
2024-08-06 14:00:00+00:00,57.9900016784668,SELL,7539.940071105957,9857.540016174316
2024-08-06 15:00:00+00:00,57.68999862670898,SELL,7597.930072784424,9859.540138244629
2024-08-07 07:00:00+00:00,58.9900016784668,SELL,7655.620071411133,9847.840019226074
2024-08-07 08:00:00+00:00,59.34999847412109,SELL,7714.6100730896,9897.240135192871
2024-08-07 09:00:00+00:00,59.380001068115234,BUY,7655.2600746154785,9910.56001663208
2024-08-07 10:00:00+00:00,59.52000045776367,BUY,7595.880073547363,9911.700115203857
2024-08-07 11:00:00+00:00,59.34000015258789,BUY,7536.3600730896,9917.160091400146
2024-08-07 12:00:00+00:00,59.52999877929688,BUY,7477.020072937012,9909.960079193115
2024-08-07 13:00:00+00:00,59.9900016784668,BUY,7417.490074157715,9917.750022888184
2024-08-07 14:00:00+00:00,59.970001220703125,BUY,7357.500072479248,9937.07014465332
2024-08-07 15:00:00+00:00,59.72999954223633,HOLD,7357.500072479248,9936.210124969482
2024-08-08 07:00:00+00:00,58.81999969482422,BUY,7297.770072937012,9925.89005279541
2024-08-08 08:00:00+00:00,59.0,BUY,7238.9500732421875,9885.850059509277
2024-08-08 09:00:00+00:00,58.81999969482422,HOLD,7238.9500732421875,9893.950073242188
2024-08-08 10:00:00+00:00,58.970001220703125,SELL,7297.770072937012,9885.850059509277
2024-08-08 11:00:00+00:00,59.09999847412109,HOLD,7297.770072937012,9892.45012664795
2024-08-08 12:00:00+00:00,59.34000015258789,HOLD,7297.770072937012,9898.17000579834
2024-08-08 13:00:00+00:00,59.29999923706055,BUY,7238.430072784424,9908.730079650879
2024-08-08 14:00:00+00:00,59.380001068115234,SELL,7297.730072021484,9906.930038452148
2024-08-08 15:00:00+00:00,59.41999816894531,HOLD,7297.730072021484,9910.450119018555
2024-08-09 07:00:00+00:00,60.04999923706055,HOLD,7297.730072021484,9912.209991455078
2024-08-09 08:00:00+00:00,60.220001220703125,BUY,7237.680072784424,9939.930038452148
2024-08-09 09:00:00+00:00,59.880001068115234,BUY,7177.460071563721,9947.580127716064
2024-08-09 10:00:00+00:00,59.61000061035156,SELL,7237.340072631836,9931.940120697021
2024-08-09 11:00:00+00:00,59.54999923706055,BUY,7177.730072021484,9919.790100097656
2024-08-09 12:00:00+00:00,59.20000076293945,SELL,7237.280071258545,9917.03003692627
2024-08-09 13:00:00+00:00,59.2599983215332,BUY,7178.0800704956055,9901.28010559082
2024-08-09 14:00:00+00:00,59.31999969482422,HOLD,7178.0800704956055,9904.039993286133
2024-08-09 15:00:00+00:00,59.290000915527344,HOLD,7178.0800704956055,9906.80005645752
2024-08-12 07:00:00+00:00,59.72999954223633,BUY,7118.790069580078,9905.420112609863
2024-08-12 08:00:00+00:00,59.290000915527344,SELL,7178.520069122314,9926.100048065186
2024-08-12 09:00:00+00:00,59.43999862670898,BUY,7119.230068206787,9905.860111236572
2024-08-12 10:00:00+00:00,59.43000030517578,BUY,7059.790069580078,9912.91000366211
2024-08-12 11:00:00+00:00,59.41999816894531,BUY,7000.360069274902,9912.430084228516
2024-08-12 12:00:00+00:00,59.29999923706055,SELL,7059.780067443848,9911.939979553223
2024-08-12 13:00:00+00:00,59.15999984741211,HOLD,7059.780067443848,9906.180030822754
2024-08-12 14:00:00+00:00,59.43999862670898,BUY,7000.620067596436,9899.460060119629
2024-08-12 15:00:00+00:00,59.25,BUY,6941.180068969727,9913.180000305176
2024-08-13 07:00:00+00:00,59.52000045776367,BUY,6881.930068969727,9903.680068969727
2024-08-13 08:00:00+00:00,59.5,HOLD,6881.930068969727,9917.450092315674
2024-08-13 09:00:00+00:00,59.290000915527344,SELL,6941.430068969727,9916.430068969727
2024-08-13 10:00:00+00:00,59.09999847412109,HOLD,6941.430068969727,9905.930114746094
2024-08-13 11:00:00+00:00,59.13999938964844,HOLD,6941.430068969727,9896.429992675781
2024-08-13 12:00:00+00:00,59.2599983215332,SELL,7000.570068359375,9898.430038452148
2024-08-13 13:00:00+00:00,59.040000915527344,HOLD,7000.570068359375,9904.309986114502
2024-08-13 14:00:00+00:00,59.290000915527344,HOLD,7000.570068359375,9893.530113220215
2024-08-13 15:00:00+00:00,59.27999877929688,HOLD,7000.570068359375,9905.780113220215
2024-08-14 07:00:00+00:00,59.47999954223633,SELL,7059.850067138672,9905.290008544922
2024-08-14 08:00:00+00:00,59.56999969482422,BUY,7000.370067596436,9914.890045166016
2024-08-14 09:00:00+00:00,59.65999984741211,HOLD,7000.370067596436,9919.300052642822
2024-08-14 10:00:00+00:00,59.630001068115234,SELL,7060.030067443848,9923.710060119629
2024-08-14 11:00:00+00:00,59.56999969482422,HOLD,7060.030067443848,9922.270118713379
2024-08-14 12:00:00+00:00,59.68000030517578,SELL,7119.600067138672,9919.39005279541
2024-08-14 13:00:00+00:00,59.65999984741211,BUY,7059.920066833496,9924.560081481934
2024-08-14 14:00:00+00:00,59.7599983215332,BUY,7000.260066986084,9923.600059509277
2024-08-14 15:00:00+00:00,59.619998931884766,BUY,6940.500068664551,9928.499984741211
2024-08-15 07:00:00+00:00,59.95000076293945,BUY,6880.880069732666,9921.500015258789
2024-08-15 08:00:00+00:00,59.810001373291016,SELL,6940.8300704956055,9938.330108642578
2024-08-15 09:00:00+00:00,59.77000045776367,SELL,7000.6400718688965,9931.330139160156
2024-08-15 10:00:00+00:00,59.709999084472656,SELL,7060.41007232666,9929.370094299316
2024-08-15 11:00:00+00:00,59.810001373291016,SELL,7120.120071411133,9926.490028381348
2024-08-15 12:00:00+00:00,60.630001068115234,HOLD,7120.120071411133,9931.19013595581
2024-08-15 13:00:00+00:00,60.68000030517578,HOLD,7120.120071411133,9969.730121612549
2024-08-15 14:00:00+00:00,60.54999923706055,HOLD,7120.120071411133,9972.080085754395
2024-08-15 15:00:00+00:00,60.47999954223633,HOLD,7120.120071411133,9965.970035552979
2024-08-16 07:00:00+00:00,60.95000076293945,SELL,7180.600070953369,9962.68004989624
2024-08-16 08:00:00+00:00,60.900001525878906,BUY,7119.65007019043,9984.300106048584
2024-08-16 09:00:00+00:00,61.16999816894531,HOLD,7119.65007019043,9981.950141906738
2024-08-16 10:00:00+00:00,61.02999877929688,BUY,7058.480072021484,9994.63998413086
2024-08-16 11:00:00+00:00,60.970001220703125,SELL,7119.510070800781,9987.920013427734
2024-08-16 12:00:00+00:00,60.93999862670898,SELL,7180.480072021484,9985.100128173828
2024-08-16 13:00:00+00:00,61.130001068115234,HOLD,7180.480072021484,9983.720008850098
2024-08-16 14:00:00+00:00,61.16999816894531,HOLD,7180.480072021484,9992.460121154785
2024-08-16 15:00:00+00:00,60.97999954223633,HOLD,7180.480072021484,9994.299987792969
2024-08-19 07:00:00+00:00,61.369998931884766,SELL,7241.460071563721,9985.560050964355
2024-08-19 08:00:00+00:00,61.63999938964844,SELL,7302.8300704956055,10003.110023498535
2024-08-19 09:00:00+00:00,61.70000076293945,BUY,7241.190071105957,10014.990043640137
2024-08-19 10:00:00+00:00,61.52999877929688,HOLD,7241.190071105957,10017.690105438232
2024-08-19 11:00:00+00:00,61.56999969482422,HOLD,7241.190071105957,10010.040016174316
2024-08-19 12:00:00+00:00,61.59999847412109,SELL,7302.760070800781,10011.840057373047
2024-08-19 13:00:00+00:00,61.63999938964844,BUY,7241.16007232666,10013.16000366211
2024-08-19 14:00:00+00:00,61.52999877929688,BUY,7179.520072937012,10014.96004486084
2024-08-19 15:00:00+00:00,61.47999954223633,BUY,7117.990074157715,10009.900016784668
2024-08-20 07:00:00+00:00,61.560001373291016,HOLD,7117.990074157715,10007.550052642822
2024-08-20 08:00:00+00:00,61.27999877929688,BUY,7056.430072784424,10011.310138702393
2024-08-20 09:00:00+00:00,61.09000015258789,HOLD,7056.430072784424,9997.870014190674
2024-08-20 10:00:00+00:00,61.18000030517578,HOLD,7056.430072784424,9988.750080108643
2024-08-20 11:00:00+00:00,61.09999847412109,BUY,6995.250072479248,9993.070087432861
2024-08-20 12:00:00+00:00,60.91999816894531,BUY,6934.150074005127,9989.149997711182
2024-08-20 13:00:00+00:00,60.83000183105469,BUY,6873.230075836182,9980.149982452393
2024-08-20 14:00:00+00:00,60.84000015258789,SELL,6934.060077667236,9975.56016921997
2024-08-20 15:00:00+00:00,60.79999923706055,HOLD,6934.060077667236,9976.06008529663
2024-08-21 07:00:00+00:00,60.93999862670898,HOLD,6934.060077667236,9974.060039520264
2024-08-21 08:00:00+00:00,60.790000915527344,SELL,6995.000076293945,9981.060009002686
2024-08-21 09:00:00+00:00,60.9900016784668,SELL,7055.790077209473,9973.710121154785
2024-08-21 10:00:00+00:00,61.20000076293945,BUY,6994.800075531006,9983.310157775879
2024-08-21 11:00:00+00:00,61.400001525878906,SELL,7056.000076293945,9993.600112915039
2024-08-21 12:00:00+00:00,61.36000061035156,SELL,7117.400077819824,10003.200149536133
2024-08-21 13:00:00+00:00,61.15999984741211,BUY,7056.040077209473,10001.320106506348
2024-08-21 14:00:00+00:00,61.11000061035156,HOLD,7056.040077209473,9991.720069885254
2024-08-21 15:00:00+00:00,61.09999847412109,SELL,7117.150077819824,9989.320106506348
2024-08-22 07:00:00+00:00,61.09000015258789,BUY,7056.050079345703,9988.850006103516
2024-08-22 08:00:00+00:00,61.41999816894531,HOLD,7056.050079345703,9988.370086669922
2024-08-22 09:00:00+00:00,61.209999084472656,HOLD,7056.050079345703,10004.209991455078
2024-08-22 10:00:00+00:00,61.20000076293945,HOLD,7056.050079345703,9994.13003540039
2024-08-22 11:00:00+00:00,61.25,HOLD,7056.050079345703,9993.650115966797
2024-08-22 12:00:00+00:00,61.209999084472656,HOLD,7056.050079345703,9996.050079345703
2024-08-22 13:00:00+00:00,61.2400016784668,BUY,6994.8400802612305,9994.13003540039
2024-08-22 14:00:00+00:00,61.09999847412109,BUY,6933.600078582764,9995.600162506104
2024-08-22 15:00:00+00:00,61.0,HOLD,6933.600078582764,9988.600002288818
2024-08-23 07:00:00+00:00,61.369998931884766,BUY,6872.600078582764,9983.600078582764
2024-08-23 08:00:00+00:00,61.470001220703125,SELL,6933.970077514648,10002.470024108887
2024-08-23 09:00:00+00:00,61.560001373291016,SELL,6995.440078735352,10007.470138549805
2024-08-23 10:00:00+00:00,61.41999816894531,HOLD,6995.440078735352,10011.880146026611
2024-08-23 11:00:00+00:00,61.209999084472656,BUY,6934.020080566406,10005.019989013672
2024-08-23 12:00:00+00:00,61.15999984741211,SELL,6995.230079650879,9994.520034790039
2024-08-23 13:00:00+00:00,61.22999954223633,HOLD,6995.230079650879,9992.070072174072
2024-08-23 14:00:00+00:00,61.34999847412109,SELL,7056.460079193115,9995.500057220459
2024-08-23 15:00:00+00:00,61.369998931884766,SELL,7117.810077667236,10001.260005950928
2024-08-26 07:00:00+00:00,61.220001220703125,SELL,7179.180076599121,10002.20002746582
2024-08-26 08:00:00+00:00,61.36000061035156,HOLD,7179.180076599121,9995.300132751465
2024-08-26 09:00:00+00:00,61.40999984741211,SELL,7240.540077209473,10001.740104675293
2024-08-26 10:00:00+00:00,61.59000015258789,HOLD,7240.540077209473,10003.990070343018
2024-08-26 11:00:00+00:00,61.70000076293945,BUY,7178.950077056885,10012.090084075928
2024-08-26 12:00:00+00:00,61.63999938964844,SELL,7240.650077819824,10017.1501121521
2024-08-26 13:00:00+00:00,61.630001068115234,SELL,7302.290077209473,10014.450050354004
2024-08-26 14:00:00+00:00,61.52999877929688,SELL,7363.920078277588,10014.010124206543
2024-08-26 15:00:00+00:00,61.59000015258789,BUY,7302.390079498291,10009.710025787354
2024-08-27 07:00:00+00:00,61.7400016784668,SELL,7363.980079650879,10012.350086212158
2024-08-27 08:00:00+00:00,62.150001525878906,SELL,7425.720081329346,10018.800151824951
2024-08-27 09:00:00+00:00,61.9900016784668,BUY,7363.570079803467,10036.02014541626
2024-08-27 10:00:00+00:00,62.02000045776367,HOLD,7363.570079803467,10029.140151977539
2024-08-27 11:00:00+00:00,62.0,SELL,7425.5900802612305,10030.430099487305
2024-08-27 12:00:00+00:00,61.959999084472656,BUY,7363.5900802612305,10029.59008026123
2024-08-27 13:00:00+00:00,62.02999877929688,BUY,7301.630081176758,10027.870040893555
2024-08-27 14:00:00+00:00,62.02000045776367,HOLD,7301.630081176758,10030.95002746582
2024-08-27 15:00:00+00:00,62.0,BUY,7239.610080718994,10030.51010131836
2024-08-28 07:00:00+00:00,62.119998931884766,SELL,7301.610080718994,10029.610080718994
2024-08-28 08:00:00+00:00,61.95000076293945,HOLD,7301.610080718994,10034.890033721924
2024-08-28 09:00:00+00:00,61.810001373291016,SELL,7363.560081481934,10027.41011428833
2024-08-28 10:00:00+00:00,61.560001373291016,SELL,7425.370082855225,10021.390140533447
2024-08-28 11:00:00+00:00,61.63999938964844,BUY,7363.810081481934,10010.890140533447
2024-08-28 12:00:00+00:00,61.66999816894531,HOLD,7363.810081481934,10014.330055236816
2024-08-28 13:00:00+00:00,61.959999084472656,SELL,7425.480079650879,10015.620002746582
2024-08-28 14:00:00+00:00,61.90999984741211,BUY,7363.520080566406,10027.80004119873
2024-08-28 15:00:00+00:00,61.959999084472656,HOLD,7363.520080566406,10025.650074005127
2024-08-29 07:00:00+00:00,62.16999816894531,BUY,7301.560081481934,10027.80004119873
2024-08-29 08:00:00+00:00,62.380001068115234,HOLD,7301.560081481934,10037.040000915527
2024-08-29 09:00:00+00:00,62.400001525878906,BUY,7239.180080413818,10046.280128479004
2024-08-29 10:00:00+00:00,62.459999084472656,BUY,7176.780078887939,10047.18014907837
2024-08-29 11:00:00+00:00,62.470001220703125,BUY,7114.320079803467,10049.940036773682
2024-08-29 12:00:00+00:00,62.45000076293945,SELL,7176.79008102417,10050.410137176514
2024-08-29 13:00:00+00:00,62.220001220703125,SELL,7239.240081787109,10049.490116119385
2024-08-29 14:00:00+00:00,62.220001220703125,BUY,7177.020080566406,10039.14013671875
2024-08-29 15:00:00+00:00,62.04999923706055,BUY,7114.800079345703,10039.14013671875
2024-08-30 07:00:00+00:00,62.650001525878906,SELL,7176.850078582764,10031.150043487549
2024-08-30 08:00:00+00:00,62.619998931884766,HOLD,7176.850078582764,10058.750148773193
2024-08-30 09:00:00+00:00,62.58000183105469,SELL,7239.470077514648,10057.370029449463
2024-08-30 10:00:00+00:00,62.630001068115234,SELL,7302.050079345703,10055.57015991211
2024-08-30 11:00:00+00:00,62.560001373291016,BUY,7239.420078277588,10057.770126342773
2024-08-30 12:00:00+00:00,62.43000030517578,BUY,7176.860076904297,10054.620140075684
2024-08-30 13:00:00+00:00,62.5099983215332,SELL,7239.290077209473,10048.640090942383
2024-08-30 14:00:00+00:00,62.34999847412109,BUY,7176.780078887939,10052.240001678467
2024-08-30 15:00:00+00:00,62.310001373291016,HOLD,7176.780078887939,10044.88000869751
2024-09-02 07:00:00+00:00,62.33000183105469,SELL,7239.0900802612305,10043.040142059326
2024-09-02 08:00:00+00:00,62.52999877929688,HOLD,7239.0900802612305,10043.940162658691
2024-09-02 09:00:00+00:00,62.59999847412109,SELL,7301.620079040527,10052.94002532959
2024-09-02 10:00:00+00:00,62.560001373291016,SELL,7364.220077514648,10056.020011901855
2024-09-02 11:00:00+00:00,62.540000915527344,BUY,7301.660076141357,10054.300136566162
2024-09-02 12:00:00+00:00,62.61000061035156,BUY,7239.12007522583,10053.42011642456
2024-09-02 13:00:00+00:00,62.459999084472656,SELL,7301.730075836182,10056.57010269165
2024-09-02 14:00:00+00:00,62.540000915527344,BUY,7239.270076751709,10049.970035552979
2024-09-02 15:00:00+00:00,62.52000045776367,BUY,7176.730075836182,10053.57011795044
2024-09-03 07:00:00+00:00,62.400001525878906,BUY,7114.210075378418,10052.65009689331
2024-09-03 08:00:00+00:00,62.2599983215332,SELL,7176.610076904297,10047.010147094727
2024-09-03 09:00:00+00:00,62.11000061035156,BUY,7114.350078582764,10040.569999694824
2024-09-03 10:00:00+00:00,61.880001068115234,SELL,7176.460079193115,10033.520107269287
2024-09-03 11:00:00+00:00,62.060001373291016,BUY,7114.580078125,10022.940128326416
2024-09-03 12:00:00+00:00,61.810001373291016,HOLD,7114.580078125,10031.400142669678
2024-09-03 13:00:00+00:00,61.70000076293945,BUY,7052.770076751709,10019.650142669678
2024-09-03 14:00:00+00:00,61.380001068115234,SELL,7114.470077514648,10014.370113372803
2024-09-03 15:00:00+00:00,61.61000061035156,HOLD,7114.470077514648,9999.330127716064
2024-09-04 07:00:00+00:00,61.41999816894531,SELL,7176.080078125,10010.140106201172
2024-09-04 08:00:00+00:00,61.34000015258789,HOLD,7176.080078125,10001.399993896484
2024-09-04 09:00:00+00:00,61.54999923706055,BUY,7114.740077972412,9997.720085144043
2024-09-04 10:00:00+00:00,61.65999984741211,SELL,7176.290077209473,10007.590042114258
2024-09-04 11:00:00+00:00,61.540000915527344,SELL,7237.950077056885,10012.65007019043
2024-09-04 12:00:00+00:00,62.0099983215332,HOLD,7237.950077056885,10007.250118255615
2024-09-04 13:00:00+00:00,61.900001525878906,BUY,7175.940078735352,10028.400001525879
2024-09-04 14:00:00+00:00,62.08000183105469,BUY,7114.040077209473,10023.340148925781
2024-09-04 15:00:00+00:00,61.88999938964844,HOLD,7114.040077209473,10031.800163269043
2024-09-05 07:00:00+00:00,62.470001220703125,BUY,7052.150077819824,10022.87004852295
2024-09-05 08:00:00+00:00,62.77999877929688,SELL,7114.620079040527,10050.710136413574
2024-09-05 09:00:00+00:00,62.84000015258789,BUY,7051.8400802612305,10065.28002166748
2024-09-05 10:00:00+00:00,63.15999984741211,HOLD,7051.8400802612305,10068.16008758545
2024-09-05 11:00:00+00:00,63.40999984741211,SELL,7115.000080108643,10083.520072937012
2024-09-05 12:00:00+00:00,63.47999954223633,BUY,7051.5900802612305,10095.270072937012
2024-09-05 13:00:00+00:00,63.38999938964844,SELL,7115.070079803467,10098.630058288574
2024-09-05 14:00:00+00:00,63.790000915527344,HOLD,7115.070079803467,10094.400051116943
2024-09-05 15:00:00+00:00,63.65999984741211,BUY,7051.280078887939,10113.200122833252
2024-09-06 07:00:00+00:00,63.2599983215332,SELL,7114.940078735352,10106.96007156372
2024-09-06 08:00:00+00:00,62.77999877929688,SELL,7178.200077056885,10088.159999847412
2024-09-06 09:00:00+00:00,63.040000915527344,HOLD,7178.200077056885,10066.080020904541
2024-09-06 10:00:00+00:00,62.83000183105469,HOLD,7178.200077056885,10078.040119171143
2024-09-06 11:00:00+00:00,62.93000030517578,SELL,7241.030078887939,10068.3801612854
2024-09-06 12:00:00+00:00,63.060001373291016,BUY,7178.100078582764,10072.88009262085
2024-09-06 13:00:00+00:00,63.11000061035156,BUY,7115.040077209473,10078.86014175415
2024-09-06 14:00:00+00:00,62.34000015258789,BUY,7051.930076599121,10081.210105895996
2024-09-06 15:00:00+00:00,61.900001525878906,SELL,7114.270076751709,10044.25008392334
2024-09-09 07:00:00+00:00,62.61000061035156,BUY,7052.37007522583,10023.570148468018
2024-09-09 08:00:00+00:00,62.560001373291016,BUY,6989.7600746154785,10057.650104522705
2024-09-09 09:00:00+00:00,62.81999969482422,BUY,6927.2000732421875,10055.200141906738
2024-09-09 10:00:00+00:00,62.79999923706055,HOLD,6927.2000732421875,10068.200057983398
2024-09-09 11:00:00+00:00,62.86000061035156,HOLD,6927.2000732421875,10067.200035095215
2024-09-09 12:00:00+00:00,62.7400016784668,BUY,6864.340072631836,10070.200103759766
2024-09-09 13:00:00+00:00,62.790000915527344,BUY,6801.600070953369,10064.080158233643
2024-09-09 14:00:00+00:00,62.77999877929688,SELL,6864.3900718688965,10066.680118560791
2024-09-09 15:00:00+00:00,62.650001525878906,BUY,6801.6100730896,10066.170009613037
2024-09-10 07:00:00+00:00,63.02000045776367,SELL,6864.2600746154785,10059.410152435303
2024-09-10 08:00:00+00:00,62.970001220703125,BUY,6801.240074157715,10078.280097961426
2024-09-10 09:00:00+00:00,63.06999969482422,SELL,6864.210075378418,10075.680137634277
2024-09-10 10:00:00+00:00,62.7400016784668,SELL,6927.280075073242,10080.780059814453
2024-09-10 11:00:00+00:00,62.7599983215332,BUY,6864.540073394775,10064.280158996582
2024-09-10 12:00:00+00:00,62.93000030517578,SELL,6927.300071716309,10065.299987792969
2024-09-10 13:00:00+00:00,62.47999954223633,HOLD,6927.300071716309,10073.800086975098
2024-09-10 14:00:00+00:00,62.0099983215332,SELL,6989.780071258545,10051.300048828125
2024-09-10 15:00:00+00:00,62.15999984741211,HOLD,6989.780071258545,10028.269989013672
2024-09-11 07:00:00+00:00,62.459999084472656,SELL,7051.940071105957,10035.620063781738
2024-09-11 08:00:00+00:00,62.380001068115234,BUY,6989.480072021484,10050.020027160645
2024-09-11 09:00:00+00:00,62.11000061035156,BUY,6927.100070953369,10046.10012435913
2024-09-11 10:00:00+00:00,62.43999862670898,SELL,6989.210071563721,10032.600101470947
2024-09-11 11:00:00+00:00,62.45000076293945,HOLD,6989.210071563721,10048.770004272461
2024-09-11 12:00:00+00:00,62.70000076293945,HOLD,6989.210071563721,10049.260108947754
2024-09-11 13:00:00+00:00,62.22999954223633,HOLD,6989.210071563721,10061.510108947754
2024-09-11 14:00:00+00:00,62.2400016784668,HOLD,6989.210071563721,10038.4800491333
2024-09-11 15:00:00+00:00,62.400001525878906,SELL,7051.4500732421875,10038.970153808594
2024-09-12 07:00:00+00:00,63.45000076293945,SELL,7113.850074768066,10046.650146484375
2024-09-12 08:00:00+00:00,63.619998931884766,HOLD,7113.850074768066,10096.00011062622
2024-09-12 09:00:00+00:00,63.7599983215332,SELL,7177.470073699951,10103.99002456665
2024-09-12 10:00:00+00:00,63.709999084472656,BUY,7113.710075378418,10110.429996490479
2024-09-12 11:00:00+00:00,63.709999084472656,BUY,7050.000076293945,10108.080032348633
2024-09-12 12:00:00+00:00,63.630001068115234,BUY,6986.290077209473,10108.080032348633
2024-09-12 13:00:00+00:00,63.130001068115234,SELL,7049.920078277588,10104.16012954712
2024-09-12 14:00:00+00:00,63.220001220703125,SELL,7113.050079345703,10080.16012954712
2024-09-12 15:00:00+00:00,63.34000015258789,HOLD,7113.050079345703,10084.39013671875
2024-09-13 07:00:00+00:00,63.58000183105469,BUY,7049.710079193115,10090.030086517334
2024-09-13 08:00:00+00:00,63.45000076293945,BUY,6986.130077362061,10101.55016708374
2024-09-13 09:00:00+00:00,63.63999938964844,HOLD,6986.130077362061,10095.180114746094
2024-09-13 10:00:00+00:00,63.68000030517578,HOLD,6986.130077362061,10104.490047454834
2024-09-13 11:00:00+00:00,63.52000045776367,HOLD,6986.130077362061,10106.450092315674
2024-09-13 12:00:00+00:00,63.5099983215332,BUY,6922.610076904297,10098.61009979248
2024-09-13 13:00:00+00:00,63.68000030517578,SELL,6986.12007522583,10098.109992980957
2024-09-13 14:00:00+00:00,63.7400016784668,HOLD,6986.12007522583,10106.440090179443
2024-09-13 15:00:00+00:00,63.4900016784668,SELL,7049.860076904297,10109.380157470703
2024-09-16 07:00:00+00:00,63.22999954223633,SELL,7113.350078582764,10097.380157470703
2024-09-16 08:00:00+00:00,63.130001068115234,BUY,7050.120079040527,10085.160057067871
2024-09-16 09:00:00+00:00,63.0099983215332,SELL,7113.250080108643,10080.360130310059
2024-09-16 10:00:00+00:00,63.119998931884766,BUY,7050.240081787109,10074.720001220703
2024-09-16 11:00:00+00:00,63.060001373291016,BUY,6987.120082855225,10080.000030517578
2024-09-16 12:00:00+00:00,63.040000915527344,HOLD,6987.120082855225,10077.060150146484
2024-09-16 13:00:00+00:00,63.16999816894531,BUY,6924.080081939697,10076.080127716064
2024-09-16 14:00:00+00:00,63.209999084472656,BUY,6860.910083770752,10082.579990386963
2024-09-16 15:00:00+00:00,63.27000045776367,BUY,6797.700084686279,10084.620037078857
2024-09-17 07:00:00+00:00,63.810001373291016,HOLD,6797.700084686279,10087.74010848999
2024-09-17 08:00:00+00:00,64.02999877929688,SELL,6861.51008605957,10115.820156097412
2024-09-17 09:00:00+00:00,64.0999984741211,SELL,6925.540084838867,10127.040023803711
2024-09-17 10:00:00+00:00,64.16000366210938,SELL,6989.640083312988,10130.540008544922
2024-09-17 11:00:00+00:00,64.26000213623047,BUY,6925.480079650879,10133.480262756348
2024-09-17 12:00:00+00:00,64.5,SELL,6989.740081787109,10138.480186462402
2024-09-17 13:00:00+00:00,64.26000213623047,BUY,6925.240081787109,10150.24008178711
2024-09-17 14:00:00+00:00,64.37000274658203,BUY,6860.980079650879,10138.240188598633
2024-09-17 15:00:00+00:00,64.45999908447266,BUY,6796.610076904297,10143.850219726562
2024-09-18 07:00:00+00:00,64.4000015258789,SELL,6861.0700759887695,10148.530029296875
2024-09-18 08:00:00+00:00,64.44000244140625,BUY,6796.670074462891,10145.470153808594
2024-09-18 09:00:00+00:00,64.47000122070312,BUY,6732.230072021484,10147.550201416016
2024-09-18 10:00:00+00:00,64.20999908447266,BUY,6667.760070800781,10149.14013671875
2024-09-18 11:00:00+00:00,64.26000213623047,SELL,6731.970069885254,10135.100021362305
2024-09-18 12:00:00+00:00,64.2300033569336,BUY,6667.710067749023,10137.750183105469
2024-09-18 13:00:00+00:00,64.19000244140625,SELL,6731.940071105957,10136.130249023438
2024-09-18 14:00:00+00:00,64.30000305175781,BUY,6667.750068664551,10134.010200500488
2024-09-18 15:00:00+00:00,64.19999694824219,HOLD,6667.750068664551,10139.950233459473
2024-09-19 07:00:00+00:00,64.97000122070312,HOLD,6667.750068664551,10134.549903869629
2024-09-19 08:00:00+00:00,64.87000274658203,BUY,6602.780067443848,10176.13013458252
2024-09-19 09:00:00+00:00,64.9000015258789,BUY,6537.910064697266,10170.63021850586
2024-09-19 10:00:00+00:00,64.80000305175781,SELL,6602.8100662231445,10172.310150146484
2024-09-19 11:00:00+00:00,64.87999725341797,SELL,6667.610069274902,10166.810234069824
2024-09-19 12:00:00+00:00,64.7699966430664,SELL,6732.49006652832,10171.129920959473
2024-09-19 13:00:00+00:00,65.0199966430664,SELL,6797.260063171387,10165.29988861084
2024-09-19 14:00:00+00:00,65.02999877929688,BUY,6732.24006652832,10178.29988861084
2024-09-19 15:00:00+00:00,65.01000213623047,HOLD,6732.24006652832,10178.830001831055
2024-09-20 07:00:00+00:00,65.33999633789062,BUY,6667.23006439209,10177.770179748535
2024-09-20 08:00:00+00:00,64.9000015258789,SELL,6732.5700607299805,10195.589866638184
2024-09-20 09:00:00+00:00,65.2300033569336,BUY,6667.670059204102,10172.270141601562
2024-09-20 10:00:00+00:00,65.5,HOLD,6667.670059204102,10190.090240478516
2024-09-20 11:00:00+00:00,65.54000091552734,HOLD,6667.670059204102,10204.670059204102
2024-09-20 12:00:00+00:00,65.41999816894531,BUY,6602.130058288574,10206.830108642578
2024-09-20 13:00:00+00:00,64.81999969482422,SELL,6667.5500564575195,10200.229957580566
2024-09-20 14:00:00+00:00,64.87000274658203,BUY,6602.730056762695,10167.830039978027
2024-09-20 15:00:00+00:00,64.97000122070312,HOLD,6602.730056762695,10170.580207824707
2024-09-23 07:00:00+00:00,63.95000076293945,SELL,6667.700057983398,10176.080123901367
2024-09-23 08:00:00+00:00,63.0,SELL,6731.650058746338,10121.000099182129
2024-09-23 09:00:00+00:00,62.77999877929688,SELL,6794.650058746338,10070.650058746338
2024-09-23 10:00:00+00:00,62.560001373291016,SELL,6857.430057525635,10059.209995269775
2024-09-23 11:00:00+00:00,62.41999816894531,SELL,6919.990058898926,10047.990127563477
2024-09-23 12:00:00+00:00,62.34000015258789,SELL,6982.410057067871,10040.989967346191
2024-09-23 13:00:00+00:00,62.2400016784668,SELL,7044.750057220459,10037.070064544678
2024-09-23 14:00:00+00:00,61.90999984741211,HOLD,7044.750057220459,10032.270137786865
2024-09-23 15:00:00+00:00,62.34000015258789,SELL,7106.660057067871,10016.43004989624
2024-09-24 07:00:00+00:00,62.970001220703125,HOLD,7106.660057067871,10036.640064239502
2024-09-24 08:00:00+00:00,63.27000045776367,BUY,7043.690055847168,10066.250114440918
2024-09-24 09:00:00+00:00,63.459999084472656,HOLD,7043.690055847168,10080.650077819824
2024-09-24 10:00:00+00:00,63.29999923706055,BUY,6980.230056762695,10089.770011901855
2024-09-24 11:00:00+00:00,63.2400016784668,SELL,7043.530055999756,10081.930019378662
2024-09-24 12:00:00+00:00,63.310001373291016,SELL,7106.770057678223,10079.050136566162
2024-09-24 13:00:00+00:00,63.22999954223633,SELL,7170.080059051514,10082.3401222229
2024-09-24 14:00:00+00:00,62.970001220703125,HOLD,7170.080059051514,10078.660037994385
2024-09-24 15:00:00+00:00,62.86000061035156,HOLD,7170.080059051514,10066.700115203857
2024-09-25 07:00:00+00:00,62.33000183105469,BUY,7107.220058441162,10061.640087127686
2024-09-25 08:00:00+00:00,62.09000015258789,HOLD,7107.220058441162,10036.730144500732
2024-09-25 09:00:00+00:00,62.43000030517578,SELL,7169.31005859375,10025.450065612793
2024-09-25 10:00:00+00:00,62.5,HOLD,7169.31005859375,10041.090072631836
2024-09-25 11:00:00+00:00,62.61000061035156,SELL,7231.81005859375,10044.31005859375
2024-09-25 12:00:00+00:00,62.5099983215332,SELL,7294.420059204102,10049.26008605957
2024-09-25 13:00:00+00:00,62.15999984741211,SELL,7356.930057525635,10044.859985351562
2024-09-25 14:00:00+00:00,62.13999938964844,SELL,7419.090057373047,10029.810050964355
2024-09-25 15:00:00+00:00,62.22999954223633,HOLD,7419.090057373047,10028.970031738281
2024-09-26 07:00:00+00:00,63.43999862670898,BUY,7356.860057830811,10032.750038146973
2024-09-26 08:00:00+00:00,63.540000915527344,HOLD,7356.860057830811,10084.779998779297
2024-09-26 09:00:00+00:00,63.2599983215332,HOLD,7356.860057830811,10089.080097198486
2024-09-26 10:00:00+00:00,63.369998931884766,SELL,7420.120056152344,10077.039985656738
2024-09-26 11:00:00+00:00,63.18000030517578,HOLD,7420.120056152344,10081.660011291504
2024-09-26 12:00:00+00:00,63.27000045776367,BUY,7356.940055847168,10073.680068969727
2024-09-26 13:00:00+00:00,63.290000915527344,HOLD,7356.940055847168,10077.550075531006
2024-09-26 14:00:00+00:00,63.0099983215332,HOLD,7356.940055847168,10078.410095214844
2024-09-26 15:00:00+00:00,63.04999923706055,HOLD,7356.940055847168,10066.369983673096
2024-09-27 07:00:00+00:00,62.95000076293945,SELL,7419.9900550842285,10068.090023040771
2024-09-27 08:00:00+00:00,63.02000045776367,BUY,7357.040054321289,10063.890087127686
2024-09-27 09:00:00+00:00,63.43999862670898,BUY,7294.020053863525,10066.900074005127
2024-09-27 10:00:00+00:00,63.470001220703125,BUY,7230.580055236816,10085.37999343872
2024-09-27 11:00:00+00:00,63.4900016784668,SELL,7294.0500564575195,10086.730110168457
2024-09-27 12:00:00+00:00,63.310001373291016,SELL,7357.540058135986,10087.610130310059
2024-09-27 13:00:00+00:00,63.25,SELL,7420.850059509277,10079.8701171875
2024-09-27 14:00:00+00:00,63.43999862670898,BUY,7357.600059509277,10077.350059509277
2024-09-27 15:00:00+00:00,63.380001068115234,HOLD,7357.600059509277,10085.520000457764
2024-09-30 07:00:00+00:00,62.22999954223633,HOLD,7357.600059509277,10082.940105438232
2024-09-30 08:00:00+00:00,62.09999847412109,HOLD,7357.600059509277,10033.49003982544
2024-09-30 09:00:00+00:00,61.79999923706055,HOLD,7357.600059509277,10027.899993896484
2024-09-30 10:00:00+00:00,61.5,BUY,7295.800060272217,10015.00002670288
2024-09-30 11:00:00+00:00,61.40999984741211,SELL,7357.300060272217,10001.800060272217
2024-09-30 12:00:00+00:00,61.61000061035156,BUY,7295.890060424805,9997.930053710938
2024-09-30 13:00:00+00:00,61.459999084472656,HOLD,7295.890060424805,10006.730087280273
2024-09-30 14:00:00+00:00,61.70000076293945,SELL,7357.350059509277,10000.130020141602
2024-09-30 15:00:00+00:00,61.52000045776367,BUY,7295.650058746338,10010.450092315674
2024-10-01 07:00:00+00:00,61.650001525878906,BUY,7234.130058288574,10002.53007888794
2024-10-01 08:00:00+00:00,61.36000061035156,SELL,7295.780059814453,10008.380126953125
2024-10-01 09:00:00+00:00,61.459999084472656,HOLD,7295.780059814453,9995.620086669922
2024-10-01 10:00:00+00:00,61.43000030517578,SELL,7357.240058898926,10000.02001953125
2024-10-01 11:00:00+00:00,61.47999954223633,SELL,7418.670059204102,9998.730072021484
2024-10-01 12:00:00+00:00,61.43000030517578,SELL,7480.150058746338,10000.830039978027
2024-10-01 13:00:00+00:00,61.36000061035156,BUY,7418.720058441162,9998.780071258545
2024-10-01 14:00:00+00:00,60.75,SELL,7480.080059051514,9995.840084075928
2024-10-01 15:00:00+00:00,60.959999084472656,SELL,7540.830059051514,9970.830059051514
2024-10-02 07:00:00+00:00,61.150001525878906,HOLD,7540.830059051514,9979.23002243042
2024-10-02 08:00:00+00:00,61.18000030517578,HOLD,7540.830059051514,9986.83012008667
2024-10-02 09:00:00+00:00,61.119998931884766,BUY,7479.650058746338,9988.030071258545
2024-10-02 10:00:00+00:00,60.93999862670898,HOLD,7479.650058746338,9985.570014953613
2024-10-02 11:00:00+00:00,60.70000076293945,HOLD,7479.650058746338,9978.190002441406
2024-10-02 12:00:00+00:00,61.060001373291016,BUY,7418.950057983398,9968.350090026855
2024-10-02 13:00:00+00:00,60.91999816894531,BUY,7357.890056610107,9983.470115661621
2024-10-02 14:00:00+00:00,60.790000915527344,HOLD,7357.890056610107,9977.449977874756
2024-10-02 15:00:00+00:00,60.88999938964844,BUY,7297.10005569458,9971.860095977783
2024-10-03 07:00:00+00:00,59.84999847412109,SELL,7357.9900550842285,9976.260028839111
2024-10-03 08:00:00+00:00,59.97999954223633,BUY,7298.140056610107,9931.539989471436
2024-10-03 09:00:00+00:00,60.09000015258789,SELL,7358.120056152344,9937.260036468506
2024-10-03 10:00:00+00:00,60.18999862670898,SELL,7418.210056304932,9941.990062713623
2024-10-03 11:00:00+00:00,60.27000045776367,BUY,7358.020057678223,9946.189998626709
2024-10-03 12:00:00+00:00,60.15999984741211,HOLD,7358.020057678223,9949.63007736206
2024-10-03 13:00:00+00:00,60.02000045776367,SELL,7418.180057525635,9944.900051116943
2024-10-03 14:00:00+00:00,59.81999969482422,BUY,7358.160057067871,9939.020076751709
2024-10-03 15:00:00+00:00,59.95000076293945,HOLD,7358.160057067871,9930.420043945312
2024-10-04 07:00:00+00:00,60.5,HOLD,7358.160057067871,9936.010089874268
2024-10-04 08:00:00+00:00,60.540000915527344,BUY,7297.660057067871,9959.660057067871
2024-10-04 09:00:00+00:00,60.5099983215332,SELL,7358.200057983398,9961.420097351074
2024-10-04 10:00:00+00:00,60.38999938964844,SELL,7418.710056304932,9960.129985809326
2024-10-04 11:00:00+00:00,60.470001220703125,HOLD,7418.710056304932,9955.090030670166
2024-10-04 12:00:00+00:00,61.369998931884766,HOLD,7418.710056304932,9958.450107574463
2024-10-04 13:00:00+00:00,61.09000015258789,BUY,7357.340057373047,9996.250011444092
2024-10-04 14:00:00+00:00,61.150001525878906,SELL,7418.430057525635,9984.210063934326
2024-10-04 15:00:00+00:00,60.810001373291016,SELL,7479.580059051514,9986.730121612549
2024-10-07 07:00:00+00:00,60.81999969482422,SELL,7540.390060424805,9972.790115356445
2024-10-07 08:00:00+00:00,61.13999938964844,SELL,7601.210060119629,9973.190048217773
2024-10-07 09:00:00+00:00,61.27000045776367,SELL,7662.350059509277,9985.670036315918
2024-10-07 10:00:00+00:00,61.369998931884766,HOLD,7662.350059509277,9990.610076904297
2024-10-07 11:00:00+00:00,61.2599983215332,BUY,7600.980060577393,9994.410018920898
2024-10-07 12:00:00+00:00,61.400001525878906,SELL,7662.240058898926,9990.119995117188
2024-10-07 13:00:00+00:00,61.310001373291016,SELL,7723.640060424805,9995.440116882324
2024-10-07 14:00:00+00:00,61.52000045776367,BUY,7662.330059051514,9992.110111236572
2024-10-07 15:00:00+00:00,61.66999816894531,BUY,7600.81005859375,10000.090076446533
2024-10-08 07:00:00+00:00,61.47999954223633,BUY,7539.140060424805,10005.939987182617
2024-10-08 08:00:00+00:00,61.7400016784668,SELL,7600.620059967041,9998.340042114258
2024-10-08 09:00:00+00:00,62.0,BUY,7538.880058288574,10008.480125427246
2024-10-08 10:00:00+00:00,61.88999938964844,BUY,7476.880058288574,10018.880058288574
2024-10-08 11:00:00+00:00,61.77000045776367,SELL,7538.770057678223,10014.37003326416
2024-10-08 12:00:00+00:00,61.90999984741211,BUY,7477.000057220459,10009.57007598877
2024-10-08 13:00:00+00:00,61.790000915527344,BUY,7415.090057373047,10015.310050964355
2024-10-08 14:00:00+00:00,61.650001525878906,SELL,7476.880058288574,10010.270095825195
2024-10-08 15:00:00+00:00,61.61000061035156,HOLD,7476.880058288574,10004.53012084961
2024-10-09 07:00:00+00:00,61.810001373291016,BUY,7415.270057678223,10002.890083312988
2024-10-09 08:00:00+00:00,61.88999938964844,SELL,7477.080059051514,10011.290115356445
2024-10-09 09:00:00+00:00,62.02999877929688,SELL,7538.970058441162,10014.5700340271
2024-10-09 10:00:00+00:00,61.970001220703125,BUY,7476.940059661865,10020.170009613037
2024-10-09 11:00:00+00:00,62.040000915527344,HOLD,7476.940059661865,10017.710109710693
2024-10-09 12:00:00+00:00,61.9900016784668,BUY,7414.900058746338,10020.580097198486
2024-10-09 13:00:00+00:00,61.93999862670898,SELL,7476.890060424805,10018.480129241943
2024-10-09 14:00:00+00:00,62.09999847412109,SELL,7538.830059051514,10016.430004119873
2024-10-09 15:00:00+00:00,62.09999847412109,SELL,7600.930057525635,10022.829998016357
2024-10-10 07:00:00+00:00,62.04999923706055,HOLD,7600.930057525635,10022.829998016357
2024-10-10 08:00:00+00:00,62.119998931884766,SELL,7662.980056762695,10020.880027770996
2024-10-10 09:00:00+00:00,62.150001525878906,SELL,7725.10005569458,10023.540016174316
2024-10-10 10:00:00+00:00,61.9900016784668,HOLD,7725.10005569458,10024.6501121521
2024-10-10 11:00:00+00:00,62.2599983215332,SELL,7787.090057373047,10018.730117797852
2024-10-10 12:00:00+00:00,62.04999923706055,BUY,7724.830059051514,10028.449996948242
2024-10-10 13:00:00+00:00,61.97999954223633,BUY,7662.780059814453,10020.680030822754
2024-10-10 14:00:00+00:00,61.90999984741211,HOLD,7662.780059814453,10018.020042419434
2024-10-10 15:00:00+00:00,62.02999877929688,BUY,7600.870059967041,10015.360054016113
2024-10-11 07:00:00+00:00,62.2599983215332,BUY,7538.840061187744,10020.04001235962
2024-10-11 08:00:00+00:00,62.02000045776367,SELL,7601.100059509277,10029.239994049072
2024-10-11 09:00:00+00:00,62.04999923706055,SELL,7663.120059967041,10019.88007736206
2024-10-11 10:00:00+00:00,62.20000076293945,BUY,7601.0700607299805,10021.020030975342
2024-10-11 11:00:00+00:00,62.25,SELL,7663.27006149292,10026.87009048462
2024-10-11 12:00:00+00:00,62.06999969482422,HOLD,7663.27006149292,10028.77006149292
2024-10-11 13:00:00+00:00,62.31999969482422,HOLD,7663.27006149292,10021.93004989624
2024-10-11 14:00:00+00:00,62.27000045776367,BUY,7600.950061798096,10031.43004989624
2024-10-11 15:00:00+00:00,62.209999084472656,BUY,7538.680061340332,10029.480079650879
2024-10-14 07:00:00+00:00,62.47999954223633,SELL,7600.890060424805,10027.080024719238
2024-10-14 08:00:00+00:00,62.4900016784668,HOLD,7600.890060424805,10037.610042572021
2024-10-14 09:00:00+00:00,62.5,HOLD,7600.890060424805,10038.00012588501
2024-10-14 10:00:00+00:00,62.20000076293945,SELL,7663.390060424805,10038.390060424805
2024-10-14 11:00:00+00:00,62.33000183105469,HOLD,7663.390060424805,10026.990089416504
2024-10-14 12:00:00+00:00,62.38999938964844,HOLD,7663.390060424805,10031.930130004883
2024-10-14 13:00:00+00:00,62.75,SELL,7725.780059814453,10034.210037231445
2024-10-14 14:00:00+00:00,62.77000045776367,SELL,7788.530059814453,10047.530059814453
2024-10-14 15:00:00+00:00,62.88999938964844,SELL,7851.300060272217,10048.250076293945
2024-10-15 07:00:00+00:00,62.880001068115234,HOLD,7851.300060272217,10052.450038909912
2024-10-15 08:00:00+00:00,62.79999923706055,HOLD,7851.300060272217,10052.10009765625
2024-10-15 09:00:00+00:00,62.84999847412109,SELL,7914.100059509277,10049.300033569336
2024-10-15 10:00:00+00:00,62.91999816894531,BUY,7851.250061035156,10051.000007629395
2024-10-15 11:00:00+00:00,63.06999969482422,BUY,7788.330062866211,10053.449996948242
2024-10-15 12:00:00+00:00,62.93999862670898,HOLD,7788.330062866211,10058.850051879883
2024-10-15 13:00:00+00:00,62.9900016784668,HOLD,7788.330062866211,10054.170013427734
2024-10-15 14:00:00+00:00,63.63999938964844,HOLD,7788.330062866211,10055.970123291016
2024-10-15 15:00:00+00:00,63.77000045776367,BUY,7724.6900634765625,10079.370040893555
2024-10-16 07:00:00+00:00,63.90999984741211,BUY,7660.920063018799,10084.180080413818
2024-10-16 08:00:00+00:00,63.40999984741211,SELL,7724.830062866211,10089.500057220459
2024-10-16 09:00:00+00:00,63.4900016784668,HOLD,7724.830062866211,10071.000057220459
2024-10-16 10:00:00+00:00,63.47999954223633,HOLD,7724.830062866211,10073.960124969482
2024-10-16 11:00:00+00:00,63.619998931884766,SELL,7788.310062408447,10073.590045928955
2024-10-16 12:00:00+00:00,63.650001525878906,HOLD,7788.310062408447,10078.630023956299
2024-10-16 13:00:00+00:00,63.93999862670898,HOLD,7788.310062408447,10079.710117340088
2024-10-16 14:00:00+00:00,64.2699966430664,HOLD,7788.310062408447,10090.15001296997
2024-10-16 15:00:00+00:00,64.37000274658203,BUY,7724.040065765381,10102.029941558838
2024-10-17 07:00:00+00:00,65.12999725341797,HOLD,7724.040065765381,10105.730167388916
2024-10-17 08:00:00+00:00,65.58000183105469,BUY,7658.910068511963,10133.849964141846
2024-10-17 09:00:00+00:00,65.52999877929688,HOLD,7658.910068511963,10150.950138092041
2024-10-17 10:00:00+00:00,65.47000122070312,BUY,7593.380069732666,10149.050022125244
2024-10-17 11:00:00+00:00,65.30999755859375,SELL,7658.850070953369,10146.710117340088
2024-10-17 12:00:00+00:00,65.43000030517578,BUY,7593.540073394775,10140.629978179932
2024-10-17 13:00:00+00:00,65.80000305175781,SELL,7658.970073699951,10145.31008529663
2024-10-17 14:00:00+00:00,65.61000061035156,HOLD,7658.970073699951,10159.370189666748
2024-10-17 15:00:00+00:00,65.69000244140625,SELL,7724.580074310303,10152.15009689331
2024-10-18 07:00:00+00:00,65.76000213623047,HOLD,7724.580074310303,10155.110164642334
2024-10-18 08:00:00+00:00,65.87000274658203,SELL,7790.340076446533,10157.70015335083
2024-10-18 09:00:00+00:00,66.58000183105469,BUY,7724.470073699951,10161.660175323486
2024-10-18 10:00:00+00:00,66.33999633789062,SELL,7791.050075531006,10187.930141448975
2024-10-18 11:00:00+00:00,66.31999969482422,SELL,7857.3900718688965,10179.289943695068
2024-10-18 12:00:00+00:00,66.16000366210938,BUY,7791.070072174072,10178.590061187744
2024-10-18 13:00:00+00:00,66.05000305175781,HOLD,7791.070072174072,10172.83020401001
2024-10-18 14:00:00+00:00,66.20999908447266,HOLD,7791.070072174072,10168.870182037354
2024-10-18 15:00:00+00:00,66.12999725341797,SELL,7857.280071258545,10174.630039215088
2024-10-21 07:00:00+00:00,66.16999816894531,SELL,7923.410068511963,10171.829975128174
2024-10-21 08:00:00+00:00,66.08999633789062,BUY,7857.240070343018,10173.190006256104
2024-10-21 09:00:00+00:00,66.04000091552734,HOLD,7857.240070343018,10170.38994216919
2024-10-21 10:00:00+00:00,65.81999969482422,SELL,7923.280071258545,10168.640102386475
2024-10-21 11:00:00+00:00,65.9000015258789,BUY,7857.460071563721,10161.160060882568
2024-10-21 12:00:00+00:00,66.01000213623047,SELL,7923.3600730896,10163.960124969482
2024-10-21 13:00:00+00:00,66.04000091552734,HOLD,7923.3600730896,10167.700145721436
2024-10-21 14:00:00+00:00,65.80999755859375,HOLD,7923.3600730896,10168.72010421753
2024-10-21 15:00:00+00:00,65.80000305175781,SELL,7989.170070648193,10160.899990081787
2024-10-22 07:00:00+00:00,65.55000305175781,SELL,8054.970073699951,10160.570171356201
2024-10-22 08:00:00+00:00,65.45999908447266,BUY,7989.420070648193,10152.570171356201
2024-10-22 09:00:00+00:00,65.12000274658203,BUY,7923.960071563721,10149.600040435791
2024-10-22 10:00:00+00:00,64.86000061035156,HOLD,7923.960071563721,10138.04016494751
2024-10-22 11:00:00+00:00,64.93000030517578,HOLD,7923.960071563721,10129.200092315674
2024-10-22 12:00:00+00:00,65.16000366210938,SELL,7988.8900718688965,10131.580081939697
2024-10-22 13:00:00+00:00,65.44000244140625,BUY,7923.730068206787,10139.170192718506
2024-10-22 14:00:00+00:00,65.55999755859375,BUY,7858.290065765381,10148.6901512146
2024-10-22 15:00:00+00:00,65.69000244140625,SELL,7923.850063323975,10152.889980316162
2024-10-23 07:00:00+00:00,65.47000122070312,SELL,7989.540065765381,10157.310146331787
2024-10-23 08:00:00+00:00,65.41000366210938,BUY,7924.070064544678,10150.050106048584
2024-10-23 09:00:00+00:00,65.38999938964844,BUY,7858.660060882568,10148.010189056396
2024-10-23 10:00:00+00:00,65.27999877929688,HOLD,7858.660060882568,10147.310039520264
2024-10-23 11:00:00+00:00,65.37000274658203,HOLD,7858.660060882568,10143.460018157959
2024-10-23 12:00:00+00:00,65.29000091552734,BUY,7793.290058135986,10146.61015701294
2024-10-23 13:00:00+00:00,65.44000244140625,HOLD,7793.290058135986,10143.73009109497
2024-10-23 14:00:00+00:00,65.45999908447266,BUY,7727.85005569458,10149.130146026611
2024-10-23 15:00:00+00:00,65.13999938964844,SELL,7793.310054779053,10149.870021820068
2024-10-24 07:00:00+00:00,65.54000091552734,BUY,7728.170055389404,10138.350032806396
2024-10-24 08:00:00+00:00,65.80999755859375,BUY,7662.630054473877,10153.150089263916
2024-10-24 09:00:00+00:00,65.76000213623047,BUY,7596.820056915283,10163.40996170044
2024-10-24 10:00:00+00:00,65.5999984741211,HOLD,7596.820056915283,10161.460140228271
2024-10-24 11:00:00+00:00,65.6500015258789,SELL,7662.420055389404,10155.219997406006
2024-10-24 12:00:00+00:00,65.62999725341797,BUY,7596.770053863525,10157.120113372803
2024-10-24 13:00:00+00:00,65.80000305175781,BUY,7531.140056610107,10156.339946746826
2024-10-24 14:00:00+00:00,65.48999786376953,BUY,7465.34005355835,10163.14017868042
2024-10-24 15:00:00+00:00,65.4000015258789,SELL,7530.830051422119,10150.4299659729
2024-10-25 07:00:00+00:00,65.30999755859375,SELL,7596.230052947998,10146.830112457275
2024-10-25 08:00:00+00:00,65.55999755859375,HOLD,7596.230052947998,10143.319957733154
2024-10-25 09:00:00+00:00,65.63999938964844,HOLD,7596.230052947998,10153.069957733154
2024-10-25 10:00:00+00:00,65.3499984741211,BUY,7530.59005355835,10156.190029144287
2024-10-25 11:00:00+00:00,65.37999725341797,BUY,7465.2400550842285,10144.589992523193
2024-10-25 12:00:00+00:00,65.47000122070312,SELL,7530.6200523376465,10145.819942474365
2024-10-25 13:00:00+00:00,65.33999633789062,HOLD,7530.6200523376465,10149.420101165771
2024-10-25 14:00:00+00:00,65.41999816894531,BUY,7465.280055999756,10144.219905853271
2024-10-25 15:00:00+00:00,65.27999877929688,BUY,7399.860057830811,10147.499980926514
2024-10-28 08:00:00+00:00,66.05999755859375,SELL,7465.140056610107,10141.62000656128
2024-10-28 09:00:00+00:00,65.76000213623047,HOLD,7465.140056610107,10173.599956512451
2024-10-28 10:00:00+00:00,65.52999877929688,SELL,7530.900058746338,10161.300144195557
2024-10-28 11:00:00+00:00,65.37000274658203,SELL,7596.430057525635,10152.100009918213
2024-10-28 12:00:00+00:00,65.5199966430664,BUY,7531.060054779053,10145.860164642334
2024-10-28 13:00:00+00:00,65.51000213623047,SELL,7596.580051422119,10151.859920501709
2024-10-28 14:00:00+00:00,65.8499984741211,HOLD,7596.580051422119,10151.470134735107
2024-10-28 15:00:00+00:00,65.94000244140625,HOLD,7596.580051422119,10164.729991912842
2024-10-28 16:00:00+00:00,66.0199966430664,BUY,7530.640048980713,10168.240146636963
2024-10-29 08:00:00+00:00,66.58999633789062,BUY,7464.6200523376465,10171.43991470337
2024-10-29 09:00:00+00:00,66.63999938964844,SELL,7531.210048675537,10194.809902191162
2024-10-29 10:00:00+00:00,66.44999694824219,BUY,7464.570049285889,10196.810024261475
2024-10-29 11:00:00+00:00,66.37000274658203,SELL,7531.020046234131,10189.019924163818
2024-10-29 12:00:00+00:00,66.19000244140625,SELL,7597.390048980713,10185.820156097412
2024-10-29 13:00:00+00:00,66.2300033569336,HOLD,7597.390048980713,10178.800144195557
2024-10-29 14:00:00+00:00,65.95999908447266,SELL,7663.6200523376465,10180.360179901123
2024-10-29 15:00:00+00:00,65.9000015258789,BUY,7597.660053253174,10170.100017547607
2024-10-29 16:00:00+00:00,65.79000091552734,BUY,7531.760051727295,10167.760112762451
2024-10-30 08:00:00+00:00,65.56999969482422,BUY,7465.970050811768,10163.360088348389
2024-10-30 09:00:00+00:00,65.48999786376953,HOLD,7465.970050811768,10154.34003829956
2024-10-30 10:00:00+00:00,65.19000244140625,SELL,7531.460048675537,10151.059963226318
2024-10-30 11:00:00+00:00,64.87999725341797,BUY,7466.270046234131,10139.060146331787
2024-10-30 12:00:00+00:00,65.0,BUY,7401.390048980713,10126.349933624268
2024-10-30 13:00:00+00:00,65.44999694824219,HOLD,7401.390048980713,10131.390048980713
2024-10-30 14:00:00+00:00,65.55000305175781,SELL,7466.840045928955,10150.289920806885
2024-10-30 15:00:00+00:00,65.58999633789062,SELL,7532.390048980713,10154.390171051025
2024-10-30 16:00:00+00:00,65.45999908447266,SELL,7597.9800453186035,10155.989902496338
2024-10-31 08:00:00+00:00,61.52999877929688,HOLD,7597.9800453186035,10150.920009613037
2024-10-31 09:00:00+00:00,61.90999984741211,HOLD,7597.9800453186035,9997.649997711182
2024-10-31 10:00:00+00:00,61.90999984741211,HOLD,7597.9800453186035,10012.470039367676
2024-10-31 11:00:00+00:00,62.09999847412109,SELL,7659.890045166016,10012.470039367676
2024-10-31 12:00:00+00:00,62.45000076293945,BUY,7597.7900466918945,10019.689987182617
2024-10-31 13:00:00+00:00,62.33000183105469,HOLD,7597.7900466918945,10033.340076446533
2024-10-31 14:00:00+00:00,62.220001220703125,SELL,7660.120048522949,10028.660118103027
2024-10-31 15:00:00+00:00,62.540000915527344,SELL,7722.340049743652,10024.480094909668
2024-10-31 16:00:00+00:00,62.38999938964844,SELL,7784.88005065918,10036.320083618164
2024-11-01 08:00:00+00:00,62.95000076293945,BUY,7722.490051269531,10030.920028686523
2024-11-01 09:00:00+00:00,63.08000183105469,HOLD,7722.490051269531,10051.640079498291
2024-11-01 10:00:00+00:00,62.9900016784668,SELL,7785.570053100586,10056.450119018555
2024-11-01 11:00:00+00:00,63.060001373291016,HOLD,7785.570053100586,10053.21011352539
2024-11-01 12:00:00+00:00,63.08000183105469,SELL,7848.630054473877,10055.730102539062
2024-11-01 13:00:00+00:00,63.119998931884766,HOLD,7848.630054473877,10056.430118560791
2024-11-01 14:00:00+00:00,63.18999862670898,BUY,7785.510055541992,10057.830017089844
2024-11-01 15:00:00+00:00,63.2400016784668,HOLD,7785.510055541992,10060.350006103516
2024-11-01 16:00:00+00:00,63.040000915527344,SELL,7848.750057220459,10062.150115966797
2024-11-04 08:00:00+00:00,62.97999954223633,SELL,7911.790058135986,10055.150089263916
2024-11-04 09:00:00+00:00,63.34000015258789,HOLD,7911.790058135986,10053.110042572021
2024-11-04 10:00:00+00:00,63.15999984741211,SELL,7975.130058288574,10065.350063323975
2024-11-04 11:00:00+00:00,63.13999938964844,BUY,7911.970058441162,10059.410053253174
2024-11-04 12:00:00+00:00,62.93999862670898,HOLD,7911.970058441162,10058.730037689209
2024-11-04 13:00:00+00:00,62.77999877929688,BUY,7849.030059814453,10051.930011749268
2024-11-04 14:00:00+00:00,62.880001068115234,SELL,7911.81005859375,10046.330017089844
2024-11-04 15:00:00+00:00,62.970001220703125,HOLD,7911.81005859375,10049.730094909668
2024-11-04 16:00:00+00:00,62.90999984741211,BUY,7848.840057373047,10052.790100097656
2024-11-05 08:00:00+00:00,62.369998931884766,HOLD,7848.840057373047,10050.69005203247
2024-11-05 09:00:00+00:00,62.619998931884766,HOLD,7848.840057373047,10031.790019989014
2024-11-05 10:00:00+00:00,62.34000015258789,BUY,7786.220058441162,10040.540019989014
2024-11-05 11:00:00+00:00,62.220001220703125,HOLD,7786.220058441162,10030.460063934326
2024-11-05 12:00:00+00:00,62.43999862670898,BUY,7724.000057220459,10026.140102386475
2024-11-05 13:00:00+00:00,62.470001220703125,BUY,7661.56005859375,10034.280006408691
2024-11-05 14:00:00+00:00,62.5099983215332,SELL,7724.030059814453,10035.420104980469
2024-11-05 15:00:00+00:00,62.869998931884766,HOLD,7724.030059814453,10036.899997711182
2024-11-05 16:00:00+00:00,62.709999084472656,SELL,7786.900058746338,10050.22002029419
2024-11-06 08:00:00+00:00,63.77999877929688,HOLD,7786.900058746338,10044.460025787354
2024-11-06 09:00:00+00:00,62.86000061035156,BUY,7723.120059967041,10082.980014801025
2024-11-06 10:00:00+00:00,62.369998931884766,HOLD,7723.120059967041,10048.940082550049
2024-11-06 11:00:00+00:00,61.95000076293945,BUY,7660.750061035156,10030.810020446777
2024-11-06 12:00:00+00:00,62.52999877929688,SELL,7722.700061798096,10014.850090026855
2024-11-06 13:00:00+00:00,61.720001220703125,BUY,7660.170063018799,10036.31001663208
2024-11-06 14:00:00+00:00,60.900001525878906,BUY,7598.450061798096,10005.530109405518
2024-11-06 15:00:00+00:00,60.68000030517578,BUY,7537.550060272217,9973.550121307373
2024-11-06 16:00:00+00:00,60.83000183105469,SELL,7598.230060577393,9964.750072479248
2024-11-07 08:00:00+00:00,60.790000915527344,SELL,7659.060062408447,9970.600131988525
2024-11-07 09:00:00+00:00,60.33000183105469,BUY,7598.27006149292,9969.080097198486
2024-11-07 10:00:00+00:00,60.209999084472656,SELL,7658.600063323975,9951.140132904053
2024-11-07 11:00:00+00:00,60.02000045776367,HOLD,7658.600063323975,9946.580028533936
2024-11-07 12:00:00+00:00,59.9900016784668,BUY,7598.580062866211,9939.360080718994
2024-11-07 13:00:00+00:00,59.43000030517578,SELL,7658.570064544678,9938.190128326416
2024-11-07 14:00:00+00:00,59.68999862670898,SELL,7718.0000648498535,9916.910076141357
2024-11-07 15:00:00+00:00,59.68000030517578,HOLD,7718.0000648498535,9926.530014038086
2024-11-07 16:00:00+00:00,59.25,SELL,7777.680065155029,9926.160076141357
2024-11-08 08:00:00+00:00,59.52999877929688,BUY,7718.430065155029,9910.68006515503
2024-11-08 09:00:00+00:00,59.11000061035156,SELL,7777.960063934326,9921.040019989014
2024-11-08 10:00:00+00:00,59.13999938964844,BUY,7718.850063323975,9905.920085906982
2024-11-08 11:00:00+00:00,59.5099983215332,BUY,7659.710063934326,9907.030040740967
2024-11-08 12:00:00+00:00,59.65999984741211,BUY,7600.200065612793,9921.090000152588
2024-11-08 13:00:00+00:00,59.540000915527344,HOLD,7600.200065612793,9926.940059661865
2024-11-08 14:00:00+00:00,59.56999969482422,SELL,7659.74006652832,9922.26010131836
2024-11-08 15:00:00+00:00,59.58000183105469,BUY,7600.170066833496,9923.40005493164
2024-11-08 16:00:00+00:00,59.5099983215332,SELL,7659.750068664551,9923.790138244629
2024-11-11 08:00:00+00:00,60.119998931884766,SELL,7719.260066986084,9921.130004882812
2024-11-11 09:00:00+00:00,60.09999847412109,BUY,7659.140068054199,9943.70002746582
2024-11-11 10:00:00+00:00,60.380001068115234,HOLD,7659.140068054199,9942.9400100708
2024-11-11 11:00:00+00:00,60.58000183105469,BUY,7598.760066986084,9953.580108642578
2024-11-11 12:00:00+00:00,60.56999969482422,HOLD,7598.760066986084,9961.380138397217
2024-11-11 13:00:00+00:00,60.720001220703125,BUY,7538.19006729126,9960.990055084229
2024-11-11 14:00:00+00:00,60.77000045776367,SELL,7598.910068511963,9966.990116119385
2024-11-11 15:00:00+00:00,60.7400016784668,SELL,7659.680068969727,9968.940086364746
2024-11-11 16:00:00+00:00,60.66999816894531,HOLD,7659.680068969727,9967.800132751465
2024-11-12 08:00:00+00:00,60.380001068115234,HOLD,7659.680068969727,9965.139999389648
2024-11-12 09:00:00+00:00,60.150001525878906,BUY,7599.300067901611,9954.120109558105
2024-11-12 10:00:00+00:00,59.95000076293945,HOLD,7599.300067901611,9945.150127410889
2024-11-12 11:00:00+00:00,59.95000076293945,HOLD,7599.300067901611,9937.35009765625
2024-11-12 12:00:00+00:00,59.75,SELL,7659.250068664551,9937.35009765625
2024-11-12 13:00:00+00:00,59.79999923706055,HOLD,7659.250068664551,9929.75006866455
2024-11-12 14:00:00+00:00,59.560001373291016,HOLD,7659.250068664551,9931.650039672852
2024-11-12 15:00:00+00:00,59.380001068115234,BUY,7599.69006729126,9922.53012084961
2024-11-12 16:00:00+00:00,59.15999984741211,BUY,7540.3100662231445,9915.510108947754
2024-11-13 08:00:00+00:00,59.52999877929688,HOLD,7540.3100662231445,9906.710060119629
2024-11-13 09:00:00+00:00,59.4900016784668,HOLD,7540.3100662231445,9921.51001739502
2024-11-13 10:00:00+00:00,59.70000076293945,HOLD,7540.3100662231445,9919.910133361816
2024-11-13 11:00:00+00:00,59.33000183105469,BUY,7480.610065460205,9928.310096740723
2024-11-13 12:00:00+00:00,59.209999084472656,BUY,7421.28006362915,9913.140140533447
2024-11-13 13:00:00+00:00,59.290000915527344,BUY,7362.070064544678,9908.100025177002
2024-11-13 14:00:00+00:00,58.95000076293945,SELL,7421.360065460205,9911.540103912354
2024-11-13 15:00:00+00:00,58.880001068115234,BUY,7362.410064697266,9897.260097503662
2024-11-13 16:00:00+00:00,59.08000183105469,BUY,7303.53006362915,9894.25011062622
2024-11-14 08:00:00+00:00,59.33000183105469,HOLD,7303.53006362915,9903.050144195557
2024-11-14 09:00:00+00:00,59.41999816894531,BUY,7244.200061798096,9914.050144195557
2024-11-14 10:00:00+00:00,59.209999084472656,HOLD,7244.200061798096,9918.099979400635
2024-11-14 11:00:00+00:00,59.209999084472656,HOLD,7244.200061798096,9908.650020599365
2024-11-14 12:00:00+00:00,59.400001525878906,BUY,7184.990062713623,9908.650020599365
2024-11-14 13:00:00+00:00,59.5099983215332,SELL,7244.390064239502,9917.390132904053
2024-11-14 14:00:00+00:00,59.7599983215332,BUY,7184.880065917969,9922.339988708496
2024-11-14 15:00:00+00:00,59.45000076293945,SELL,7244.640064239502,9933.839988708496
2024-11-14 16:00:00+00:00,59.52000045776367,HOLD,7244.640064239502,9919.890098571777
2024-11-15 08:00:00+00:00,60.0,BUY,7185.120063781738,9923.040084838867
2024-11-15 09:00:00+00:00,60.16999816894531,HOLD,7185.120063781738,9945.120063781738
2024-11-15 10:00:00+00:00,60.08000183105469,BUY,7124.950065612793,9952.939979553223
2024-11-15 11:00:00+00:00,59.970001220703125,HOLD,7124.950065612793,9948.710151672363
2024-11-15 12:00:00+00:00,60.11000061035156,HOLD,7124.950065612793,9943.54012298584
2024-11-15 13:00:00+00:00,60.02999877929688,BUY,7064.840065002441,9950.120094299316
2024-11-15 14:00:00+00:00,60.20000076293945,HOLD,7064.840065002441,9946.280006408691
2024-11-15 15:00:00+00:00,60.09000015258789,SELL,7125.040065765381,9954.440101623535
2024-11-15 16:00:00+00:00,60.150001525878906,SELL,7185.130065917969,9949.270072937012
2024-11-18 08:00:00+00:00,60.459999084472656,SELL,7245.280067443848,9952.030136108398
2024-11-18 09:00:00+00:00,60.380001068115234,SELL,7305.74006652832,9965.980026245117
2024-11-18 10:00:00+00:00,60.2599983215332,BUY,7245.360065460205,9962.46011352539
2024-11-18 11:00:00+00:00,60.09999847412109,BUY,7185.100067138672,9957.0599899292
2024-11-18 12:00:00+00:00,60.18999862670898,BUY,7125.000068664551,9949.699996948242
2024-11-18 13:00:00+00:00,60.209999084472656,HOLD,7125.000068664551,9953.930004119873
2024-11-18 14:00:00+00:00,60.18000030517578,SELL,7185.210067749023,9954.870025634766
2024-11-18 15:00:00+00:00,60.400001525878906,HOLD,7185.210067749023,9953.49008178711
2024-11-18 16:00:00+00:00,60.38999938964844,BUY,7124.8100662231445,9963.610137939453
2024-11-19 08:00:00+00:00,60.040000915527344,BUY,7064.420066833496,9963.140037536621
2024-11-19 09:00:00+00:00,58.959999084472656,BUY,7004.380065917969,9946.340110778809
2024-11-19 10:00:00+00:00,59.29999923706055,HOLD,7004.380065917969,9893.420021057129
2024-11-19 11:00:00+00:00,59.22999954223633,HOLD,7004.380065917969,9910.080028533936
2024-11-19 12:00:00+00:00,59.34999847412109,HOLD,7004.380065917969,9906.650043487549
2024-11-19 13:00:00+00:00,58.5,HOLD,7004.380065917969,9912.529991149902
2024-11-19 14:00:00+00:00,58.81999969482422,BUY,6945.880065917969,9870.880065917969
2024-11-19 15:00:00+00:00,59.08000183105469,BUY,6887.0600662231445,9886.88005065918
2024-11-19 16:00:00+00:00,59.290000915527344,BUY,6827.98006439209,9900.140159606934
2024-11-20 08:00:00+00:00,59.20000076293945,HOLD,6827.98006439209,9911.060111999512
2024-11-20 09:00:00+00:00,59.02000045776367,BUY,6768.78006362915,9906.380104064941
2024-11-20 10:00:00+00:00,58.93999862670898,BUY,6709.760063171387,9896.840087890625
2024-11-20 11:00:00+00:00,58.83000183105469,HOLD,6709.760063171387,9892.519989013672
2024-11-20 12:00:00+00:00,58.97999954223633,HOLD,6709.760063171387,9886.58016204834
2024-11-20 13:00:00+00:00,58.81999969482422,HOLD,6709.760063171387,9894.680038452148
2024-11-20 14:00:00+00:00,58.25,HOLD,6709.760063171387,9886.040046691895
2024-11-20 15:00:00+00:00,58.61000061035156,HOLD,6709.760063171387,9855.260063171387
2024-11-20 16:00:00+00:00,58.38999938964844,SELL,6768.370063781738,9874.700096130371
2024-11-21 08:00:00+00:00,58.34000015258789,BUY,6709.98006439209,9863.040031433105
2024-11-21 09:00:00+00:00,58.25,BUY,6651.640064239502,9860.340072631836
2024-11-21 10:00:00+00:00,58.27000045776367,BUY,6593.390064239502,9855.390064239502
2024-11-21 11:00:00+00:00,58.34000015258789,HOLD,6593.390064239502,9856.510089874268
2024-11-21 12:00:00+00:00,58.209999084472656,HOLD,6593.390064239502,9860.430072784424
2024-11-21 13:00:00+00:00,58.220001220703125,BUY,6535.180065155029,9853.15001296997
2024-11-21 14:00:00+00:00,58.220001220703125,SELL,6593.400066375732,9853.720134735107
2024-11-21 15:00:00+00:00,58.40999984741211,SELL,6651.620067596436,9853.720134735107
2024-11-21 16:00:00+00:00,58.34999847412109,SELL,6710.030067443848,9864.170059204102
2024-11-22 08:00:00+00:00,57.81999969482422,BUY,6651.680068969727,9860.929985046387
2024-11-22 09:00:00+00:00,56.81999969482422,BUY,6593.860069274902,9831.780052185059
2024-11-22 10:00:00+00:00,56.59999847412109,HOLD,6593.860069274902,9775.780052185059
2024-11-22 11:00:00+00:00,56.540000915527344,SELL,6650.460067749023,9763.459983825684
2024-11-22 12:00:00+00:00,56.86000061035156,BUY,6593.920066833496,9760.160118103027
2024-11-22 13:00:00+00:00,56.18999862670898,BUY,6537.0600662231445,9778.080101013184
2024-11-22 14:00:00+00:00,56.77999877929688,BUY,6480.870067596436,9739.889987945557
2024-11-22 15:00:00+00:00,56.84000015258789,SELL,6537.650066375732,9774.109996795654
2024-11-22 16:00:00+00:00,56.84999847412109,SELL,6594.49006652832,9777.530075073242
2024-11-25 08:00:00+00:00,56.68000030517578,BUY,6537.640068054199,9778.089981079102
2024-11-25 09:00:00+00:00,56.959999084472656,SELL,6594.320068359375,9768.400085449219
2024-11-25 10:00:00+00:00,56.75,SELL,6651.280067443848,9784.080017089844
2024-11-25 11:00:00+00:00,56.470001220703125,SELL,6708.030067443848,9772.530067443848
2024-11-25 12:00:00+00:00,56.68000030517578,HOLD,6708.030067443848,9757.410133361816
2024-11-25 13:00:00+00:00,56.790000915527344,HOLD,6708.030067443848,9768.75008392334
2024-11-25 14:00:00+00:00,57.02999877929688,HOLD,6708.030067443848,9774.690116882324
2024-11-25 15:00:00+00:00,56.93999862670898,HOLD,6708.030067443848,9787.650001525879
2024-11-25 16:00:00+00:00,56.84999847412109,BUY,6651.090068817139,9782.789993286133
2024-11-26 08:00:00+00:00,56.33000183105469,BUY,6594.240070343018,9777.839984893799
2024-11-26 09:00:00+00:00,56.560001373291016,HOLD,6594.240070343018,9748.72017288208
2024-11-26 10:00:00+00:00,56.61000061035156,BUY,6537.680068969727,9761.600147247314
2024-11-26 11:00:00+00:00,56.72999954223633,BUY,6481.070068359375,9764.450103759766
2024-11-26 12:00:00+00:00,56.83000183105469,BUY,6424.340068817139,9771.410041809082
2024-11-26 13:00:00+00:00,56.66999816894531,SELL,6481.170070648193,9777.310176849365
2024-11-26 14:00:00+00:00,56.59000015258789,BUY,6424.500072479248,9768.029964447021
2024-11-26 15:00:00+00:00,56.20000076293945,HOLD,6424.500072479248,9763.310081481934
2024-11-26 16:00:00+00:00,56.36000061035156,BUY,6368.300071716309,9740.300117492676
2024-11-27 08:00:00+00:00,55.18000030517578,SELL,6424.66007232666,9749.900108337402
2024-11-27 09:00:00+00:00,55.54999923706055,SELL,6479.840072631836,9680.280090332031
2024-11-27 10:00:00+00:00,55.09000015258789,HOLD,6479.840072631836,9701.740028381348
2024-11-27 11:00:00+00:00,55.380001068115234,BUY,6424.750072479248,9675.060081481934
2024-11-27 12:00:00+00:00,55.31999969482422,BUY,6369.370071411133,9692.170135498047
2024-11-27 13:00:00+00:00,55.18000030517578,HOLD,6369.370071411133,9688.570053100586
2024-11-27 14:00:00+00:00,55.43999862670898,BUY,6314.190071105957,9680.17008972168
2024-11-27 15:00:00+00:00,55.65999984741211,BUY,6258.750072479248,9696.029987335205
2024-11-27 16:00:00+00:00,55.7400016784668,HOLD,6258.750072479248,9709.670063018799
2024-11-28 08:00:00+00:00,55.93000030517578,BUY,6203.010070800781,9714.63017654419
2024-11-28 09:00:00+00:00,56.060001373291016,BUY,6147.0800704956055,9726.600090026855
2024-11-28 10:00:00+00:00,55.68000030517578,BUY,6091.020069122314,9734.92015838623
2024-11-28 11:00:00+00:00,55.880001068115234,BUY,6035.340068817139,9710.22008895874
2024-11-28 12:00:00+00:00,55.65999984741211,HOLD,6035.340068817139,9723.420139312744
2024-11-28 13:00:00+00:00,55.75,BUY,5979.680068969727,9708.900058746338
2024-11-28 14:00:00+00:00,56.150001525878906,BUY,5923.930068969727,9714.930068969727
2024-11-28 15:00:00+00:00,56.13999938964844,HOLD,5923.930068969727,9742.130172729492
2024-11-28 16:00:00+00:00,56.209999084472656,SELL,5980.070068359375,9741.45002746582
2024-11-29 08:00:00+00:00,55.7599983215332,BUY,5923.860069274902,9746.140007019043
2024-11-29 09:00:00+00:00,55.83000183105469,SELL,5979.620067596436,9715.53995513916
2024-11-29 10:00:00+00:00,55.81999969482422,SELL,6035.45006942749,9720.2301902771
2024-11-29 11:00:00+00:00,56.34999847412109,HOLD,6035.45006942749,9719.570049285889
2024-11-29 12:00:00+00:00,56.220001220703125,BUY,5979.100070953369,9754.549968719482
2024-11-29 13:00:00+00:00,55.93000030517578,SELL,6035.320072174072,9745.840152740479
2024-11-29 14:00:00+00:00,56.220001220703125,HOLD,6035.320072174072,9726.700092315674
2024-11-29 15:00:00+00:00,56.720001220703125,HOLD,6035.320072174072,9745.840152740479
2024-11-29 16:00:00+00:00,56.70000076293945,BUY,5978.600070953369,9778.840152740479
2024-12-02 08:00:00+00:00,55.90999984741211,SELL,6035.300071716309,9777.500122070312
2024-12-02 09:00:00+00:00,56.150001525878906,BUY,5979.3900718688965,9725.360061645508
2024-12-02 10:00:00+00:00,56.2400016784668,BUY,5923.240070343018,9741.440174102783
2024-12-02 11:00:00+00:00,56.27000045776367,BUY,5867.000068664551,9747.56018447876
2024-12-02 12:00:00+00:00,56.45000076293945,HOLD,5867.000068664551,9749.630100250244
2024-12-02 13:00:00+00:00,56.29999923706055,BUY,5810.550067901611,9762.050121307373
2024-12-02 14:00:00+00:00,55.83000183105469,SELL,5866.850067138672,9751.55001449585
2024-12-02 15:00:00+00:00,55.560001373291016,BUY,5811.020065307617,9719.120193481445
2024-12-02 16:00:00+00:00,55.720001220703125,BUY,5755.460063934326,9700.220161437988
2024-12-03 08:00:00+00:00,56.72999954223633,BUY,5699.740062713623,9711.580150604248
2024-12-03 09:00:00+00:00,56.38999938964844,SELL,5756.470062255859,9784.300029754639
2024-12-03 10:00:00+00:00,56.09000015258789,BUY,5700.080062866211,9760.160018920898
2024-12-03 11:00:00+00:00,55.79499816894531,SELL,5756.170063018799,9738.560073852539
2024-12-03 12:00:00+00:00,55.90999984741211,BUY,5700.3750648498535,9717.614933013916
2024-12-03 13:00:00+00:00,55.790000915527344,BUY,5644.465065002441,9725.895053863525
2024-12-03 14:00:00+00:00,55.630001068115234,HOLD,5644.465065002441,9717.135131835938
2024-12-03 15:00:00+00:00,55.84000015258789,HOLD,5644.465065002441,9705.455142974854
2024-12-03 16:00:00+00:00,55.869998931884766,BUY,5588.6250648498535,9720.785076141357
2024-12-04 08:00:00+00:00,56.38999938964844,SELL,5644.495063781738,9723.004985809326
2024-12-04 09:00:00+00:00,56.27999877929688,BUY,5588.10506439209,9760.965019226074
2024-12-04 10:00:00+00:00,56.2599983215332,SELL,5644.385063171387,9752.824974060059
2024-12-04 11:00:00+00:00,56.45000076293945,SELL,5700.64506149292,9751.36494064331
2024-12-04 12:00:00+00:00,56.61000061035156,BUY,5644.1950607299805,9765.04511642456
2024-12-04 13:00:00+00:00,56.58000183105469,HOLD,5644.1950607299805,9776.725105285645
2024-12-04 14:00:00+00:00,56.68000030517578,HOLD,5644.1950607299805,9774.535194396973
2024-12-04 15:00:00+00:00,56.38999938964844,HOLD,5644.1950607299805,9781.835083007812
2024-12-04 16:00:00+00:00,56.58000183105469,HOLD,5644.1950607299805,9760.665016174316
2024-12-05 08:00:00+00:00,57.58000183105469,SELL,5700.775062561035,9774.535194396973
2024-12-05 09:00:00+00:00,57.47999954223633,SELL,5758.35506439209,9846.535194396973
2024-12-05 10:00:00+00:00,57.34999847412109,SELL,5815.835063934326,9839.43503189087
2024-12-05 11:00:00+00:00,57.29999923706055,BUY,5758.485065460205,9830.334957122803
2024-12-05 12:00:00+00:00,57.2599983215332,BUY,5701.1850662231445,9826.785011291504
2024-12-05 13:00:00+00:00,57.560001373291016,BUY,5643.925067901611,9823.904945373535
2024-12-05 14:00:00+00:00,57.959999084472656,BUY,5586.36506652832,9845.805168151855
2024-12-05 15:00:00+00:00,57.810001373291016,HOLD,5586.36506652832,9875.404998779297
2024-12-05 16:00:00+00:00,57.90999984741211,SELL,5644.175067901611,9864.305168151855
2024-12-06 08:00:00+00:00,58.52000045776367,HOLD,5644.175067901611,9871.605056762695
2024-12-06 09:00:00+00:00,58.77999877929688,HOLD,5644.175067901611,9916.13510131836
2024-12-06 10:00:00+00:00,58.93000030517578,HOLD,5644.175067901611,9935.114978790283
2024-12-06 11:00:00+00:00,58.869998931884766,BUY,5585.245067596436,9946.065090179443
2024-12-06 12:00:00+00:00,58.91999816894531,HOLD,5585.245067596436,9941.624988555908
2024-12-06 13:00:00+00:00,58.93999862670898,SELL,5644.165065765381,9945.324932098389
2024-12-06 14:00:00+00:00,58.709999084472656,HOLD,5644.165065765381,9946.784965515137
2024-12-06 15:00:00+00:00,58.38999938964844,HOLD,5644.165065765381,9929.994998931885
2024-12-06 16:00:00+00:00,58.56999969482422,SELL,5702.555065155029,9906.635021209717
2024-12-09 08:00:00+00:00,59.709999084472656,BUY,5643.985065460205,9919.595043182373
2024-12-09 09:00:00+00:00,59.7599983215332,HOLD,5643.985065460205,10002.814998626709
2024-12-09 10:00:00+00:00,59.79999923706055,HOLD,5643.985065460205,10006.464942932129
2024-12-09 11:00:00+00:00,59.84999847412109,SELL,5703.785064697266,10009.385009765625
2024-12-09 12:00:00+00:00,59.84999847412109,HOLD,5703.785064697266,10012.984954833984
2024-12-09 13:00:00+00:00,59.75,SELL,5763.635063171387,10012.984954833984
2024-12-09 14:00:00+00:00,60.09000015258789,BUY,5703.885063171387,10005.885063171387
2024-12-09 15:00:00+00:00,59.9900016784668,BUY,5643.795063018799,10030.365074157715
2024-12-09 16:00:00+00:00,60.16999816894531,BUY,5583.805061340332,10023.065185546875
2024-12-10 08:00:00+00:00,59.810001373291016,SELL,5643.975059509277,10036.384925842285
2024-12-10 09:00:00+00:00,59.91999816894531,BUY,5584.165058135986,10010.105159759521
2024-12-10 10:00:00+00:00,59.65999984741211,BUY,5524.245059967041,10018.24492263794
2024-12-10 11:00:00+00:00,59.79999923706055,BUY,5464.585060119629,9998.74504852295
2024-12-10 12:00:00+00:00,59.7599983215332,SELL,5524.385059356689,10009.38500213623
2024-12-10 13:00:00+00:00,59.900001525878906,HOLD,5524.385059356689,10006.38493347168
2024-12-10 14:00:00+00:00,59.84999847412109,HOLD,5524.385059356689,10016.885173797607
2024-12-10 15:00:00+00:00,59.68999862670898,SELL,5584.235057830811,10013.134944915771
2024-12-10 16:00:00+00:00,59.58000183105469,SELL,5643.9250564575195,10001.294956207275
2024-12-11 08:00:00+00:00,59.63999938964844,BUY,5584.345054626465,9993.265190124512
2024-12-11 09:00:00+00:00,59.7599983215332,HOLD,5584.345054626465,9997.70500946045
2024-12-11 10:00:00+00:00,59.650001525878906,SELL,5644.105052947998,10006.584930419922
2024-12-11 11:00:00+00:00,59.66999816894531,HOLD,5644.105052947998,9998.555164337158
2024-12-11 12:00:00+00:00,59.68999862670898,HOLD,5644.105052947998,10000.014919281006
2024-12-11 13:00:00+00:00,59.95000076293945,BUY,5584.415054321289,10001.474952697754
2024-12-11 14:00:00+00:00,59.560001373291016,SELL,5644.3650550842285,10020.715110778809
2024-12-11 15:00:00+00:00,59.45000076293945,SELL,5703.9250564575195,9992.245155334473
2024-12-11 16:00:00+00:00,59.619998931884766,HOLD,5703.9250564575195,9984.32511138916
2024-12-12 08:00:00+00:00,59.040000915527344,HOLD,5703.9250564575195,9996.564979553223
2024-12-12 09:00:00+00:00,59.2400016784668,BUY,5644.885055541992,9954.805122375488
2024-12-12 10:00:00+00:00,59.36000061035156,SELL,5704.125057220459,9969.405178070068
2024-12-12 11:00:00+00:00,59.43999862670898,HOLD,5704.125057220459,9978.045101165771
2024-12-12 12:00:00+00:00,59.43000030517578,HOLD,5704.125057220459,9983.804958343506
2024-12-12 13:00:00+00:00,59.209999084472656,SELL,5763.555057525635,9983.085079193115
2024-12-12 14:00:00+00:00,59.040000915527344,HOLD,5763.555057525635,9967.464992523193
2024-12-12 15:00:00+00:00,58.81999969482422,HOLD,5763.555057525635,9955.395122528076
2024-12-12 16:00:00+00:00,58.95000076293945,BUY,5704.735057830811,9939.775035858154
2024-12-13 08:00:00+00:00,59.209999084472656,BUY,5645.785057067871,9949.135112762451
2024-12-13 09:00:00+00:00,59.09000015258789,SELL,5704.995056152344,9968.114990234375
2024-12-13 10:00:00+00:00,59.2599983215332,HOLD,5704.995056152344,9959.475067138672
2024-12-13 11:00:00+00:00,59.20000076293945,SELL,5764.255054473877,9971.714935302734
2024-12-13 12:00:00+00:00,59.16999816894531,BUY,5705.0550537109375,9967.455108642578
2024-12-13 13:00:00+00:00,59.20000076293945,HOLD,5705.0550537109375,9965.294921875
2024-12-13 14:00:00+00:00,58.93000030517578,HOLD,5705.0550537109375,9967.455108642578
2024-12-13 15:00:00+00:00,58.880001068115234,BUY,5646.125053405762,9948.015075683594
2024-12-13 16:00:00+00:00,58.97999954223633,BUY,5587.2450523376465,9944.365131378174
2024-12-16 08:00:00+00:00,58.900001525878906,BUY,5528.26505279541,9951.765018463135
2024-12-16 09:00:00+00:00,59.15999984741211,SELL,5587.165054321289,9945.765167236328
2024-12-16 10:00:00+00:00,58.84999847412109,BUY,5528.005054473877,9965.005043029785
2024-12-16 11:00:00+00:00,58.75,BUY,5469.155055999756,9941.754940032959
2024-12-16 12:00:00+00:00,58.52999877929688,HOLD,5469.155055999756,9934.155055999756
2024-12-16 13:00:00+00:00,58.52000045776367,BUY,5410.625057220459,9917.434963226318
2024-12-16 14:00:00+00:00,58.68000030517578,BUY,5352.105056762695,9916.665092468262
2024-12-16 15:00:00+00:00,58.90999984741211,BUY,5293.4250564575195,9929.145080566406
2024-12-16 16:00:00+00:00,58.83000183105469,BUY,5234.515056610107,9947.315044403076
2024-12-17 08:00:00+00:00,58.63999938964844,HOLD,5234.515056610107,9940.915203094482
2024-12-17 09:00:00+00:00,58.630001068115234,BUY,5175.875057220459,9925.715007781982
2024-12-17 10:00:00+00:00,58.58000183105469,SELL,5234.505058288574,9924.905143737793
2024-12-17 11:00:00+00:00,58.709999084472656,SELL,5293.085060119629,9920.90520477295
2024-12-17 12:00:00+00:00,58.7400016784668,SELL,5351.795059204102,9931.174987792969
2024-12-17 13:00:00+00:00,58.7599983215332,HOLD,5351.795059204102,9933.515190124512
2024-12-17 14:00:00+00:00,58.459999084472656,SELL,5410.555057525635,9935.074928283691
2024-12-17 15:00:00+00:00,58.709999084472656,HOLD,5410.555057525635,9911.97498703003
2024-12-17 16:00:00+00:00,58.36000061035156,HOLD,5410.555057525635,9931.22498703003
2024-12-18 08:00:00+00:00,58.59999847412109,BUY,5352.195056915283,9904.275104522705
2024-12-18 09:00:00+00:00,58.900001525878906,HOLD,5352.195056915283,9922.994937896729
2024-12-18 10:00:00+00:00,59.11000061035156,BUY,5293.295055389404,9946.395175933838
2024-12-18 11:00:00+00:00,58.86000061035156,HOLD,5293.295055389404,9962.985103607178
2024-12-18 12:00:00+00:00,58.790000915527344,SELL,5352.155055999756,9943.235103607178
2024-12-18 13:00:00+00:00,58.31999969482422,HOLD,5352.155055999756,9937.775127410889
2024-12-18 14:00:00+00:00,58.560001373291016,BUY,5293.835056304932,9901.115032196045
2024-12-18 15:00:00+00:00,58.619998931884766,HOLD,5293.835056304932,9920.075164794922
2024-12-18 16:00:00+00:00,58.709999084472656,BUY,5235.215057373047,9924.814971923828
2024-12-19 08:00:00+00:00,57.91999816894531,HOLD,5235.215057373047,9932.01498413086
2024-12-19 09:00:00+00:00,57.61000061035156,HOLD,5235.215057373047,9868.814910888672
2024-12-19 10:00:00+00:00,57.41999816894531,SELL,5292.825057983398,9844.015106201172
2024-12-19 11:00:00+00:00,57.790000915527344,HOLD,5292.825057983398,9829.004913330078
2024-12-19 12:00:00+00:00,57.72999954223633,HOLD,5292.825057983398,9858.235130310059
2024-12-19 13:00:00+00:00,57.95000076293945,BUY,5235.095058441162,9853.495021820068
2024-12-19 14:00:00+00:00,57.869998931884766,HOLD,5235.095058441162,9871.095119476318
2024-12-19 15:00:00+00:00,57.84000015258789,HOLD,5235.095058441162,9864.694972991943
2024-12-19 16:00:00+00:00,57.75,BUY,5177.255058288574,9862.295070648193
2024-12-20 08:00:00+00:00,56.84000015258789,HOLD,5177.255058288574,9855.005058288574
2024-12-20 09:00:00+00:00,56.91999816894531,BUY,5120.415058135986,9781.295070648193
2024-12-20 10:00:00+00:00,57.040000915527344,BUY,5063.495059967041,9787.854907989502
2024-12-20 11:00:00+00:00,56.93000030517578,HOLD,5063.495059967041,9797.81513595581
2024-12-20 12:00:00+00:00,57.060001373291016,HOLD,5063.495059967041,9788.68508529663
2024-12-20 13:00:00+00:00,56.959999084472656,SELL,5120.555061340332,9799.475173950195
2024-12-20 14:00:00+00:00,57.220001220703125,SELL,5177.515060424805,9791.27498626709
2024-12-20 15:00:00+00:00,57.38999938964844,HOLD,5177.515060424805,9812.335159301758
2024-12-20 16:00:00+00:00,57.5099983215332,HOLD,5177.515060424805,9826.105010986328
2024-12-23 08:00:00+00:00,57.29999923706055,BUY,5120.0050621032715,9835.824924468994
2024-12-23 09:00:00+00:00,57.16999816894531,SELL,5177.305061340332,9818.604999542236
2024-12-23 10:00:00+00:00,57.2400016784668,HOLD,5177.305061340332,9808.074913024902
2024-12-23 11:00:00+00:00,57.2400016784668,HOLD,5177.305061340332,9813.745197296143
2024-12-23 12:00:00+00:00,57.47999954223633,SELL,5234.545063018799,9813.745197296143
2024-12-23 13:00:00+00:00,57.18999862670898,HOLD,5234.545063018799,9832.945026397705
2024-12-23 14:00:00+00:00,57.34000015258789,BUY,5177.35506439209,9809.744953155518
2024-12-23 15:00:00+00:00,57.2400016784668,HOLD,5177.35506439209,9821.895076751709
2024-12-23 16:00:00+00:00,57.43999862670898,HOLD,5177.35506439209,9813.7952003479
2024-12-24 08:00:00+00:00,57.68000030517578,BUY,5119.915065765381,9829.994953155518
2024-12-24 09:00:00+00:00,57.77000045776367,SELL,5177.595066070557,9849.675090789795
2024-12-24 10:00:00+00:00,57.86000061035156,HOLD,5177.595066070557,9856.965103149414
2024-12-24 11:00:00+00:00,57.84999847412109,SELL,5235.455066680908,9864.255115509033
2024-12-24 12:00:00+00:00,57.65999984741211,BUY,5177.605068206787,9863.454944610596
2024-12-24 13:00:00+00:00,57.540000915527344,HOLD,5177.605068206787,9848.065055847168
2024-12-27 08:00:00+00:00,58.47999954223633,SELL,5235.145069122314,9838.345142364502
2024-12-27 09:00:00+00:00,58.52000045776367,SELL,5293.625068664551,9913.54503250122
2024-12-27 10:00:00+00:00,58.630001068115234,SELL,5352.145069122314,9916.70510482788
2024-12-27 11:00:00+00:00,58.59000015258789,BUY,5293.515068054199,9925.285152435303
2024-12-27 12:00:00+00:00,58.400001525878906,SELL,5352.105068206787,9922.125080108643
2024-12-27 13:00:00+00:00,58.29999923706055,SELL,5410.505069732666,9907.305187225342
2024-12-27 14:00:00+00:00,58.47999954223633,HOLD,5410.505069732666,9899.605010986328
2024-12-27 15:00:00+00:00,58.540000915527344,BUY,5352.02507019043,9913.465034484863
2024-12-27 16:00:00+00:00,58.59999847412109,SELL,5410.565071105957,9918.145141601562
2024-12-30 08:00:00+00:00,58.75,HOLD,5410.565071105957,9922.764953613281
2024-12-30 09:00:00+00:00,59.08000183105469,SELL,5469.315071105957,9934.315071105957
2024-12-30 10:00:00+00:00,59.15999984741211,BUY,5410.235069274902,9959.395210266113
2024-12-30 11:00:00+00:00,59.06999969482422,HOLD,5410.235069274902,9965.555057525635
2024-12-30 12:00:00+00:00,58.9900016784668,BUY,5351.165069580078,9958.625045776367
2024-12-30 13:00:00+00:00,58.709999084472656,BUY,5292.175067901611,9952.385200500488
2024-12-30 14:00:00+00:00,58.84000015258789,SELL,5350.885066986084,9930.264995574951
2024-12-30 15:00:00+00:00,58.75,SELL,5409.725067138672,9940.40507888794
2024-12-30 16:00:00+00:00,58.81999969482422,BUY,5350.975067138672,9933.475067138672
2024-12-31 08:00:00+00:00,59.0,HOLD,5350.975067138672,9938.935043334961
2024-12-31 09:00:00+00:00,59.209999084472656,SELL,5409.975067138672,9952.975067138672
2024-12-31 10:00:00+00:00,59.16999816894531,BUY,5350.765068054199,9969.144996643066
2024-12-31 11:00:00+00:00,59.310001373291016,BUY,5291.595069885254,9966.024925231934
2024-12-31 12:00:00+00:00,59.369998931884766,HOLD,5291.595069885254,9977.085178375244
2024-12-31 13:00:00+00:00,59.220001220703125,BUY,5232.225070953369,9981.82498550415
2025-01-02 08:00:00+00:00,59.06999969482422,SELL,5291.445072174072,9969.82516860962
2025-01-02 09:00:00+00:00,58.59000015258789,BUY,5232.375072479248,9957.975048065186
2025-01-02 10:00:00+00:00,58.02999877929688,BUY,5173.78507232666,9919.57508468628
2025-01-02 11:00:00+00:00,58.72999954223633,SELL,5231.815071105957,9874.214973449707
2025-01-02 12:00:00+00:00,58.77999877929688,SELL,5290.545070648193,9930.215034484863
2025-01-02 13:00:00+00:00,58.900001525878906,HOLD,5290.545070648193,9934.164974212646
2025-01-02 14:00:00+00:00,59.04999923706055,SELL,5349.445072174072,9943.645191192627
2025-01-02 15:00:00+00:00,59.22999954223633,BUY,5290.395072937012,9955.345012664795
2025-01-02 16:00:00+00:00,59.36000061035156,SELL,5349.625072479248,9969.565036773682
2025-01-03 08:00:00+00:00,58.75,HOLD,5349.625072479248,9979.70512008667
2025-01-03 09:00:00+00:00,59.150001525878906,SELL,5408.375072479248,9932.125072479248
2025-01-03 10:00:00+00:00,58.81999969482422,SELL,5467.525074005127,9962.925189971924
2025-01-03 11:00:00+00:00,59.04999923706055,HOLD,5467.525074005127,9937.845050811768
2025-01-03 12:00:00+00:00,59.18999862670898,SELL,5526.5750732421875,9955.325016021729
2025-01-03 13:00:00+00:00,58.84999847412109,HOLD,5526.5750732421875,9965.824970245361
2025-01-03 14:00:00+00:00,58.36000061035156,SELL,5585.425071716309,9940.32495880127
2025-01-03 15:00:00+00:00,58.38999938964844,BUY,5527.065071105957,9904.065116882324
2025-01-03 16:00:00+00:00,58.27999877929688,HOLD,5527.065071105957,9906.31502532959
2025-01-06 08:00:00+00:00,59.470001220703125,HOLD,5527.065071105957,9898.064979553223
2025-01-06 09:00:00+00:00,59.22999954223633,BUY,5467.595069885254,9987.315162658691
2025-01-06 10:00:00+00:00,59.31999969482422,BUY,5408.365070343018,9969.075035095215
2025-01-06 11:00:00+00:00,60.130001068115234,BUY,5349.045070648193,9976.005046844482
2025-01-06 12:00:00+00:00,60.06999969482422,BUY,5288.915069580078,10039.185153961182
2025-01-06 13:00:00+00:00,59.900001525878906,HOLD,5288.915069580078,10034.445045471191
2025-01-06 14:00:00+00:00,59.7400016784668,SELL,5348.815071105957,10021.015190124512
2025-01-06 15:00:00+00:00,60.08000183105469,SELL,5408.555072784424,10008.535202026367
2025-01-06 16:00:00+00:00,60.16999816894531,BUY,5348.475070953369,10034.715213775635
2025-01-07 08:00:00+00:00,59.90999984741211,BUY,5288.305072784424,10041.734928131104
2025-01-07 09:00:00+00:00,60.2599983215332,HOLD,5288.305072784424,10021.19506072998
2025-01-07 10:00:00+00:00,60.540000915527344,SELL,5348.565071105957,10048.844940185547
2025-01-07 11:00:00+00:00,60.56999969482422,HOLD,5348.565071105957,10070.68514251709
2025-01-07 12:00:00+00:00,60.650001525878906,HOLD,5348.565071105957,10073.025047302246
2025-01-07 13:00:00+00:00,60.790000915527344,SELL,5409.215072631836,10079.265190124512
2025-01-07 14:00:00+00:00,60.650001525878906,BUY,5348.425071716309,10090.045143127441
2025-01-07 15:00:00+00:00,60.45000076293945,SELL,5409.0750732421875,10079.125190734863
2025-01-07 16:00:00+00:00,60.43000030517578,SELL,5469.525074005127,10063.725131988525
2025-01-08 08:00:00+00:00,60.59000015258789,HOLD,5469.525074005127,10062.205097198486
2025-01-08 09:00:00+00:00,60.66999816894531,BUY,5408.935073852539,10074.365085601807
2025-01-08 10:00:00+00:00,60.77000045776367,SELL,5469.605072021484,10080.524932861328
2025-01-08 11:00:00+00:00,59.97999954223633,BUY,5408.835071563721,10088.125106811523
2025-01-08 12:00:00+00:00,59.52000045776367,HOLD,5408.835071563721,10027.295036315918
2025-01-08 13:00:00+00:00,59.5,HOLD,5408.835071563721,9991.875106811523
2025-01-08 14:00:00+00:00,59.40999984741211,BUY,5349.335071563721,9990.33507156372
2025-01-08 15:00:00+00:00,59.90999984741211,BUY,5289.925071716309,9983.315059661865
2025-01-08 16:00:00+00:00,59.97999954223633,SELL,5349.835071563721,10022.815059661865
2025-01-09 08:00:00+00:00,59.7400016784668,HOLD,5349.835071563721,10028.275035858154
2025-01-09 09:00:00+00:00,59.970001220703125,HOLD,5349.835071563721,10009.55520248413
2025-01-09 10:00:00+00:00,59.75,SELL,5409.805072784424,10027.495166778564
2025-01-09 11:00:00+00:00,59.68999862670898,BUY,5350.055072784424,10010.555072784424
2025-01-09 12:00:00+00:00,59.95000076293945,BUY,5290.365074157715,10005.874965667725
2025-01-09 13:00:00+00:00,60.06999969482422,BUY,5230.415073394775,10026.415134429932
2025-01-09 14:00:00+00:00,59.970001220703125,HOLD,5230.415073394775,10036.015048980713
2025-01-09 15:00:00+00:00,59.970001220703125,HOLD,5230.415073394775,10028.015171051025
2025-01-09 16:00:00+00:00,59.959999084472656,SELL,5290.3850746154785,10028.015171051025
2025-01-10 08:00:00+00:00,60.04999923706055,SELL,5350.345073699951,10027.225002288818
2025-01-10 09:00:00+00:00,59.95000076293945,SELL,5410.395072937012,10034.245014190674
2025-01-10 10:00:00+00:00,59.91999816894531,SELL,5470.345073699951,10026.54513168335
2025-01-10 11:00:00+00:00,60.040000915527344,HOLD,5470.345073699951,10024.264934539795
2025-01-10 12:00:00+00:00,60.04999923706055,HOLD,5470.345073699951,10033.38514328003
2025-01-10 13:00:00+00:00,59.84000015258789,BUY,5410.295074462891,10034.145015716553
2025-01-10 14:00:00+00:00,59.970001220703125,HOLD,5410.295074462891,10017.975086212158
2025-01-10 15:00:00+00:00,59.369998931884766,HOLD,5410.295074462891,10027.985168457031
2025-01-10 16:00:00+00:00,59.290000915527344,BUY,5350.925075531006,9981.784992218018
2025-01-13 08:00:00+00:00,59.43999862670898,HOLD,5350.925075531006,9975.545146942139
2025-01-13 09:00:00+00:00,59.22999954223633,HOLD,5350.925075531006,9987.244968414307
2025-01-13 10:00:00+00:00,59.0099983215332,SELL,5410.155075073242,9970.86503982544
2025-01-13 11:00:00+00:00,58.9900016784668,HOLD,5410.155075073242,9953.924945831299
2025-01-13 12:00:00+00:00,59.4900016784668,SELL,5469.145076751709,9952.385204315186
2025-01-13 13:00:00+00:00,59.459999084472656,HOLD,5469.145076751709,9990.385204315186
2025-01-13 14:00:00+00:00,59.650001525878906,SELL,5528.605075836182,9988.10500717163
2025-01-13 15:00:00+00:00,59.720001220703125,BUY,5468.955074310303,10002.3551902771
2025-01-13 16:00:00+00:00,59.75,SELL,5528.675075531006,10007.67516708374
2025-01-14 08:00:00+00:00,61.15999984741211,BUY,5468.925075531006,10009.925075531006
2025-01-14 09:00:00+00:00,61.18999862670898,HOLD,5468.925075531006,10117.085063934326
2025-01-14 10:00:00+00:00,61.31999969482422,HOLD,5468.925075531006,10119.364971160889
2025-01-14 11:00:00+00:00,61.27000045776367,SELL,5530.24507522583,10129.245052337646
2025-01-14 12:00:00+00:00,61.0099983215332,BUY,5468.975074768066,10125.495109558105
2025-01-14 13:00:00+00:00,60.84000015258789,BUY,5407.965076446533,10105.73494720459
2025-01-14 14:00:00+00:00,60.720001220703125,HOLD,5407.965076446533,10092.6450881958
2025-01-14 15:00:00+00:00,60.88999938964844,SELL,5468.685077667236,10083.405170440674
2025-01-14 16:00:00+00:00,60.790000915527344,BUY,5407.795078277588,10096.325031280518
2025-01-15 08:00:00+00:00,60.77000045776367,SELL,5468.585079193115,10088.625148773193
2025-01-15 09:00:00+00:00,60.93999862670898,SELL,5529.355079650879,10087.105113983154
2025-01-15 10:00:00+00:00,61.08000183105469,BUY,5468.41508102417,10099.854976654053
2025-01-15 11:00:00+00:00,61.310001373291016,SELL,5529.495082855225,10110.495220184326
2025-01-15 12:00:00+00:00,61.27999877929688,BUY,5468.185081481934,10127.74518585205
2025-01-15 13:00:00+00:00,61.709999084472656,SELL,5529.4650802612305,10125.464988708496
2025-01-15 14:00:00+00:00,62.08000183105469,SELL,5591.175079345703,10157.71501159668
2025-01-15 15:00:00+00:00,62.209999084472656,HOLD,5591.175079345703,10185.09521484375
2025-01-15 16:00:00+00:00,62.13999938964844,HOLD,5591.175079345703,10194.71501159668
2025-01-16 08:00:00+00:00,62.310001373291016,BUY,5529.035079956055,10189.535034179688
2025-01-16 09:00:00+00:00,62.52999877929688,HOLD,5529.035079956055,10202.28518295288
2025-01-16 10:00:00+00:00,62.150001525878906,HOLD,5529.035079956055,10218.78498840332
2025-01-16 11:00:00+00:00,62.09000015258789,BUY,5466.885078430176,10190.285194396973
2025-01-16 12:00:00+00:00,62.119998931884766,HOLD,5466.885078430176,10185.725090026855
2025-01-16 13:00:00+00:00,62.209999084472656,HOLD,5466.885078430176,10188.004997253418
2025-01-16 14:00:00+00:00,62.290000915527344,HOLD,5466.885078430176,10194.845008850098
2025-01-16 15:00:00+00:00,62.150001525878906,BUY,5404.595077514648,10200.925148010254
2025-01-16 16:00:00+00:00,62.22999954223633,SELL,5466.745079040527,10190.145195007324
2025-01-17 08:00:00+00:00,62.5099983215332,SELL,5528.975078582764,10196.225044250488
2025-01-17 09:00:00+00:00,62.27999877929688,BUY,5466.4650802612305,10217.224952697754
2025-01-17 10:00:00+00:00,62.33000183105469,BUY,5404.185081481934,10199.744987487793
2025-01-17 11:00:00+00:00,62.33000183105469,SELL,5466.515083312988,10203.595222473145
2025-01-17 12:00:00+00:00,62.33000183105469,SELL,5528.845085144043,10203.595222473145
2025-01-17 13:00:00+00:00,62.09000015258789,HOLD,5528.845085144043,10203.595222473145
2025-01-17 14:00:00+00:00,62.43999862670898,BUY,5466.755084991455,10185.595096588135
2025-01-17 15:00:00+00:00,62.209999084472656,BUY,5404.315086364746,10212.194980621338
2025-01-17 16:00:00+00:00,62.04999923706055,SELL,5466.525085449219,10194.48501586914
2025-01-20 08:00:00+00:00,62.66999816894531,SELL,5528.575084686279,10182.32502746582
2025-01-20 09:00:00+00:00,62.58000183105469,HOLD,5528.575084686279,10228.824947357178
2025-01-20 10:00:00+00:00,62.75,SELL,5591.155086517334,10222.07522201538
2025-01-20 11:00:00+00:00,62.65999984741211,HOLD,5591.155086517334,10234.655086517334
2025-01-20 12:00:00+00:00,62.77000045776367,BUY,5528.495086669922,10227.99507522583
2025-01-20 13:00:00+00:00,63.13999938964844,SELL,5591.265087127686,10236.245121002197
2025-01-20 14:00:00+00:00,63.18999862670898,HOLD,5591.265087127686,10263.62504196167
2025-01-20 15:00:00+00:00,62.86000061035156,SELL,5654.4550857543945,10267.32498550415
2025-01-20 16:00:00+00:00,62.97999954223633,BUY,5591.595085144043,10243.235130310059
2025-01-21 08:00:00+00:00,63.0099983215332,BUY,5528.615085601807,10252.115051269531
2025-01-21 09:00:00+00:00,63.0099983215332,HOLD,5528.615085601807,10254.364959716797
2025-01-21 10:00:00+00:00,62.84000015258789,HOLD,5528.615085601807,10254.364959716797
2025-01-21 11:00:00+00:00,62.88999938964844,HOLD,5528.615085601807,10241.615097045898
2025-01-21 12:00:00+00:00,62.81999969482422,BUY,5465.725086212158,10245.36503982544
2025-01-21 13:00:00+00:00,62.880001068115234,SELL,5528.545085906982,10240.045063018799
2025-01-21 14:00:00+00:00,62.869998931884766,SELL,5591.425086975098,10244.545166015625
2025-01-21 15:00:00+00:00,62.880001068115234,SELL,5654.295085906982,10243.80500793457
2025-01-21 16:00:00+00:00,63.16999816894531,BUY,5591.415084838867,10244.535163879395
2025-01-22 08:00:00+00:00,62.900001525878906,HOLD,5591.415084838867,10265.99494934082
2025-01-22 09:00:00+00:00,62.93999862670898,SELL,5654.315086364746,10246.015197753906
2025-01-22 10:00:00+00:00,62.93999862670898,BUY,5591.375087738037,10248.934986114502
2025-01-22 11:00:00+00:00,62.81999969482422,SELL,5654.315086364746,10248.934986114502
2025-01-22 12:00:00+00:00,62.59000015258789,SELL,5717.13508605957,10240.175064086914
2025-01-22 13:00:00+00:00,62.630001068115234,BUY,5654.545085906982,10223.615097045898
2025-01-22 14:00:00+00:00,62.34999847412109,HOLD,5654.545085906982,10226.535163879395
2025-01-22 15:00:00+00:00,62.27999877929688,HOLD,5654.545085906982,10206.094974517822
2025-01-22 16:00:00+00:00,62.29999923706055,SELL,5716.825084686279,10200.984996795654
2025-01-23 08:00:00+00:00,62.709999084472656,HOLD,5716.825084686279,10202.425029754639
2025-01-23 09:00:00+00:00,62.91999816894531,HOLD,5716.825084686279,10231.94501876831
2025-01-23 10:00:00+00:00,63.0,SELL,5779.745082855225,10247.064952850342
2025-01-23 11:00:00+00:00,63.0099983215332,BUY,5716.745082855225,10252.745082855225
2025-01-23 12:00:00+00:00,63.08000183105469,BUY,5653.735084533691,10253.464962005615
2025-01-23 13:00:00+00:00,63.15999984741211,HOLD,5653.735084533691,10258.575218200684
2025-01-23 14:00:00+00:00,63.220001220703125,HOLD,5653.735084533691,10264.415073394775
2025-01-23 15:00:00+00:00,63.34000015258789,SELL,5716.9550857543945,10268.79517364502
2025-01-23 16:00:00+00:00,63.380001068115234,SELL,5780.295085906982,10277.435096740723
2025-01-24 08:00:00+00:00,64.30000305175781,HOLD,5780.295085906982,10280.275161743164
2025-01-24 09:00:00+00:00,64.05000305175781,SELL,5844.59508895874,10345.595302581787
2025-01-24 10:00:00+00:00,63.86000061035156,BUY,5780.545085906982,10328.095302581787
2025-01-24 11:00:00+00:00,63.68000030517578,BUY,5716.685085296631,10314.605129241943
2025-01-24 12:00:00+00:00,63.7599983215332,HOLD,5716.685085296631,10301.645107269287
2025-01-24 13:00:00+00:00,63.70000076293945,SELL,5780.445083618164,10307.404964447021
2025-01-24 14:00:00+00:00,63.5,BUY,5716.745082855225,10303.145137786865
2025-01-24 15:00:00+00:00,63.459999084472656,BUY,5653.245082855225,10288.745082855225
2025-01-24 16:00:00+00:00,63.66999816894531,BUY,5589.785083770752,10285.825016021729
2025-01-27 08:00:00+00:00,64.12999725341797,HOLD,5589.785083770752,10301.364948272705
2025-01-27 09:00:00+00:00,64.33000183105469,HOLD,5589.785083770752,10335.404880523682
2025-01-27 10:00:00+00:00,63.959999084472656,BUY,5525.455081939697,10350.205219268799
2025-01-27 11:00:00+00:00,64.05000305175781,SELL,5589.41508102417,10322.455013275146
2025-01-27 12:00:00+00:00,64.0,HOLD,5589.41508102417,10329.115306854248
2025-01-27 13:00:00+00:00,64.22000122070312,HOLD,5589.41508102417,10325.41508102417
2025-01-27 14:00:00+00:00,64.41999816894531,SELL,5653.635082244873,10341.695171356201
2025-01-27 15:00:00+00:00,64.33000183105469,HOLD,5653.635082244873,10356.29494857788
2025-01-27 16:00:00+00:00,64.30999755859375,SELL,5717.965084075928,10349.725215911865
2025-01-28 08:00:00+00:00,64.44999694824219,BUY,5653.655086517334,10348.284908294678
2025-01-28 09:00:00+00:00,64.58999633789062,HOLD,5653.655086517334,10358.504863739014
2025-01-28 10:00:00+00:00,64.62000274658203,HOLD,5653.655086517334,10368.72481918335
2025-01-28 11:00:00+00:00,64.76000213623047,BUY,5589.035083770752,10370.915287017822
2025-01-28 12:00:00+00:00,64.83999633789062,HOLD,5589.035083770752,10381.275241851807
2025-01-28 13:00:00+00:00,64.91999816894531,HOLD,5589.035083770752,10387.194812774658
2025-01-28 14:00:00+00:00,64.83000183105469,BUY,5524.115085601807,10393.114948272705
2025-01-28 15:00:00+00:00,64.73999786376953,HOLD,5524.115085601807,10386.365222930908
2025-01-28 16:00:00+00:00,64.62000274658203,HOLD,5524.115085601807,10379.614925384521
2025-01-29 08:00:00+00:00,64.56999969482422,SELL,5588.735088348389,10370.615291595459
2025-01-29 09:00:00+00:00,64.37999725341797,HOLD,5588.735088348389,10366.91506576538
2025-01-29 10:00:00+00:00,64.36000061035156,HOLD,5588.735088348389,10352.854885101318
2025-01-29 11:00:00+00:00,64.54000091552734,HOLD,5588.735088348389,10351.375133514404
2025-01-29 12:00:00+00:00,64.55999755859375,HOLD,5588.735088348389,10364.695156097412
2025-01-29 13:00:00+00:00,64.45999908447266,HOLD,5588.735088348389,10366.174907684326
2025-01-29 14:00:00+00:00,64.47000122070312,SELL,5653.195087432861,10358.775020599365
2025-01-29 15:00:00+00:00,64.62999725341797,HOLD,5653.195087432861,10359.50517654419
2025-01-29 16:00:00+00:00,64.6500015258789,SELL,5717.825084686279,10371.184886932373
2025-01-30 08:00:00+00:00,64.7300033569336,BUY,5653.1750831604,10372.62519454956
2025-01-30 09:00:00+00:00,64.77999877929688,HOLD,5653.1750831604,10378.465328216553
2025-01-30 10:00:00+00:00,65.1500015258789,BUY,5588.3950843811035,10382.114994049072
2025-01-30 11:00:00+00:00,65.05999755859375,SELL,5653.545085906982,10409.495197296143
2025-01-30 12:00:00+00:00,65.12999725341797,HOLD,5653.545085906982,10402.924907684326
2025-01-30 13:00:00+00:00,65.37000274658203,BUY,5588.415088653564,10408.034885406494
2025-01-30 14:00:00+00:00,65.47000122070312,SELL,5653.7850914001465,10425.795291900635
2025-01-30 15:00:00+00:00,65.81999969482422,SELL,5719.25509262085,10433.095180511475
2025-01-30 16:00:00+00:00,65.80999755859375,BUY,5653.435092926025,10458.295070648193
2025-01-31 08:00:00+00:00,65.83999633789062,BUY,5587.625095367432,10457.56491470337
2025-01-31 09:00:00+00:00,65.63999938964844,BUY,5521.785099029541,10459.784824371338
2025-01-31 10:00:00+00:00,65.63999938964844,HOLD,5521.785099029541,10444.785053253174
2025-01-31 11:00:00+00:00,65.61000061035156,BUY,5456.145099639893,10444.785053253174
2025-01-31 12:00:00+00:00,65.80000305175781,BUY,5390.535099029541,10442.505146026611
2025-01-31 13:00:00+00:00,65.80999755859375,SELL,5456.335102081299,10457.135334014893
2025-01-31 14:00:00+00:00,65.66000366210938,BUY,5390.525104522705,10457.894916534424
2025-01-31 15:00:00+00:00,65.66999816894531,HOLD,5390.525104522705,10446.345386505127
2025-01-31 16:00:00+00:00,65.52999877929688,HOLD,5390.525104522705,10447.114963531494
2025-02-03 08:00:00+00:00,64.79000091552734,HOLD,5390.525104522705,10436.335010528564
2025-02-03 09:00:00+00:00,64.29000091552734,HOLD,5390.525104522705,10379.35517501831
2025-02-03 10:00:00+00:00,64.61000061035156,SELL,5454.815105438232,10340.85517501831
2025-02-03 11:00:00+00:00,64.2699966430664,BUY,5390.205104827881,10365.175151824951
2025-02-03 12:00:00+00:00,64.08000183105469,BUY,5325.935108184814,10338.994846343994
2025-02-03 13:00:00+00:00,64.25,HOLD,5325.935108184814,10324.17525100708
2025-02-03 14:00:00+00:00,63.900001525878906,HOLD,5325.935108184814,10337.435108184814
2025-02-03 15:00:00+00:00,64.44999694824219,BUY,5262.035106658936,10310.13522720337
2025-02-03 16:00:00+00:00,64.38999938964844,BUY,5197.585109710693,10353.584865570068
2025-02-04 08:00:00+00:00,66.01000213623047,SELL,5261.975109100342,10348.785060882568
2025-02-04 09:00:00+00:00,65.4800033569336,BUY,5195.965106964111,10476.765277862549
2025-02-04 10:00:00+00:00,65.55999755859375,BUY,5130.485103607178,10434.365375518799
2025-02-04 11:00:00+00:00,65.4800033569336,BUY,5064.925106048584,10440.844905853271
2025-02-04 12:00:00+00:00,65.2699966430664,SELL,5130.405109405518,10434.285381317139
2025-02-04 13:00:00+00:00,65.58000183105469,SELL,5195.675106048584,10417.274837493896
2025-02-04 14:00:00+00:00,66.37999725341797,HOLD,5195.675106048584,10442.075252532959
2025-02-04 15:00:00+00:00,66.55000305175781,SELL,5262.055103302002,10506.074886322021
2025-02-04 16:00:00+00:00,66.79000091552734,SELL,5328.60510635376,10519.50534439087
2025-02-05 08:00:00+00:00,66.83000183105469,HOLD,5328.60510635376,10538.225177764893
2025-02-05 09:00:00+00:00,66.22000122070312,BUY,5261.775104522705,10541.345249176025
2025-02-05 10:00:00+00:00,66.54000091552734,SELL,5327.995105743408,10493.155200958252
2025-02-05 11:00:00+00:00,66.31999969482422,SELL,5394.535106658936,10518.115177154541
2025-02-05 12:00:00+00:00,66.5,HOLD,5394.535106658936,10501.1750831604
2025-02-05 13:00:00+00:00,66.18000030517578,SELL,5461.035106658936,10515.035106658936
2025-02-05 14:00:00+00:00,66.16999816894531,HOLD,5461.035106658936,10490.715129852295
2025-02-05 15:00:00+00:00,65.95999908447266,SELL,5527.205104827881,10489.95496749878
2025-02-05 16:00:00+00:00,65.98999786376953,SELL,5593.1651039123535,10474.20503616333
2025-02-06 08:00:00+00:00,67.13999938964844,SELL,5659.155101776123,10476.424945831299
2025-02-06 09:00:00+00:00,67.08000183105469,HOLD,5659.155101776123,10560.375057220459
2025-02-06 10:00:00+00:00,67.08000183105469,SELL,5726.235103607178,10555.995235443115
2025-02-06 11:00:00+00:00,67.3499984741211,HOLD,5726.235103607178,10555.995235443115
2025-02-06 12:00:00+00:00,67.55999755859375,SELL,5793.585102081299,10575.434993743896
2025-02-06 13:00:00+00:00,67.69999694824219,HOLD,5793.585102081299,10590.344928741455
2025-02-06 14:00:00+00:00,67.94000244140625,BUY,5725.885105133057,10600.284885406494
2025-02-06 15:00:00+00:00,68.16000366210938,SELL,5793.825107574463,10617.565280914307
2025-02-06 16:00:00+00:00,68.43000030517578,SELL,5861.985111236572,10633.185367584229
2025-02-07 08:00:00+00:00,69.02999877929688,BUY,5793.5551109313965,10652.085132598877
2025-02-07 09:00:00+00:00,68.8499984741211,BUY,5724.5251121521,10694.685024261475
2025-02-07 10:00:00+00:00,69.0,BUY,5655.6751136779785,10681.725002288818
2025-02-07 11:00:00+00:00,68.91999816894531,HOLD,5655.6751136779785,10692.675113677979
2025-02-07 12:00:00+00:00,68.98999786376953,SELL,5724.595111846924,10686.834980010986
2025-02-07 13:00:00+00:00,69.33000183105469,BUY,5655.605113983154,10691.87495803833
2025-02-07 14:00:00+00:00,69.62000274658203,SELL,5724.935115814209,10716.695247650146
2025-02-07 15:00:00+00:00,69.62000274658203,SELL,5794.555118560791,10737.575313568115
2025-02-07 16:00:00+00:00,69.31999969482422,BUY,5724.935115814209,10737.575313568115
2025-02-10 08:00:00+00:00,69.63999938964844,HOLD,5724.935115814209,10715.975093841553
2025-02-10 09:00:00+00:00,69.66999816894531,SELL,5794.575115203857,10739.015071868896
2025-02-10 10:00:00+00:00,69.91000366210938,BUY,5724.905117034912,10741.144985198975
2025-02-10 11:00:00+00:00,69.98999786376953,SELL,5794.8151206970215,10758.425380706787
2025-02-10 12:00:00+00:00,70.01000213623047,SELL,5864.805118560791,10764.104969024658
2025-02-10 13:00:00+00:00,69.86000061035156,BUY,5794.795116424561,10765.505268096924
2025-02-10 14:00:00+00:00,69.5999984741211,HOLD,5794.795116424561,10754.855159759521
2025-02-10 15:00:00+00:00,69.66999816894531,HOLD,5794.795116424561,10736.395008087158
2025-02-10 16:00:00+00:00,69.58000183105469,SELL,5864.465114593506,10741.364986419678
2025-02-11 08:00:00+00:00,69.80999755859375,HOLD,5864.465114593506,10735.065242767334
2025-02-11 09:00:00+00:00,69.81999969482422,HOLD,5864.465114593506,10751.164943695068
2025-02-11 10:00:00+00:00,69.5199966430664,HOLD,5864.465114593506,10751.865093231201
2025-02-11 11:00:00+00:00,69.47000122070312,SELL,5933.985111236572,10730.864879608154
2025-02-11 12:00:00+00:00,69.5999984741211,SELL,6003.455112457275,10727.415195465088
2025-02-11 13:00:00+00:00,69.7699966430664,SELL,6073.0551109313965,10736.25500869751
2025-02-11 14:00:00+00:00,69.76000213623047,HOLD,6073.0551109313965,10747.644886016846
2025-02-11 15:00:00+00:00,70.18000030517578,HOLD,6073.0551109313965,10746.975254058838
2025-02-11 16:00:00+00:00,70.13999938964844,BUY,6002.875110626221,10775.115131378174
2025-02-12 08:00:00+00:00,70.91999816894531,HOLD,6002.875110626221,10772.395069122314
2025-02-12 09:00:00+00:00,70.6500015258789,BUY,5931.955112457275,10825.434986114502
2025-02-12 10:00:00+00:00,70.66000366210938,HOLD,5931.955112457275,10806.80521774292
2025-02-12 11:00:00+00:00,70.72000122070312,SELL,6002.615116119385,10807.495365142822
2025-02-12 12:00:00+00:00,70.70999908447266,HOLD,6002.615116119385,10811.575199127197
2025-02-12 13:00:00+00:00,70.69000244140625,BUY,5931.905117034912,10810.895053863525
2025-02-12 14:00:00+00:00,70.94000244140625,HOLD,5931.905117034912,10809.515285491943
2025-02-12 15:00:00+00:00,71.05999755859375,BUY,5860.965114593506,10826.765285491943
2025-02-12 16:00:00+00:00,70.93000030517578,SELL,5932.0251121521,10835.164943695068
2025-02-13 08:00:00+00:00,70.58999633789062,BUY,5861.095111846924,10826.195133209229
2025-02-13 09:00:00+00:00,70.2699966430664,HOLD,5861.095111846924,10802.394855499268
2025-02-13 10:00:00+00:00,70.13999938964844,HOLD,5861.095111846924,10779.994876861572
2025-02-13 11:00:00+00:00,70.08000183105469,BUY,5790.955112457275,10770.895069122314
2025-02-13 12:00:00+00:00,70.0,BUY,5720.875110626221,10766.635242462158
2025-02-13 13:00:00+00:00,70.16000366210938,HOLD,5720.875110626221,10760.87511062622
2025-02-13 14:00:00+00:00,70.27999877929688,BUY,5650.715106964111,10772.395374298096
2025-02-13 15:00:00+00:00,70.13999938964844,HOLD,5650.715106964111,10781.155017852783
2025-02-13 16:00:00+00:00,70.19999694824219,BUY,5580.575107574463,10770.935062408447
2025-02-14 08:00:00+00:00,69.9800033569336,HOLD,5580.575107574463,10775.374881744385
2025-02-14 09:00:00+00:00,70.01000213623047,HOLD,5580.575107574463,10759.095355987549
2025-02-14 10:00:00+00:00,70.01000213623047,SELL,5650.585109710693,10761.315265655518
2025-02-14 11:00:00+00:00,70.25,HOLD,5650.585109710693,10761.315265655518
2025-02-14 12:00:00+00:00,70.16000366210938,SELL,5720.835109710693,10778.835109710693
2025-02-14 13:00:00+00:00,70.12000274658203,HOLD,5720.835109710693,10772.355373382568
2025-02-14 14:00:00+00:00,70.1500015258789,BUY,5650.715106964111,10769.4753074646
2025-02-14 15:00:00+00:00,70.12999725341797,HOLD,5650.715106964111,10771.665218353271
2025-02-14 16:00:00+00:00,69.93000030517578,BUY,5580.585109710693,10770.204906463623
2025-02-17 08:00:00+00:00,70.55999755859375,SELL,5650.515110015869,10755.405132293701
2025-02-17 09:00:00+00:00,70.48999786376953,SELL,5721.075107574463,10801.394931793213
2025-02-17 10:00:00+00:00,70.22000122070312,HOLD,5721.075107574463,10796.35495376587
2025-02-17 11:00:00+00:00,70.05999755859375,BUY,5650.85510635376,10776.915195465088
2025-02-17 12:00:00+00:00,70.30000305175781,SELL,5720.9151039123535,10765.234928131104
2025-02-17 13:00:00+00:00,70.22000122070312,SELL,5791.215106964111,10782.515323638916
2025-02-17 14:00:00+00:00,70.11000061035156,SELL,5861.435108184814,10776.835193634033
2025-02-17 15:00:00+00:00,69.95999908447266,HOLD,5861.435108184814,10769.135150909424
2025-02-17 16:00:00+00:00,69.9000015258789,SELL,5931.395107269287,10758.6350440979
2025-02-18 08:00:00+00:00,70.2300033569336,BUY,5861.495105743408,10754.495212554932
2025-02-18 09:00:00+00:00,70.2300033569336,SELL,5931.725109100342,10777.59534072876
2025-02-18 10:00:00+00:00,70.25,BUY,5861.495105743408,10777.59534072876
2025-02-18 11:00:00+00:00,70.41000366210938,BUY,5791.245105743408,10778.995105743408
2025-02-18 12:00:00+00:00,70.58999633789062,BUY,5720.835102081299,10790.355365753174
2025-02-18 13:00:00+00:00,70.52999877929688,BUY,5650.245105743408,10803.314838409424
2025-02-18 14:00:00+00:00,70.63999938964844,BUY,5579.715106964111,10798.93501663208
2025-02-18 15:00:00+00:00,70.95999908447266,BUY,5509.075107574463,10807.075061798096
2025-02-18 16:00:00+00:00,71.1500015258789,HOLD,5509.075107574463,10831.075038909912
2025-02-19 08:00:00+00:00,71.01000213623047,HOLD,5509.075107574463,10845.32522201538
2025-02-19 09:00:00+00:00,71.08999633789062,BUY,5438.065105438232,10834.825267791748
2025-02-19 10:00:00+00:00,70.44999694824219,SELL,5509.155101776123,10840.90482711792
2025-02-19 11:00:00+00:00,70.1500015258789,SELL,5579.605098724365,10792.904872894287
2025-02-19 12:00:00+00:00,70.33000183105469,BUY,5509.455097198486,10770.705211639404
2025-02-19 13:00:00+00:00,70.41999816894531,SELL,5579.785099029541,10784.205234527588
2025-02-19 14:00:00+00:00,70.04000091552734,SELL,5650.205097198486,10790.864963531494
2025-02-19 15:00:00+00:00,70.18000030517578,BUY,5580.165096282959,10763.125164031982
2025-02-19 16:00:00+00:00,70.16000366210938,HOLD,5580.165096282959,10773.485118865967
2025-02-20 08:00:00+00:00,71.26000213623047,SELL,5650.325099945068,10772.005367279053
2025-02-20 09:00:00+00:00,71.27999877929688,BUY,5579.065097808838,10852.305255889893
2025-02-20 10:00:00+00:00,71.20999908447266,HOLD,5579.065097808838,10853.785007476807
2025-02-20 11:00:00+00:00,71.36000061035156,BUY,5507.855098724365,10848.605030059814
2025-02-20 12:00:00+00:00,71.5199966430664,HOLD,5507.855098724365,10859.855144500732
2025-02-20 13:00:00+00:00,71.23999786376953,SELL,5579.375095367432,10871.854846954346
2025-02-20 14:00:00+00:00,71.2699966430664,BUY,5508.135097503662,10851.134937286377
2025-02-20 15:00:00+00:00,70.83000183105469,HOLD,5508.135097503662,10853.384845733643
2025-02-20 16:00:00+00:00,70.94000244140625,BUY,5437.305095672607,10820.385234832764
2025-02-21 08:00:00+00:00,70.98999786376953,BUY,5366.365093231201,10828.745281219482
2025-02-21 09:00:00+00:00,70.86000061035156,SELL,5437.355091094971,10832.594928741455
2025-02-21 10:00:00+00:00,71.06999969482422,BUY,5366.495090484619,10822.71513748169
2025-02-21 11:00:00+00:00,71.05000305175781,SELL,5437.565090179443,10838.885066986084
2025-02-21 12:00:00+00:00,71.08000183105469,SELL,5508.615093231201,10837.365322113037
2025-02-21 13:00:00+00:00,71.08000183105469,BUY,5437.5350914001465,10839.615230560303
2025-02-21 14:00:00+00:00,70.9800033569336,BUY,5366.455089569092,10839.615230560303
2025-02-21 15:00:00+00:00,70.97000122070312,BUY,5295.475086212158,10831.915348052979
2025-02-21 16:00:00+00:00,71.16999816894531,HOLD,5295.475086212158,10831.135181427002
2025-02-24 08:00:00+00:00,71.1500015258789,SELL,5366.6450843811035,10846.734943389893
2025-02-24 09:00:00+00:00,71.37000274658203,SELL,5437.795085906982,10845.19520187378
2025-02-24 10:00:00+00:00,71.31999969482422,SELL,5509.165088653564,10861.915294647217
2025-02-24 11:00:00+00:00,71.27999877929688,SELL,5580.485088348389,10858.16506576538
2025-02-24 12:00:00+00:00,71.37000274658203,SELL,5651.765087127686,10855.204998016357
2025-02-24 13:00:00+00:00,71.55000305175781,SELL,5723.135089874268,10861.775287628174
2025-02-24 14:00:00+00:00,71.01000213623047,BUY,5651.58508682251,10874.73530960083
2025-02-24 15:00:00+00:00,71.16999816894531,BUY,5580.575084686279,10835.315242767334
2025-02-24 16:00:00+00:00,71.12000274658203,HOLD,5580.575084686279,10847.154949188232
2025-02-25 08:00:00+00:00,71.38999938964844,BUY,5509.455081939697,10843.45528793335
2025-02-25 09:00:00+00:00,71.73999786376953,HOLD,5509.455081939697,10863.70503616333
2025-02-25 10:00:00+00:00,71.97000122070312,HOLD,5509.455081939697,10889.954921722412
2025-02-25 11:00:00+00:00,72.0999984741211,HOLD,5509.455081939697,10907.205173492432
2025-02-25 12:00:00+00:00,72.0999984741211,HOLD,5509.455081939697,10916.95496749878
2025-02-25 13:00:00+00:00,72.58000183105469,HOLD,5509.455081939697,10916.95496749878
2025-02-25 14:00:00+00:00,72.25,SELL,5582.035083770752,10952.955219268799
2025-02-25 15:00:00+00:00,71.94999694824219,BUY,5509.785083770752,10928.535083770752
2025-02-25 16:00:00+00:00,72.19000244140625,BUY,5437.83508682251,10906.034854888916
2025-02-26 08:00:00+00:00,72.33000183105469,HOLD,5437.83508682251,10924.275272369385
2025-02-26 09:00:00+00:00,72.30999755859375,BUY,5365.505084991455,10934.915225982666
2025-02-26 10:00:00+00:00,72.44999694824219,BUY,5293.195087432861,10933.374897003174
2025-02-26 11:00:00+00:00,72.37999725341797,HOLD,5293.195087432861,10944.294849395752
2025-02-26 12:00:00+00:00,72.56999969482422,SELL,5365.575084686279,10938.834873199463
2025-02-26 13:00:00+00:00,72.38999938964844,SELL,5438.1450843811035,10953.465061187744
2025-02-26 14:00:00+00:00,72.52999877929688,SELL,5510.535083770752,10939.785037994385
2025-02-26 15:00:00+00:00,72.79000091552734,BUY,5438.005084991455,10950.284992218018
2025-02-26 16:00:00+00:00,72.75,HOLD,5438.005084991455,10970.045154571533
2025-02-27 08:00:00+00:00,72.83999633789062,SELL,5510.755084991455,10967.005084991455
2025-02-27 09:00:00+00:00,73.30999755859375,HOLD,5510.755084991455,10973.754810333252
2025-02-27 10:00:00+00:00,73.30000305175781,HOLD,5510.755084991455,11009.004901885986
2025-02-27 11:00:00+00:00,73.43000030517578,SELL,5584.055088043213,11008.255313873291
2025-02-27 12:00:00+00:00,73.0199966430664,BUY,5510.625087738037,11017.87511062622
2025-02-27 13:00:00+00:00,72.41999816894531,SELL,5583.6450843811035,10987.124835968018
2025-02-27 14:00:00+00:00,72.22000122070312,HOLD,5583.6450843811035,10942.724948883057
2025-02-27 15:00:00+00:00,72.48999786376953,HOLD,5583.6450843811035,10927.925174713135
2025-02-27 16:00:00+00:00,72.4800033569336,HOLD,5583.6450843811035,10947.904926300049
2025-02-28 08:00:00+00:00,71.83000183105469,BUY,5511.16508102417,10947.16533279419
2025-02-28 09:00:00+00:00,71.91000366210938,SELL,5582.995082855225,10898.415218353271
2025-02-28 10:00:00+00:00,72.12999725341797,HOLD,5582.995082855225,10904.335353851318
2025-02-28 11:00:00+00:00,72.25,BUY,5510.865085601807,10920.614879608154
2025-02-28 12:00:00+00:00,72.25,SELL,5583.115085601807,10929.615085601807
2025-02-28 13:00:00+00:00,72.2300033569336,HOLD,5583.115085601807,10929.615085601807
2025-02-28 14:00:00+00:00,72.5199966430664,SELL,5655.34508895874,10928.135334014893
2025-02-28 15:00:00+00:00,72.72000122070312,SELL,5727.865085601807,10949.304843902588
2025-02-28 16:00:00+00:00,72.63999938964844,BUY,5655.1450843811035,10963.705173492432
2025-03-03 08:00:00+00:00,72.47000122070312,HOLD,5655.1450843811035,10957.86503982544
2025-03-03 09:00:00+00:00,72.97000122070312,HOLD,5655.1450843811035,10945.455173492432
2025-03-03 10:00:00+00:00,73.38999938964844,HOLD,5655.1450843811035,10981.955173492432
2025-03-03 11:00:00+00:00,73.43000030517578,SELL,5728.535083770752,11012.61503982544
2025-03-03 12:00:00+00:00,73.94000244140625,HOLD,5728.535083770752,11015.495105743408
2025-03-03 13:00:00+00:00,73.97000122070312,HOLD,5728.535083770752,11052.215259552002
2025-03-03 14:00:00+00:00,74.23999786376953,HOLD,5728.535083770752,11054.375171661377
2025-03-03 15:00:00+00:00,74.29000091552734,BUY,5654.295085906982,11073.814929962158
2025-03-03 16:00:00+00:00,74.16000366210938,BUY,5580.005084991455,11077.465152740479
2025-03-04 08:00:00+00:00,71.83000183105469,BUY,5505.845081329346,11067.845355987549
2025-03-04 09:00:00+00:00,71.83000183105469,HOLD,5505.845081329346,10893.095218658447
2025-03-04 10:00:00+00:00,71.80999755859375,BUY,5434.015079498291,10893.095218658447
2025-03-04 11:00:00+00:00,71.48999786376953,HOLD,5434.015079498291,10891.574893951416
2025-03-04 12:00:00+00:00,71.41999816894531,SELL,5505.505077362061,10867.254917144775
2025-03-04 13:00:00+00:00,71.29000091552734,BUY,5434.085079193115,10862.004940032959
2025-03-04 14:00:00+00:00,71.54000091552734,BUY,5362.795078277588,10852.125148773193
2025-03-04 15:00:00+00:00,71.51000213623047,SELL,5434.335079193115,10871.375148773193
2025-03-04 16:00:00+00:00,71.48999786376953,SELL,5505.845081329346,10869.09524154663
2025-03-05 08:00:00+00:00,74.05999755859375,BUY,5434.355083465576,10867.59492111206
2025-03-05 09:00:00+00:00,74.5999984741211,SELL,5508.41508102417,11062.914897918701
2025-03-05 10:00:00+00:00,74.62999725341797,BUY,5433.815082550049,11103.414966583252
2025-03-05 11:00:00+00:00,74.88999938964844,SELL,5508.445079803467,11105.694873809814
2025-03-05 12:00:00+00:00,75.04000091552734,HOLD,5508.445079803467,11125.1950340271
2025-03-05 13:00:00+00:00,74.94000244140625,BUY,5433.405078887939,11136.445148468018
2025-03-05 14:00:00+00:00,74.7699966430664,SELL,5508.345081329346,11128.845264434814
2025-03-05 15:00:00+00:00,74.98999786376953,HOLD,5508.345081329346,11116.094829559326
2025-03-05 16:00:00+00:00,74.875,SELL,5583.335079193115,11132.59492111206
2025-03-06 08:00:00+00:00,76.55000305175781,BUY,5508.460079193115,11124.085079193115
2025-03-06 09:00:00+00:00,76.16999816894531,HOLD,5508.460079193115,11249.710308074951
2025-03-06 10:00:00+00:00,76.12999725341797,BUY,5432.29008102417,11221.209941864014
2025-03-06 11:00:00+00:00,76.29000091552734,BUY,5356.160083770752,11218.169872283936
2025-03-06 12:00:00+00:00,76.37999725341797,BUY,5279.870082855225,11230.490154266357
2025-03-06 13:00:00+00:00,76.6500015258789,SELL,5356.250080108643,11237.509868621826
2025-03-06 14:00:00+00:00,77.31999969482422,BUY,5279.600078582764,11258.300197601318
2025-03-06 15:00:00+00:00,77.37000274658203,BUY,5202.280078887939,11310.560054779053
2025-03-06 16:00:00+00:00,77.52999877929688,BUY,5124.910076141357,11314.51029586792
2025-03-07 08:00:00+00:00,76.62999725341797,BUY,5047.380077362061,11327.309978485107
2025-03-07 09:00:00+00:00,77.22000122070312,BUY,4970.750080108643,11254.409854888916
2025-03-07 10:00:00+00:00,76.83000183105469,HOLD,4970.750080108643,11302.790180206299
2025-03-07 11:00:00+00:00,77.08000183105469,BUY,4893.920078277588,11270.810230255127
2025-03-07 12:00:00+00:00,76.79000091552734,SELL,4971.000080108643,11291.560230255127
2025-03-07 13:00:00+00:00,76.30000305175781,HOLD,4971.000080108643,11267.780155181885
2025-03-07 14:00:00+00:00,76.56999969482422,HOLD,4971.000080108643,11227.600330352783
2025-03-07 15:00:00+00:00,76.83000183105469,HOLD,4971.000080108643,11249.740055084229
2025-03-07 16:00:00+00:00,76.63999938964844,SELL,5047.830081939697,11271.060230255127
2025-03-10 08:00:00+00:00,75.06999969482422,HOLD,5047.830081939697,11255.67003250122
2025-03-10 09:00:00+00:00,75.3499984741211,SELL,5122.9000816345215,11128.500057220459
2025-03-10 10:00:00+00:00,75.26000213623047,BUY,5047.5500831604,11150.899959564209
2025-03-10 11:00:00+00:00,75.29000091552734,BUY,4972.29008102417,11143.610256195068
2025-03-10 12:00:00+00:00,75.16000366210938,BUY,4897.000080108643,11146.070156097412
2025-03-10 13:00:00+00:00,74.97000122070312,SELL,4972.160083770752,11135.28038406372
2025-03-10 14:00:00+00:00,74.68000030517578,BUY,4897.190082550049,11119.700183868408
2025-03-10 15:00:00+00:00,74.66000366210938,SELL,4971.870082855225,11095.630107879639
2025-03-10 16:00:00+00:00,74.56999969482422,BUY,4897.210079193115,11093.990383148193
